,firm_id,industry,is_soe,market_cap,book_to_market,leverage,profitability,investment,momentum
0,STOCK_0001,Real Estate,1,131.23609004675015,0.5887291638008716,0.5842860620399137,0.05374150964109262,0.1393569817252827,-0.22699203669866969
1,STOCK_0002,Information Technology,0,7.2482011402825925,0.5569976551366957,0.1,0.09971165109398006,0.02792051380621577,0.1163547027518508
2,STOCK_0003,Manufacturing,1,20.17626822167603,0.49916377468091316,0.3111933006658139,0.09946744566280616,0.13670908760038042,-0.23395051858196633
3,STOCK_0004,Healthcare,0,100.25328863553494,0.5870587876260114,0.1292468996940891,0.03597043669764467,0.1459267175515836,0.0022376579375525197
4,STOCK_0005,Manufacturing,1,17.994787050557598,0.409283277636807,0.5068518189914353,0.048826130250752,0.1465010745122851,0.20633176906835388
5,STOCK_0006,Real Estate,0,6.299671813787272,0.11402404627304073,0.22654864343526715,0.11977977319479709,0.11713391687120388,0.2946965483721009
6,STOCK_0007,Healthcare,0,37.73434177981256,0.2281415596730283,0.34856665913588686,0.11718556418856134,0.05532051176854499,-0.015263556537680481
7,STOCK_0008,Others,1,196.08893075352933,0.2756310444641179,0.3783705636606291,0.061608713793361934,0.1436896221651661,0.0991582908269834
8,STOCK_0009,Manufacturing,0,3.9627724222084777,0.25346686578729644,0.33418584651918204,0.15019793693296468,-0.03350169722392333,0.05602291868261747
9,STOCK_0010,Financial Services,0,36.246590253767295,0.6742802285998173,0.19931074456714334,0.07963099250277135,0.21142582516120165,0.1727899549030161
10,STOCK_0011,Manufacturing,1,407.34340414267024,0.22730802442830353,0.18980439175953998,0.12367947078176897,-0.004053074485290622,0.0702844462209041
11,STOCK_0012,Consumer Discretionary,0,8.338335771272547,0.6873021736903002,0.1626620519660883,0.10780608992669827,0.13819679476833036,0.2560714131423642
12,STOCK_0013,Healthcare,0,48.90228832374996,0.34883604062407936,0.11273314348623181,0.1408535398490055,0.1434457978638945,-0.04715271270395517
13,STOCK_0014,Manufacturing,0,543.8436332817286,0.3675249582420976,0.1,0.1434194761201951,0.1857648127995592,0.3445189473980921
14,STOCK_0015,Manufacturing,0,8.720951557742932,0.15782262449519338,0.1,0.08468827150759733,0.1700533878212005,-0.06857363346244238
15,STOCK_0016,Financial Services,0,6.6436482836387984,0.4898023471031159,0.4285600108782143,0.11885248974518042,0.0842788038346383,0.18845981914852084
16,STOCK_0017,Manufacturing,0,42.93860860878759,0.4197826900193852,0.1010222870152059,0.08256804297398176,0.20664409945402215,0.21807030780523542
17,STOCK_0018,Real Estate,0,71.70445652346383,0.4722985613155049,0.2727293481070304,0.12941013052520559,0.09477846042877235,0.17384538307399008
18,STOCK_0019,Information Technology,0,15.989858511679595,0.7222202219196799,0.4206658338761289,0.06325913763026332,0.06277570325920254,0.16193966234020138
19,STOCK_0020,Energy & Materials,0,35.458314243645916,0.1468825996490795,0.2895485513742397,0.048571512626214675,0.05659834092538394,0.042789533779965146
20,STOCK_0021,Manufacturing,1,105.94774772448787,0.5859469255084508,0.1861399298333786,0.14332034276864375,0.28977249576101066,0.214869789082672
21,STOCK_0022,Information Technology,0,221.48762609192744,0.28367399616748007,0.6946654658428707,0.07474407476267932,0.2505929043145308,-0.1545212066940949
22,STOCK_0023,Consumer Discretionary,0,287.6976014670871,0.10930071077630994,0.42520287142485086,0.08304483035585802,0.12908138762009982,0.15931960117815694
23,STOCK_0024,Information Technology,0,812.0403751238046,0.4798934679470087,0.1784548403649612,0.048888141754686046,0.09156090872669122,0.20280166407700417
24,STOCK_0025,Others,1,438.9082876546921,0.18298750644739697,0.12,0.15764298879196628,0.08483856996205781,-0.0011873029156943638
25,STOCK_0026,Others,0,49.03010925345293,0.19206271100827363,0.27905967409184856,0.17561588199199854,0.20521816660375342,-0.20880676502028223
26,STOCK_0027,Real Estate,1,25.414117848573603,0.42347170274264784,0.19778506371102328,0.06454537454015391,0.18430504411010065,0.15207620122131366
27,STOCK_0028,Manufacturing,0,253.86970987119224,0.27924043265941356,0.4956311004015554,0.046788627834778856,0.22880890929985373,-0.24556139024582085
28,STOCK_0029,Others,0,348.9917981118202,0.3293706532179171,0.37395321596022263,0.0077195013763958695,0.052469046918580814,0.008519814505324803
29,STOCK_0030,Others,0,65.79308105372183,0.2758009589730174,0.32991709787624757,0.05840288991958139,0.2687973605189544,0.24006173226200972
30,STOCK_0031,Others,0,504.7845403019598,0.2492959885586989,0.38920956160019465,-0.015635325853210955,0.14899811670442417,0.14570212654901818
31,STOCK_0032,Manufacturing,1,212.9911974070484,0.3241970576799966,0.33379027871152034,0.09477387622115917,0.03221233051466732,0.11113832978384303
32,STOCK_0033,Utilities,1,43.634357140991625,0.1,0.32939448452117076,0.1558116661466948,0.1449966784878358,0.01304644376753391
33,STOCK_0034,Manufacturing,1,4.5121777090986175,0.11015631068357147,0.20040052082373794,0.08574307341069479,0.24410102837863767,0.08549593543609624
34,STOCK_0035,Energy & Materials,1,280.15216101247086,0.2283059365385513,0.47158877512386393,-0.006543655188278371,0.23554710335854487,0.19290953403692296
35,STOCK_0036,Real Estate,0,26.960781376641393,0.16859887235413698,0.19960679104088638,0.07969004301630637,0.15224954616684616,0.22840165271970317
36,STOCK_0037,Manufacturing,0,3.8121996528731557,0.14699659051003655,0.5984488510027772,0.03922504633557557,0.07527796054129145,-0.1551133303848786
37,STOCK_0038,Real Estate,0,24.84609914415006,0.35991737295083126,0.46713495405401434,0.05263600818312394,0.021755678470110056,0.41612126151008944
38,STOCK_0039,Real Estate,0,20.778392051851405,0.6903597101929799,0.12637554783582539,0.03947470765103906,0.047636649297034296,0.031964231615938664
39,STOCK_0040,Real Estate,0,30.824618847818712,0.28593409733590364,0.3554945882767663,0.19871647017461944,0.20116261541498384,-0.0060756838310287616
40,STOCK_0041,Manufacturing,0,355.3336738806956,0.800027243959831,0.25604386188188655,0.05709450485843118,0.06992056557964797,0.00271346664468576
41,STOCK_0042,Financial Services,0,17.81112285743879,0.4472934218839129,0.32284448812017336,0.053370984888979775,0.12794658443433807,0.17270806850576834
42,STOCK_0043,Energy & Materials,0,12.256597477196147,0.4441591005024785,0.1,0.11988681572893173,0.11471361610821466,-0.12165242996436847
43,STOCK_0044,Healthcare,0,9.110065963946898,0.4036201459914495,0.4658324676965798,0.20169240392012083,0.1661657701744432,0.029543192093551097
44,STOCK_0045,Utilities,1,86.6765971397533,0.22036741445210375,0.6850810436464212,0.10941642592303212,0.15155617139026376,-0.0031476721230394443
45,STOCK_0046,Consumer Discretionary,0,122.32568722039822,0.35971767571144453,0.35163820349960195,0.03782275188772646,0.14615418990113302,0.027134920678670363
46,STOCK_0047,Information Technology,0,47.15414127598898,0.49376510031254106,0.3003939117608989,0.1423663527615862,0.1345493004046796,0.09723308794505041
47,STOCK_0048,Manufacturing,0,115.06575238223257,0.11657183116750035,0.21810329598716835,0.05776812208771799,0.18055908933162815,-0.07832479862664381
48,STOCK_0049,Consumer Discretionary,0,61.568621827153095,0.8093211119932252,0.26655176386601903,-0.03623598307262007,0.1423974901055856,-0.10882335709475648
49,STOCK_0050,Healthcare,0,39.020696775137885,0.4788451978189646,0.497605810088788,0.17434140560621184,0.04083161437931353,0.04113196198505278
50,STOCK_0051,Others,1,54.00369534518908,0.6592874674692428,0.21794273726302257,-0.03603686869890653,0.016803128020715683,-0.1342618158095424
51,STOCK_0052,Consumer Discretionary,0,22.434792107633527,0.12569906649124393,0.1,-0.012245262014804678,0.09848890475561356,-0.10597888631125052
52,STOCK_0053,Manufacturing,1,2357.848460655961,0.5243899543603262,0.2100812061266713,0.024644777269998926,0.09960182260633157,0.28559894828740323
53,STOCK_0054,Healthcare,0,214.6755435981247,0.1,0.16845060084325406,0.013673049194512048,0.1948542714517969,0.2507332642491238
54,STOCK_0055,Manufacturing,0,97.75927664139584,0.17310613440750933,0.2757920955115237,0.0685391974223204,0.17687679745627932,0.12663949672290598
55,STOCK_0056,Utilities,0,6.5430604099171035,0.7726145966557315,0.6758343590976145,0.03918472954725771,-0.0045303338819123054,0.15090149270184594
56,STOCK_0057,Energy & Materials,0,1.4580586923705425,0.5192183642167686,0.1284198140700268,0.11361286422068861,0.13366923505023534,0.03240249954709813
57,STOCK_0058,Others,0,14.73698734541474,0.517554518030057,0.40021904838856615,0.10634687063158953,0.14048237874511005,0.20740364759182708
58,STOCK_0059,Energy & Materials,1,3.1397832256212865,0.18967852980850788,0.5774023606108764,0.040078047629147316,0.041930139761813374,0.21804626949117592
59,STOCK_0060,Energy & Materials,0,69.40624515729242,0.33606630378903024,0.16556026838258905,0.12935611000643552,0.11720092076024306,0.3256200953453265
60,STOCK_0061,Consumer Discretionary,0,95.73920720129522,0.4532577286979237,0.5740950615888328,0.0686877390495662,0.15041582808047704,0.15158786179257347
61,STOCK_0062,Consumer Staples,1,173.52962601359812,0.4754679203406102,0.4486056719773415,0.10233198657585428,0.1029382099227367,0.2293604156302714
62,STOCK_0063,Utilities,0,29.352459432356973,0.1077250188267858,0.1,0.10062851983220612,-0.03437476770513259,-0.03758772623352852
63,STOCK_0064,Energy & Materials,1,237.64642790446226,0.10970063030076171,0.440679572080614,0.14115854752957285,0.06532545678959015,-0.016478636624996244
64,STOCK_0065,Energy & Materials,1,1.1954799535018805,0.3005389606861372,0.35330568513854876,-0.016683915055378015,0.02340833346829004,-0.10058671195157513
65,STOCK_0066,Others,1,138.29650439041205,0.4881150093119766,0.8012409725176691,0.1383551457191818,0.24968868462301722,-0.17549405064860144
66,STOCK_0067,Manufacturing,0,37.0009817512713,0.5841806650207594,0.32422238437285295,0.09718092947676087,0.08987578791821874,-0.04578161044946717
67,STOCK_0068,Healthcare,0,11.525591440461067,0.21370327633842195,0.24983377172644253,-0.00742734924787631,0.019412775965692443,0.19261512548387694
68,STOCK_0069,Healthcare,0,7.956381514465756,0.6807209142022558,0.1,0.02340919289336521,0.1667142548260771,0.0061061863819410695
69,STOCK_0070,Consumer Staples,1,170.06630321156294,0.3402132433715526,0.6439061359824373,0.03832205063603666,0.14949386470983209,0.0009991781508958985
70,STOCK_0071,Utilities,0,44.10832772954255,0.29664069909060636,0.1,0.059931012133388674,0.11237635740904382,0.10185322886555088
71,STOCK_0072,Energy & Materials,1,25.4270784349905,0.4769217615019179,0.4071683956008867,0.08639013486833913,0.07528625221827293,0.11658178125967812
72,STOCK_0073,Consumer Discretionary,0,346.6397457118724,0.43499275967858647,0.10983825219441334,0.13609265947134241,0.22484350597537703,0.026638083231665152
73,STOCK_0074,Others,0,5.927260047460599,0.1073483031283377,0.2264955112090328,0.06852986986348239,0.11342790572859449,0.22759437473821917
74,STOCK_0075,Others,0,55.372773482532686,0.4001694687017531,0.24577167868649621,0.10457022835097488,0.06588861583525842,0.3301410649366223
75,STOCK_0076,Manufacturing,0,40.13130176155892,0.34660277950603896,0.4348712480848089,0.04559201549498637,-0.0067122258788578715,0.1740621984216446
76,STOCK_0077,Consumer Discretionary,1,11.646443953974916,0.15392457371385596,0.42210365783825105,0.08188301165839688,0.03987039920840675,0.017834956067106764
77,STOCK_0078,Energy & Materials,1,21.08784110491997,0.4450975420843652,0.12,0.09789628643458843,0.19161545760221857,0.15527577025229541
78,STOCK_0079,Real Estate,1,358.36650029017125,0.36425511427288443,0.8359604865796475,0.053535088122689006,0.11805163261912137,0.38134055379177956
79,STOCK_0080,Energy & Materials,1,52.587072804224846,0.48651884963376946,0.2496397915884183,0.07446332854596521,0.08134508301605008,0.29609801449350487
80,STOCK_0081,Real Estate,0,46.3711606294995,0.5776514875946975,0.7263599660835515,0.05136157877257371,0.23812322797807167,0.2670137031221177
81,STOCK_0082,Consumer Discretionary,0,69.48044036919322,0.38542131640815475,0.23309597753672803,0.133120075493756,0.21190125602976828,-0.20095706681671494
82,STOCK_0083,Manufacturing,0,4.749207615866641,0.8119689496670742,0.4807926698431529,0.0927086946123101,-0.004526551892780091,-0.004217274144886877
83,STOCK_0084,Energy & Materials,1,29.44390437487401,0.22583435837581015,0.4902554295074087,0.14493692519718981,0.09927662833434374,0.030547522637253258
84,STOCK_0085,Financial Services,0,98.63678997119585,0.4136797609085853,0.15754139007854445,0.08046458762654564,0.19330621397619852,0.1119732713846989
85,STOCK_0086,Information Technology,0,759.4253715019723,0.5144547707416429,0.3332874492478733,0.047464323132745526,0.10474540793893226,0.09261493097695843
86,STOCK_0087,Consumer Discretionary,1,62.24594955408152,0.3233962193107145,0.34922868191758566,0.10246142174598726,0.17109841776233475,-0.11145073690957252
87,STOCK_0088,Information Technology,1,78.2116259522145,0.5940848981612087,0.3767366291378898,0.1323460063825006,0.16559602442731058,0.16821994106776111
88,STOCK_0089,Information Technology,1,128.83860621223332,0.5815144176564866,0.2463858809205809,0.002363646609198115,0.09571712115382416,-0.13397179854692365
89,STOCK_0090,Manufacturing,0,13.444082622131825,0.36737775353004337,0.187734202856831,0.022162788747402566,-0.0026236681809876463,0.27680770343744004
90,STOCK_0091,Healthcare,0,2.1466214534321915,0.4211773164447699,0.19651064481165462,0.07055516561077624,0.16424586211523834,0.0549470209636926
91,STOCK_0092,Financial Services,0,7.960387864358568,0.6468494711909074,0.40672235703227994,0.07328659483212448,0.10726208975226319,-0.0853799415470649
92,STOCK_0093,Healthcare,1,113.52477118922579,0.5717063823348205,0.5788920690485566,0.10359806666233046,0.13113723269159225,0.24092300935058875
93,STOCK_0094,Others,0,58.90684682570963,0.6934118583502857,0.1708047502021945,0.1201450809072843,0.07516414788083806,0.33293595700479833
94,STOCK_0095,Manufacturing,0,9.56115970825919,0.8537602932517485,0.17943255199048885,0.14122922188130715,0.24987172498392365,-0.17054219400394807
95,STOCK_0096,Information Technology,0,49.48288422488717,0.44162089832883494,0.20271284455140468,0.09513426744979929,0.07726813202495228,-0.18345688401986182
96,STOCK_0097,Manufacturing,0,77.09344008589927,0.26844794418436757,0.15453396752178175,0.13155314569940268,0.12868341408227507,0.12939395030716536
97,STOCK_0098,Real Estate,0,793.7622033904061,0.27317594199755446,0.34913797758925025,0.03046538056811484,0.170353086790943,-0.07724386016740449
98,STOCK_0099,Information Technology,1,56.11372147864829,0.7792174332312342,0.21744400343329137,0.11900390898582915,0.30554636319853556,0.11899767590915578
99,STOCK_0100,Manufacturing,1,60.689849818764564,0.5372452968628384,0.1626592805098188,0.11540445609283383,0.0317306715060901,-0.26293358894287244
100,STOCK_0101,Energy & Materials,0,32.81525939587144,0.5898539957327071,0.3822630229775311,0.13831513736183948,0.14139138512575222,0.10825467092940204
101,STOCK_0102,Consumer Staples,0,25.471504709287473,0.39938578982298434,0.48807710526297776,0.0898789461025704,0.11799784330038848,0.18266494488004306
102,STOCK_0103,Energy & Materials,1,50.45056963787991,0.18633729025724663,0.12588104967931885,0.08269942092228964,0.12515795318480963,-0.23631998495308068
103,STOCK_0104,Information Technology,0,5.394920624101288,0.6505194727716501,0.4047577287788553,0.07686715218987777,0.13189339657616894,0.009437104332294048
104,STOCK_0105,Others,0,13.195765790526945,0.3266136434607556,0.30059457032834425,0.12562176246295834,-0.08431369079215639,0.20014798668589104
105,STOCK_0106,Manufacturing,1,6.392638285985154,0.21240570545773965,0.2627727955076786,0.0712843147482626,0.07630044413980137,0.11877060081038197
106,STOCK_0107,Healthcare,0,32.363628861320635,0.8147569930401125,0.7027723184961803,0.07799557436717233,0.10616431520612615,0.31675627202135154
107,STOCK_0108,Information Technology,0,300.89323211428126,0.22003350651274883,0.11780738225015683,0.1260674801493248,0.17936762976074455,0.10489388706097379
108,STOCK_0109,Consumer Discretionary,0,34.74397666476062,0.23634973754789532,0.49156362942940546,0.05725898420557734,0.012229896837624274,-0.08574210577659773
109,STOCK_0110,Real Estate,1,10.330478816448517,0.43808964420025065,0.15561985108293996,0.14555794431590527,0.09418561289262914,0.022375047531742895
110,STOCK_0111,Energy & Materials,1,98.42518990145442,0.5204079508755051,0.7578505801338677,0.09796047002289204,0.03641526447831731,-0.23495348840640026
111,STOCK_0112,Information Technology,0,23.762757986271904,0.5662714869162232,0.3188088608364587,0.03931773219701627,0.1592779961310601,0.1702316679074726
112,STOCK_0113,Consumer Staples,1,65.16988307335752,0.37967126030145487,0.5339129602837984,0.19502050427234852,0.20603464504840302,-0.2248764581873201
113,STOCK_0114,Energy & Materials,1,55.87456158984129,0.3248128454416873,0.27329337896609185,0.14439912369009691,0.08617504311315653,0.0990994249725611
114,STOCK_0115,Consumer Discretionary,0,4.052111322940246,0.46835001335308374,0.1329673564749214,0.03914072666955023,-0.04752965021310218,0.14835854211088012
115,STOCK_0116,Energy & Materials,0,55.04113167142618,0.7522531614177457,0.5094883100655807,0.1907125761731138,0.09631862181360816,0.07896735342351935
116,STOCK_0117,Energy & Materials,0,11.799933770711018,0.5123165927573695,0.16962173744973372,0.13579510266826808,0.06805875375392603,0.2021738704255824
117,STOCK_0118,Healthcare,0,92.11627843762278,0.4437100138099955,0.31741235655550754,0.1088379033096536,0.21768269564202822,0.14731465552029235
118,STOCK_0119,Manufacturing,0,18.947838011055563,0.7612741609237536,0.3737422447825895,0.11857194959579123,0.1458534171347825,0.0378596120551997
119,STOCK_0120,Financial Services,0,71.55026143359642,0.4645587380504819,0.6650630661818098,0.07195475459754036,0.07182303517105755,0.13031613841125356
120,STOCK_0121,Energy & Materials,0,104.49303490711934,0.7354411956771937,0.19800884660131532,0.03385849051365834,0.23941508551676174,0.019331459843614684
121,STOCK_0122,Manufacturing,0,0.8725281250511803,0.49979482550378945,0.2866767317542576,0.049799386253743645,0.18354117436974618,-0.1281434134753874
122,STOCK_0123,Manufacturing,0,66.66265983843903,0.5108223432396785,0.17308767382772455,0.057521198088735945,0.038734254481728236,0.06925197747719575
123,STOCK_0124,Utilities,1,64.72370003643948,0.32791141951130137,0.21234498357581438,0.1805004644650001,0.16953234088041583,0.3686243204567548
124,STOCK_0125,Manufacturing,0,25.170063659931625,0.7012534523757913,0.25150430860916445,0.04158175263429639,0.14584634184928233,0.02214697468105686
125,STOCK_0126,Others,1,32.06445849514986,0.49265586915111104,0.15673658565241017,0.14547364481753566,0.07454861361325323,-0.2146152672592299
126,STOCK_0127,Consumer Staples,0,44.744910478710295,0.5051980452888978,0.1,0.12169036695796824,0.08577954503625984,0.020167974297236442
127,STOCK_0128,Others,0,68.38395575797124,0.3560298850818797,0.3555270851493722,0.08957604819329824,0.13929905101242784,0.13819429358936344
128,STOCK_0129,Information Technology,1,50.10801352615002,0.3869361209433469,0.14188183594497417,0.16964612956654365,0.13791642224717876,-0.060805774057551575
129,STOCK_0130,Utilities,1,121.52604688376678,0.6158001679041322,0.18359355605484118,0.055081880390377674,0.19941508311302336,0.14187257618430227
130,STOCK_0131,Utilities,0,9.395009605156668,0.3361178594267149,0.2647128809957393,0.07484883993013922,0.21801058785342994,0.0656925654435669
131,STOCK_0132,Manufacturing,1,60.87252943481111,0.7533151583549921,0.20295544178685213,0.14879330865919782,0.20100368008430694,-0.23041729705179323
132,STOCK_0133,Manufacturing,0,39.99564025021398,0.7641864152690938,0.30792759597076946,0.09363488967649675,0.17203054309770147,-0.08494685786476988
133,STOCK_0134,Information Technology,0,41.479700979877514,0.274712892453433,0.33026024309310664,0.06890695481023469,0.15373475746115556,-0.005283334920094265
134,STOCK_0135,Others,1,153.13890553941397,0.6203341237224589,0.4636345241814537,-0.014260002601055862,0.09629860451928945,-0.18095655084137705
135,STOCK_0136,Financial Services,1,159.8628339241982,0.34054924702815736,0.5425619579966366,0.043310601310731806,0.12288507131757019,0.11212955642371115
136,STOCK_0137,Manufacturing,0,189.6657195636492,0.3450801799800805,0.16759824552406383,0.153702802624404,0.09183895401172208,0.1928704706402579
137,STOCK_0138,Information Technology,0,46.75935233361392,0.36272699823030086,0.12968365333062085,0.10121171298559493,0.13146713340849847,0.28186184601086406
138,STOCK_0139,Healthcare,0,82.82380184468684,0.3922635975172065,0.4869269206523058,0.03528336884557902,0.06644718441339587,0.02925974432801319
139,STOCK_0140,Manufacturing,0,33.45838348104677,0.6563141539055671,0.339400723977361,0.03568898281952971,0.1414929141347018,0.07553162079590896
140,STOCK_0141,Others,0,1.29262000285107,0.40922268414976903,0.4107087620495625,0.12606238424551727,0.07661021428489634,0.08173014969863329
141,STOCK_0142,Consumer Discretionary,0,13.168672353252708,0.6463019144128346,0.550009245719348,0.10559620455146375,0.10653534128303445,0.2439607715805576
142,STOCK_0143,Real Estate,0,187.85015144021514,0.3216737867722236,0.35011877692768384,-0.004854869249312595,0.06835444570812196,0.46171648104575885
143,STOCK_0144,Manufacturing,0,15.982961296852347,0.1,0.25859977144249774,0.03280746472881412,0.032433076835765684,0.02013456202590254
144,STOCK_0145,Consumer Staples,1,426.49418723451026,0.1283649652680086,0.4987197228761142,0.0673372544987395,0.02284325753978707,-0.08466063819175385
145,STOCK_0146,Manufacturing,0,17.370355504297773,0.1,0.5821162185571873,0.17456939247751696,0.08303231850788813,0.053104498812428215
146,STOCK_0147,Manufacturing,0,5.929873782532693,0.3119813037772276,0.1349859848329737,-0.010189071088908916,0.09160101727093696,0.04598488936245007
147,STOCK_0148,Others,0,46.687368093926345,0.2878930023941819,0.42855169130579046,0.06904219901434691,0.21821767017113428,-0.09951030098564262
148,STOCK_0149,Manufacturing,0,8.934190527964901,0.2555130164823174,0.6519457623204192,0.06973564542559496,0.30673308641016317,0.10377926430000224
149,STOCK_0150,Energy & Materials,0,127.6379137811146,0.5165782369417257,0.27504042989619715,0.1684558350131643,0.14464404316032817,0.0012527148867313759
150,STOCK_0151,Manufacturing,1,126.19432021729968,0.33323262935661024,0.12,0.13229483577479348,0.04754141593099048,-0.03806495079732297
151,STOCK_0152,Consumer Staples,0,1.3451273317675148,0.658347336071414,0.14198602983855593,0.06977725101573877,0.16748453778246894,-0.381058295199642
152,STOCK_0153,Energy & Materials,1,48.298570958453,0.21084131319628477,0.3805086752860934,0.053422153137847164,0.19625000363008693,0.13696281301459393
153,STOCK_0154,Financial Services,0,98.26261901090737,0.4152737157620071,0.14331731623480917,0.10248279533129252,0.11787829926007519,-0.07228119768415772
154,STOCK_0155,Manufacturing,0,12.027943738104867,0.34326443864438666,0.24052316831555365,0.11043037211783703,0.12009643802897793,-0.06256329466022859
155,STOCK_0156,Consumer Staples,1,4.455437728068428,0.16522088901775062,0.23164250058364574,0.11166806574218263,0.17083344241673812,-0.12588875922802087
156,STOCK_0157,Others,0,254.92971857991628,0.1528972577045964,0.49455539279009136,0.0894546246919526,0.18456980773098483,-0.0860319299556703
157,STOCK_0158,Consumer Staples,1,243.6615005677287,0.8367632402521559,0.43613767457308045,0.03262539325131127,0.054206405409423945,0.2281546000986707
158,STOCK_0159,Manufacturing,0,20.250063416580325,0.556214845878976,0.3580352832278485,0.05559015013838766,0.14100490632015403,0.08903848670513169
159,STOCK_0160,Information Technology,1,89.22509936327046,0.3750451125073845,0.5932569002737157,0.039179800694947906,0.12709260727691502,0.08959735611083941
160,STOCK_0161,Financial Services,0,83.40070183830684,0.5254926678457775,0.4077452977614667,0.06952737171754622,0.07934878418821513,0.03783295217737927
161,STOCK_0162,Consumer Staples,0,54.0612220971563,0.49753445322809436,0.46335109086593707,0.1601126612803455,0.15011276208780133,-0.07530773315362656
162,STOCK_0163,Consumer Discretionary,0,5.561579555874762,0.6166115123479846,0.4486005395931633,0.08595092030269874,0.10171200677279851,-0.08915240619127683
163,STOCK_0164,Healthcare,0,1235.1196567425407,0.4429469864048131,0.1803475314085918,0.0438268595564856,0.15507805910477818,0.06294249865409848
164,STOCK_0165,Manufacturing,0,90.85745537585287,0.3564257035314915,0.10969924624873471,0.012427711755401432,0.13386733314963264,0.09659297968627503
165,STOCK_0166,Consumer Staples,0,3.000095232362853,0.33213398896132246,0.20093101432784524,0.0779415261543725,0.12167091906367694,0.09460513585780252
166,STOCK_0167,Others,0,5.001574947028884,0.23314660898876008,0.11237802892007431,0.06152072355414315,0.24644325492546987,-0.09226412877418029
167,STOCK_0168,Financial Services,0,23.312045735547134,0.4195755854220254,0.4919384537697706,0.07220892628354486,-0.008612882169444702,0.08771108683435866
168,STOCK_0169,Healthcare,1,37.35275070569733,0.13376751565500497,0.12,0.018392883509258367,0.08566044637610705,0.14828299046560794
169,STOCK_0170,Others,0,3.012630062547384,0.5848370555728797,0.2397249796626139,0.050942697727499174,0.15407097649544285,0.0628721666123628
170,STOCK_0171,Consumer Discretionary,0,495.97333474256857,0.20227421865224293,0.4423528978713429,0.15811275659752108,0.019967381282422595,0.150677298953305
171,STOCK_0172,Real Estate,1,24.54239147046718,0.43568370136996754,0.3089473648693467,0.0016825133517953711,0.06805015693428591,0.2581956048409518
172,STOCK_0173,Information Technology,1,3.0212032556773405,0.4961339005828103,0.12,0.05011452431334538,0.12114184542691472,-0.08309091290949674
173,STOCK_0174,Manufacturing,0,17.983335627535563,0.7598431676244459,0.6476793134341847,0.12789411140884885,0.10487036873783731,0.1982475167886689
174,STOCK_0175,Consumer Staples,0,3.7555564560248738,0.4696305038795449,0.12365120844116635,0.11548206452529036,0.15493908413868074,0.1206442132442546
175,STOCK_0176,Real Estate,1,137.79805809533278,0.5668413591291257,0.4219151474726491,-0.047918419162855115,0.033020324890975804,-0.10287376933277781
176,STOCK_0177,Manufacturing,0,91.74930614325555,0.2030545284194063,0.34644472141186616,0.10898216146613235,0.18267124074260763,0.022269167093325645
177,STOCK_0178,Consumer Staples,1,20.27117276707495,0.7025059449200104,0.3060099134222625,0.05153081499259364,0.17203600740289113,-0.16546204526397273
178,STOCK_0179,Financial Services,1,27.92460500993413,0.4068825008585108,0.39307052191553565,0.13437320870157485,0.1939329459084722,-0.0033950341082337166
179,STOCK_0180,Consumer Staples,0,91.3681568950226,0.10026885273290623,0.7314509351298168,0.07625620308967553,0.17564302060526218,0.1873653166114716
180,STOCK_0181,Information Technology,0,3.3980080081747333,0.29396843881914636,0.2906510664891715,0.08199681986073452,0.15936150783942393,-0.018905226400137056
181,STOCK_0182,Energy & Materials,0,16.147154076828585,0.1902753724324771,0.2819343786486426,0.1767352999216695,0.09045782886030375,0.08150827010133765
182,STOCK_0183,Healthcare,0,7.070581586695867,0.1,0.1905388249561126,0.12659898774797876,0.030678044804107265,0.24537174300104078
183,STOCK_0184,Manufacturing,0,42.09914108838636,0.6740636980525594,0.3748184648759096,0.053598150107352235,0.14750303052399083,0.05270214726443233
184,STOCK_0185,Manufacturing,0,23.438944379521324,0.29608734357800476,0.6161579041024329,0.046860776060281696,0.04625121494997496,-0.09059360581222474
185,STOCK_0186,Consumer Discretionary,1,16.82488058618913,0.4293333629052287,0.21656146730119616,0.14238784170381077,0.18491172435932737,-0.11223949331289274
186,STOCK_0187,Consumer Discretionary,0,6.148344082184002,0.24112601724294477,0.4030003463548089,0.16476942292259816,-0.002488600204457814,0.13713821340267524
187,STOCK_0188,Information Technology,1,268.2703251076048,0.46051785856204414,0.5145323731965229,0.05804970245643857,0.25996671233643365,0.26721811180357297
188,STOCK_0189,Consumer Discretionary,0,15.572987520733813,0.3811159234383131,0.4312086504359157,0.03647414470761554,0.11462573679605158,-0.047363998366612765
189,STOCK_0190,Consumer Discretionary,0,13.872661958595945,0.3705202671058812,0.5080692383096246,0.09033873899172082,0.18953248515114185,0.1930936255900113
190,STOCK_0191,Healthcare,0,92.29532491183271,0.6589538922966162,0.21588967450853977,0.11205933312055352,0.012911536022140091,0.16393779345474166
191,STOCK_0192,Consumer Discretionary,0,657.7158701273605,0.30511747617915497,0.1,0.08020465038377282,0.08055017420801823,0.2765448005203221
192,STOCK_0193,Consumer Discretionary,0,21.792276205221143,0.2669573507338325,0.16430845002338573,0.09649897304784284,0.033187957875376144,-0.06381157949684327
193,STOCK_0194,Healthcare,0,4.3639973061784465,0.21698042748290658,0.5612788946026995,0.011831368763942078,0.1016160295539845,-0.06771096513904704
194,STOCK_0195,Energy & Materials,0,57.46766824181315,0.30397386283175476,0.4145948834031571,0.09795100762779695,0.16444101170737985,-0.07780297672291416
195,STOCK_0196,Manufacturing,0,143.1259596146295,0.5855585253246381,0.31738011790812914,0.0036390038764312943,0.009790599939661011,-0.02471610062564134
196,STOCK_0197,Manufacturing,1,229.87600417154096,0.5243964729716641,0.12,0.01514156890575618,0.14622569382744682,0.19864052093067444
197,STOCK_0198,Healthcare,0,8.263622584245407,0.3698651156882946,0.15870418656293636,0.08883773966510246,0.09602586815945703,0.05246930744373828
198,STOCK_0199,Consumer Staples,0,1687.8142650439288,0.32624044407587194,0.2751142382998292,0.08660104613087787,0.11575034775859637,0.24353533236279412
199,STOCK_0200,Real Estate,1,6.866086657531065,0.35990007910784094,0.5414488839929269,0.1270348071911341,0.07146397641877628,0.09169255384192089
200,STOCK_0201,Information Technology,1,2.9761664585088767,0.703193916317672,0.12,0.06585767269111034,0.17212175930716045,-0.11065285056372248
201,STOCK_0202,Healthcare,0,81.30370474566176,0.3219370350533279,0.46463780532736904,0.08286451772265081,0.23226959761001525,0.16468549088085413
202,STOCK_0203,Manufacturing,0,51.66927535462202,0.3904131999590745,0.3017707869634509,0.1354964797940168,0.2647445079786488,0.027293115691143923
203,STOCK_0204,Financial Services,0,6.459490495293271,0.16388280795759155,0.22188403775434642,0.05603315692795742,0.16086336708220758,0.21458708784360858
204,STOCK_0205,Consumer Staples,0,6.437235317439528,0.7648208658995258,0.5581106403973085,0.11505931630351866,0.18785393701333344,-0.12487849721527636
205,STOCK_0206,Consumer Staples,1,17.466895093819517,0.6448049537976145,0.6221494103395732,0.10457710604386546,0.12762753595530466,0.020482767587662633
206,STOCK_0207,Real Estate,1,30.304415518685992,0.5869208634136204,0.30825044049387285,0.039437144043140374,0.038665349713880214,0.023387928948869804
207,STOCK_0208,Manufacturing,0,54.641296873402524,0.7887604641895881,0.2500387033868731,0.11148749391993372,0.15094468165513622,0.22364706377789503
208,STOCK_0209,Energy & Materials,0,48.13275360316907,0.33668626979432636,0.14848331692454453,0.08795794726660529,0.14941194343931372,-0.2550039761477436
209,STOCK_0210,Manufacturing,1,126.9415993876091,0.5469411049761064,0.1656631493596348,0.07198144997087759,0.2770069752424636,0.06055435077717709
210,STOCK_0211,Consumer Discretionary,0,10.872902134489909,0.4940340318819567,0.2377876826196015,0.10368465683661138,0.24433283365718192,0.18809639648283355
211,STOCK_0212,Utilities,1,53.023600721727405,0.6680276497805545,0.24681120583412458,0.118263821918238,0.08273555447054697,0.0373743432649957
212,STOCK_0213,Manufacturing,0,44.36884243070155,0.21075821869770056,0.4040154495380078,0.09059393393259114,0.19162843446100797,-0.03473665937479971
213,STOCK_0214,Others,0,48.41200678642438,0.36650403704067985,0.21774079984540853,0.09542250541657574,0.10353124552957277,-0.051986751981035834
214,STOCK_0215,Manufacturing,0,25.402275466984754,0.3271559300613591,0.28895995315027345,0.04194068075927622,0.05840031470420341,-0.13441749963748417
215,STOCK_0216,Consumer Discretionary,0,80.8458454459857,0.19272285475663736,0.42877910779241074,0.07249478892072476,0.09122962620380302,0.10516610087876127
216,STOCK_0217,Energy & Materials,0,55.96351927023145,0.3097987029932725,0.39114625761263727,-0.036097820867090534,0.26660456347833617,0.18212276431773997
217,STOCK_0218,Consumer Staples,1,89.67222298887242,0.15374028836539375,0.4054856452998292,0.06634388237965441,0.2043545323978608,-0.01892435303212338
218,STOCK_0219,Consumer Staples,0,1.73943651121202,0.6489154502512765,0.1,0.035383730490577664,0.1521670606562352,-0.1337288402652302
219,STOCK_0220,Financial Services,0,51.22763846997461,0.5324670079119337,0.23558169596338532,0.05338438670351049,0.2156111343866749,0.07742596261148245
220,STOCK_0221,Utilities,1,13.986847559249192,0.6401183545700788,0.20794738626289933,0.09480924023655068,0.150017356572573,0.26310287135572846
221,STOCK_0222,Manufacturing,0,93.0685574764208,0.2855395058214698,0.22679156188809244,0.15955096528875587,0.10353851215762658,0.053288522885610284
222,STOCK_0223,Information Technology,0,5.360661816906309,0.635388976323297,0.27480088910398065,0.08106402185520317,0.1909385887643634,-0.03762490884449448
223,STOCK_0224,Manufacturing,0,33.20727348650369,0.6169145150755571,0.1,0.09245893358569487,0.048520541288991324,-0.062189218975565834
224,STOCK_0225,Information Technology,1,21.891020959931307,0.7057080093456221,0.6216826027151503,0.04800040916112754,0.10670228122318795,0.2900782411548262
225,STOCK_0226,Manufacturing,0,40.721929566129084,0.4453115675335343,0.1,0.09656708233896703,0.16267206809900495,-0.08440305481619298
226,STOCK_0227,Others,0,7.602819782603155,0.4102195564883852,0.20430937519228762,0.03899115604769872,0.019889740285808585,-0.010265077242055007
227,STOCK_0228,Others,0,5.858876642913099,0.16182459838932242,0.1,0.1212374503286149,0.18528054790195386,0.18977979120019134
228,STOCK_0229,Consumer Staples,1,63.78114659052464,0.6818826903282442,0.2171980185082583,0.054886241274605695,0.08057958310447369,-0.06541604938194005
229,STOCK_0230,Utilities,0,1.9597569520077176,0.23203514584899787,0.5955474739892773,0.0861421719270099,0.039306879906653755,0.01840259151510292
230,STOCK_0231,Consumer Discretionary,1,145.2140279934428,0.56792658079724,0.34342454493049895,0.028595179608903492,0.11223054391398858,0.08233651137695579
231,STOCK_0232,Consumer Discretionary,0,11.951282748679796,0.22780356296969326,0.3592172094732644,0.10253277776673274,0.08691155732626846,0.34315314860102847
232,STOCK_0233,Manufacturing,0,68.65228621435887,0.1,0.2309671248976974,0.054069601048485266,-0.001547686038147418,-0.3648233397165854
233,STOCK_0234,Utilities,0,200.41548257971453,0.4199621320863006,0.17197674580313904,0.02263390161758299,0.09500625668039607,0.08408660244234617
234,STOCK_0235,Energy & Materials,1,53.80821975277226,0.47276866497389186,0.29721986216074536,-0.0292648423667453,0.21150693811363125,0.12049505853679224
235,STOCK_0236,Energy & Materials,0,62.89243727507715,0.3381318728609391,0.31248734281748813,0.06114779154328709,0.09203080079715602,-0.11997895832693975
236,STOCK_0237,Others,0,21.362075497003225,0.6694774181164694,0.343739371137704,0.14852048469919332,0.2343566241635206,0.27966814684009494
237,STOCK_0238,Healthcare,1,21.393415869713696,0.7122974253666271,0.22888967161934312,0.11661172535663267,0.10292862251142812,0.15820149262234698
238,STOCK_0239,Healthcare,0,16.282687547995376,0.7941948414869291,0.5733551452427532,0.1473334861877433,0.08205236464772217,0.07101517788616782
239,STOCK_0240,Consumer Discretionary,1,29.990993305691795,0.6591189864902132,0.12,0.154805111671278,0.08192091180909059,-0.06607064035288963
240,STOCK_0241,Manufacturing,1,35.45792127834549,0.15294934490545922,0.3020624249411863,0.05030484139898489,0.11150228049263909,0.07252216882797763
241,STOCK_0242,Information Technology,0,15.180889504554516,0.3466697756170446,0.3289942320881414,-0.006691317724183406,0.1472762152177301,-0.09292593035762808
242,STOCK_0243,Others,0,134.51042089946014,0.260124793451761,0.1400295445620006,-0.019273051020888117,0.07119816180013151,0.1616039282529633
243,STOCK_0244,Manufacturing,0,10.354784835865107,0.10932410514367007,0.4417690749706899,0.0714026032544362,0.10642654729750223,-0.0609544045704452
244,STOCK_0245,Information Technology,1,6.600134370228826,0.7555474424602769,0.4545398751411684,0.0565429317460451,0.005748120364392186,0.17419583451141787
245,STOCK_0246,Utilities,1,8.905011633437683,0.1939518795145689,0.7408036483821384,0.11026118505091277,0.20923466379049072,0.21791873353540703
246,STOCK_0247,Financial Services,0,46.32225334200775,0.1,0.4137737454014563,0.12640225355028462,0.16342626810165412,0.2804373806041329
247,STOCK_0248,Manufacturing,1,77.37053612908124,0.6187562366788175,0.1715618617126298,0.16116315927431005,0.19338521290870203,-0.19806684153550685
248,STOCK_0249,Financial Services,1,770.4591089338405,0.6815863295159342,0.137637062361101,0.1336443371496447,0.14603494875470482,0.0170747044968044
249,STOCK_0250,Others,0,1.3877733517080424,0.3291288449480897,0.3010195464743956,0.052707870701446134,0.050379502118621994,0.0928665900051615
250,STOCK_0251,Manufacturing,1,55.766999461276114,0.39503761975988066,0.4566681636578562,0.026618257469951105,0.09763453565867655,-0.08965118591109729
251,STOCK_0252,Healthcare,1,235.1997968372856,0.38297305360035655,0.2703115361478879,0.11263232035885393,0.028985003475941275,0.24189123561306847
252,STOCK_0253,Manufacturing,1,670.2916692852572,0.7683603099704457,0.1680145472169274,0.061122267179552006,0.1421378378070653,-0.13462644599733456
253,STOCK_0254,Manufacturing,0,10.625063656485683,0.2017850049883187,0.6792227950655133,0.06585566397401872,0.0704741810786233,0.055273151336546554
254,STOCK_0255,Healthcare,1,75.00673895459151,0.18168234867984975,0.39731495653799137,0.03415362273350352,0.1461299374052107,0.3198073937052123
255,STOCK_0256,Consumer Discretionary,1,142.56354155919138,0.2555095008047693,0.46102597803724377,0.0651976949839382,0.10078777501540069,0.44320294888531736
256,STOCK_0257,Healthcare,0,12.637998393044658,0.30627884794731847,0.5531730148980865,0.1218164359667728,0.1391063508949131,0.11176130654187758
257,STOCK_0258,Consumer Discretionary,0,228.09328239825348,0.1192767624442672,0.42992329641603266,0.07222171527390822,0.03789046338672862,0.2445000859078725
258,STOCK_0259,Consumer Discretionary,0,21.615767507603945,0.6062554045170228,0.13962140611666413,0.05528228310716416,0.1566534491830959,-0.08695818370752101
259,STOCK_0260,Others,0,5.870861552352332,0.1137710507193224,0.23691242509152996,0.041035220023928405,0.1520385109205063,0.0796597779323773
260,STOCK_0261,Manufacturing,0,291.89417506481846,0.7752613805741099,0.28761653497640766,0.11382209082473857,0.2932044854245282,0.2385822891515394
261,STOCK_0262,Others,0,173.9643923378337,0.2656027909941192,0.2081983256868037,0.05798516064462207,0.2778033741431846,-0.1478981913598497
262,STOCK_0263,Manufacturing,1,106.04345584065133,0.6304627681867813,0.23585412471611739,0.12493242293424503,0.15487803116000368,-0.3198369127829528
263,STOCK_0264,Energy & Materials,1,35.578899908422606,0.7663413569413071,0.6637409442672452,0.15646482754197666,0.18725875857036395,0.09117037610299701
264,STOCK_0265,Information Technology,0,13.316027037751384,0.32659993092261663,0.32049117521478193,0.09064749868358114,0.15732362491601015,0.2619338634304122
265,STOCK_0266,Information Technology,1,1501.345805902584,0.38717232243071803,0.4813607569720502,0.10771123519730198,0.17563219796402388,-0.11115127646291073
266,STOCK_0267,Manufacturing,0,18.512573046641492,0.3870645163944584,0.5581484681867255,0.06306543300390624,0.12150552397924787,-0.11574815209763427
267,STOCK_0268,Manufacturing,0,421.40076498758685,0.600739676095585,0.13942182895883667,0.10981985345588269,0.08363618250052446,0.0272020083847446
268,STOCK_0269,Manufacturing,0,35.815749819221374,0.16529734161746057,0.3681477828885707,0.08510374581236918,0.21228722746535406,0.26795240958942657
269,STOCK_0270,Information Technology,0,19.26007223821464,0.3573266485918282,0.5165492657450131,0.0516935705696216,0.1596959349890653,-0.02029750688514885
270,STOCK_0271,Consumer Discretionary,0,112.53356510865471,0.5248784181828788,0.37806400893475234,0.0036352154786095476,-0.016170751997976154,-0.02961350477148422
271,STOCK_0272,Consumer Discretionary,0,166.80952776389776,0.542859278973862,0.32434614098952474,-0.030502139464509002,0.20832564874256398,0.08358876551779475
272,STOCK_0273,Manufacturing,1,50.13814730159822,0.23358426929793139,0.7397346746567286,0.13713499581175914,-0.018603521948348304,-0.11704254057343075
273,STOCK_0274,Information Technology,0,49.171791268359485,0.11788216005634862,0.5216441600201659,0.11074206986514866,0.26229241012305987,0.1585420668486418
274,STOCK_0275,Energy & Materials,0,114.67466447007976,0.402477334539242,0.1,0.1296964878560826,0.04734350541691436,0.06962506884370112
275,STOCK_0276,Others,0,19.294904992679196,0.22856660880718177,0.7024337259322323,0.1268104504789975,0.13478482419917912,0.24796333759531147
276,STOCK_0277,Information Technology,1,89.38662223305404,0.30406789016416996,0.27925562240820095,0.0022014986841046454,0.269019719388581,-0.04876450814612663
277,STOCK_0278,Manufacturing,0,44.70218030184486,0.12099543370380252,0.3446055713480932,0.07463226046429919,0.19995352261423285,0.345493903159074
278,STOCK_0279,Consumer Discretionary,1,153.9424771822522,0.5564258237668723,0.22731566643549284,0.08000933323174866,0.21204860404744552,-0.10989956303394716
279,STOCK_0280,Consumer Discretionary,1,155.12525109193245,0.18313264909476104,0.2734234119768732,0.13272060561097057,0.041135695306573856,0.017376735310680423
280,STOCK_0281,Consumer Discretionary,1,6.3355455754051615,0.5607094029638267,0.12,0.009097003901553173,0.1677152910065402,-0.03514287715341046
281,STOCK_0282,Others,0,62.32228866564712,0.6971483756839049,0.12391198834940315,0.05729832098402781,0.14069289182843103,0.09191096637864904
282,STOCK_0283,Financial Services,1,91.61036115812941,0.43351741558034057,0.16938658125742143,0.08044140691336973,0.09119685849944138,-0.049211564678298174
283,STOCK_0284,Consumer Staples,1,297.2483118215421,0.1080514004272547,0.17806205916896503,0.1375609820392807,0.11482491159739858,0.07093111470232717
284,STOCK_0285,Manufacturing,1,296.7904558001991,0.3238297289184064,0.24858416421539153,0.17032673357296668,0.22203125903992119,0.03724283496341563
285,STOCK_0286,Utilities,1,308.81956544326385,0.5101522034173284,0.41824026244360435,0.08936477749116092,0.04669432647412641,-0.06553810556944198
286,STOCK_0287,Others,0,15.076684525407765,0.6019975323985782,0.3704928401333887,0.017335218634836752,0.20101099277152573,0.03627692334415195
287,STOCK_0288,Healthcare,0,25.224768685011934,0.6435170506675567,0.4648918745091514,0.05576046618215535,0.02402419773077534,-0.2874215794453315
288,STOCK_0289,Financial Services,1,2.405441136614545,0.41144226365000175,0.5171815469534661,0.05956820437316649,0.06282554584076545,0.13819198575207217
289,STOCK_0290,Manufacturing,0,53.651949836739725,0.41017094556289596,0.1,0.12037309178062225,0.22022741075419872,-0.007233692445022422
290,STOCK_0291,Real Estate,0,38.673599893773506,0.717767795268037,0.4605883307347067,-0.001279968332972566,0.04197071781774,0.25552618979021385
291,STOCK_0292,Manufacturing,0,89.75234166470467,0.4507343202319487,0.13932778321489273,0.013710311432287618,-0.02649159026706802,-0.12426657468986439
292,STOCK_0293,Others,1,2.207991093112703,0.547646982489382,0.16967720311766832,0.09443160754491899,0.13448501942168659,0.2554917055974095
293,STOCK_0294,Manufacturing,1,119.66711049645771,0.1622349898352528,0.4074378236188417,0.03545551940289707,0.008916595693503108,-0.1800406656755565
294,STOCK_0295,Healthcare,0,8.678239857906584,0.2947834340372567,0.25129601574819593,0.020218811457239378,0.018840127443602743,-0.2089659678801865
295,STOCK_0296,Manufacturing,0,18.648658544248345,0.290979628476993,0.15583984585005672,0.051724435589117684,0.025906133075617545,0.1331340445630078
296,STOCK_0297,Manufacturing,1,292.45235003793766,0.6823022112257049,0.12239230606010411,0.025781439577143857,0.04255633931918037,0.013453844192264452
297,STOCK_0298,Manufacturing,0,143.78718691931329,0.24821539214712932,0.33364563877548153,0.0727461702148184,0.22368504494251168,-0.10607352252036775
298,STOCK_0299,Manufacturing,1,28.70887196311857,0.4514800197092627,0.13134211115346653,0.06679811190027994,0.11943640116155561,0.027658563214796643
299,STOCK_0300,Manufacturing,0,53.47889051225693,0.44377924212247694,0.6318270774675756,0.10978511250877575,0.0608502874032771,0.23878490016203588
300,STOCK_0301,Others,1,206.53891626048392,0.465918094715733,0.12,0.11935154184358071,0.11487377886810267,0.14044363642757848
301,STOCK_0302,Healthcare,0,41.041065164173276,0.6168355192653525,0.30856257273862225,0.05223459723069764,0.2314763622019545,0.1665823653446678
302,STOCK_0303,Consumer Staples,1,21.569644692523475,0.4471414178087805,0.819302187422577,0.10439527225370931,0.0067786246460649945,0.09278010636164184
303,STOCK_0304,Financial Services,1,5.243248072280143,0.5137712783730486,0.12,0.1223966086676632,0.09898723837470658,0.009541958188329565
304,STOCK_0305,Manufacturing,0,139.83416634857835,0.39924277890133636,0.3470315966107429,0.12321218073671132,0.09204485382264352,-0.05588531231343614
305,STOCK_0306,Consumer Staples,0,13.524983028649187,0.5896697214728328,0.18880846093566667,0.09572397362417025,0.2670480566369309,-0.11513013229690439
306,STOCK_0307,Manufacturing,0,72.30039457354921,0.8071047122067373,0.36215023679776354,-0.0044728669157597396,0.13546562598035727,0.00493943910274914
307,STOCK_0308,Healthcare,0,11.504827656571441,0.15030877744164814,0.2635758469367221,0.13581231952590628,0.24064380731353227,0.02259538475610814
308,STOCK_0309,Healthcare,0,1411.583711502612,0.13176093323250287,0.3272755252755247,0.10217618692312075,-0.016170296523071056,0.14261816026751456
309,STOCK_0310,Others,0,24.729206796232074,0.7125898648243891,0.3798647300336501,0.07469402422153341,0.2563720804742508,0.4186149247151586
310,STOCK_0311,Manufacturing,0,58.302101592976804,0.25978118331895766,0.20661645588371685,0.08591059957009685,0.06606475517294186,0.2366317087154379
311,STOCK_0312,Financial Services,0,24.073991286648504,0.46032528195772127,0.16637126794240822,0.09087082878433567,0.09387012087315462,0.10207985108328876
312,STOCK_0313,Consumer Discretionary,0,152.03948889550225,0.10099681440969137,0.21431978047216552,0.12368142510372651,0.11756777867756012,0.19903003286279372
313,STOCK_0314,Manufacturing,0,903.5608472725725,0.2779959013931626,0.6791553494320408,0.08620782954856515,0.17678274324669505,0.09312127618321367
314,STOCK_0315,Consumer Staples,0,7.276619477188651,0.3317263842456282,0.27385036288231285,0.11818488579240236,0.21018992083564447,-0.07714219661949628
315,STOCK_0316,Consumer Discretionary,0,13.95841821962233,0.7073474497775569,0.11271020000593042,0.06549812801968138,0.09106939811062728,-0.0011072051072716531
316,STOCK_0317,Energy & Materials,0,300.99399744992553,0.45276995329076586,0.36777756149759633,0.07100916843099798,0.13294255300810065,0.08505555010895327
317,STOCK_0318,Real Estate,1,92.90317336855932,0.397303297829421,0.34233912983873577,0.03097962951009809,0.03285200027316003,0.24182380328254965
318,STOCK_0319,Information Technology,1,23.706465680962072,0.4286782932293359,0.12,0.07273743528725057,0.09435523339790515,-0.1307131165687704
319,STOCK_0320,Real Estate,0,28.57152309673977,0.5095001872973531,0.4068892529961301,0.08680688700656437,-0.08965367677448424,0.0177296428969914
320,STOCK_0321,Real Estate,1,57.58215036301572,0.24171880811102625,0.450680076514228,0.04170950099706443,0.1172382560134951,-0.2698039218343747
321,STOCK_0322,Others,0,239.7156653683553,0.2709403712213551,0.1,0.032436530343084906,0.07168879074753713,0.0010586997290393191
322,STOCK_0323,Consumer Staples,0,11.22816053028747,0.34119126724721155,0.1,0.031392380089866924,0.19858555862043548,0.04532537818500847
323,STOCK_0324,Energy & Materials,0,6.284507599503238,0.24577121073333386,0.42888793422414334,0.11385908433625236,0.13460234243179509,0.06163181373033457
324,STOCK_0325,Information Technology,0,76.83041773808706,0.1,0.14355864995907852,-0.005243430086530805,0.12591462296244016,-0.027115216012569127
325,STOCK_0326,Financial Services,1,33.728529209733296,0.29969450843758144,0.25696492926973435,0.13459730856447877,0.1922751089990243,0.35825009903708943
326,STOCK_0327,Information Technology,0,1013.0784654275578,0.7416355577371829,0.15471038025129275,0.14433129050517643,0.07120123027851652,0.0005525450147375649
327,STOCK_0328,Real Estate,0,6.071766361010664,0.20709824959601297,0.4921573658778358,-0.005853097422102446,0.12258641862364597,-0.37566965948656306
328,STOCK_0329,Others,0,80.40877113307343,0.5336009279105294,0.17220572464146502,0.060950179703330463,0.16370188876461328,-0.05255415428127163
329,STOCK_0330,Others,1,7.660437424946905,0.11055434557369614,0.6211602871872779,0.0013275119948890674,0.022313802872954595,0.04543033362635441
330,STOCK_0331,Real Estate,0,1.6633052460011897,0.10302096514544033,0.10319532780078854,0.04950318527766698,0.24073048107236406,0.15084093489469694
331,STOCK_0332,Manufacturing,1,5.36223095118173,0.43356453451056226,0.16004609454727178,0.04597520281624969,0.08611211346174583,-0.14484261062852238
332,STOCK_0333,Consumer Discretionary,0,4.659673245340953,0.2871608191175119,0.26886586611849045,0.06018022399117728,0.10648278346699912,-0.19817637379345862
333,STOCK_0334,Consumer Discretionary,1,12.569243442437886,0.6374671736180276,0.3588720060512057,0.13419604832678042,0.24832730027817917,0.12331628902348586
334,STOCK_0335,Financial Services,0,342.17515491042803,0.8190133347488665,0.1554937063839757,-0.0182964497073489,0.11337114619712677,0.06261831978789838
335,STOCK_0336,Real Estate,0,4.409872492283597,0.19701544960403414,0.15696637976523653,0.05949368774076219,0.14275805035715777,0.21526933742650994
336,STOCK_0337,Energy & Materials,0,64.60855755560726,0.9406989177334357,0.32516291418239224,0.10017184314356455,0.058263102385556764,-0.015057913518065116
337,STOCK_0338,Manufacturing,0,63.927693419719716,0.2700931725283724,0.3606475684601032,0.05968787755652361,0.07065352983021833,0.1463856655398504
338,STOCK_0339,Energy & Materials,1,39.69867767053851,0.23204016199415237,0.49551660691527316,0.0717719515188663,0.2064044847311448,0.20141827712101132
339,STOCK_0340,Utilities,1,103.17462733639167,0.5136641570609155,0.21308717536676883,0.07641765570941758,0.1632726814848792,0.19142537507868493
340,STOCK_0341,Information Technology,0,6.768903095764442,0.1,0.23369948755544687,0.1362418530057851,0.2212356415913323,-0.08869355724604816
341,STOCK_0342,Financial Services,0,131.74883752827213,0.31081940226853755,0.17562129150423586,0.12978906141887644,0.16234449694324585,-0.009945596616736897
342,STOCK_0343,Utilities,1,5.1347438460270824,0.7167753515495673,0.18530817200615318,0.09002257521701586,0.09446640683179244,-0.13105761010881742
343,STOCK_0344,Manufacturing,0,54.736564630363425,0.5086592048702474,0.3388750238280829,0.13473358181901385,-0.016692339771410002,0.17206092657698285
344,STOCK_0345,Energy & Materials,1,404.7831999642099,0.14313564572676704,0.49638331523590706,0.022679984664110756,0.15726186547926588,0.34008363064684727
345,STOCK_0346,Consumer Staples,1,320.6392321870493,0.431360951476806,0.3615287047118857,0.10602439223871161,0.054565759224991434,-0.020078239408805158
346,STOCK_0347,Healthcare,1,18.62761650018176,0.3515605348430478,0.12,0.15334366450773432,0.1631424360704541,-0.016159995484463494
347,STOCK_0348,Information Technology,1,3.053672971956825,0.3363537597376898,0.396180540090448,0.09466374826301573,0.060578012437703256,0.05261926257399473
348,STOCK_0349,Others,1,103.45026081254386,0.28776942632529123,0.6123104540252676,0.02282202701172498,0.1633316550280474,0.26199651471517216
349,STOCK_0350,Healthcare,1,7.49058823377381,0.3667871435190641,0.5089473474609791,0.13452423624538198,0.21599003870245465,-0.10363448849591528
350,STOCK_0351,Consumer Staples,0,109.0113165026692,0.3950986936779141,0.15038377614516943,0.08660932347574432,0.11082263007003366,-0.07295627109599702
351,STOCK_0352,Manufacturing,0,118.77320761094765,0.3303463913562415,0.6614856689499689,0.11496152903600701,0.0226672629978519,0.3043407338465363
352,STOCK_0353,Manufacturing,0,2.9687998800371638,0.28490295901072965,0.2320949604084897,0.08029690847075747,0.1886950809172501,0.0008290959857967928
353,STOCK_0354,Others,1,80.22651593025844,0.4208280411066177,0.15678607526035104,0.08140393870239954,0.1283382351302726,-0.1180321844391107
354,STOCK_0355,Others,1,31.74882447431954,0.3458750272575622,0.43151867176885833,0.16880436401900323,0.08313799890146777,-0.05543435717476863
355,STOCK_0356,Real Estate,0,75.2603933850609,0.44346084803157376,0.47887846680194457,0.12632409375526082,0.13829304225093753,0.3194828098025167
356,STOCK_0357,Energy & Materials,0,3.612780529969317,0.3410495429963898,0.1,0.06671890891097311,0.20292124668035477,-0.02455239934974673
357,STOCK_0358,Manufacturing,0,61.7385707105951,0.1,0.5798862349073927,0.11358490919106297,0.0741854687872561,-0.14340546677171015
358,STOCK_0359,Manufacturing,0,61.67579335502026,0.2017382672736741,0.1,0.00676515631530276,0.2251851715875425,0.05893145816874949
359,STOCK_0360,Healthcare,0,43.26141491191923,0.7103539070064939,0.391257301967207,0.09835479208669302,0.10931217653377844,0.39233169243071464
360,STOCK_0361,Healthcare,0,76.33287864509424,0.26735021807118325,0.1276335243678983,0.08988246514497535,0.15205534696685655,0.14379397991317708
361,STOCK_0362,Manufacturing,1,0.9725209865686054,0.10363686629157753,0.12,0.13162784061767988,0.2451120115919626,-0.11611111974134616
362,STOCK_0363,Others,0,10.14511291442945,0.38521511175825507,0.3253951761242542,0.016429440891296238,0.02021658839758774,0.015885228929154994
363,STOCK_0364,Manufacturing,1,74.56862794724671,0.27983816447444176,0.6403492556340888,0.07384742045050503,0.16705963567613036,0.046154190929883904
364,STOCK_0365,Others,1,512.8206586780176,0.39401427162560987,0.17791754799961712,0.08632064147168088,0.025791119375058156,0.34096566369371706
365,STOCK_0366,Manufacturing,1,215.41640211346675,0.4332366328095836,0.12,0.0817433441389573,0.2797480174951081,0.0467814238489958
366,STOCK_0367,Manufacturing,0,358.79849711402164,0.4270323190677694,0.22103277032588192,0.11841669961451573,0.07004813757971368,-0.40495057841749066
367,STOCK_0368,Consumer Discretionary,0,40.16433536735148,0.43520511402370965,0.39380468763700927,0.09253462080113761,0.05504206781652189,0.23763801240471996
368,STOCK_0369,Manufacturing,0,13.667673743513266,0.6770801452288785,0.21863768430993039,0.10484062535679606,0.05272148808107617,-0.00063683987958427
369,STOCK_0370,Healthcare,1,73.96996240490341,0.2946189275081376,0.5589852422639369,0.14043410054176514,0.11729881748818767,0.009130459360815142
370,STOCK_0371,Real Estate,0,190.60009503026942,0.10043987735672429,0.1805694973939313,0.035774846346999005,0.07835246578556378,-0.22378558518804356
371,STOCK_0372,Manufacturing,0,18.568618973706645,0.47519632501850134,0.21808241842267279,0.1591277484656266,0.09939587430837568,0.15933752785436078
372,STOCK_0373,Manufacturing,0,8.203340531625953,0.15708441955225982,0.1817901667604254,0.033014870087392394,0.212604255334025,0.055679595798836766
373,STOCK_0374,Manufacturing,0,4.514282260586531,0.5348736679166848,0.2935774176688429,0.06108240587001168,0.13162544442605903,0.06758045141893672
374,STOCK_0375,Financial Services,0,309.42135218880946,0.4635363003276287,0.32112196617577166,0.07218184312817139,0.23228282655633417,-0.06185428414312829
375,STOCK_0376,Others,1,32.298172618179876,0.6162243154821346,0.2739201083516257,0.04614048811733528,0.15324405931793847,0.01859660271666459
376,STOCK_0377,Financial Services,0,49.55473374657306,0.21353939385286086,0.1759590777965576,0.20971550923870558,0.2110031210520508,-0.00796613840626319
377,STOCK_0378,Real Estate,0,15.79848225225754,0.3600456589306162,0.29324200385798277,0.10225521274163533,0.05608634752649881,0.24091776521614244
378,STOCK_0379,Others,1,123.86942149158938,0.3905430232655749,0.40472833699883654,0.0453344627205416,0.14034732074388165,-0.09195442674342567
379,STOCK_0380,Manufacturing,0,2.63574104801064,0.49645520018455774,0.17444615106453634,0.09904764178467064,0.08440418956302644,-0.07522426603412337
380,STOCK_0381,Real Estate,0,81.86403484431595,0.19158127952390547,0.7053099712467774,0.05892611263471135,0.029516610056329173,0.12314452906911055
381,STOCK_0382,Consumer Discretionary,1,223.17257769588554,0.5530791569829482,0.12,0.07625051904363897,0.05139459406830847,-0.015317426979606766
382,STOCK_0383,Manufacturing,0,7.309137021775679,0.5863715923426118,0.2317804770176959,0.09945849051117242,0.12005669021444175,0.016410228398530034
383,STOCK_0384,Consumer Discretionary,0,13.583102462764494,0.556074104390777,0.46676103039950406,0.156446449740687,0.1492296737772251,-0.07757332370565727
384,STOCK_0385,Energy & Materials,1,135.66345932041645,0.4807951201906691,0.4280345745433614,0.06367045862745864,0.18648959983951235,0.09327787752045673
385,STOCK_0386,Financial Services,1,26.786090360308553,0.8162979778018393,0.12,0.05446506932451177,0.2112690572488597,0.3664538702773483
386,STOCK_0387,Financial Services,0,51.181075700716974,0.3711915178090065,0.3087776008202078,0.04656241432112275,0.10203016611268179,-0.07161821100046503
387,STOCK_0388,Manufacturing,0,0.8986835679080237,0.23721285557220195,0.1339587486426285,0.030944814302513217,0.05357595744126339,0.26164773119808116
388,STOCK_0389,Consumer Staples,0,230.4165863035205,0.4012589191631283,0.18181032268743014,0.082139145106216,0.1595344171424636,0.1600059091287914
389,STOCK_0390,Consumer Discretionary,0,30.146724347513604,0.12683904499340998,0.1,0.10455330217226783,0.19909235834932146,0.13627283342210605
390,STOCK_0391,Others,0,24.951521623734337,0.30962832664437073,0.40687663923282175,0.036310268937940496,0.19701441879090392,-0.06629906696424011
391,STOCK_0392,Information Technology,1,60.62133117490024,0.7096976796805373,0.3049928680157603,0.06371347723747764,0.1792436292699549,0.07941929026877982
392,STOCK_0393,Others,0,1.6845609504063164,0.6059750349024822,0.1,0.08016049338817488,0.02568612069613397,0.027049582147355977
393,STOCK_0394,Others,1,123.934620920829,0.1,0.5908801797801528,0.09107466535664163,0.1965036001673077,0.4087009958779227
394,STOCK_0395,Others,0,37.591490704119714,0.19120334921571291,0.2666755275259591,0.0748665695717036,0.19113230598302447,-0.10826266542838316
395,STOCK_0396,Others,0,10.482465857823422,0.3054056001623209,0.44018978632172256,0.1202796917497588,0.03410490728657979,0.07216238143512356
396,STOCK_0397,Energy & Materials,0,31.191899333975545,0.2787532103476881,0.1,-0.0028346259779795176,0.09939036115912048,0.049554982004983775
397,STOCK_0398,Manufacturing,1,32.94604521292171,0.3054655802965988,0.48365850356893586,0.08689582604590301,0.15141072925207744,0.12803782852638274
398,STOCK_0399,Healthcare,0,67.98324800797803,0.5824426477203929,0.21534871993921223,0.13290111940579064,0.19263698509016391,0.07852197137468912
399,STOCK_0400,Others,0,27.483101757511967,0.36004371807965957,0.4185930651156639,-0.007739437106119348,0.13098819835256287,0.4977260332590139
400,STOCK_0401,Manufacturing,0,49.8748105268085,0.10188798033989738,0.5979414477273293,0.052315242343226376,0.08682984795425093,-0.08927609398488566
401,STOCK_0402,Consumer Discretionary,0,4.700260937514432,0.1,0.21648163796656927,0.08895352657285975,0.09048484487748303,0.09207131909115951
402,STOCK_0403,Consumer Discretionary,0,12.767274018746692,0.41116094628496846,0.4311695504515652,0.11100399992231681,0.09353800831815577,-0.016524122047532588
403,STOCK_0404,Others,0,1179.1749731178747,0.5117411518924205,0.39448763903893086,0.08305782299678559,0.1488314716014464,0.13564317800764086
404,STOCK_0405,Manufacturing,0,51.23624005337937,0.28706198064088934,0.1,-0.047336605588109266,0.08569216595151412,0.12237552544290907
405,STOCK_0406,Consumer Staples,1,747.6073221653122,0.4167400992207045,0.13206715751508039,0.06653239476366211,0.11184042266912544,-0.06636489451894892
406,STOCK_0407,Consumer Discretionary,1,213.48158087905102,0.2739741330245695,0.3240343161542824,0.12078825824949967,0.08265929504388475,-0.1624476647973627
407,STOCK_0408,Financial Services,0,17.8371164865486,0.6089811720955247,0.21457281161084246,0.13847041160782309,0.2073685427185941,-0.02218579563104026
408,STOCK_0409,Manufacturing,0,4.4647195149143375,0.2626629292338317,0.22656999907698358,0.025344621969993913,0.0023608359014999467,-0.1294154663547846
409,STOCK_0410,Healthcare,0,12.659122483225248,0.45919947044713383,0.35277975931019756,0.05378586285450606,0.2458987373244085,0.12850320160955986
410,STOCK_0411,Information Technology,0,240.83611955250547,0.16288151038379456,0.27738406911379665,0.030976523253905115,0.09941599995057683,0.22231684694897105
411,STOCK_0412,Manufacturing,0,10.6073159991343,0.1,0.1,0.14857373910704613,0.10450356961560303,0.1410431916053543
412,STOCK_0413,Manufacturing,0,168.39246666939943,0.7075551304881542,0.10482655148802317,0.07082950063539786,0.0582607348322574,-0.0146942770226763
413,STOCK_0414,Manufacturing,0,19.672471197604427,0.46883898510942157,0.3049607672977464,0.035091530842394275,0.09801581561978495,-0.27018652101763774
414,STOCK_0415,Healthcare,0,83.15083799374146,0.39355640268360775,0.41196949271706323,-0.0002377493955484439,-0.02456331159454531,0.018773204899531163
415,STOCK_0416,Others,0,36.33658297827971,0.2417460323409264,0.17101100291851484,0.12021281364737223,0.020620277316061638,-0.10883806710479536
416,STOCK_0417,Consumer Staples,0,6.395979006606396,0.3952485575362124,0.15372970717067538,0.11433140959730799,0.10790781707012556,0.063719795194291
417,STOCK_0418,Others,1,13.184364284998459,0.4778138950710719,0.412485730330444,0.13460514805096668,0.0018829086702558514,0.12847535027516932
418,STOCK_0419,Consumer Discretionary,0,22.740772235077287,0.5304230707764912,0.4608863983270883,0.0904027515912027,0.06214949615861936,0.19632186170249533
419,STOCK_0420,Information Technology,0,17.958127228382278,0.5980992642629275,0.2615358713723137,0.031011902612801283,0.08830317261751171,-0.40067264818485415
420,STOCK_0421,Others,1,159.56057860883772,0.8055991691666275,0.12,0.014291462044758145,0.18346794589488466,0.12278593289867316
421,STOCK_0422,Healthcare,0,56.78680062031911,0.3974698825758696,0.23098518873980792,0.17996198481667514,0.21119800916004078,0.04476626944911725
422,STOCK_0423,Consumer Discretionary,1,24.096263640318114,0.1,0.12,0.1278616903874343,0.07336906228991721,0.11840135913296053
423,STOCK_0424,Manufacturing,0,114.36260361288156,0.24219836109127674,0.1,0.11098444608060562,-0.050467039788470065,0.23762715245508223
424,STOCK_0425,Others,0,156.6847604666765,0.4965926830662762,0.6270061409919495,0.04868877021817751,0.13159593921643672,0.24119910597905797
425,STOCK_0426,Information Technology,1,1.7107971828772381,0.3882965789000283,0.44276805190677937,0.04848585996102763,-0.020644415314975812,-0.12287787416477922
426,STOCK_0427,Manufacturing,1,42.48317600539786,0.3480233826374159,0.5229354749325839,0.05898656972045496,0.12885787473491972,0.1262442972628374
427,STOCK_0428,Consumer Staples,0,17.7004674412667,0.8607247067079297,0.22929161272930854,0.08096029840018458,0.008829626331556366,0.00251777445620763
428,STOCK_0429,Manufacturing,0,74.63476903033978,0.25349355679061525,0.2243050006034107,0.0785724007732159,0.1294943267254153,0.1260779409571374
429,STOCK_0430,Financial Services,0,8.344030044456444,0.1,0.8,0.162019864046652,0.025478147066829823,0.2776881985431919
430,STOCK_0431,Manufacturing,0,10.92308404990895,0.5682500944421366,0.1,0.06739232670782126,0.12251932498095966,0.16351105145049188
431,STOCK_0432,Consumer Discretionary,1,74.82430456545514,0.37588783904698014,0.1652336703031856,0.02581323150299168,0.012145836365800779,0.06235233547074365
432,STOCK_0433,Energy & Materials,0,389.67469032761346,0.5155181265288984,0.6808513666252455,0.1274042193718045,0.05969103090472308,0.11739803272162373
433,STOCK_0434,Real Estate,0,61.200649117882406,0.5878038367335952,0.3193347812233161,0.0637350537838218,0.1535007968101997,0.09308753066060411
434,STOCK_0435,Information Technology,0,127.48564123714723,0.3655306548787146,0.19583353886949093,0.027587441814047414,0.07912086638434182,-0.3230324394083847
435,STOCK_0436,Manufacturing,0,59.4745976770162,0.165754305059582,0.15765783037834086,0.09990473896766403,0.05512848510398003,0.11502210649281631
436,STOCK_0437,Others,0,10.905473732738889,0.4015962897188475,0.2668225152029996,0.10909369784116026,0.18291249695966533,-0.023931942793420338
437,STOCK_0438,Healthcare,0,103.62298616310687,0.1,0.22004393645019488,0.06522488552334581,0.20082196694688126,0.05334578167326575
438,STOCK_0439,Information Technology,1,45.75483950238342,0.30580131435255625,0.29087917290488374,0.05763133750793923,-0.018421018438747605,0.2600828618250859
439,STOCK_0440,Healthcare,0,12.658495992054199,0.7127532722862585,0.2066700138946169,0.10543289021399206,0.03944581112438846,0.06717379796770244
440,STOCK_0441,Others,0,14.206586998842868,0.14185261863290707,0.6255730840603005,0.08152682474976754,0.256882304735263,0.1385940768115102
441,STOCK_0442,Others,1,27.26530794808555,0.26697715081373224,0.6212439287579276,0.10744179415092313,0.19789809846818943,0.10481966704826429
442,STOCK_0443,Consumer Discretionary,0,37.73261050118919,0.18516184469773322,0.18648123057708282,0.09599048551199588,0.15603965790224278,0.020736256466835818
443,STOCK_0444,Real Estate,0,17.273781047791168,0.5756149691777213,0.14074521524319408,-0.04025347749551048,0.13086875392653255,0.05212423971920217
444,STOCK_0445,Consumer Discretionary,0,153.58623600042,0.321072653084111,0.3408013406492977,0.10612550351052558,-0.021524024299151907,0.11501196118383854
445,STOCK_0446,Others,1,27.92864867189798,0.6369536311581396,0.6725513580670682,0.06953416916892499,0.10433717832251349,-0.09634073820708722
446,STOCK_0447,Financial Services,1,22.81606809318649,0.8326438831974693,0.45925893747093827,0.17871983722400145,0.1364060271387704,-0.18350737949118656
447,STOCK_0448,Healthcare,1,141.4357518748731,0.4549636943702025,0.7393732938623371,0.09367643855708818,0.15658594248694124,0.374733221182012
448,STOCK_0449,Others,0,28.206227734533933,0.7227706633975332,0.1,0.10216190490426065,0.3678639547257006,0.021273729295284843
449,STOCK_0450,Manufacturing,1,77.34794202620473,0.1612028468962313,0.12,-0.036908622684663515,0.20825740576429264,0.2762913602928901
450,STOCK_0451,Manufacturing,0,0.8581567553191621,0.5264787295616985,0.1,0.10991990038102095,0.07224841722144229,-0.19117041906798676
451,STOCK_0452,Consumer Discretionary,0,42.13522755208601,0.561664707006799,0.2994732371328022,0.16853528253668998,0.02178560284351542,-0.028691701405455846
452,STOCK_0453,Consumer Discretionary,1,85.02810719582719,0.4075261728680304,0.5123437123473483,0.10077375757531246,0.13945077241107912,-0.0105305008177967
453,STOCK_0454,Manufacturing,1,6.253101185786867,0.1399369864015311,0.4244352732867405,0.12802889518544922,0.07466359135559576,-0.029973209087559235
454,STOCK_0455,Manufacturing,1,18.53688747971575,0.22023789411489014,0.296915176401468,0.1413899993925843,-0.009424049105226977,0.11711671070475775
455,STOCK_0456,Consumer Discretionary,0,0.8998718617290916,0.5714133218511809,0.10599056376427413,0.11565861826243061,0.10170119789929985,-0.14858922913980863
456,STOCK_0457,Information Technology,1,5.667254115728832,0.3773112315116509,0.12,-0.019490775939957357,0.06600972028559059,0.032440008784979275
457,STOCK_0458,Healthcare,0,6.379037021338717,0.11145797129913204,0.23750806446133352,0.13443073506596762,0.13675695757841574,0.0002239623176229466
458,STOCK_0459,Consumer Discretionary,0,68.66618477100157,0.5955943953584837,0.6263565695672082,0.09268533597459067,0.04821960580015068,-0.024994788692916332
459,STOCK_0460,Manufacturing,1,176.65956950771056,0.43852329260774486,0.12,0.18439968412550473,0.1766171906292903,0.0075222384332808
460,STOCK_0461,Manufacturing,0,24.43642503873993,0.5897160664424043,0.2484394525265796,0.08671640501339375,0.06813597381244924,0.1654597720111652
461,STOCK_0462,Consumer Discretionary,1,22.509497167423802,0.7868660735750869,0.12,0.11014820517206309,0.18361494893132163,-0.05543901967534607
462,STOCK_0463,Consumer Discretionary,0,54.004456155017714,0.42206101682601377,0.4512392995135808,0.1306722879941882,0.2169894494321523,0.0741418940421419
463,STOCK_0464,Consumer Discretionary,0,6.996798405606742,0.22113701307044903,0.2696527426163381,0.12693618081190797,0.02214889484724613,0.10604261251687892
464,STOCK_0465,Others,0,5.17842858333346,0.15226600494147347,0.2541543076502557,0.008232204200445964,0.0736516933729873,-0.22614177104351993
465,STOCK_0466,Consumer Discretionary,1,21.8208601404219,0.5980911360102034,0.18283910787464852,0.12525332741797737,0.10924951454559499,0.048688022864070084
466,STOCK_0467,Energy & Materials,0,398.7802268136048,0.4078059904603545,0.2962663933129895,0.04380981278241649,0.07901638829912225,0.0826846608250263
467,STOCK_0468,Manufacturing,0,629.3130496080609,0.23608515568354171,0.2840049073408374,0.06605581812634151,0.2842512146992966,0.0067847218261854235
468,STOCK_0469,Energy & Materials,1,58.526285178781166,0.1,0.40525548961818036,0.12979467077946225,0.1327686597920665,0.3249075456078432
469,STOCK_0470,Energy & Materials,1,3243.92733389308,0.6434005902304839,0.35909851360997264,0.06293450768950759,0.16276348907649524,0.15938438248198789
470,STOCK_0471,Consumer Discretionary,0,40.93386379643329,0.13428027994033612,0.45062496336185065,0.056180111969924236,0.21770359565481184,0.0800937570870353
471,STOCK_0472,Manufacturing,0,20.788781971696793,0.12824989703233194,0.34003776018922727,0.09227020306029057,0.10698370387447266,-0.07067895450114456
472,STOCK_0473,Others,0,5.959529371072312,0.3085280858403298,0.2808486378653038,0.04343376965256957,0.04837165010726399,0.21942805395498247
473,STOCK_0474,Information Technology,0,73.79653605361824,0.3908387002757159,0.5282686736331438,0.05734085121852209,0.1641571407465462,0.00838529576065006
474,STOCK_0475,Others,0,10.562003572354026,0.3008658472641447,0.5571693196491593,0.06735416136403405,0.2694882575330402,0.06522113107497483
475,STOCK_0476,Manufacturing,0,169.8401055116457,0.8376167724731095,0.7226932618093012,0.07270312819433493,0.1250919249197214,0.004233148271476688
476,STOCK_0477,Healthcare,0,565.8265832562796,0.28261406355526364,0.2319914797741089,0.06277067321326833,0.1779673422978498,0.127272818129466
477,STOCK_0478,Financial Services,0,26.106738507643513,0.4936223195163741,0.5299749750044569,0.12450050634132148,0.24635503133558875,-0.03176394592568774
478,STOCK_0479,Information Technology,1,38.95989885692614,0.6927486585701566,0.12,0.0330522926015566,0.19713247073375828,0.014183294633747703
479,STOCK_0480,Energy & Materials,0,30.215460727201098,0.15010805684112682,0.23744712951705318,0.11347080955934426,-0.09700900510483504,0.037581646025251686
480,STOCK_0481,Information Technology,0,21.15274885300455,0.5778241560850949,0.5803000722464114,0.011472047896649523,0.30335290134549486,0.3401193006242026
481,STOCK_0482,Consumer Discretionary,0,18.188722593182483,0.18735668315315115,0.1,0.10803262597893876,0.04851239890247036,-0.18620701734031453
482,STOCK_0483,Manufacturing,0,22.23481338819871,0.5413136435435293,0.363371790152138,0.1282300878651847,0.186345901806629,-0.034747728677046584
483,STOCK_0484,Manufacturing,1,76.88180486784178,0.2066548869519737,0.23891563409662575,0.02406169185930767,0.10267814419710611,-0.08088623110230102
484,STOCK_0485,Consumer Discretionary,1,20.047510114304217,0.400903128708091,0.5661736809692997,0.02718879796659835,0.08909420196422595,-0.2707941559133859
485,STOCK_0486,Real Estate,0,7.351038860126211,0.289687899924424,0.2706126684797542,0.04798406204102922,0.12586693958225093,0.20531548435220293
486,STOCK_0487,Consumer Discretionary,1,28.845204917920036,0.2428587784915439,0.19238353371901346,0.0571947575125117,0.023264103100831508,0.0685112524945229
487,STOCK_0488,Others,1,197.40794650492288,0.4622373055034131,0.12,0.11325112347219868,0.1604446282572006,0.12543535572015826
488,STOCK_0489,Consumer Discretionary,0,8.217742113132346,0.2844718976917678,0.14837765168866682,0.05246416059407124,-0.035787397931265154,0.20676867084998252
489,STOCK_0490,Consumer Discretionary,0,29.88421041060252,0.18142117678138728,0.1625789200838892,0.1572866571076758,0.1965843858074825,0.04408640469878695
490,STOCK_0491,Healthcare,1,27.76153516144835,0.4369586135557997,0.3112640202870753,0.13615196488157327,0.08453892281456776,0.016713732426884825
491,STOCK_0492,Consumer Staples,0,93.35098635069798,0.3637740947472391,0.42547707276642016,0.11119479715382885,0.02644154966375866,-0.04814551627048444
492,STOCK_0493,Healthcare,0,4.3464872404262875,0.5147774735816759,0.40753912987873114,0.17505603656338037,0.19186876546775886,0.22871650799787188
493,STOCK_0494,Utilities,0,266.5023312621422,0.9021217378857685,0.21605519246345553,0.04612037851107742,0.10626610768601732,0.2247727314077728
494,STOCK_0495,Energy & Materials,1,193.5007413586036,0.43701608006660014,0.1937386677525352,0.101933398127913,0.18740111171640034,0.17324381492129465
495,STOCK_0496,Healthcare,0,3.04891946469664,0.3555218401405093,0.2632375631228594,0.09482756607156527,0.0907458333975584,0.1356406122057576
496,STOCK_0497,Consumer Staples,0,29.271649404796154,0.4633638328712835,0.22198936028473176,0.061794688930539375,0.01724903711419887,0.2813818725755947
497,STOCK_0498,Others,0,69.21158530696886,0.3123305039865492,0.1,0.03697151052887189,0.228224042791738,-0.009986110680416492
498,STOCK_0499,Others,0,12.89699875249202,0.1,0.2012594565849169,0.05501933381892613,-0.03197362246871051,0.040760477927425376
499,STOCK_0500,Consumer Discretionary,0,107.36343034710795,0.27303626687802807,0.12768374810929828,0.06366013285503547,0.032127262562995786,-0.03286844223748975
500,STOCK_0501,Information Technology,0,5.623909180946773,0.45981393790625336,0.29602927051807154,0.06147836992947803,0.05202232628178429,-0.012447588910926111
501,STOCK_0502,Manufacturing,1,52.55327395589441,0.10869434431901995,0.3046043802109558,0.09927347379241216,0.17545740813269634,-0.24415159075062728
502,STOCK_0503,Real Estate,0,95.07920640497855,0.5660757174101867,0.12405688300313654,0.10156499065318582,0.037913532464350044,0.11721384263015129
503,STOCK_0504,Consumer Discretionary,1,44.96082905019581,0.5013938879201222,0.6286502895506731,0.1693298511963348,0.22148665885179755,0.13371191345332906
504,STOCK_0505,Manufacturing,0,5.286570066237446,0.7657450668491195,0.3948111486895253,0.2070195548840717,-0.09626784376858859,0.11090337191343305
505,STOCK_0506,Information Technology,0,19.050073337854666,0.5550753713257321,0.38631565533084444,0.08055476101597897,0.1663142918856988,0.12900634857906992
506,STOCK_0507,Energy & Materials,0,11.840047290936356,0.6104180629537425,0.6582363826972707,0.13977263558764902,0.1265953413307874,0.004602184476271669
507,STOCK_0508,Information Technology,0,59.549862740670434,0.6713128566832285,0.3339385075814283,0.07516852319016638,0.11134888076868665,0.22681509288320076
508,STOCK_0509,Consumer Discretionary,0,21.024157512383546,0.5065708633015399,0.20849216131419956,0.10581324581399992,0.10935974688559491,-0.13813384237592416
509,STOCK_0510,Others,1,1236.4203757030573,0.5339167055662548,0.44038587198981305,0.0822436617829851,0.09696751385056637,0.09675579964731089
510,STOCK_0511,Manufacturing,0,361.863451297847,0.333596196738836,0.721019392765669,0.017887538426543864,-0.02722131078364545,0.2592249080935999
511,STOCK_0512,Manufacturing,0,2.3441400528870795,0.5881777930248087,0.10709921568402207,0.07960093978241478,0.05522201313861728,0.0881700507063783
512,STOCK_0513,Energy & Materials,0,92.07607276209191,0.39532847312600256,0.22855502392088572,0.11525866609548589,0.00490239191545043,0.026210603626296958
513,STOCK_0514,Manufacturing,0,0.9345898679682993,0.6060677420550378,0.14529447559848124,0.10053372927099004,-0.005451545073604052,0.12858195955387708
514,STOCK_0515,Manufacturing,0,18.355450371775287,0.2781421939638306,0.23952428025429076,0.00022163768888861348,0.032076862037451255,0.32949978025125254
515,STOCK_0516,Financial Services,0,7.633436028113615,0.578146932523792,0.4577036794527953,0.1342413870078054,0.07639302160035277,0.3325133444362657
516,STOCK_0517,Others,0,4.933572359288388,0.5972011101285083,0.2886150688218331,0.0005655934811205116,0.062400837342244865,-0.0786094211011598
517,STOCK_0518,Information Technology,0,59.064197895189515,0.3355460950887823,0.441243124946138,0.07576447835685733,0.1948844934348813,0.1765405054397275
518,STOCK_0519,Manufacturing,0,12.435742254823614,0.29520065768047776,0.19759864117006654,0.09054075389795954,-0.020435031784856797,-0.04427240371153086
519,STOCK_0520,Financial Services,1,101.0063400870124,0.18076313572257266,0.22853852600331678,0.12680512175984757,0.029612011422515194,-0.06357553044617313
520,STOCK_0521,Others,1,296.51598604747284,0.5558582729098283,0.2750218719750437,0.06032268400634063,0.2058033439658207,0.27431402430551555
521,STOCK_0522,Others,0,284.70811683985556,0.5744709597845172,0.1884552053627798,0.12917409477725955,0.16546187017222275,0.22295710668087568
522,STOCK_0523,Information Technology,0,15.662848534790982,0.5464171676489565,0.19726421181951584,0.08974647869054891,0.16919557112251024,0.13645246158634933
523,STOCK_0524,Manufacturing,1,167.84206794925137,0.33404400216187613,0.420741334661066,0.004669358542830309,0.039894827664162635,-0.07832833581474412
524,STOCK_0525,Utilities,0,7.909565478421463,0.49088578364687496,0.2543042594625293,0.004695557746991212,0.1476893863038178,0.13380214208503477
525,STOCK_0526,Healthcare,1,169.87700649448917,0.1788418362118075,0.8600965019960729,0.17057484409358836,0.11743620046690291,0.06502870535828813
526,STOCK_0527,Information Technology,0,6.389700396119839,0.5602820624698698,0.44348178856826675,0.061577506231698616,0.21615453356316344,0.06131826639481077
527,STOCK_0528,Manufacturing,0,92.45071728734095,0.1927605589384565,0.655396062531934,0.0451085355873051,0.10398389965597041,0.26988419251067386
528,STOCK_0529,Energy & Materials,0,21.689132629045293,0.5501322296252135,0.1,0.055766637063328,0.08994930714261277,-0.1357225335649424
529,STOCK_0530,Manufacturing,0,9.429955824150046,0.1,0.24302791596633022,0.07558742686343564,0.2793629308767447,0.3350844819036563
530,STOCK_0531,Consumer Discretionary,0,101.89306034603666,0.2752381516428005,0.16362179941338523,0.058846969948711025,0.027840196193668548,0.07636244555247478
531,STOCK_0532,Manufacturing,1,88.6255549811643,0.4360013566736427,0.5033436527712862,0.014937368780395104,0.3152977377977531,0.12556901695965778
532,STOCK_0533,Others,0,1472.7572805224688,0.2636499792619198,0.25612724260200287,0.08153375880353546,0.13211259124998218,0.01609718115370851
533,STOCK_0534,Consumer Staples,0,9.595083579369952,0.655979728753357,0.7072666612413344,0.07772490723098567,0.07787558934906383,-0.13835211520249432
534,STOCK_0535,Utilities,1,6.557285039213291,0.42892774438987846,0.3100474010938066,0.1645917418762292,0.24361901702109487,-0.18011057339168132
535,STOCK_0536,Manufacturing,0,1.8925556077965429,0.17031262544619538,0.39170948135691375,0.05942543793893598,0.16331552795117896,-0.10168587917273803
536,STOCK_0537,Healthcare,0,12.666649423485822,0.21267774375785592,0.2931387563311164,0.05358929925751088,0.06317340078280867,0.1188346013331849
537,STOCK_0538,Information Technology,1,4.172615146394114,0.6294604578927081,0.17993078350881436,0.05522539277410519,-0.1478040477190075,-0.0014133859546226707
538,STOCK_0539,Consumer Discretionary,1,70.20727905656075,0.14412124538692445,0.1406277426216042,0.07326000739532604,-0.015676960670180734,0.016951172131350174
539,STOCK_0540,Consumer Staples,0,185.9970056727521,0.38481124584966336,0.6217119229428879,0.1303928448727457,-0.029381884130822006,-0.03574548621463257
540,STOCK_0541,Others,0,23.036334102028757,0.7643656374379322,0.2487528998212061,0.11454626460650043,0.12143756057750961,0.060594192138688135
541,STOCK_0542,Energy & Materials,1,20.456473373888922,0.4978432987948975,0.343631746095282,0.056014663022108835,0.11757978706196635,0.03194495566879187
542,STOCK_0543,Manufacturing,0,621.4570464753194,0.5195432582009076,0.2838448097204688,0.0441047553545394,0.25673657234823705,0.35085490511969686
543,STOCK_0544,Real Estate,1,178.4816280527969,0.5937474421291034,0.2614395225153577,0.05501822984437585,0.11510164998384183,0.2092935599283047
544,STOCK_0545,Consumer Discretionary,1,20.866288331113683,0.11299501073024946,0.2667040195199417,0.04243722031526632,0.13111542477632124,0.035930467227443315
545,STOCK_0546,Others,1,109.55532230557259,0.30878290152568866,0.265507021839614,0.10189118831217862,0.14604366522576576,0.3965881913254575
546,STOCK_0547,Utilities,0,0.5549078166544968,0.2579630381912626,0.19119082945798285,0.07719926640831644,0.14024067893422335,-0.03174023688042962
547,STOCK_0548,Consumer Discretionary,0,15.474239577509051,0.22957666000172708,0.42838315888623113,0.07002781420559724,0.15484703333534713,0.11292504647289295
548,STOCK_0549,Others,0,65.63981764620866,0.1,0.1,0.09642164952907746,0.20457433036915462,-0.007350543055729961
549,STOCK_0550,Healthcare,0,90.96315628677458,0.42931032460667773,0.20745197484465253,0.00233583737365101,0.17327590702672524,0.04019942207185916
550,STOCK_0551,Energy & Materials,0,10.152006218238323,0.35776513031792184,0.32036137086695565,0.033292289647522906,0.23847090325226658,-0.16676807189534038
551,STOCK_0552,Manufacturing,0,73.88102348258501,0.1,0.5020576636285047,0.01595296000003262,0.037838752941737726,0.05023491918670438
552,STOCK_0553,Energy & Materials,0,1967.3112299789725,0.28338155056887215,0.1,0.08876225970162804,-0.03452991817415003,0.2244814193962821
553,STOCK_0554,Manufacturing,1,2.4253216618228053,0.13870070301676268,0.18640923399882142,0.10370211557561032,0.17568523336616393,-0.009738926162375667
554,STOCK_0555,Financial Services,1,28.181980234784156,0.6280777901062836,0.41080574371276557,0.05188971518898681,0.12461577777326273,0.16862508613157454
555,STOCK_0556,Others,1,3.475206829147146,0.34884602358834954,0.33184168692557076,-0.0025959091595893565,0.1008854542834303,-0.015220413503771065
556,STOCK_0557,Manufacturing,1,50.07493965016148,0.15792831228057758,0.3832308847979786,0.049801005669638805,0.031881299441843425,-0.24520225090420084
557,STOCK_0558,Consumer Discretionary,0,19.222774529175524,0.5017438343913793,0.1,0.08620209038860108,0.2717511324932056,0.0015479036550666648
558,STOCK_0559,Manufacturing,1,139.20966420917756,0.8575866975677106,0.16832189389506405,0.05163180971964467,0.1709336122956666,0.09023701712993885
559,STOCK_0560,Healthcare,0,38.40889861513737,0.1,0.6149163176186596,0.07548964124960822,0.1595699711659429,0.2962423048961458
560,STOCK_0561,Others,0,103.35828019996684,0.2237519724745406,0.48142631645208356,0.01112118099676666,0.25601079283199496,0.3209497877955676
561,STOCK_0562,Information Technology,0,37.634685169990824,0.2975637293217481,0.11400022638090145,0.1619651941684548,0.2062975240642412,0.18129941482459308
562,STOCK_0563,Consumer Discretionary,1,37.12146976935966,0.4748025946203978,0.2998367253592978,0.07059485622274743,0.09178520808035347,-0.033110061990383494
563,STOCK_0564,Consumer Staples,0,11.679413801317583,0.39380163190104694,0.3382496237559755,0.10183662777824176,0.15209657307863964,0.09671254900271609
564,STOCK_0565,Others,1,26.579418827857076,0.4808786343709981,0.45968966876039175,0.13096716336243425,0.17222732274569258,0.18504560952055377
565,STOCK_0566,Others,0,42.68587662086571,0.3336301090491296,0.2020022664963187,0.07193823726603653,0.1766033880747335,0.021256700502732248
566,STOCK_0567,Consumer Discretionary,0,121.87706917362554,0.695044714747222,0.36298590143164183,0.13448935071020834,0.20580165713418172,0.04959324495895062
567,STOCK_0568,Others,0,565.6738384708204,0.1600383239772582,0.1,0.022632924183933537,0.05848467000848619,0.13432480037102712
568,STOCK_0569,Manufacturing,0,13.53251039226669,0.6734688862592372,0.26530747433675045,0.029609883420074774,0.030650722245364394,0.37295631263270274
569,STOCK_0570,Information Technology,1,75.47742883500875,0.2742650401152874,0.38036219715405095,0.11511382137757892,0.23763458424100303,0.005415931573661544
570,STOCK_0571,Manufacturing,0,205.04324137916336,0.6978728270550775,0.10893380156837407,0.08174312076645827,0.18812728367145579,-0.07645206589687131
571,STOCK_0572,Manufacturing,0,9.648009165421616,0.10256236961752868,0.1,0.016488408048622675,0.1444907642482204,0.02534106947386524
572,STOCK_0573,Energy & Materials,0,10.596147306206348,0.4158353154631793,0.5029688132373192,0.15492336620685207,0.13670828340274654,0.06873190906275847
573,STOCK_0574,Financial Services,0,67.06917129370036,0.6327173597589267,0.3164685946621758,0.06289267184382698,0.09471336311016212,0.10715080246971456
574,STOCK_0575,Utilities,1,340.24214706450283,0.49887560536611597,0.13613265409101075,0.10976138859171011,0.06958857358861226,0.1461062896326045
575,STOCK_0576,Manufacturing,1,42.12615991869169,0.23772965145661834,0.21628615350661692,-0.0057559977347347935,0.20417689247656468,0.07461511654459545
576,STOCK_0577,Others,0,1025.7568315158392,0.1294113793597139,0.5180273853605459,0.10568175169325761,-0.021327897553115944,-0.06975144645162637
577,STOCK_0578,Information Technology,0,15.240862461071808,0.12785665624150733,0.3579251927525393,0.08795885579612905,0.06434247004263313,0.09016851880522889
578,STOCK_0579,Healthcare,1,3.7906491417274513,0.5435567903199853,0.13528175777737814,0.10004115818676428,0.15263977017998107,0.14917891904519417
579,STOCK_0580,Financial Services,0,8.335800833104322,0.7092202798571944,0.12094438485985363,0.056672251558654005,-0.06605053422730785,-0.08503222889460273
580,STOCK_0581,Real Estate,0,194.87234542015062,0.1698018533097903,0.291924053057999,0.14444400010259223,0.031153011304796554,0.26482844706092823
581,STOCK_0582,Others,1,45.62915960681812,0.27845473658735537,0.4021282413525087,0.0619861576561512,0.1698025075149755,0.1840415190697794
582,STOCK_0583,Consumer Staples,1,5.142069577757682,0.8058583927169022,0.56169021842612,0.10787519105169187,0.11292800665647411,0.07308621567309145
583,STOCK_0584,Consumer Discretionary,0,3.5249064466264417,0.2707979294907058,0.1,0.03990689115809592,0.124886893807865,0.1985797523946262
584,STOCK_0585,Manufacturing,0,304.68876265370073,0.22745113514740908,0.34063712443762273,0.12887726009271577,0.11213309262460007,0.03209884585618554
585,STOCK_0586,Utilities,0,80.12086082119184,0.8015977235500102,0.1,-0.02246028851619209,0.08941982019424999,0.0550514545759125
586,STOCK_0587,Others,0,15.24048717005542,0.43449197790364835,0.5402533205259198,0.09041911562598105,0.08260911397636307,-0.2794720186132716
587,STOCK_0588,Real Estate,0,86.13683896937772,0.2629809755648198,0.291774475570119,0.043754798408760336,0.0483563292226155,-0.11138929042308944
588,STOCK_0589,Manufacturing,1,62.49058992267947,0.23479559598977115,0.2010584742663161,0.005523432330985139,0.06817231612751248,0.05362738161857692
589,STOCK_0590,Real Estate,0,0.9641216098178774,0.344598879488038,0.3190474189920918,0.007310072462686372,0.11743779446730841,0.19353907972008014
590,STOCK_0591,Manufacturing,1,242.66915826743082,0.35021804802894213,0.4427743952395759,0.046303931116847934,0.23470675913281253,0.20273360665957496
591,STOCK_0592,Others,0,2.6110471917198432,0.22711679006784047,0.1,0.07779972275290871,0.09275903642310583,0.057852083592634045
592,STOCK_0593,Healthcare,0,17.70306679326727,0.4801980411763975,0.5180114294585549,0.05528471993568226,0.06666971074570838,0.07631750457809487
593,STOCK_0594,Energy & Materials,1,4.939524356078946,0.6713717891348613,0.24873808515783147,0.11559787333586326,0.04247591587699335,0.0250074025264096
594,STOCK_0595,Consumer Discretionary,0,302.9594652442546,0.5093992405969971,0.34510133936618914,0.09093823683923855,0.22377993601488427,-0.204814304628856
595,STOCK_0596,Financial Services,0,17.99038008948025,0.3907190236156983,0.25670463739155636,0.11142997465151896,0.19145506777658014,0.15628411842879572
596,STOCK_0597,Real Estate,0,32.913757923181436,0.6103508664377382,0.30947688077778773,0.002695383984816384,0.06389683433667602,-0.07137222369694396
597,STOCK_0598,Manufacturing,1,35.97392634498861,0.722397147849629,0.4670924100155501,0.05359694434871313,0.15277482749972396,-0.02954903826313983
598,STOCK_0599,Information Technology,1,125.58790573735078,0.7815914119266298,0.5051452071875473,0.10731658530008757,0.24607006476015755,0.05283011244228153
599,STOCK_0600,Manufacturing,0,54.54788797937096,0.11205501596250696,0.42326070502252183,0.14810324784637388,0.09084366920408467,0.3902086068431902
600,STOCK_0601,Others,0,1.5019028080275294,0.1,0.21593485298186443,0.08054665066215948,0.001484241627776701,0.008300807105697241
601,STOCK_0602,Financial Services,0,33.73539701691438,0.49629244605472433,0.2354897748023317,0.1140519798022261,0.18608878693550962,-0.09024327982355967
602,STOCK_0603,Utilities,0,37.72939704468876,0.31609220313950803,0.6387251188917307,0.078583007731677,0.006282825027477952,0.04177204826996429
603,STOCK_0604,Healthcare,1,442.9633850164836,0.1,0.600550278768257,0.04816024492252215,0.14784854517717685,0.2259280257185822
604,STOCK_0605,Real Estate,0,21.234478434212658,0.26501369417114556,0.5454346240578956,0.11441934653564048,0.12590907475287041,0.2390379803214393
605,STOCK_0606,Others,1,6.650766731946412,0.408095361892577,0.1480538093118901,0.013819230075548021,0.10715523123985621,-0.02329291539015544
606,STOCK_0607,Consumer Discretionary,0,387.1780927315573,0.1,0.22414918402968134,0.030709475176226353,0.16791970733474113,0.18800234660102197
607,STOCK_0608,Consumer Discretionary,0,140.29591744466074,0.7342969520697066,0.14266101057651753,0.06291766521758019,0.1713557703554961,0.019459859345416646
608,STOCK_0609,Manufacturing,0,95.12941448798864,0.674766694804018,0.15066358183922243,0.19556295024714396,0.06794747029310441,0.011002865521708293
609,STOCK_0610,Information Technology,1,85.26842004427925,0.6937360037935792,0.48143614868500073,-0.007892172469965505,0.28433550730048557,0.08217311085547904
610,STOCK_0611,Information Technology,0,16.637925072612965,0.1395639080647409,0.5145657632569861,0.21568098887644988,0.34593763411161627,0.006869041723681759
611,STOCK_0612,Consumer Discretionary,0,13.830938441369915,0.46982034292055025,0.2936803961348274,0.14505078313273548,0.16676192414699478,0.019779129113735514
612,STOCK_0613,Others,0,5.521889060679149,0.2228095834244437,0.48483521797746565,0.08798302827739625,0.012790008347617132,-0.01285181168625705
613,STOCK_0614,Real Estate,0,59.33672158718805,0.1,0.3367312113313589,0.08816430265400663,0.09296977796209545,0.0603347433243603
614,STOCK_0615,Manufacturing,0,21.933921731129026,0.26393546890951636,0.34919088325478376,0.11712221193234781,0.09454731987056568,0.15010995227183874
615,STOCK_0616,Energy & Materials,0,53.01552389510083,0.27562922200118845,0.26987551901670365,0.07551680392301831,-0.05748559727608797,0.4228166668970195
616,STOCK_0617,Information Technology,1,2.5788190669133835,0.4234615166874745,0.1441021189666121,0.1358067144369061,0.19806586698308506,0.0613286555503343
617,STOCK_0618,Others,1,5.942791709541531,0.6867345599641713,0.19960595544894846,0.09620886542984979,0.11670014968166376,0.38386817319049377
618,STOCK_0619,Manufacturing,0,12.862451348478292,0.7424133934067455,0.14697677896191821,0.09561936217058224,0.24779178345772984,0.156703470492635
619,STOCK_0620,Manufacturing,0,37.332822354864895,0.2850179635815887,0.30570848167037973,0.08664087667081327,0.11417138489271558,0.34339181932559937
620,STOCK_0621,Manufacturing,0,47.33533038187218,0.18648959533929732,0.2220848437167774,0.14650796776773642,0.2511168422079867,0.19620339938042872
621,STOCK_0622,Others,0,11.45974755611462,0.5974232132173948,0.4583800499647827,0.07710862458470544,0.22222853240244111,0.14557309962953602
622,STOCK_0623,Consumer Staples,0,20.712663788263196,0.684363979991433,0.24669246278923987,0.05793206042425741,0.2896794852676087,0.20667713469814972
623,STOCK_0624,Information Technology,0,2.1858745357316365,0.11924880084695075,0.2056237542260895,0.17628130637309722,0.031739943562372815,0.19713893171911842
624,STOCK_0625,Information Technology,0,188.78385643802514,0.8085863967455192,0.24799776013825764,0.06697902334237306,0.1496478731184169,0.08653287591450123
625,STOCK_0626,Consumer Staples,0,55.91531666635979,0.6889339040631404,0.1676511149139058,0.09125289426289696,0.1248930054280732,-0.05685786064600356
626,STOCK_0627,Energy & Materials,1,29.613857545769882,0.3175261290447292,0.4456553043016368,0.1705151305002081,0.15194155260913406,-0.029615744620881942
627,STOCK_0628,Financial Services,0,77.46048180852176,0.5969452710807196,0.4323809144820394,0.09765030902732476,-0.01809878272096534,0.04094446456874363
628,STOCK_0629,Real Estate,0,3.5722751406425775,0.5234739433622138,0.42723077730930437,0.13747046468331234,0.21795114294423232,0.054466657039664385
629,STOCK_0630,Information Technology,0,13.784674829518735,0.1,0.6357621733048404,-0.01634681441227772,0.0014586221936410057,0.15957620418831991
630,STOCK_0631,Utilities,0,24.701493207359867,0.5075690498218972,0.4054075545897959,0.07088015063087216,0.28198951523966775,-0.0037403684606285657
631,STOCK_0632,Utilities,1,40.76516125465859,0.32384745939777165,0.3709886436369678,0.08501448612535194,0.10288356566499603,-0.21185380596406797
632,STOCK_0633,Manufacturing,1,2569.2970597923268,0.6608194821158658,0.4088310510942475,0.09942114471564324,0.17457768647302635,-0.06404708993754377
633,STOCK_0634,Consumer Discretionary,0,42.15449435060194,0.1816380552545809,0.10582028759466634,0.05455117358046482,-0.10360696527535361,0.06580534421363447
634,STOCK_0635,Healthcare,0,107.99377930910921,0.22698441415149562,0.16599399979432441,0.13806038358790143,0.08507471588562672,0.24949267535530564
635,STOCK_0636,Energy & Materials,0,2.7298302835990302,0.2726873347331992,0.1,0.11410390978701135,0.17234991675148942,-0.09190620249924474
636,STOCK_0637,Utilities,1,179.6769660833749,0.3635352588876831,0.6013195842318034,0.08183099631791114,0.2548874523471195,0.06591908706961569
637,STOCK_0638,Healthcare,0,908.6845279650233,0.30817844676961126,0.2550784322319104,0.10013222557320611,0.08205184840885031,-0.0424849564166532
638,STOCK_0639,Financial Services,1,151.13571686376207,0.35917257727965324,0.12,0.13497345405170286,0.06595550725225688,-0.011104730386962958
639,STOCK_0640,Utilities,0,130.6321319876007,0.305160412182562,0.4067976444095466,-0.07583264237299457,0.12415936257397156,0.2556099695023255
640,STOCK_0641,Consumer Staples,1,10.326778403019075,0.12609555428942126,0.12,0.11581654921441405,0.391850185413032,0.1282599230302136
641,STOCK_0642,Others,0,34.341700162907436,0.49854628173638715,0.35337540101836956,0.045271652731811496,0.10486478549799359,0.04704932126299097
642,STOCK_0643,Healthcare,0,116.13185271676883,0.17642460643181013,0.3215150819062752,0.02977455845335882,0.3167897588023504,0.1772245859190948
643,STOCK_0644,Financial Services,0,9.05730946211293,0.8047361899376291,0.1,0.061804421808626074,0.06931283876049497,-0.22593549301340707
644,STOCK_0645,Consumer Discretionary,0,110.76380885774347,0.6666097770408259,0.7697158596261303,0.004639571707188243,0.062274473412797654,0.08082840486463203
645,STOCK_0646,Others,0,115.26666848977189,0.5036104503441388,0.1698547058315872,0.03717716738771194,0.13936565362303738,-0.06764626210223473
646,STOCK_0647,Consumer Discretionary,1,37.48251556841274,0.5944031473058878,0.29756936425229297,-0.013496364752404141,0.125263091891917,0.3094397170784756
647,STOCK_0648,Manufacturing,1,39.06994018890518,0.247469416240126,0.23484595558036395,0.14118034417288133,0.04237829392734092,-0.1429298833446058
648,STOCK_0649,Others,1,62.09317380788251,0.3551061606337722,0.43063210637704896,0.06895498745394466,0.08988619563294437,0.10741018045949267
649,STOCK_0650,Consumer Staples,0,3.452716351209957,0.23290834988779793,0.7020292977002541,0.07408291880630892,0.17241869028110085,0.09854961683787457
650,STOCK_0651,Information Technology,0,123.50990189940646,0.43175807873640093,0.576525771669104,-3.129215916895689e-05,0.10525687985338304,0.029124021011798406
651,STOCK_0652,Real Estate,0,111.55149191802987,0.29942270159994683,0.15073793352665726,0.13947091422317381,0.07285970153639458,-0.1280102577442528
652,STOCK_0653,Real Estate,1,526.7285271960567,0.26128473214839437,0.12,0.08910530160286634,0.13870920808073975,0.23474863238458846
653,STOCK_0654,Information Technology,1,377.6655165365113,0.1,0.8691417555233911,0.12085183431295957,0.03862305136798727,-0.035910905381178186
654,STOCK_0655,Manufacturing,0,13.128049161123556,0.4172270465402245,0.44949706659819383,0.0582983868115494,0.25283414827946776,-4.219068044023277e-05
655,STOCK_0656,Manufacturing,1,3.165021635929021,0.6753009428164886,0.37530650888670763,0.16808351160684387,0.10629733404286502,-0.11168839130096642
656,STOCK_0657,Information Technology,0,16.39093755368782,0.4945048075446278,0.3967743322817958,0.11893136823210788,0.030219601696567823,0.06790236814651229
657,STOCK_0658,Others,1,4.68900038439987,0.2425271201308448,0.12,0.0005476057193331813,0.2234542468422578,0.15744141601478429
658,STOCK_0659,Healthcare,0,11.899323385993346,0.3582931143467608,0.4951312514809156,0.13415253277767913,0.27301505074854365,-0.138726867139911
659,STOCK_0660,Energy & Materials,1,92.86140332496939,0.3034161597567326,0.3501838905640911,0.04334985404438171,0.16283669979277068,0.24135152983514957
660,STOCK_0661,Energy & Materials,0,1419.6609550471665,0.3880466874325862,0.4401585421890969,0.1129670497534556,0.12024480933908582,0.14769344287301112
661,STOCK_0662,Others,1,25.97185182360768,0.28337604679761774,0.2220345220572411,0.07111864811883506,-0.019580831008424126,-0.09829862378886893
662,STOCK_0663,Consumer Staples,0,150.74187996707576,0.33729083831569556,0.10398292180034516,0.1369635699598551,0.17108346538140792,0.3146435669564011
663,STOCK_0664,Others,1,30.700818495537135,0.11919656452461551,0.3623862533092265,0.08695207385566932,0.01367938902212413,-0.05134920193148577
664,STOCK_0665,Healthcare,1,204.35793464434295,0.274286213138867,0.3848095915169884,0.06036246908014602,0.19424125273213494,0.09127379558633711
665,STOCK_0666,Others,0,0.9687735547351065,0.49582966111368243,0.3726605477501752,0.06545674149046626,0.10841065958831245,0.12087361300107213
666,STOCK_0667,Manufacturing,0,1.123347428628428,0.30159732724375315,0.5855278225342417,-0.012153340743014282,0.06403193530381089,0.02859365800321301
667,STOCK_0668,Information Technology,0,604.1312879805861,0.3004921687317412,0.1143948987735138,0.0010479944441035545,0.08926546674344195,-0.054320017277114684
668,STOCK_0669,Healthcare,0,83.08783630764098,0.6887672122352311,0.1,0.20317784660661298,0.11128748038893344,0.20266744609534781
669,STOCK_0670,Energy & Materials,0,7.528876366762597,0.5561036427764705,0.12858227927008523,0.08245989689053813,0.10456368083201867,-0.13050101516863302
670,STOCK_0671,Real Estate,0,169.00872025979982,0.28996231937079686,0.12374689549003934,0.06585118615096253,0.2042215151689268,0.13576659181246112
671,STOCK_0672,Utilities,0,486.4912960675125,0.10311761879817634,0.26604850157105914,0.01805924909378587,0.182416137694886,-0.11613034435802198
672,STOCK_0673,Consumer Discretionary,0,36.68922792366926,0.2137006516707413,0.5353724672536765,0.031012862199517682,0.15079731328381074,0.1797850009665885
673,STOCK_0674,Consumer Discretionary,0,29.92906740478717,0.49441880514207814,0.1504146610264214,0.20369793902083583,-0.01498232637129349,0.18468166547996337
674,STOCK_0675,Manufacturing,1,183.60726691320093,0.41453732842591556,0.4646993651724674,0.07199788991346565,0.1740696481784225,0.07051873986972663
675,STOCK_0676,Manufacturing,1,62.83129997657554,0.1,0.22038141283701904,0.11241263281629346,0.004543936497136471,0.155728049827286
676,STOCK_0677,Others,1,679.8905166104536,0.644863495943863,0.7855442695979916,-0.0053031540299050516,0.2086176876785959,0.14499032225890882
677,STOCK_0678,Others,0,87.04852747013706,0.28978933303977306,0.3758968404899572,-0.024978582129015457,0.15305179807620978,0.025018725269040903
678,STOCK_0679,Real Estate,0,51.379705783460395,0.11533224621946021,0.3070644122648713,0.0029794468024826144,0.059892362431730364,0.28801376114866517
679,STOCK_0680,Others,0,718.2878650154819,0.3028403076151015,0.1,0.1185416980561782,0.1695266535510408,0.0036736529040750747
680,STOCK_0681,Consumer Staples,0,15.70570905706762,0.7616900056389057,0.1719761105476035,-0.008685956229462152,0.12419659095115551,0.17697429611325743
681,STOCK_0682,Consumer Discretionary,0,10.154617875739401,0.3914838097794148,0.3011647097327462,0.10645851834723663,0.21468392820652837,-0.11469950227685921
682,STOCK_0683,Energy & Materials,0,85.11820607660022,0.3824212896237163,0.7461493459030947,0.14597108939074363,0.07887289565056817,0.19464836574746153
683,STOCK_0684,Others,0,217.95664331229784,0.4519170312787699,0.2525075377577232,0.08277056279928831,0.050649233209322665,0.05554668145710323
684,STOCK_0685,Utilities,1,61.67294805235247,0.2968152063858504,0.6612131880013494,0.12744741114035482,0.03348692954085702,0.11037708970801036
685,STOCK_0686,Manufacturing,0,18.6486503936549,0.29060876832929394,0.1,0.0017511814249951446,0.06346647167414876,0.16793992464373372
686,STOCK_0687,Manufacturing,0,63.612964405988876,0.30194389224009727,0.1,0.07513981648701103,0.1366288400853664,0.07988965080391512
687,STOCK_0688,Information Technology,0,51.61951819297276,0.24652947318293683,0.33945433742808123,0.10360057157314406,0.2046368571071034,0.07227665017943082
688,STOCK_0689,Information Technology,0,66.35056428082662,0.5448290863195703,0.35225854072933727,0.010697572970721363,0.2590387988098816,0.12434519228227756
689,STOCK_0690,Others,1,82.56636147618532,0.2613336161558849,0.19868935545461686,0.0027863339451222363,0.16242743213364638,0.10567383025202172
690,STOCK_0691,Consumer Discretionary,0,27.80297363655763,0.40413166903399306,0.2250252708191448,0.03111088776601272,0.16518210114513204,0.16267292003294942
691,STOCK_0692,Financial Services,0,23.699678392217795,0.5573774448580664,0.1,-0.014366847571754224,0.03298010597170655,0.04141614551471986
692,STOCK_0693,Consumer Discretionary,0,4.362583361295288,0.27516769663056445,0.11686336359744448,0.10470200096062002,0.2282353638216559,-0.25351777607548576
693,STOCK_0694,Others,0,12.40594372272161,0.10467792617214569,0.37820247069364077,0.042465950647417226,0.16115017092910855,-0.2119947108549451
694,STOCK_0695,Manufacturing,1,129.1588274432118,0.2748669394684309,0.18652091573118088,0.0663489391292036,0.09596440498150681,0.015052083650278096
695,STOCK_0696,Manufacturing,0,151.42688428090827,0.536576593149409,0.26307109547191165,0.15612194548782726,0.08647321184103392,-0.1403353529552168
696,STOCK_0697,Consumer Discretionary,0,12.13884661421303,0.6154815539708057,0.5461803758820248,0.0633422833961352,0.012541868164134525,0.14788676359174607
697,STOCK_0698,Consumer Discretionary,0,280.64155370921844,0.27570209194620005,0.24593664045923852,0.1446650054553114,0.16028342053734104,0.1853374164509591
698,STOCK_0699,Consumer Discretionary,0,10.276924792874617,0.16444647878598534,0.47271747266386177,0.08991480168572268,0.33503809950459285,-0.08176632991695297
699,STOCK_0700,Information Technology,0,22.696922486305784,0.49330086965191905,0.5451878510379475,0.14356667197925493,0.12923627724982945,-0.05709815997839606
700,STOCK_0701,Consumer Discretionary,0,22.302942484996986,0.15049745740836887,0.481492146424179,0.04546957292583383,0.19749960870329963,-0.16563700065672315
701,STOCK_0702,Information Technology,0,47.837902288789905,0.3392448822929493,0.21791828022495258,0.0714612083898961,0.048507719176351424,0.14916684060061713
702,STOCK_0703,Others,0,21.660795748376522,0.5377102921728918,0.1,0.16755677987072218,0.07380782462164491,0.12192320590997183
703,STOCK_0704,Consumer Discretionary,0,5.537010103686713,0.30186799372319145,0.1,0.15134837022052053,0.07667472987112917,0.1665447867931552
704,STOCK_0705,Financial Services,0,31.745392438848206,0.2545483747860246,0.1473834413528037,0.11718579101999063,0.2173157909821664,0.08332674056453412
705,STOCK_0706,Others,0,4.981359617853126,0.1,0.4827583797627467,0.15276213204102324,0.180718535636809,0.12721175115193376
706,STOCK_0707,Consumer Discretionary,0,329.8277583748153,0.4304183916693998,0.47947506466770634,0.03181197008122415,0.12114297695071911,0.19664166057592122
707,STOCK_0708,Energy & Materials,1,43.847050370575545,0.5616164531834362,0.3955551224651292,0.1348058967704592,0.13574651191215442,0.03980702178408715
708,STOCK_0709,Utilities,0,39.32878965302865,0.5464293430228359,0.13417164578335877,0.03772839080975124,0.1107704297431338,0.20095612379183866
709,STOCK_0710,Manufacturing,0,11.378175174687247,0.3508915948067399,0.36093927388935176,0.033710767036818926,0.2613647659566161,0.014476836075234652
710,STOCK_0711,Others,0,659.5233812870351,0.5687657445162781,0.25154649747577906,0.05596117192476982,0.21599841743583556,-0.030203222560646288
711,STOCK_0712,Manufacturing,0,191.11530228524214,0.5599176224620831,0.11384706839470393,0.0880115182306703,0.030790205399303716,0.02217998834983796
712,STOCK_0713,Manufacturing,0,27.206879036750742,0.1,0.25825528907671497,0.152874214891585,-0.0019086909957923906,0.008272537139018937
713,STOCK_0714,Information Technology,1,1635.8066626071095,0.20253455676835075,0.3510313482166684,0.055112818728858266,0.2090218014252044,-0.05131261423841652
714,STOCK_0715,Manufacturing,1,61.287590280878064,0.4604385697286584,0.19155508215866604,0.11261141000583474,0.21652285787634418,0.10035790395235607
715,STOCK_0716,Consumer Discretionary,0,8.582795344696688,0.4145624042255481,0.15575661836575327,0.056672577689750446,-0.021444537533951785,0.06293187671972726
716,STOCK_0717,Others,0,36.721381943882896,0.5855168494716352,0.41633509366027566,0.09231409064862492,0.18255540283615346,0.0501884649606909
717,STOCK_0718,Others,0,32.45145022162108,0.30154357248412594,0.13921084963996624,0.09470837690008012,0.055478413403475084,0.3115800764949144
718,STOCK_0719,Manufacturing,0,45.99843360327093,0.4065653762137152,0.11447658868661935,0.17137209705568976,0.16888567240884567,-0.054969964652968176
719,STOCK_0720,Manufacturing,0,8.168794671588227,0.9131068574564369,0.1,0.1254616971091485,0.06788459601090549,-0.22000508802059127
720,STOCK_0721,Financial Services,1,26.273684767165143,0.44283256256428444,0.18447005818984907,0.012999113603822393,0.1542682331017159,0.11877430615741524
721,STOCK_0722,Others,0,12.07828996756986,0.5127997002216697,0.1,0.05886709856914391,0.13039985806412763,-0.09945544092805772
722,STOCK_0723,Utilities,1,110.71794465944225,0.1,0.795941859820288,0.17321351839428362,0.20625003166358175,0.047067435298882083
723,STOCK_0724,Manufacturing,0,21.602647696656767,0.17299872572101307,0.21715216948570634,0.048327818261456,0.004358548180374122,0.11428714060957898
724,STOCK_0725,Consumer Discretionary,0,46.42808624084195,0.4097240188080316,0.34902851779977884,0.051324298973978576,0.12262189100446251,0.06318339762513876
725,STOCK_0726,Healthcare,0,269.1153952113515,0.33970091957995835,0.35816938022098216,0.12830856529738274,0.16873910647118023,0.010220270726703125
726,STOCK_0727,Others,1,10.964607952862,0.2712317261561479,0.2128143134755693,0.07150900139114005,0.11766618406187515,0.08089794460943397
727,STOCK_0728,Real Estate,0,20.39697052170641,0.6077012464899739,0.47432413314047017,0.057732610250172456,-0.045189222214691335,0.24327070274650522
728,STOCK_0729,Consumer Discretionary,0,33.004464008036784,0.232047906663781,0.13415679004550946,0.045492958122555265,0.11042728780214799,0.2871421103580725
729,STOCK_0730,Information Technology,0,42.73258780578931,0.4574928472303891,0.32056356383276513,0.059944336436853526,0.1698820639060687,0.3308125269629671
730,STOCK_0731,Manufacturing,0,5.4907401071944095,0.4372573547967006,0.26962594569998394,0.05437099481266199,0.022049018131363642,-0.0739159960914226
731,STOCK_0732,Healthcare,1,58.387696501053554,0.2813154406019894,0.5439779980807408,0.12237901591045888,-0.03832149547917699,0.36402256740635885
732,STOCK_0733,Others,0,120.79946877450855,0.37326429388967086,0.1,0.13565965622884887,-0.02065671013243482,0.02233232480363387
733,STOCK_0734,Manufacturing,0,7.704130958244154,0.6822549478335389,0.3214206379929144,0.07167769952650312,0.06993815650145789,0.09448865181269063
734,STOCK_0735,Manufacturing,1,160.37298969307227,0.416345103840415,0.4178470030451729,0.06333425027459981,0.1629445975379923,-0.12743473678860076
735,STOCK_0736,Manufacturing,1,426.6293149531932,0.1,0.6520493140033071,0.184509241238303,-0.05014667902394124,0.06474329608653716
736,STOCK_0737,Consumer Discretionary,0,39.684161020241085,0.5332561805638625,0.3362689686095303,0.05929677835998387,0.08158284526940804,0.10032761796014879
737,STOCK_0738,Information Technology,1,25.957895928037658,0.3044660830453441,0.12,0.08218807642199676,0.13404592679406574,-0.09371261251145852
738,STOCK_0739,Others,1,794.3509735546908,0.6762051025138772,0.5198305529042426,0.07471409876494514,0.16046482125149278,0.029206110892291026
739,STOCK_0740,Healthcare,0,48.04129551848579,0.28332205099879315,0.5820892418272666,-0.00557442426824701,0.14971054732827518,-0.024668015079617373
740,STOCK_0741,Utilities,0,18.246585235230427,0.36267387752681773,0.1,0.047834283642008917,0.1971739391749136,0.12775569748360158
741,STOCK_0742,Financial Services,0,82.22717824617213,0.3831908368694129,0.3385534468815285,0.04418260304320498,0.21867135459275047,0.39648659448455315
742,STOCK_0743,Others,0,6.455640577511447,0.3067486365304504,0.6725482033592057,0.14107117966959762,0.06337349774128519,-0.06752013040764276
743,STOCK_0744,Utilities,0,46.82658012282675,0.36625368186595103,0.22841100837890377,0.057808826015433405,-0.005156318929917479,-0.11024857016416796
744,STOCK_0745,Consumer Discretionary,0,31.215914757852293,0.4647456027993416,0.20926582655218462,0.13032416649951423,0.1454441238543168,0.11023935388432317
745,STOCK_0746,Real Estate,0,358.61912503719884,0.3460302798402738,0.2662603043322582,0.04372861284083023,0.10824106798680153,0.20989269603517624
746,STOCK_0747,Energy & Materials,0,161.12970304678055,0.8561931013173565,0.1,0.05489021041380856,0.05437675248754453,-0.11520178857655572
747,STOCK_0748,Consumer Staples,0,182.09238967816964,0.1,0.3020412984175602,0.057492254007863584,-0.11223418575212364,-0.03904938926270604
748,STOCK_0749,Real Estate,0,52.125106259277736,0.6360134649903362,0.3670435505195124,0.07311294504712108,0.0020992878925281673,0.015646842381369652
749,STOCK_0750,Others,0,95.793495953189,0.38697288594947393,0.30091905640790817,-0.003036224755500879,0.18863588796994746,0.2624736688806887
750,STOCK_0751,Consumer Staples,1,1994.2187206218384,0.6902606525404216,0.25512536929121177,0.029872718380523893,0.21755944180533032,0.27805022611109276
751,STOCK_0752,Energy & Materials,1,18.471362238971206,0.7985316396328092,0.12,0.05667754040465653,0.1014980587709939,0.055127797508717234
752,STOCK_0753,Information Technology,1,35.778891216497094,0.11521677946522942,0.16341374585860471,-0.007739894268562261,0.20080552164748902,0.17207118480399047
753,STOCK_0754,Financial Services,0,46.67273074510146,0.3278444759146703,0.5796871653695344,0.0767430832135556,0.15586540499441257,-0.13807021965304075
754,STOCK_0755,Consumer Staples,1,88.60331487012762,0.6745830571378729,0.26023439438855256,0.15305128111695487,0.12019726635900158,0.12383119414136712
755,STOCK_0756,Real Estate,0,8.182189497518856,0.13371559829305818,0.4817246987526251,0.10141637070847115,-0.03951957013433931,0.14916155309358778
756,STOCK_0757,Consumer Staples,0,14.490806498194688,0.6570492614556998,0.3388368424725829,0.012946929051809768,0.04900725097590863,-0.1864801619784879
757,STOCK_0758,Financial Services,1,6.994424031404604,0.22407818907440288,0.13408229674576924,0.11270119871157405,0.05976756836576482,0.14491073359649714
758,STOCK_0759,Financial Services,1,45.39247392657574,0.35168766928310935,0.7969321405613273,0.11788054684631552,0.05296531341042272,-0.31086684871415216
759,STOCK_0760,Financial Services,1,160.39928366272648,0.2898230805231042,0.5236881138640734,0.022634675812549437,0.10278017135236867,0.35608478676638744
760,STOCK_0761,Utilities,0,18.862411925632184,0.1,0.443811330085629,0.0532483457654215,0.15081701218074833,0.2281028559633893
761,STOCK_0762,Others,0,39.309378519909856,0.29205095921530994,0.25841635973423416,0.12551258407664306,0.10590926418313772,-0.17011870401732776
762,STOCK_0763,Information Technology,0,72.5141089883883,0.3668712656292586,0.39598299737119735,0.02491590600356595,0.20198192898253825,0.23528705464100722
763,STOCK_0764,Financial Services,0,6.29461535705228,0.8086011880369353,0.18043843033115597,0.10520761806882406,0.05374555489011934,0.16284845887705662
764,STOCK_0765,Information Technology,0,92.77350622397249,0.35209910988039167,0.1,0.09233652255434659,0.16246412669381838,-0.1009785411100574
765,STOCK_0766,Information Technology,1,80.46657804652058,0.4692325966923513,0.30851749800790707,0.08406880160090999,0.14550466717026048,0.05686184439253847
766,STOCK_0767,Information Technology,0,6.270252762499894,0.6769873065065156,0.3194680593685647,0.054101730775275796,0.10877795315596572,0.00967262519504009
767,STOCK_0768,Manufacturing,0,216.57159416692932,0.45146616487115837,0.22915594185139604,0.03768831689017462,0.1947723765869299,0.11548884195065855
768,STOCK_0769,Healthcare,0,141.98660035053123,0.1,0.20254496173856043,0.10166420667196295,0.17235105072486107,0.10348667610564943
769,STOCK_0770,Information Technology,1,37.52017669183802,0.41080477265318066,0.35487018796144776,0.07556661952529356,0.053250111016390274,0.02481314555712186
770,STOCK_0771,Consumer Staples,1,139.47071825786998,0.6189643328030513,0.1586504508028313,0.09785808680720251,0.018962965050614174,-0.22667389878907315
771,STOCK_0772,Manufacturing,0,14.137475071583594,0.8765694178222079,0.2305186049835256,0.0595563315797955,0.18942443676339565,0.09411076184874309
772,STOCK_0773,Utilities,1,13.07494693842963,0.2891755665897655,0.23106376487078026,0.11814043447866475,0.034346687504785735,-0.05764814554503835
773,STOCK_0774,Real Estate,1,538.7146694728268,0.2625566422443337,0.4174494993835178,0.14361351888832746,0.2539416612856904,-0.07513816778312292
774,STOCK_0775,Consumer Staples,1,10.874675778460546,0.1,0.19568854582910797,0.0376772754365676,0.04152426183893043,-0.0556220445921134
775,STOCK_0776,Consumer Discretionary,0,284.41587900785646,0.23280134124361215,0.3167041608408801,0.057132146551785466,0.06572042156102226,0.014175080541952066
776,STOCK_0777,Manufacturing,0,13.516733122048487,0.5416175952162189,0.3338216071364024,0.034198312764620126,0.014736207342548699,-0.009892646710807616
777,STOCK_0778,Healthcare,1,9.923700031611071,0.24752672156752525,0.12,0.12181097845256776,0.139639894543545,0.02172192427285745
778,STOCK_0779,Others,0,2.567845094968401,0.4820370167005636,0.3507417130150701,0.15065304217520212,0.09565241031568388,0.013060654921497881
779,STOCK_0780,Consumer Discretionary,0,39.856830776760205,0.33216196353602095,0.1510469986167843,0.10830691543561852,0.1566033547203825,0.12506214140228028
780,STOCK_0781,Energy & Materials,0,12.103295023296159,0.24640743750025854,0.12082615478013152,0.08781639577605514,0.1908461665356036,0.3272527179700277
781,STOCK_0782,Healthcare,0,21.878338930827155,0.5784626596105844,0.3686882061412524,0.06860477263865632,0.19902892659252075,0.1288806272399294
782,STOCK_0783,Real Estate,1,18.54521686881551,0.35904668902026204,0.39398996851395274,0.11851430256915628,0.042521308243048346,-0.1472653782851556
783,STOCK_0784,Consumer Discretionary,0,17.145315957278225,0.3459400413108485,0.1100896038083681,0.06961873716494532,0.08799042709590951,-0.02747485758839345
784,STOCK_0785,Healthcare,1,2.1203137440841395,0.20937902073694997,0.12,0.0689107399460804,0.0662953926903131,0.0733797294918857
785,STOCK_0786,Consumer Discretionary,0,64.51437018866936,0.49572838474494807,0.1,0.11744105905903891,0.1578252055942266,-0.34836812114879084
786,STOCK_0787,Manufacturing,0,53.86702807946498,0.14735491272514234,0.18484931425403894,0.03996794177740558,0.02452993851653477,-0.2149755677548091
787,STOCK_0788,Financial Services,1,37.99458983001987,0.41733709048994644,0.2528750728290407,0.021821055000049154,0.12273637476304602,-0.06819369626325986
788,STOCK_0789,Manufacturing,0,37.174309470603255,0.4762540424994609,0.2313225293417501,0.023905951683287425,-0.07814336535016697,0.13516350139631578
789,STOCK_0790,Healthcare,1,10.578313700773554,0.17158201558687466,0.28442844507730297,0.027280990237729192,0.006449251536316744,0.0935992453351573
790,STOCK_0791,Consumer Discretionary,1,19.329152780932382,0.7967208133638183,0.16340543283801512,0.13704847471282156,0.05310441194366632,0.020125745152951152
791,STOCK_0792,Healthcare,1,30.070942087177755,0.3013040390927907,0.629316364197015,0.12846016108895011,0.11995132141421684,0.23949406812408633
792,STOCK_0793,Information Technology,0,33.6169944939222,0.30404858082556946,0.1232126611056284,-0.020166992850472083,0.21499417213455999,0.1381844985966812
793,STOCK_0794,Information Technology,1,2.2554668313288877,0.3957662687788538,0.7686519023503627,0.03068127039738287,0.04849468555347098,-0.10560384502085782
794,STOCK_0795,Healthcare,0,189.09595274708397,0.45131428025922377,0.16725119383413642,0.058948482706875256,0.00019608310718712135,0.17448642733790706
795,STOCK_0796,Manufacturing,0,276.72444301561484,0.30612959015700825,0.12006405910052102,0.06858389578308186,0.1692683838520069,0.057859623360816334
796,STOCK_0797,Manufacturing,1,36.99295754806985,0.23359046743228803,0.3059183348165741,0.09319871547180791,0.017291689051308883,0.26060909923705233
797,STOCK_0798,Manufacturing,1,156.9530953811992,0.4961052080452742,0.2903203371057348,0.10701920238868323,0.27490216901156506,-0.02193355266991592
798,STOCK_0799,Financial Services,0,15.171148735314713,0.5010182368512938,0.17965687441951206,0.06639228111803809,0.21866737443606374,0.1248520446311675
799,STOCK_0800,Utilities,0,40.51910160098326,0.1513314310615998,0.37994864237573966,0.05327362050312762,0.12740090471857138,-0.17881555044567404
800,STOCK_0801,Manufacturing,1,124.52882371634031,0.6384211258550888,0.2826789591583167,0.12157713325362668,0.12970085298793477,-0.07903861291494119
801,STOCK_0802,Utilities,0,411.35469621105625,0.4857270360840804,0.3663692059389527,0.07688797608379991,0.017257134525644,-0.09012291914754257
802,STOCK_0803,Manufacturing,0,100.56671154340691,0.1991631560146467,0.2772455747006247,0.032055191927605156,0.06907542322191189,0.17107802299499925
803,STOCK_0804,Consumer Discretionary,0,138.8076962032928,0.37730146774212836,0.7356938824172978,0.10846695864626492,0.12421377678521749,0.14936992131244978
804,STOCK_0805,Manufacturing,0,6.068482112216356,0.20037251770660444,0.4611456899657432,0.10112025414159607,0.025428060095856193,0.3251636036940315
805,STOCK_0806,Others,1,10.887051464756777,0.478085608069806,0.32650062852188105,0.0404616643372475,0.18987164291338265,-0.1265273508486138
806,STOCK_0807,Manufacturing,0,11.273675900773721,0.6007399676348628,0.27909489287860323,0.09308652190969419,0.014207641543773903,0.1077759597902062
807,STOCK_0808,Information Technology,0,582.8237691281245,0.24031557929579989,0.1,0.08091400428794106,0.010461830922353805,-0.005933153262864078
808,STOCK_0809,Others,1,118.65770581072582,0.2940363199450093,0.12,0.22585163856043283,0.15830774942660608,0.0627735088420734
809,STOCK_0810,Others,0,237.23050601217707,0.31873319420516694,0.23796764388760017,-0.016374121376704694,0.08902791553201407,0.20295530476466367
810,STOCK_0811,Real Estate,0,66.342895836131,0.24961947742400217,0.1581187685911478,0.14212186432628454,0.09946439775004894,0.21823386188276203
811,STOCK_0812,Consumer Discretionary,0,136.46432460005303,0.6453437466491895,0.1,0.05774072939208765,0.09940885869720555,0.015749593722429598
812,STOCK_0813,Manufacturing,1,42.91568037861858,0.7670728264920331,0.2654806164985303,0.1583839268607327,0.17987858355069136,0.12278164801409591
813,STOCK_0814,Consumer Discretionary,0,1.8094775897590654,0.38253317457521524,0.5063809632650915,-0.00027273495195389745,0.06117802244979555,0.08882463540498976
814,STOCK_0815,Manufacturing,0,3.1439825127758305,0.12686273633777917,0.4708439910094383,0.11308643675107985,0.2926171443550374,-0.23075865918933228
815,STOCK_0816,Information Technology,0,40.06301622621751,0.1658770007761487,0.4224194086988315,0.12142515399100083,-0.02940511491510052,0.35778192282548277
816,STOCK_0817,Manufacturing,0,12.370463056639636,0.3666099466170654,0.5340361752102806,0.1115971118871092,0.15459483101248483,-0.07430768132873383
817,STOCK_0818,Real Estate,1,4.601223836992816,0.3985412886215046,0.93681638078814,0.12692144287900922,0.12031867852992668,0.15092278073030416
818,STOCK_0819,Consumer Discretionary,0,18.335027367575236,0.3053051240640176,0.1251503881670946,0.0977430822327499,0.15144033654865485,0.23624930433773714
819,STOCK_0820,Manufacturing,0,29.444088589455227,0.1,0.2502506688189201,0.10496898303078982,0.06187710288275644,-0.18511737777555515
820,STOCK_0821,Financial Services,0,1.4718731600734016,0.6629582291193734,0.15171407389464941,0.08970660760028218,0.0169126633297926,-0.03253987054411783
821,STOCK_0822,Manufacturing,1,47.79334958692696,0.1,0.7493593973328518,0.03966147739987404,0.1138013780534491,0.14421666912899275
822,STOCK_0823,Consumer Discretionary,1,24.64943700394521,0.17069269004033602,0.21899721753817927,-0.04067240851417381,0.15664124411918848,0.044628116528638614
823,STOCK_0824,Consumer Staples,1,76.25441763629985,0.12685646195135725,0.1384526629503813,0.1405010655722872,0.1422641641250542,0.14333287227488345
824,STOCK_0825,Energy & Materials,1,19.940941617468134,0.5376218704357536,0.3547880164241029,0.12581345994649354,0.3188816197022138,-0.009061038224546014
825,STOCK_0826,Information Technology,0,81.03316516271013,0.1,0.1,0.08627726396498818,0.1054752862723814,0.06233685207143272
826,STOCK_0827,Consumer Discretionary,0,47.85373093514246,0.602522746883096,0.5770879391715179,0.06781849721410349,0.058820023983542136,-0.08554492441410239
827,STOCK_0828,Consumer Discretionary,0,100.4722068372975,0.3037739638724032,0.10430821320998405,-0.0007088167482419989,0.3143147790461523,0.041045100291579206
828,STOCK_0829,Financial Services,0,46.256553562940056,0.3368609632331031,0.27284442717354446,-0.003126225106804622,0.0002408808908560653,0.004008921300696849
829,STOCK_0830,Financial Services,0,1.9985607977822966,0.4083266546042856,0.20301311276287526,0.13592490902108414,0.13318212232543436,0.017213798953893703
830,STOCK_0831,Healthcare,1,16.2983514338668,0.5908872628355667,0.2448082354113344,0.1388853177177509,-0.0138369287629708,-0.2575353887934523
831,STOCK_0832,Information Technology,0,214.6203756773373,0.501064809478752,0.43660295670352806,0.10527538787958979,0.11843881577986386,-0.0761803212716114
832,STOCK_0833,Manufacturing,0,65.17344151158112,0.1558647134423862,0.2112605066630099,0.07412907381070204,0.20263147872733375,0.2570550917687904
833,STOCK_0834,Manufacturing,0,1.3610159148518073,0.6099334870328978,0.3097568557343579,0.15674049030519288,-0.044838154314679995,0.010857200090172627
834,STOCK_0835,Manufacturing,0,99.28020503278363,0.26027435157469364,0.31186340778106436,0.029726600388387907,0.29837115467385583,0.04833088658438739
835,STOCK_0836,Manufacturing,1,1.0052980430652734,0.42296481135413055,0.8234348233169126,0.18907845404841042,0.09071261496738102,0.36152262751337005
836,STOCK_0837,Energy & Materials,1,165.57283027347697,0.20440137965172375,0.7559682715668122,0.05737100150284049,0.060706986509213655,0.18116093339762265
837,STOCK_0838,Energy & Materials,1,242.64659392841975,0.2970173583879938,0.5591257883565176,0.12734874004377528,-0.03230075245156749,-0.01243165789367023
838,STOCK_0839,Others,1,53.039170339879895,0.5452995292948956,0.1207248400023734,0.15271550508982454,0.06878827959250401,0.13620184365818994
839,STOCK_0840,Energy & Materials,0,28.49534802674536,0.2962858291575849,0.38103961622126753,0.03189282355703428,0.030780277089854872,0.01825346161851356
840,STOCK_0841,Consumer Staples,0,14.451722674515965,0.3705988786102303,0.5202322968231398,0.11604218010653429,0.0760698815208338,-0.029174658364008357
841,STOCK_0842,Real Estate,0,9.545018911338566,0.5458855166905671,0.2938046582628187,0.04880817413186128,0.0974300045489812,-0.03462952660251134
842,STOCK_0843,Others,1,13.58300851324984,0.6604003086484378,0.3787140851122827,0.11950216020648602,0.10802912445985659,-0.14054669372108314
843,STOCK_0844,Manufacturing,0,30.71893076095703,0.42923337525748617,0.2884380681951221,0.11322266921798768,0.23352515306860167,-0.2324385259089049
844,STOCK_0845,Consumer Staples,1,6.668397318057184,0.15927224997191244,0.24797251723961905,0.1216134794287104,0.22526574720129783,0.15701159031279666
845,STOCK_0846,Others,1,56.24754360641195,0.2909186512946624,0.40820604416662926,0.028775750049228083,0.04587893961762014,-0.020031543873462267
846,STOCK_0847,Energy & Materials,0,29.260243620971817,0.1024719452020639,0.14999951099039602,-0.0006669700874731805,0.05597653747140986,0.05731080476253019
847,STOCK_0848,Manufacturing,0,7.131420055067889,0.28232749356740283,0.3410043810476828,0.09903277106801388,0.05829844666580153,-0.01543644750570287
848,STOCK_0849,Information Technology,0,17.983886495755055,0.6349475064366128,0.2634082137190047,0.13310956538135957,0.03064472927181089,-0.09716624192086486
849,STOCK_0850,Financial Services,1,196.78727715691176,0.4881213398254003,0.12,0.011191649179103284,0.06635654708666534,0.03729037620878862
850,STOCK_0851,Healthcare,0,55.94801726698332,0.19205655504801988,0.1800665036793619,0.10939641339989324,0.17081964292831653,-0.09393635629543495
851,STOCK_0852,Consumer Staples,1,87.51386232309193,0.2555058561038162,0.6577357602460944,0.05272236986315567,0.20714177975448791,0.1173050558574016
852,STOCK_0853,Healthcare,0,18.010524264197468,0.4444775876908842,0.1,0.11104208740166693,0.11221232248858137,0.17681614619666727
853,STOCK_0854,Manufacturing,0,13.571751259206833,0.6250228972772293,0.4290487298942557,0.09049896403788914,0.20886025379317136,0.1732777460705915
854,STOCK_0855,Information Technology,1,24.668735085664963,0.34021850641866147,0.12643040759908122,-0.043834077801501115,0.10604448525717743,-0.05211438798738071
855,STOCK_0856,Consumer Discretionary,0,76.09313588640367,0.25844090800605046,0.26333594434632596,0.09123710597910872,-0.013413221295268965,0.2085850241164184
856,STOCK_0857,Manufacturing,0,8.871265380407872,0.2819957336948362,0.33769455101031587,0.09891552798204295,0.10202560786961039,0.22125318217663645
857,STOCK_0858,Others,0,293.8595718878692,0.24690618737139108,0.17966270336112244,0.11722648041507014,0.15097186528487253,0.06008399885095431
858,STOCK_0859,Utilities,1,171.59632562730292,0.21513837489140958,0.2203076587914105,0.010656026473648644,0.22168240795449123,0.010938985370432027
859,STOCK_0860,Others,0,302.39164382428515,0.3664483622579656,0.1,0.028376751201594868,0.07576607870110127,-0.09872196469416172
860,STOCK_0861,Manufacturing,0,5.665825214596736,0.8263092671197575,0.3701224702680074,0.14054086295959992,-0.11575233754272117,0.30071025184422795
861,STOCK_0862,Consumer Discretionary,1,45.277083192909075,0.38173027085977485,0.12,0.16693991804754343,0.17428397236968413,-0.22122984832525663
862,STOCK_0863,Manufacturing,1,37.19803648210929,0.11079666941666559,0.27639206060559907,0.1652055260433402,0.1725856876095631,0.1071401132701775
863,STOCK_0864,Consumer Discretionary,1,10.784223250647353,0.14506600447567156,0.12,0.10013199784960018,0.043251603148150165,-0.1172993282846737
864,STOCK_0865,Real Estate,0,5.76518769385707,0.4386771377559657,0.1,0.04045230597307929,0.11408121747709848,-0.0013980321880027824
865,STOCK_0866,Information Technology,0,6.973998369429522,0.5465198581814991,0.18191869954137288,0.17199554995844418,0.3015193289327563,0.0882680394643924
866,STOCK_0867,Consumer Discretionary,0,28.163434031073493,0.39978257047276555,0.3142859559155177,0.09514476312714655,0.09106264097461883,0.0868004662828608
867,STOCK_0868,Healthcare,0,104.15231165120159,0.1896928108822222,0.196606097450423,0.11830887988106092,0.10716399653874928,0.01798334883749907
868,STOCK_0869,Manufacturing,0,19.704432143246095,0.7613660728736656,0.1,0.1728421831424586,0.2292448296345742,0.05302551283101631
869,STOCK_0870,Manufacturing,0,65.04517358739703,0.4736318417372421,0.5601792689938836,0.10475689350229865,0.2083582163069973,0.040926210468767356
870,STOCK_0871,Others,0,86.73162598767628,0.3830666257233289,0.17263697445472653,0.09418086027525048,0.33718535515890574,0.28528187006944783
871,STOCK_0872,Healthcare,0,52.167401651601395,0.26675870557224,0.1,0.06024890677808157,0.22378380271404366,0.04809357899695316
872,STOCK_0873,Consumer Staples,1,68.52235273307808,0.38604084404519456,0.1474011722250169,0.1184220365663383,0.09562657329954752,0.1530751348648744
873,STOCK_0874,Healthcare,0,16.619755063499138,0.25573169121161404,0.1328896237913667,0.0881972472279013,0.20756499636910364,0.24547342682762652
874,STOCK_0875,Information Technology,1,16.907192622745413,0.41955658419283814,0.5370349446218076,0.10401755810622264,0.2908256899180766,0.009518261818633349
875,STOCK_0876,Manufacturing,0,12.586895235362558,0.12308769069660534,0.15000418907597224,0.09919117819156348,0.21417670299335317,0.3351201846543586
876,STOCK_0877,Others,1,3.484523412594309,0.25162440944349423,0.34572694714778857,0.05629734634820968,0.10023364505538244,-0.10945011889658053
877,STOCK_0878,Manufacturing,0,27.419953346097863,0.2754488251291641,0.16985931242790367,0.06196167934018289,0.19254274133403435,0.12087754000393484
878,STOCK_0879,Manufacturing,0,58.60268167889935,0.3930439959941311,0.40680024500590206,0.13344580092126562,0.13068523324287826,0.1613496679885465
879,STOCK_0880,Financial Services,0,55.92689157472855,0.6716301769291049,0.46805509595608175,0.19573661522704602,0.11373353208558742,-0.017320390962578872
880,STOCK_0881,Manufacturing,1,24.17264648441679,0.24654666589487192,0.34544429290052453,0.14278259592602174,0.24434259532888208,0.26546716529435677
881,STOCK_0882,Consumer Discretionary,0,35.87628200307089,0.5331525868334047,0.14667450153132244,0.052111076007696155,0.10186702370208003,0.15737215816056305
882,STOCK_0883,Consumer Discretionary,0,4.784999177714562,0.7580260676218687,0.1677657236315436,0.0688244470492155,0.16679627944691555,0.06850599732588983
883,STOCK_0884,Others,0,67.91598046551644,0.5839431319414473,0.2530427949307719,0.11910665071019716,0.16841064126071595,0.01795759303842289
884,STOCK_0885,Energy & Materials,0,72.80276752207946,0.32856886426406795,0.19973349096085094,0.12092026999247178,0.08962273438282493,-0.06178195033000967
885,STOCK_0886,Manufacturing,1,144.44484069524566,0.6919846468823148,0.6504693228426527,0.05422803542820212,0.12212824970028509,0.21165946318393525
886,STOCK_0887,Real Estate,1,43.86492922177757,0.46335413660004615,0.38105596019759425,0.10987147677644439,0.11700073826201442,0.27349379226357506
887,STOCK_0888,Others,1,30.268556716559523,0.6420812039652866,0.5782321589620469,0.1574037199272054,0.11455816874360973,0.11097710834479965
888,STOCK_0889,Manufacturing,1,10.085018570810773,0.3259453257519199,0.4002876894039273,0.1464536048497048,0.2789128461018602,-0.13686355132901076
889,STOCK_0890,Manufacturing,1,240.8419852361615,0.22799274727476118,0.6187009370250841,0.07739946095914774,0.0625261408252125,0.03165592445003533
890,STOCK_0891,Manufacturing,1,333.3676704587437,0.3786237490344832,0.2576849873951939,0.0227823395827279,0.12556290584695692,0.045357768165231904
891,STOCK_0892,Manufacturing,0,3.4099932367020167,0.6739076394134885,0.46568938390827125,0.04118617580160118,0.3467113785549954,0.006982645687519608
892,STOCK_0893,Financial Services,1,36.14511160400424,0.3845869197320238,0.12,0.09706171858417136,0.27026218813953495,0.011988311509180704
893,STOCK_0894,Information Technology,1,104.72055964314251,0.5574314707073975,0.2140071730671013,0.1246188567442454,0.01776400917430418,-0.03509499384450039
894,STOCK_0895,Consumer Discretionary,0,78.14377603010176,0.3974287074292875,0.177797786867308,0.14390330523827138,0.16198940623082464,0.17821056024044404
895,STOCK_0896,Energy & Materials,1,29.71288193334484,0.11332310909293794,0.14437128337023866,0.027538837497649054,0.17476597800286778,-0.036098703390414474
896,STOCK_0897,Healthcare,0,169.99627280169554,0.16635806794977104,0.5935636271771894,0.05321564409282168,0.15797229166058763,-0.01662865134035759
897,STOCK_0898,Others,0,281.66695770061756,0.4647104812558401,0.48083390985930763,0.025848554770384086,0.16441126485004556,-0.05200558444213437
898,STOCK_0899,Information Technology,0,18.160867333706385,0.4329170376796858,0.6315198751416798,0.07368759261252061,0.07090950092957725,0.07089162513543283
899,STOCK_0900,Financial Services,0,12.615224859413939,0.8135229676762337,0.32838431446506366,0.11843077188334808,0.12290458733932474,0.12892616499579923
900,STOCK_0901,Manufacturing,0,626.4138646071484,0.5698891654804696,0.1415866582536039,0.032547985439221695,0.12980648549443782,0.07882633117232812
901,STOCK_0902,Healthcare,0,3.985395172472197,0.22715879706225164,0.3112703131543445,0.11592982616250187,0.10721137073314095,-0.028442889384072984
902,STOCK_0903,Others,0,1.4235346567119416,0.24211855322360692,0.1,0.007204254026709715,0.2883009181556635,0.17075976735908058
903,STOCK_0904,Healthcare,0,117.84530182386908,0.2732605472805801,0.1,0.0613470327808995,0.020098029546000273,-0.2039024233175443
904,STOCK_0905,Utilities,1,102.68406951124786,0.7709937269600814,0.1394459237499536,0.09394890509578244,0.03166836346688647,-0.0836891759242902
905,STOCK_0906,Information Technology,0,618.8690096869426,0.43194269834690563,0.30407875918871224,0.04891689974762414,0.23871121230142092,-0.010369607419119357
906,STOCK_0907,Manufacturing,0,12.879136187049506,0.1,0.3150640503275923,0.08668277505281236,0.16108874355321776,0.17245470321673034
907,STOCK_0908,Consumer Discretionary,0,179.3950172267361,0.2666779376729664,0.6396480814545187,0.09007919803201814,0.052288135537784976,0.32161547766989673
908,STOCK_0909,Manufacturing,0,19.32312485797409,0.1016653681713781,0.35552279944377485,0.1030164195005591,0.07998778550282165,0.1398033648409179
909,STOCK_0910,Energy & Materials,0,134.90491567170383,0.3179471962937916,0.3380427433829219,0.042216158063555095,0.11853295466930319,0.04238845494826958
910,STOCK_0911,Manufacturing,0,122.68242421167893,0.5754909176760266,0.15300228479065994,0.09528766545170302,0.045900870992915926,0.020732891648593984
911,STOCK_0912,Consumer Staples,0,38.18878277695203,0.5192007981592829,0.12563409856478377,0.22473420652366669,0.1295678363659887,-0.023053127388615455
912,STOCK_0913,Others,1,36.26626581777393,0.1995544303241227,0.2850378416558596,-0.006678511421072683,-0.05038481470878936,0.153701003054842
913,STOCK_0914,Manufacturing,1,3.6230063450155185,0.8149036486671883,0.26912228970715024,0.10245540453451935,0.14557380900608413,0.02330623754380871
914,STOCK_0915,Consumer Staples,0,9.36838421003957,0.44651433934491047,0.14865112517004503,0.1902425361039076,0.20586932659559778,0.19043587779801316
915,STOCK_0916,Financial Services,0,21.62214836845144,0.5352836214865171,0.6286607942050515,0.10257193832667379,0.17783975476994585,0.24566071586238378
916,STOCK_0917,Manufacturing,0,6.18824850427248,0.46738636183827814,0.5876481844829686,0.03857915347748449,0.004485686200621821,0.06289363205609141
917,STOCK_0918,Manufacturing,0,32.02565151837715,0.44048658968502846,0.5859346784698443,0.12624573346092718,0.12571366660648742,0.04367270623962585
918,STOCK_0919,Manufacturing,1,233.90766897907542,0.1,0.12,0.11675776159946256,0.07489213345121119,-0.288813023120952
919,STOCK_0920,Others,0,18.392230610244884,0.23469976016025446,0.6711778201678625,0.04182881835718849,0.14695226111812928,0.12784115664728682
920,STOCK_0921,Manufacturing,1,613.340072027858,0.5434303935032523,0.5013526880358294,0.06821732997423989,0.12666762807800735,0.009992991658850153
921,STOCK_0922,Manufacturing,1,30.211299972132906,0.49526120626979225,0.18940954418727843,0.02909186072704541,0.04698569914433063,0.01820154991810359
922,STOCK_0923,Manufacturing,0,20.14872551834477,0.6368644860273689,0.1,-0.0034763474647384793,0.16346055719794186,-0.21113844737721862
923,STOCK_0924,Consumer Discretionary,0,11.769562415734653,0.24829013963439905,0.16724342136072082,-0.004385243121290768,0.18191017387542577,0.18615619154424287
924,STOCK_0925,Others,0,78.38084132989619,0.16361620170064625,0.6950088505414233,0.10174431701817924,0.08065867098750376,0.38659401713235986
925,STOCK_0926,Utilities,0,18.84236198027601,0.5908207745729938,0.18141239483412794,0.0971478133727653,0.06823793597610746,0.0630185854493561
926,STOCK_0927,Consumer Discretionary,0,3.5945881366739028,0.1,0.1,0.09769753971884909,0.014943821676282429,-0.023028805253033323
927,STOCK_0928,Manufacturing,1,101.87035476471706,0.44309179888177314,0.6389717688382179,0.10608373245858733,0.07075873200050924,0.01658457140278609
928,STOCK_0929,Consumer Discretionary,0,33.52502756183134,0.12285004203208791,0.2686420950443601,0.13792717256338904,0.08466026212024604,0.3798278500209568
929,STOCK_0930,Healthcare,0,90.32465687042409,0.6200116076779786,0.163581829753037,0.13714151697781174,0.12907321585585266,0.06627290218430083
930,STOCK_0931,Healthcare,1,17.464427300070124,0.3946343417319375,0.571256457415152,0.11611527418913699,0.13656769442738897,-0.0826132482875934
931,STOCK_0932,Information Technology,0,29.065033494717127,0.2923204504523403,0.5684506782564407,0.05405664160234895,0.06827772164187883,0.18701566635123665
932,STOCK_0933,Manufacturing,0,83.73112930760605,0.20030009113363792,0.16902793219590087,0.14053888734117473,0.007710703114255175,0.20238947614234634
933,STOCK_0934,Manufacturing,0,27.482476728141336,0.6600745313913058,0.7897954524203986,0.06074061861480847,0.146152869139134,0.04478882554172041
934,STOCK_0935,Others,1,42.882493165872745,0.40405118384283933,0.44505788046903677,0.12347542410000598,0.20660296069463277,-0.0390221801004714
935,STOCK_0936,Others,0,4.236497780498697,0.12642739171196543,0.3669453156019257,0.03745107853735231,0.16005986927814736,0.1739063249084178
936,STOCK_0937,Energy & Materials,1,15.243267111276978,0.2954824595469911,0.1986145523253779,0.09197738604346158,0.2716259127161736,0.025997035694824547
937,STOCK_0938,Manufacturing,1,3.7084224181515384,0.18547870507039718,0.16920702345559083,0.19102403107605948,0.10601106914586547,0.02936392655022423
938,STOCK_0939,Consumer Staples,0,97.48171083380916,0.2681223321361064,0.247117616928928,0.15480822633834396,0.20301732925368937,-0.026990387357323595
939,STOCK_0940,Consumer Discretionary,1,48.51397425004599,0.44591343866941907,0.12,0.05271705033942839,0.18818317515622496,-0.2274246571898918
940,STOCK_0941,Consumer Staples,0,7.068959000042551,0.3582251830681693,0.5023931084863271,0.13444423104825304,0.05323355380182723,0.21009051127744025
941,STOCK_0942,Financial Services,1,62.06241260236769,0.22023018825638077,0.17367895743475417,0.09685243454223726,0.13297796907025278,0.361300351235875
942,STOCK_0943,Manufacturing,1,289.54241324894394,0.7661972068166956,0.13433501896697664,0.08256019552869823,0.02173209878096766,-0.0896066056123629
943,STOCK_0944,Real Estate,0,1015.8830440008069,0.6047676086923665,0.1,0.017117728110047654,0.13460503925562742,-0.010169619596420097
944,STOCK_0945,Financial Services,1,271.6510580610987,0.47967221977768487,0.279374325988109,0.09004198693470525,0.0915668556697162,0.15062948237245502
945,STOCK_0946,Manufacturing,0,36.33989059856765,0.6927003200802772,0.2866445273354402,0.0792510397285311,0.2786147937287336,0.09439783751820333
946,STOCK_0947,Information Technology,0,4.398996047760092,0.18736511013659574,0.1,0.10280197941918473,0.16725322373635024,-0.0017048232033234417
947,STOCK_0948,Manufacturing,0,0.9983779331520581,0.4085555435479111,0.42312940708228736,0.08597283367028936,0.21513559776751578,0.1030741316404162
948,STOCK_0949,Consumer Discretionary,0,19.39552285550839,0.2214503977974884,0.26426951676341337,0.10368861809294241,0.2875774867078835,-0.17051842709794723
949,STOCK_0950,Financial Services,0,462.5987440355632,0.4132714357571119,0.1621005788360801,0.07089924655085804,0.07786963096827727,0.06897844865188128
950,STOCK_0951,Manufacturing,1,190.5857436053915,0.3803225123103859,0.2027141369569124,0.13029294922329288,0.13500598345527792,-0.01114487487293608
951,STOCK_0952,Energy & Materials,0,17.29274675453765,0.4844243685289968,0.11469517490619657,0.03363463730346799,0.06637675356404407,-0.07517324270084319
952,STOCK_0953,Manufacturing,1,34.66862575229517,0.5176842580948227,0.22993194292594393,0.050628399285550275,0.0316104330571593,0.07315552465864968
953,STOCK_0954,Consumer Staples,0,63.556775759533295,0.6028605379660752,0.3895054876639026,0.12398146482946568,0.09212134404617044,0.12823870920990485
954,STOCK_0955,Consumer Discretionary,1,2.9713893343313402,0.22982652911007198,0.14864937426549774,0.07140128970572886,0.04482517470549569,0.12209938030822648
955,STOCK_0956,Consumer Discretionary,0,31.6308089644974,0.4601778076077512,0.12996466816351654,0.030395515995018895,0.05310438894723362,-0.012321391650704885
956,STOCK_0957,Manufacturing,0,70.86301440500738,0.6332390220789436,0.3130536717065901,0.006034612690830525,0.04644581113627724,0.05614023661659712
957,STOCK_0958,Information Technology,1,11.184098997856815,0.25986824685746246,0.4127087251928255,0.05084442614567786,0.19494026108243406,0.17943941992903698
958,STOCK_0959,Real Estate,1,63.748131395821304,0.41105666316850925,0.3072002460156575,0.09645142729137332,0.27745955641294184,0.025164680801474482
959,STOCK_0960,Healthcare,1,25.26213282330506,0.34208526169869974,0.38999958262910517,-0.01593170454303688,-0.0073198523221873904,0.07565531728041272
960,STOCK_0961,Healthcare,0,14.864056096102663,0.14654454266492953,0.3241181361409992,0.1147916689977825,0.05924654536692658,0.07786148523369134
961,STOCK_0962,Real Estate,0,0.9626954071403325,0.14144662099405927,0.30939664820406143,0.11087035459339976,0.21782597645248825,0.05237998223503283
962,STOCK_0963,Utilities,0,14.652731735681856,0.5529794045413299,0.20777656148268683,0.1023320250827693,-0.023092820610613945,0.1298388263092798
963,STOCK_0964,Energy & Materials,0,6.125291889225294,0.4753732682435596,0.3399508101650585,0.02389237924457372,0.18633720347106134,0.3026941714432331
964,STOCK_0965,Information Technology,0,5.493712702396358,0.33152028260349603,0.1,0.05184929025436659,0.02266855235674604,0.05746755301273217
965,STOCK_0966,Financial Services,0,6.767731411697444,0.15048567630113138,0.2250336777755829,0.037674602111489375,0.23466196565015024,0.2353328127850591
966,STOCK_0967,Others,0,145.373115291264,0.384913492292906,0.20892590100414105,0.088183588111486,0.09576920976958551,-0.005070988063172757
967,STOCK_0968,Manufacturing,1,3.1909075508437654,0.516517252416562,0.2580424785606547,0.05782377925997998,0.10951144723003998,0.29902859979142227
968,STOCK_0969,Consumer Staples,0,86.55326657231852,0.17725968002395165,0.2128064180914393,0.05877578417329187,0.11703702555206925,-0.06907444115931946
969,STOCK_0970,Others,0,32.563125147810986,0.7364559745923109,0.16199230683891505,-0.03338622840675224,0.2757635846777623,-0.23834536016187632
970,STOCK_0971,Manufacturing,1,51.99255983102462,0.6637396767561933,0.5294717093432264,0.16160761219226472,0.04588716283249447,0.028468208715525394
971,STOCK_0972,Manufacturing,0,15.298643364175255,0.3472324964518914,0.24716785512207437,0.11805855065368327,0.17375010531940788,-0.17002509162179646
972,STOCK_0973,Energy & Materials,1,20.39071334512701,0.40989677419111387,0.27343697621057605,0.059805054456779305,0.18845882015809523,0.0007832614869476418
973,STOCK_0974,Real Estate,1,41.93120965944972,0.42616725040310915,0.29314278537684574,0.11118485337789874,-0.006334534093686067,-0.004372424049990606
974,STOCK_0975,Healthcare,0,12.711309979279985,0.17045953167505706,0.28546974141409953,0.10951633122208393,0.17638944654376562,0.4989236007777439
975,STOCK_0976,Manufacturing,0,5.420172854617056,0.2776500648215868,0.6553699730998745,0.11053401121062312,0.14785574824143832,0.3458682351544003
976,STOCK_0977,Utilities,0,39.01672789068732,0.2681830865089818,0.22646730339417864,0.03803552316457605,-0.0022870385810933483,0.29357799485651365
977,STOCK_0978,Others,0,409.06668281219413,0.5071403751770565,0.1,0.07375737907866656,0.13758064671521145,-0.1550345884448161
978,STOCK_0979,Others,1,897.2819184530645,0.21843473109695216,0.36930209453964147,0.12248420124641898,0.003986946637063842,0.029844184220004743
979,STOCK_0980,Utilities,0,52.672087363701785,0.5907706750181512,0.5001682056731498,0.12668810376249598,0.24073920158620005,0.11731757558887768
980,STOCK_0981,Consumer Discretionary,0,248.89416348100636,0.6121887666430212,0.45886386594304135,0.07035205737166489,0.09066928970648536,-0.03529580544324969
981,STOCK_0982,Manufacturing,1,105.51120846381949,0.39533862393030184,0.42874888114566656,0.09274923662388684,0.21548339768039498,0.11216409723403367
982,STOCK_0983,Others,0,125.24008418421086,0.5318192090432461,0.22866834371854733,0.09982334858144232,0.1969093190439942,0.06828026306927741
983,STOCK_0984,Manufacturing,1,20.31996594733186,0.7038387543956739,0.3894252546246398,0.015951128278073674,0.03967100601932425,0.15492279541636492
984,STOCK_0985,Consumer Discretionary,0,15.414604536674265,0.3079173259559111,0.5882913176366479,0.03553148668875741,0.011198113895152429,0.028071017586544903
985,STOCK_0986,Others,1,11.74300081566247,0.5440307298891262,0.3402097058405273,0.16721049112960307,0.0034160569932934703,0.36605198983597337
986,STOCK_0987,Financial Services,0,10.437857604961074,0.13542175713639215,0.4993032910094875,0.14310452480129227,0.2778063923557546,-0.05944352834881355
987,STOCK_0988,Manufacturing,1,5.788681243769323,0.6859056005596772,0.37164201535495767,0.0583646186031457,0.1669441480588524,0.01964383621678763
988,STOCK_0989,Consumer Discretionary,0,13.734114661613676,0.2046449893477322,0.2468698250968819,0.1153556479481005,0.10769529776951715,0.10782405653692956
989,STOCK_0990,Consumer Discretionary,0,0.5094412976733769,0.5168132555891589,0.2820869467769443,0.09562961150767657,0.135844554070812,-0.2451533801826544
990,STOCK_0991,Manufacturing,1,11.482530558337023,0.7024727451164249,0.33949360998279104,0.16702606149186966,0.04298651724727796,-0.035045979886586594
991,STOCK_0992,Healthcare,0,362.1806004053341,0.2137568909689134,0.25043357854755716,0.16549710254998007,0.133635439897709,0.16903057856174036
992,STOCK_0993,Manufacturing,1,57.39922449988096,0.6701383883749377,0.12,0.10742239243422132,0.13306045010337322,-0.16018772664582012
993,STOCK_0994,Manufacturing,0,135.47732423457728,0.4756228710946217,0.2764307475143691,0.0851403192229713,0.0388066743360733,-0.029895418293558813
994,STOCK_0995,Consumer Staples,1,14.024582057091479,0.17516033775469808,0.6887988231488565,0.15751394120392825,0.2151303825162773,0.3234152384540301
995,STOCK_0996,Financial Services,0,5.734660980333845,0.13237275513374308,0.2520823711972731,0.12052680574148689,0.10475798483039703,0.10370616843578753
996,STOCK_0997,Manufacturing,0,54.08802581575339,0.2554342423462286,0.3823096672934226,0.08924733846630394,-0.05714145487076412,0.18263017647679464
997,STOCK_0998,Manufacturing,1,171.90661145651774,0.8731288274349784,0.3779798425426795,0.10913652791637818,0.12966163724410892,-0.03585979992480242
998,STOCK_0999,Real Estate,1,6.749655614961869,0.2521877443563892,0.36294585927279227,0.000890597456242907,0.23841464615054916,0.13631449965739567
999,STOCK_1000,Information Technology,0,30.07019027817027,0.12267061383658917,0.7367217342067499,0.14523871670217045,0.05343436258137626,-0.10274519812207157
1000,STOCK_1001,Energy & Materials,0,15.187736343544465,0.1,0.2586434995268425,0.07373611814437098,0.06244220925296501,-0.033766113104047896
1001,STOCK_1002,Healthcare,1,272.0532598107724,0.12741495768743163,0.40136912564859023,0.11601293294163875,0.025131813660890404,0.18481380275609188
1002,STOCK_1003,Manufacturing,1,973.1376163104758,0.6339442233947062,0.5690378344274173,0.11100024944503763,0.20220421709401257,-0.1306926373671153
1003,STOCK_1004,Consumer Discretionary,1,12.164659611096258,0.732783114084084,0.15577651680625457,0.06530023956982157,0.21171775019903222,0.17860293150387604
1004,STOCK_1005,Manufacturing,1,109.14245672561876,0.22765085482953368,0.24995119395752918,0.01993615506210426,0.05373579683384879,-0.15896800078769982
1005,STOCK_1006,Consumer Staples,0,23.024706907224306,0.6885571534658936,0.6401636697721871,0.022803321470123667,0.12093890957775487,0.1391157977789995
1006,STOCK_1007,Others,0,2.954991718075029,0.5446534677157052,0.17544449206161572,0.113436387545064,0.01984621916212379,0.34895181085817006
1007,STOCK_1008,Manufacturing,0,2.4276387748173316,0.31403371791209844,0.21163020881789146,0.21999120731689156,0.07304232111836294,0.10979458928498305
1008,STOCK_1009,Manufacturing,1,63.75026921653875,0.7298387607966559,0.874822876559224,0.13183032069324757,0.25903238094682,-0.08626482836804097
1009,STOCK_1010,Consumer Discretionary,0,199.36649961506532,0.27124951878153175,0.20003598856420376,0.08042605363691958,0.04816464114878156,0.057047886850759594
1010,STOCK_1011,Manufacturing,0,26.321192165826286,0.29138032753162935,0.2206113593568462,0.12165802470129039,0.31187594284704556,0.13966276964639246
1011,STOCK_1012,Others,0,7.4708701389288255,0.3476386859897104,0.1689423735077224,0.08239913602233061,0.2015942884342204,0.1402055924454297
1012,STOCK_1013,Real Estate,1,23.174844207310723,0.4605860018356663,0.12,0.039531377932809156,0.15610582597947292,-0.11050396783812227
1013,STOCK_1014,Consumer Discretionary,1,514.420552236808,0.16023249594060224,0.12,0.08468139307276529,0.0733044077790461,-0.09414047147600761
1014,STOCK_1015,Real Estate,0,14.94687352014918,0.3256389793915443,0.18855272524835226,0.10336320875169316,0.25082388810532835,-0.044091298321918534
1015,STOCK_1016,Energy & Materials,0,16.93317274893588,0.4781581522150757,0.2876526644100095,0.11940427203840683,0.08165329780036945,-0.08815540314833804
1016,STOCK_1017,Others,1,0.11964615182953982,0.2549065983068221,0.33522973866821737,0.22004384738046956,0.15930921097861053,-0.12564640891920428
1017,STOCK_1018,Manufacturing,0,88.53085166356385,0.36296914027795074,0.23939782850266336,0.07270238636832366,0.11607475772261241,0.16132781048734282
1018,STOCK_1019,Energy & Materials,0,25.869284898661668,0.25550988233650646,0.25842284548288164,0.13275635857905896,0.0650973774229304,0.13622689335784918
1019,STOCK_1020,Consumer Discretionary,1,20.692285667176517,0.7233963478477208,0.5314578504052636,0.08376942346171741,0.14695950720772483,0.31470197422552315
1020,STOCK_1021,Real Estate,0,27.16949747433494,0.32217456253317445,0.1,0.11945086259060819,0.1903477237621675,0.4279292431713602
1021,STOCK_1022,Manufacturing,0,157.2021846799765,0.4934574820585187,0.4331161207196283,0.0835429452410158,0.12792013020714568,0.046182474311452504
1022,STOCK_1023,Healthcare,1,60.70824495368356,0.4575966414117756,0.12,0.027939743143635593,0.2732513616527514,0.06683410465797769
1023,STOCK_1024,Healthcare,0,136.5700163951541,0.5931479140542161,0.47830752307775504,0.0945609560881108,0.18180334552410554,0.11629041735649467
1024,STOCK_1025,Information Technology,0,436.01651599503873,0.2538485120011151,0.16364459696182845,-0.008926763459727646,0.21173378145027866,0.1997218239979478
1025,STOCK_1026,Others,0,50.29197562395818,0.11430777865419717,0.2049433720840506,0.09564589944505857,0.13907518755106718,0.05055346202782616
1026,STOCK_1027,Others,1,102.50383461782314,0.499935710584219,0.819886101539677,0.08181102852326334,0.06200776589920222,-0.0176434116631254
1027,STOCK_1028,Healthcare,0,76.67855254120596,0.5688350809779323,0.45219654322566505,0.1052025168867631,0.18139807342513478,0.09817988846814577
1028,STOCK_1029,Consumer Discretionary,0,7.223060069387664,0.39193344671217845,0.3556309879235232,0.12094031760534886,0.0995366977228792,0.06446085464342323
1029,STOCK_1030,Others,1,54.80802172933917,0.6210685264607095,0.12,0.0314507567392155,0.06494211537376231,0.24437754389111982
1030,STOCK_1031,Others,0,201.68373706434582,0.25707780200455366,0.1,0.10965580602001623,0.1808161306100425,0.211667860716653
1031,STOCK_1032,Information Technology,1,1647.2054330741296,0.1,0.2721002180973805,0.05317213580944027,0.13610886629475885,0.14606032233447983
1032,STOCK_1033,Utilities,0,25.2122793298077,0.5571558389336979,0.2228559989076974,0.10276041240508235,0.13356934453741132,-0.3813188716020925
1033,STOCK_1034,Real Estate,1,17.317102090997178,0.3394112932353024,0.12493534200044215,0.07104454245730972,0.11236734545866815,0.13648139743601392
1034,STOCK_1035,Financial Services,0,211.8402524240194,0.13160735657518804,0.5102008017454479,0.012007198776404875,0.11277341555918734,0.11375799196922622
1035,STOCK_1036,Manufacturing,0,27.74055345264388,0.17259341856122842,0.22872356826219872,0.13026630128331565,0.15976655528025616,0.11344887443595898
1036,STOCK_1037,Manufacturing,1,915.9000659136118,0.1,0.12,0.1367343009963781,0.16869895168734977,0.12235882649696803
1037,STOCK_1038,Utilities,0,27.13390591934491,0.5394751329130323,0.7824396816273984,0.09920879406688321,-0.035917091057486035,0.2503899409387392
1038,STOCK_1039,Manufacturing,1,224.44722704900755,0.46114692516465156,0.19576050571464032,0.09839190966994484,0.1347851334089799,0.13008055392416437
1039,STOCK_1040,Manufacturing,0,222.3329615673817,0.5207156328733519,0.440116245018219,0.12237078565750498,0.08494787955033707,0.14667484329598873
1040,STOCK_1041,Real Estate,0,168.2013805043024,0.1044302566510203,0.13827378616916805,0.05772645566165638,0.13877103967530674,0.3227511680666841
1041,STOCK_1042,Others,0,503.8965065051409,0.607285570759456,0.31537428454309707,0.08775735093412351,0.14445202023815124,0.16563796425313804
1042,STOCK_1043,Manufacturing,1,79.06379234546063,0.37211089389322277,0.1733070779575025,0.11586617469633943,-0.025748552141629293,-0.023711389842884255
1043,STOCK_1044,Real Estate,1,26.770731516736063,0.2666312938261764,0.257536140962853,0.09003925851958293,-0.014076477669267813,0.08094931915297432
1044,STOCK_1045,Financial Services,1,53.96962487933469,0.38168771529128903,0.28192381421585777,0.12147746101125774,0.19413667784077715,0.09471382024684619
1045,STOCK_1046,Utilities,1,92.45920380199865,0.1,0.20168266710021338,0.03494299743990648,0.06197716169783226,-0.1317955056836688
1046,STOCK_1047,Consumer Staples,0,38.82731778007681,0.1631226500026806,0.2888216985260475,0.08417936826922387,0.16778883837863995,0.20282403352861872
1047,STOCK_1048,Consumer Discretionary,1,127.47333261220015,0.3361300752830152,0.425148268838259,0.08096537646130653,0.02550956294090802,0.07246887268188741
1048,STOCK_1049,Energy & Materials,1,49.1246779335158,0.6274518518932345,0.6789751570945209,0.08056431115801593,0.1225399006099034,-0.017501566055095327
1049,STOCK_1050,Manufacturing,0,2.8645088383336663,0.139964235320913,0.1,0.05852091772041417,0.011359195276679543,-0.020626540626756614
1050,STOCK_1051,Consumer Discretionary,0,15.127851404955976,0.18888090138541067,0.13219403663052676,0.05057025077188628,0.24942613788543844,-0.061046739995990466
1051,STOCK_1052,Healthcare,0,23.172619305286208,0.680109925819803,0.4338303565931455,0.031579364314499994,0.0950904606983205,0.10729972059666373
1052,STOCK_1053,Real Estate,0,148.7213942681036,0.51318359627853,0.41819150657037407,0.08844957157071655,0.05329992465298243,0.2814795056179053
1053,STOCK_1054,Consumer Staples,1,146.57285737366607,0.1331317413806585,0.12,0.11026892779067608,0.16242338872527548,-0.15992086999374625
1054,STOCK_1055,Real Estate,0,563.3836493132893,0.41507610006904627,0.4174139413460463,-0.01515716029868391,0.1632339202024343,0.01904263762272637
1055,STOCK_1056,Utilities,0,0.5514651011544448,0.22557548532483435,0.16373266261943073,0.017495566245303833,-0.008969082522035174,-0.03495531008425224
1056,STOCK_1057,Healthcare,0,161.5787958844703,0.6709766152639335,0.13638928221695612,0.1277048830187988,0.1422180525067608,0.11816718140435806
1057,STOCK_1058,Consumer Discretionary,0,204.1544617867628,0.24563456708241654,0.5721255699280211,0.2450485947150764,0.2864554008344238,0.058364830349442794
1058,STOCK_1059,Energy & Materials,1,723.3152530873862,0.24633112446962596,0.37519806106960213,0.12324791029188381,0.06429711336704624,0.19874368417586386
1059,STOCK_1060,Energy & Materials,0,8.405859470980515,0.3192910962356913,0.3465497973557263,0.04324188449665166,0.27536624081321603,0.204981062249912
1060,STOCK_1061,Manufacturing,1,420.25074062818004,0.36884529311157055,0.12371030934334501,0.12658650254854245,0.2773739970242516,0.06372308319371958
1061,STOCK_1062,Manufacturing,1,48.475594579331386,0.3510394371882871,0.12,0.10646414960155738,0.1181775495643932,0.1814442417093239
1062,STOCK_1063,Consumer Discretionary,0,8.043044108226875,0.1,0.5055025637094005,0.057825678049087254,0.22941284109209298,0.05401435326164214
1063,STOCK_1064,Consumer Discretionary,0,42.07764671305516,0.41354942702775777,0.1288229376812665,0.029820676591927914,0.08409142722602331,0.06898656595267234
1064,STOCK_1065,Information Technology,0,114.5300472895611,0.4726348408126703,0.23446638273029333,0.09889411411406157,0.10421679287039448,-0.31863325204816817
1065,STOCK_1066,Energy & Materials,0,15.753225470695822,0.3000556691259237,0.24828922640961823,-0.02102967501661693,0.13137545081130478,0.1050571405436828
1066,STOCK_1067,Manufacturing,0,30.82281710174068,0.430468182816632,0.18297309467659068,0.1091343480840809,0.013416410118272914,0.050826509573166145
1067,STOCK_1068,Energy & Materials,0,10.752062851556957,0.6817742883744604,0.11457669418058311,0.09658609733116441,0.17428861272561524,0.101701392732975
1068,STOCK_1069,Others,1,9.809519935744529,0.645302252634031,0.6255678180583543,0.06986601624644129,0.24685433384806071,0.2033907090267466
1069,STOCK_1070,Healthcare,1,76.50411574527841,0.44824889950264674,0.22080543355693247,0.0835423198026142,0.2841207571268465,0.2559925603942571
1070,STOCK_1071,Information Technology,1,70.10048351076149,0.1,0.3083285232721163,-0.03182131017525819,0.1315224721583381,0.0627177716438807
1071,STOCK_1072,Information Technology,1,47.52252029597949,0.9119298034776394,0.48569332185867786,0.08932709106013123,0.04086763856056106,-0.002071517793284564
1072,STOCK_1073,Consumer Discretionary,1,338.99763785060844,0.597071219517602,0.22697102920625917,0.09182434730732908,0.04578285661725052,0.08891981887594032
1073,STOCK_1074,Information Technology,1,60.31827174997012,0.4706925075514943,0.20009387355952124,0.01608435898230906,0.23059466727243463,-0.14165190072458275
1074,STOCK_1075,Financial Services,1,20.740006461415625,0.4359018348795541,0.5180921820335104,0.13544901192635514,0.12160218718432239,-0.10020365638367663
1075,STOCK_1076,Manufacturing,0,30.872808699872802,0.3141978640237865,0.15737398437328853,0.03692906809512221,0.24990749954154057,-0.23263507001840714
1076,STOCK_1077,Others,0,38.03748757221373,0.31192448921401206,0.16204861267011553,0.12261815674001787,0.118293409469513,0.3123994371972171
1077,STOCK_1078,Information Technology,0,1.6487545084885982,0.1,0.2558957866958653,0.09556761915070254,0.13662707066912563,0.0002111941629361508
1078,STOCK_1079,Real Estate,1,10.480074741145422,0.2926000979954962,0.401248270689498,0.12334105429583288,0.05067435564596027,0.1123518402942119
1079,STOCK_1080,Healthcare,0,2006.08479652221,0.34891054498289964,0.2541469854124869,0.11406171599974999,0.005658649626308378,0.18370029370371446
1080,STOCK_1081,Healthcare,1,18.254087482017,0.38509783485618027,0.39607370855924084,0.06629918430904516,0.13184459311126517,-0.03647256151839829
1081,STOCK_1082,Manufacturing,1,186.0833698786529,0.48657014856290015,0.13362127351857858,0.10036985888221853,0.0450394415003114,-0.13941076549876227
1082,STOCK_1083,Real Estate,0,80.88148473804172,0.23479822083916713,0.17104784330497108,0.022625479246311246,0.3184520734009714,-0.014544469938075196
1083,STOCK_1084,Manufacturing,0,9.83207299895695,0.9069219951986698,0.2114996902460507,0.12954980898624752,0.09447496641722399,-0.07719806029885948
1084,STOCK_1085,Consumer Discretionary,0,2.1334760717867907,0.4787943662636709,0.11612417827608175,0.0282201012610037,0.20694907917774688,-0.19747463657157988
1085,STOCK_1086,Manufacturing,0,207.87939853803263,0.39314905071657813,0.31020307316405754,0.10597444370740063,0.22350541526517806,-0.05632239730266201
1086,STOCK_1087,Manufacturing,0,20.67802866927506,0.47220643565063375,0.17706139258953857,0.06522418533722409,0.24052229090498134,-0.048887712899066786
1087,STOCK_1088,Others,0,833.3603902797659,0.4190491679106685,0.18997671482470954,0.062139885436965414,0.11109164780915909,0.028476659371368805
1088,STOCK_1089,Energy & Materials,0,986.1941209962358,0.22052430580689286,0.2682132185299632,0.07124217728202199,0.07290466404245807,-0.017069962906205237
1089,STOCK_1090,Real Estate,1,18.238825705976687,0.7786032384206147,0.12,0.06278183346615697,0.11372906402164856,0.0945812380276094
1090,STOCK_1091,Others,0,1.2948773807334202,0.2503249086956483,0.47151911881097364,0.07606140852915501,0.2655261752156644,0.13013623687232356
1091,STOCK_1092,Information Technology,0,10.16217850609524,0.281126591729212,0.1,0.033883797186613177,0.05693525881800292,-0.07052447366698532
1092,STOCK_1093,Healthcare,0,127.95359659549355,0.44084020274478103,0.2199535989042881,0.08708523583269659,0.22874331394692082,-0.0929953078151533
1093,STOCK_1094,Others,0,64.29118033292384,0.22129328863371642,0.34575977032179345,0.06819812142232294,0.1811156290972373,0.05326206927683503
1094,STOCK_1095,Information Technology,0,6.089433781646473,0.7197226106972898,0.2818267295788144,0.018382124783932835,0.1661536328547434,0.007735807456260889
1095,STOCK_1096,Manufacturing,1,912.0547816424559,0.6038421165904545,0.3527170480122958,0.11002548986135936,0.036577995459486465,0.09048715969581005
1096,STOCK_1097,Utilities,1,25.26167356948006,0.3295454073982025,0.12,-0.007598176735279091,0.2641478420508712,0.19164192217919856
1097,STOCK_1098,Healthcare,0,10.047871068072693,0.5785620057452817,0.2769468403587376,0.10370674005915488,0.15287329068744268,-0.1468374823075999
1098,STOCK_1099,Manufacturing,0,1.8002765761692203,0.2587472724947412,0.459746186873639,0.07104482231836746,0.23271286059863405,0.12888642095689665
1099,STOCK_1100,Manufacturing,1,16.84894279836439,0.1,0.2817124390739578,0.13508602432945396,0.028857107263178562,0.31514572791247497
1100,STOCK_1101,Information Technology,1,28.48615658146322,0.4728835544510767,0.5618633147690775,0.11347426775873586,0.19952016316050225,0.06987727463488774
1101,STOCK_1102,Real Estate,0,2.4134239160199367,0.3408148454398475,0.240634810732873,0.10267142446111747,0.3074285606629926,0.08171482366764606
1102,STOCK_1103,Consumer Discretionary,0,543.8051670785445,0.2559603969941037,0.45836587139567264,0.10220329889616804,0.14671560383992313,0.0030138050189134477
1103,STOCK_1104,Consumer Staples,1,87.78408260841599,0.5535958745721471,0.12,0.1122956007709601,0.17900224507732304,0.10128730313525464
1104,STOCK_1105,Utilities,1,4.61343980943802,0.7834267776754367,0.8790266193927972,0.03222990674467237,0.051999339619169124,0.01818075303426704
1105,STOCK_1106,Others,0,19.678758796317073,0.2899471640143136,0.38674343951953755,0.09180920776489451,0.23803633048338352,-0.15701356594926977
1106,STOCK_1107,Manufacturing,0,5.8164881811724065,0.6302751096448748,0.2620998597810467,0.10119661558067741,0.16572245575205935,0.26817689555189594
1107,STOCK_1108,Real Estate,0,466.35549143251876,0.6988076945453652,0.1,0.09807995170727513,0.1462850492150012,0.026102768198390684
1108,STOCK_1109,Real Estate,0,8.144767897723636,0.37875264311763185,0.1,0.12259417046885225,0.022724974561927874,0.02312713099334137
1109,STOCK_1110,Real Estate,0,161.67127851316536,0.1792798753959866,0.3226540534320022,0.07801789610525434,0.06807389331466886,-0.07967478911654403
1110,STOCK_1111,Consumer Discretionary,1,15.202145348695902,0.1,0.3248214727184333,0.034099586744265005,0.23602722070072496,-0.1083225842229622
1111,STOCK_1112,Manufacturing,0,375.0662667713501,0.5842148133811568,0.36258626615154743,-0.010502156126400916,0.23611003688563054,0.09829922576175666
1112,STOCK_1113,Financial Services,0,38.64617726590268,0.1722858911142838,0.10707064374617728,0.1514867633095035,0.14093002108646166,0.09691765595648755
1113,STOCK_1114,Manufacturing,0,122.26934141142613,0.6213034664388397,0.2329888916863168,0.0644360358060232,0.05132192870618863,-0.01730906971731313
1114,STOCK_1115,Manufacturing,0,2.428694405857888,0.6187455109179164,0.2728166371703514,0.08805924611259293,0.08577326274257019,0.3604420626114429
1115,STOCK_1116,Utilities,0,17.10740606539095,0.3432244646114695,0.1,0.11486753723190336,0.13535376040288905,0.3798219690215552
1116,STOCK_1117,Manufacturing,0,21.69071773064952,0.1295570951429168,0.4652170990393589,0.07394170535984976,0.11586295109535633,-0.07091416061828074
1117,STOCK_1118,Utilities,0,25.733419863449523,0.793658725296413,0.1808772294132051,0.08864849039779135,0.15570993958068285,-0.03603457432020209
1118,STOCK_1119,Consumer Discretionary,0,40.944538416508614,0.35347739196837796,0.678687859522131,0.010507646697137355,0.0020177167009284,0.03532282023057451
1119,STOCK_1120,Others,1,13.731693390866345,0.3359677891770664,0.3495565746770637,-0.0015935291566490945,0.14473261756139713,-0.042606904556856263
1120,STOCK_1121,Consumer Staples,0,7.682229193576314,0.1,0.1,0.07298567458259084,0.21383154229051826,0.06256032377995892
1121,STOCK_1122,Consumer Discretionary,1,111.50030800101534,0.4880731379286781,0.5964848925908333,0.1463995294091976,0.04450356548559391,-0.015752590611776467
1122,STOCK_1123,Others,0,137.53603462597405,0.20415215710510953,0.3052743881312257,0.1278963432668119,0.12330614655016024,0.14324507474979195
1123,STOCK_1124,Information Technology,1,30.810015864754973,0.5090211081350615,0.5550488935484409,0.0744983287870145,0.0008051036287821953,-0.12958073411005747
1124,STOCK_1125,Utilities,0,54.03173244095942,0.2571446986144395,0.13986345211400772,0.07610761092278381,0.12902165960680542,0.13922377825675245
1125,STOCK_1126,Others,0,116.2306415562304,0.5467599243128498,0.6967270532775715,0.11875722753057154,0.18868823652995992,-0.08645089788821551
1126,STOCK_1127,Consumer Staples,0,905.6741006427103,0.6795406980448645,0.1007380131934307,0.17664783453763305,0.17573505263631126,-0.023569483289761193
1127,STOCK_1128,Consumer Discretionary,0,12.703976049242492,0.18867364690926994,0.3064801188187347,0.06635583486201861,0.05284657514722257,0.07653103188511862
1128,STOCK_1129,Utilities,0,2.899735052314125,0.5573470750346289,0.5536843787431567,0.09223639590800084,0.25084433426791175,-0.1408024112318256
1129,STOCK_1130,Financial Services,1,39.00489888898733,0.5754869021690118,0.31910862127455675,0.04041378630554524,0.07022980157148886,0.2903296160057824
1130,STOCK_1131,Energy & Materials,1,771.9557598505752,0.564441178465576,0.6980193229419874,0.05180417651928946,0.10348112188271487,-0.010286956432547496
1131,STOCK_1132,Others,0,1.629302712179235,0.3112572719111523,0.21007465147874257,0.14115564725341517,0.04222754772841262,-0.12632948919328488
1132,STOCK_1133,Others,0,35.206398779225346,0.4323983103663918,0.1,0.13623999884889443,0.10421715335924486,0.06321159426064345
1133,STOCK_1134,Healthcare,0,195.60404192250937,0.5362312303423017,0.1297754235630796,0.09669188095386817,0.1607860145285855,0.16941280863173
1134,STOCK_1135,Healthcare,0,210.75175314327285,0.27709362120247016,0.3140582795647456,0.023354905362908324,0.026701741760371392,-0.039259706140811326
1135,STOCK_1136,Utilities,1,83.13049852806463,0.6287954178915586,0.28015587635820455,0.11330124277724693,0.18576494274448135,-0.07890786928188974
1136,STOCK_1137,Healthcare,0,5.218510067091454,0.1,0.38056900508091857,0.14952397386023242,0.08101176486319524,0.04067987568161178
1137,STOCK_1138,Others,0,1381.3287139100273,0.7019963591618353,0.35349443914869816,0.1007573866464918,0.13812172321933344,0.22034408714770026
1138,STOCK_1139,Consumer Discretionary,0,9.02241581336832,0.589018147825703,0.27989234261166024,0.13579236374683232,0.08806126245623189,-0.1868365588399114
1139,STOCK_1140,Healthcare,0,30.10341390794793,0.10609485781661238,0.30313060660556934,0.10734008941692942,0.23477589863691098,0.039822730826507634
1140,STOCK_1141,Healthcare,0,82.07824518003797,0.5389074430980278,0.34507313828654035,0.10474356001008119,0.2013464711210281,0.1540992180410714
1141,STOCK_1142,Manufacturing,1,15.564697058355263,0.3797737523838761,0.16828668038863065,-0.022986261343926458,0.1333434931624794,0.3577839803507035
1142,STOCK_1143,Information Technology,0,18.14219140248705,0.6536680298673825,0.4765015083196676,0.0827537819157356,0.2044824297252571,-0.018417182484925656
1143,STOCK_1144,Others,0,75.0299768143487,0.49248478882389096,0.5445018184148691,0.07078770105729763,0.17338842275637426,0.08716684333341448
1144,STOCK_1145,Healthcare,1,3.6614847711446625,0.30864051954958527,0.17187024205334145,-0.009647528864209684,0.15740930239553966,0.1141521007021886
1145,STOCK_1146,Manufacturing,0,15.961689553479333,0.759974150509436,0.36426726594504866,0.10733746769820618,0.21996301114821487,0.24996405564403396
1146,STOCK_1147,Utilities,0,7.148110521490685,0.39526943486935834,0.11818111041595818,0.07446754257845827,0.22528730881941933,0.1365462009395151
1147,STOCK_1148,Consumer Discretionary,0,53.638866112154936,0.8543800129662559,0.43963712625734297,0.08053394316175058,0.15380892586513012,0.019791634735942094
1148,STOCK_1149,Information Technology,0,206.20833313558575,0.31305800557833297,0.3420057555277159,0.06395124153004043,0.08518569818409735,-0.005211459478848746
1149,STOCK_1150,Others,1,3.786933161403757,0.5064410743996934,0.42678183781543305,0.08561883408139474,0.20238986724100658,0.1451217951205916
1150,STOCK_1151,Manufacturing,1,40.88062128001841,0.5691479369701732,0.3250402937854559,-0.028510950015105296,0.046793299951130664,-0.02113908428923033
1151,STOCK_1152,Others,0,65.10175516364725,0.14180629909604095,0.40545840458730775,0.06049359045132751,0.11590834945426924,0.257268800283765
1152,STOCK_1153,Manufacturing,1,10.877801497913037,0.8204530959845284,0.12,0.06614620559720245,0.07348299525916593,0.03347312035624762
1153,STOCK_1154,Healthcare,0,0.26175418595533667,0.39959117001693584,0.1,0.06341261039500308,0.11893688417018831,0.25242713295690317
1154,STOCK_1155,Consumer Staples,0,22.941500398608618,0.1992024466416271,0.4205019160659644,0.1484325393449957,0.0601542556542666,0.048862183876037635
1155,STOCK_1156,Consumer Discretionary,0,10.777118497524992,0.20477940393133603,0.2623431837977455,0.1212303645961014,0.17603976505265306,-0.053190657358990895
1156,STOCK_1157,Consumer Discretionary,1,45.636412660158044,0.3165402102672677,0.1382982469398483,0.16203761291363789,0.14493074390459398,0.15679454376465643
1157,STOCK_1158,Financial Services,1,346.00351295166143,0.28248436777537334,0.5487479649800231,0.015979209829170476,0.005461624278020658,0.48362505141040946
1158,STOCK_1159,Healthcare,0,184.00380035427628,0.5129113825999589,0.4079651996405593,0.08588119920374214,0.21897207803829732,0.2568311990402298
1159,STOCK_1160,Utilities,0,8.791947875497105,0.224024618026071,0.347875345669334,0.008119873194422226,0.018957171713834698,-0.012769491314980504
1160,STOCK_1161,Manufacturing,0,20.184619371594078,0.7471680894115127,0.4163291153697041,0.1523535150867357,0.040806774958116084,0.028426795419444997
1161,STOCK_1162,Manufacturing,1,138.60422843926966,0.5876004667819882,0.34330170210794114,0.0849351984207669,0.04322141321336528,-0.1895534967294574
1162,STOCK_1163,Consumer Discretionary,0,7.433022626101342,0.36800527321775434,0.8,-0.002495769601387706,0.13550472066648944,0.059039887109529295
1163,STOCK_1164,Consumer Discretionary,0,157.59683264538012,0.5553791075425204,0.28669358604382217,0.016663964893421274,0.10391296515197054,-0.1255429887664268
1164,STOCK_1165,Real Estate,0,583.0465748992123,0.21174262452563872,0.5417954102502213,0.09387266288279603,0.17316419315153458,0.17621600851115357
1165,STOCK_1166,Manufacturing,1,28.58739947796478,0.20644813897228884,0.12,0.09100155020346966,-0.015767691463156434,0.21625000996250257
1166,STOCK_1167,Information Technology,0,23.65417797941169,0.36994845462358816,0.7678868796352297,0.01505855909505927,0.054863625809169925,-0.02551130087769807
1167,STOCK_1168,Energy & Materials,1,83.27367931513133,0.5331475594840683,0.4891338051896978,0.1549346158664134,0.19338933195822786,-0.16756095553584488
1168,STOCK_1169,Financial Services,0,81.60211512041991,0.7502653162836407,0.1382680184983722,0.12069464067694984,0.09438643934234194,-0.021042829184352477
1169,STOCK_1170,Others,0,8.17088556053637,0.20038638864180267,0.1,0.06574621285471255,0.11531143393740223,0.02389461422290356
1170,STOCK_1171,Manufacturing,1,97.78648183756991,0.6637693019397538,0.2749866271325067,0.07158973546839424,0.07700748968769489,0.17619384529127258
1171,STOCK_1172,Others,1,78.60262884688007,0.437186753588429,0.3858379815174196,0.023057251634649993,0.07772392016796874,-0.08704706189258957
1172,STOCK_1173,Healthcare,0,317.8442709921593,0.31447181598444396,0.23715182829337375,0.14497503835032935,0.03242463647781029,0.06324399458903471
1173,STOCK_1174,Others,0,6.7718445642241685,0.45298219434945414,0.13941859738594947,0.14730467762216368,0.17735036278555613,-0.2238127388377388
1174,STOCK_1175,Consumer Discretionary,0,6.044087346330015,0.3698218554137475,0.23100349689482003,0.10331988746238062,0.08805359816798304,-0.23387724131039656
1175,STOCK_1176,Manufacturing,0,21.71946757630577,0.24766988273260174,0.5155954441489481,0.01015087028278046,0.12905280091142265,0.17919618053604883
1176,STOCK_1177,Manufacturing,0,66.47016815388021,0.2164606101587031,0.3475547975362071,0.06278992011674979,0.1594087589450442,0.1279143881772098
1177,STOCK_1178,Others,0,1903.2147409798845,0.3080437786727222,0.27555542151748313,0.035048844313761915,0.049257917091166566,-0.01308314125023334
1178,STOCK_1179,Others,0,43.3429596091022,0.7635945792864686,0.1,0.08812492551245443,0.09279841675012343,0.04875936424144148
1179,STOCK_1180,Manufacturing,1,51.869889098667976,0.4005744782577484,0.24439774574022483,0.11120045660564101,0.3005401977735013,0.08410568269176927
1180,STOCK_1181,Energy & Materials,0,61.58630759756705,0.6479266769946641,0.2726791032700232,0.13983088680024103,0.0897445051914167,0.13213239809007404
1181,STOCK_1182,Others,0,94.37220890604175,0.3693787510783212,0.34429317763482914,0.07529938779495375,0.11689389690751234,-0.06433899435290572
1182,STOCK_1183,Consumer Discretionary,1,295.6585163529731,0.59998615963158,0.26767500694961105,0.13410420985765165,0.1307187379154658,0.03835321013748534
1183,STOCK_1184,Healthcare,0,149.2250124601327,0.5647421789421133,0.4171087582259614,0.15058232519597792,0.055413647766287995,0.47978488680463566
1184,STOCK_1185,Consumer Discretionary,1,49.6245413791588,0.3151637048491892,0.7707358549610389,0.1089404554892278,-0.05633387083300147,-0.18932992435852602
1185,STOCK_1186,Others,0,13.529365197958926,0.4438469476738354,0.37726534445142024,-0.022737734621644266,0.048782452634892615,0.1295034235527446
1186,STOCK_1187,Manufacturing,0,43.34711042693897,0.3769863657318902,0.19150993475963954,0.04481566172540013,0.06061762515930103,0.17168844046607495
1187,STOCK_1188,Healthcare,0,27.6418107020519,0.49113334889035876,0.7118315081320612,0.06669813744281268,0.0668888395509467,0.1720600978460747
1188,STOCK_1189,Energy & Materials,1,204.2834743375037,0.546521623123435,0.1884624133825366,0.015842547729165463,0.029610318677386643,0.003241096095929726
1189,STOCK_1190,Manufacturing,0,121.04611492517915,0.6259341148273889,0.28895874354832185,0.07211387774650496,0.18447496995894805,-0.08958768516856393
1190,STOCK_1191,Information Technology,0,66.69459073321892,0.24412578710339297,0.19099157246426163,0.12224529613108544,0.17346665836849287,-0.1094228366393106
1191,STOCK_1192,Others,1,3.3662512297961777,0.133731918231078,0.4069162914307661,0.09276700500454654,0.18750630195884996,0.007299759681643244
1192,STOCK_1193,Manufacturing,0,394.43660213677214,0.5149095613613404,0.24893860304175522,0.01804359880488659,0.1446940235244493,0.12996839594541187
1193,STOCK_1194,Energy & Materials,0,26.511412299757307,0.3159095413313512,0.39280866770694517,0.013210701880756763,0.0948031670036204,0.006907291848934751
1194,STOCK_1195,Real Estate,1,401.9597277682667,0.29833702705582427,0.5574566693010893,0.0676196426041077,0.058483206986016605,0.07690278002405605
1195,STOCK_1196,Real Estate,0,29.276508350000256,0.7805560115676078,0.25418216775225594,0.12388157356301335,0.0685822724893829,0.1305857189100446
1196,STOCK_1197,Manufacturing,0,21.35119852579494,0.715790554425293,0.34549670240727587,0.1191057802488193,0.09768064797690738,0.2886427291121217
1197,STOCK_1198,Energy & Materials,0,7.96281547107976,0.7117325587453974,0.4814396617301307,-0.010796599800991144,0.13674614811934963,-0.015853258966267606
1198,STOCK_1199,Financial Services,0,69.94898609540844,0.43059883171356134,0.3220824275957473,0.029118037408311044,0.1542215155480489,0.01819816457406641
1199,STOCK_1200,Healthcare,0,49.36624039724466,0.3630080959537003,0.2656786490856273,0.0710116182835877,0.2755214120000353,0.11507481075645669
1200,STOCK_1201,Information Technology,1,43.625675606615076,0.3830662584772148,0.12,0.07715569252287195,0.15102860347324765,0.1830865217503421
1201,STOCK_1202,Consumer Discretionary,0,20.20314616279588,0.17722185568138235,0.2120322419561361,0.008616749476620127,0.12055397768349714,-0.07851438085820887
1202,STOCK_1203,Information Technology,0,18.44039753756691,0.36163007390833646,0.26247424483771015,0.12225215336552464,0.09186606057249828,0.3520956343334513
1203,STOCK_1204,Real Estate,0,30.46608857961503,0.5829736639937705,0.2613249386529909,0.02783982994054564,0.04928080808623988,0.02696857055488839
1204,STOCK_1205,Manufacturing,1,3.558467777027535,0.7307084181073117,0.23832202580370704,0.18501978054778354,-0.11006187421026202,0.042268733164358085
1205,STOCK_1206,Information Technology,0,594.2247074039094,0.655073324189681,0.1,0.07414723384573679,0.14408009871347804,0.1460651641716877
1206,STOCK_1207,Others,0,38.915987438744004,0.501675977223823,0.13723674084916995,0.030842843686657417,0.09544047632932785,0.14770880205539105
1207,STOCK_1208,Real Estate,0,9.34279147956878,0.24217082793269504,0.5274268558934656,0.10218084003206943,0.20448332851668435,-0.1664327433704932
1208,STOCK_1209,Manufacturing,0,823.9143264065005,0.7487991332108133,0.2888562024181508,0.049265610373128856,0.05812680587079872,0.1572559166564685
1209,STOCK_1210,Utilities,0,1466.3265806086488,0.24755000889234288,0.4638273233090825,0.09800990681666082,-0.025579091192974017,0.22035334337955895
1210,STOCK_1211,Others,0,11.380982614268492,0.2259441316187107,0.3631621297441821,0.07006070093857339,0.07634756845099323,0.1768024118588684
1211,STOCK_1212,Healthcare,1,12.830729385247636,0.4727964203186213,0.1515596520890507,0.09826953921810716,0.11116934554831717,0.06730020647441286
1212,STOCK_1213,Manufacturing,0,4.02902888298332,0.591351116511527,0.21739405991902133,0.12563748899569233,0.17970220748883278,0.1951186761042453
1213,STOCK_1214,Real Estate,0,198.58599331710013,0.6618068023638899,0.1850212810960401,0.0692636303104746,0.061325986654620884,0.058349051755738846
1214,STOCK_1215,Others,1,15.644581600754137,0.42733227991167533,0.33990352572846777,0.08907627483733238,0.0703788562665857,0.10406210275109981
1215,STOCK_1216,Manufacturing,1,160.94492138217132,0.25210841070669404,0.42091316227626635,0.045244866896173644,0.1454527461927908,0.12204718474235603
1216,STOCK_1217,Healthcare,0,8.461713892643743,0.6769515485425041,0.4411765486726895,0.11516208644112062,0.24729722327058348,0.1414162010868843
1217,STOCK_1218,Manufacturing,0,129.20725158213378,0.16110689335725234,0.42107541763420914,0.1359933314967873,0.13255189929588107,-0.0673921442865138
1218,STOCK_1219,Others,1,388.35087512303056,0.1,0.12,0.10642309459118549,0.15464371028831572,0.10698573735010673
1219,STOCK_1220,Information Technology,0,4.088428760106736,0.3724426507658548,0.31213940494826575,0.13900096563479863,0.20607472981606395,0.08186379589914859
1220,STOCK_1221,Consumer Staples,1,41.39807780603889,0.13325696668783668,0.31445294791853134,0.12578699095787724,0.2407637490090105,0.12511904723114586
1221,STOCK_1222,Manufacturing,0,29.009102347714524,0.2795535449896063,0.16969962542040543,0.18487719575235326,0.04199828920491886,0.1736632170312275
1222,STOCK_1223,Information Technology,0,18.057888651042195,0.20723798897833395,0.41953662375489664,0.022586158280271145,0.2154084963981853,-0.11945098488153177
1223,STOCK_1224,Healthcare,0,20.993331838052473,0.30137031398553765,0.15981570127743883,0.14412460186373013,0.1713696803101267,-0.05394776412500669
1224,STOCK_1225,Consumer Discretionary,0,7.491049208609408,0.22793040426848232,0.5714605173700718,0.17489340378995621,0.18607617671407567,0.17145145410751153
1225,STOCK_1226,Others,0,134.47939986476686,0.3374488684580211,0.4236487579452381,0.11147470779997956,0.09597454859476218,-0.11676550693960135
1226,STOCK_1227,Consumer Staples,0,36.82943890385479,0.858816519787886,0.15471711822251738,0.07980121643567085,0.07014557477535488,0.29543760994216184
1227,STOCK_1228,Energy & Materials,0,517.8425417515973,0.13817204673904926,0.1833748569152285,0.1315658030966746,0.272374390566531,0.05903076088814403
1228,STOCK_1229,Energy & Materials,0,16.843084569216174,0.1,0.1,0.1352830363891585,0.0848307077586395,0.08999732997955305
1229,STOCK_1230,Financial Services,1,32.57433241781697,0.42438133748945855,0.23646695163649736,0.04886635113415611,0.08060447100702266,0.12900680863253344
1230,STOCK_1231,Healthcare,1,263.3690098759555,0.652141967383524,0.15949454985598666,0.11752480162628676,0.2992489696139426,-0.06188767713829005
1231,STOCK_1232,Manufacturing,0,76.68588347713089,0.5047628341719353,0.4737691492928836,0.14839847010126003,0.042587485736918285,0.014510883349994083
1232,STOCK_1233,Others,0,7.751801800072146,0.21323737751273092,0.3781854329161023,0.04999902091730195,0.13061476953064616,-0.022567780903381837
1233,STOCK_1234,Consumer Discretionary,1,292.42480275485764,0.27672273282224763,0.3140986057088625,-0.04247960189457164,0.08767444397980213,0.16325205555570294
1234,STOCK_1235,Consumer Staples,1,7.512150529834859,0.32396322223877044,0.14093448452631976,0.0647131534184618,0.16391028124162668,0.0008864281529134538
1235,STOCK_1236,Energy & Materials,1,12.263483498641019,0.6609488322259733,0.12986729484778683,0.05438755764088928,0.07939749251793851,0.18511508578651026
1236,STOCK_1237,Financial Services,1,5.929737221294356,0.39102146805934535,0.14110444130413258,0.059109538920787054,0.28482732350694656,-0.10020707075493607
1237,STOCK_1238,Manufacturing,1,76.97792486648031,0.2626738800106714,0.48307631526040873,0.03316313223469918,-0.015225522070176084,0.11265017313372741
1238,STOCK_1239,Others,1,305.7477533559366,0.33332245452731146,0.28580636466632237,0.05468071927517488,-0.004284577835827353,0.13300150291038287
1239,STOCK_1240,Consumer Staples,0,81.55709854474193,0.2619902833331362,0.42422038656487576,0.12873045557110854,0.015925325538875292,0.07646301019133546
1240,STOCK_1241,Consumer Discretionary,0,16.59513855784217,0.6800448436793937,0.21457338710005858,0.04358638369905792,0.15125771007384808,0.0652293264167183
1241,STOCK_1242,Healthcare,0,41.8735264821012,0.28889630615728734,0.2232461589489766,0.1409966487768242,0.17557639763736366,0.23288055154954887
1242,STOCK_1243,Real Estate,1,21.98108869009816,0.47427057725859495,0.4573667968005872,-0.018590758386597003,0.2141426705739457,-0.2098501260317111
1243,STOCK_1244,Real Estate,0,48.214696936485375,0.4801312965771909,0.14378968302221803,0.026527800680222154,0.02481674831873881,0.0392747780580151
1244,STOCK_1245,Information Technology,0,33.2785771340825,0.6653855275481598,0.41517009052937687,0.0930209303385548,0.22164043048275164,-0.10068334297433268
1245,STOCK_1246,Real Estate,0,6.927828733118353,0.40397836331208464,0.2784543015733773,0.030259695319510706,0.10671217895863185,0.2347649119597786
1246,STOCK_1247,Energy & Materials,1,32.34842685972585,0.49472938226723173,0.4800766829745772,0.008975135709088705,0.08587820415279253,0.16906610602733177
1247,STOCK_1248,Healthcare,0,317.77741367863115,0.592184359031185,0.2877221600307132,0.11879405470406221,0.12697088684398464,0.24354161069801442
1248,STOCK_1249,Manufacturing,0,2768.7386097049707,0.7011219474289566,0.1,0.03404901044655291,0.04155629383069578,-0.10569464886277327
1249,STOCK_1250,Consumer Discretionary,0,90.13092934912737,0.5937800182028807,0.25369332605645245,0.02902610841711632,0.14838614636165112,-0.2725963358206795
1250,STOCK_1251,Information Technology,0,118.72976825156356,0.4655053794966157,0.2600302123845789,0.06431290825508822,0.041004485274413076,0.030354299062038678
1251,STOCK_1252,Manufacturing,0,22.649348307939146,0.2881499203334344,0.4606946305567846,0.14261003277772893,0.11515384477988354,-0.10889664952085526
1252,STOCK_1253,Consumer Discretionary,1,7.375225681649468,0.5406134993234784,0.3678718543718426,0.042892678810783874,0.11842799902388088,-0.3459235499657405
1253,STOCK_1254,Consumer Discretionary,0,15.297679258850819,0.367821501371471,0.2835771272455333,-0.013173640795415305,0.11770923800033337,-0.01325506302837133
1254,STOCK_1255,Consumer Staples,1,85.10160294489319,0.10771736626721891,0.42319401727725653,0.11666242362815017,0.22402476366309568,0.06943645958921767
1255,STOCK_1256,Consumer Staples,1,30.105774476183868,0.30190925844979305,0.12,0.04719046316819229,0.14417792358062748,0.06821159318075577
1256,STOCK_1257,Consumer Staples,0,13.423525200835394,0.561237475580111,0.5609610858613058,0.11079775445220277,0.1307152236744466,0.2578052033652353
1257,STOCK_1258,Consumer Discretionary,0,71.15976071183712,0.44680044411260905,0.38969587815251255,0.12908949182845347,0.09263965853794191,0.5003962311957164
1258,STOCK_1259,Utilities,0,223.6340091938108,0.24827552484865614,0.3451737478870912,0.08341416379693194,0.11782918139046858,-0.07471518071996135
1259,STOCK_1260,Consumer Discretionary,0,358.7073718280606,0.4712416824369747,0.40308837307291234,0.061760470919324774,0.06627913242066413,0.052631591606611454
1260,STOCK_1261,Information Technology,0,58.13129204371528,0.3099731526598151,0.34793513343259663,0.09774649616963249,0.11344615401227547,0.1937009470267197
1261,STOCK_1262,Manufacturing,0,19.276835899798638,0.32118309240724463,0.26633942951519,0.1137232712245549,0.04855371195160141,0.010517417225972539
1262,STOCK_1263,Healthcare,0,50.70283010085015,0.6001662486558481,0.6623338063319371,0.15848637696205384,-0.012192366831421556,0.17547361969059097
1263,STOCK_1264,Manufacturing,0,16.339740422021727,0.500311897370627,0.488509178548932,0.14311133769626716,0.37838633014476225,0.1986830486359953
1264,STOCK_1265,Healthcare,0,15.301546213921709,0.20749618285198132,0.36707984222653744,0.09061217439730732,0.14685572657237936,0.28557925291612557
1265,STOCK_1266,Others,0,0.7880599982581472,0.5911275247650363,0.17218270999423943,0.1409862936460465,0.11074772536116792,0.11083940771995165
1266,STOCK_1267,Manufacturing,0,27.780766142404588,0.3745053735192904,0.36097902274342325,-0.018514430802608204,0.07144917906263097,-0.2986862801882008
1267,STOCK_1268,Manufacturing,0,423.1936218132776,0.510859347617776,0.24746315004059596,0.06089692563226408,0.02082524513055902,0.20413375125231908
1268,STOCK_1269,Energy & Materials,0,29.771328373086536,0.20881151715167837,0.1,0.04401674154122136,0.22386752768842838,0.1307713648880601
1269,STOCK_1270,Manufacturing,0,171.70301467840667,0.5685551871865366,0.573233569982092,0.12022054854617883,0.20673721633130904,0.06093993598726108
1270,STOCK_1271,Consumer Staples,0,6.2349179239504915,0.3123781644252193,0.6077746048692861,0.09562424990986519,-0.022302538393214676,0.01111535731711888
1271,STOCK_1272,Consumer Staples,0,864.5909981439902,0.2506869390406532,0.43903480823959323,0.19909911847042916,0.13819738143045587,0.15819959440972695
1272,STOCK_1273,Others,1,4.460131226422896,0.42840172642918717,0.12,0.05533210154707435,0.1272000226381859,0.004207910295814365
1273,STOCK_1274,Others,1,140.02147465677592,0.6826175658456918,0.22555130747012667,0.09531438253231983,-0.06943514123469005,0.21375890889378438
1274,STOCK_1275,Consumer Discretionary,0,28.895864231865556,0.1,0.3029838206012588,0.08178877426478927,0.1049266522473019,0.1223495058807909
1275,STOCK_1276,Others,0,151.9854478584041,0.1,0.24427349526553252,0.07108178013932596,0.1594494021772804,0.20337909097874698
1276,STOCK_1277,Manufacturing,1,14.7438241838722,0.2626460708489857,0.24669635705538462,0.022177986318429203,0.17001827766984817,0.23467137705750088
1277,STOCK_1278,Information Technology,0,1259.057731083399,0.31049096214211486,0.64449664022762,0.11879487744957327,0.08191919999833189,0.04533075043736957
1278,STOCK_1279,Manufacturing,0,195.8749942656202,0.7030294413282996,0.1006813393560247,0.10482004984893475,0.16290320500523747,0.2137701906836372
1279,STOCK_1280,Consumer Discretionary,0,11.664287515934449,0.18014051337215833,0.6068322733198528,0.09815610080927237,0.11369392964212362,0.07197852536539556
1280,STOCK_1281,Others,0,23.969565602989753,0.227345032790228,0.32391205748036556,0.12166278162993767,0.04804416189922604,-0.15643328610865403
1281,STOCK_1282,Manufacturing,1,11.226776473073832,0.26750495543231945,0.20307084307657364,0.10759681699415362,0.025935121572864168,0.03741246774376083
1282,STOCK_1283,Consumer Staples,0,1.1506333782438616,0.1,0.19947540948277295,0.08371494813873571,0.02422667258478158,0.3109484554267429
1283,STOCK_1284,Utilities,0,13.043602736401605,0.30889391028191204,0.2995963596477406,0.17139717357324297,0.14681009064589312,0.11469027055572477
1284,STOCK_1285,Information Technology,0,120.24635262759996,0.23298025590117688,0.33971123107321055,0.010665211286621906,0.058186128747163425,0.17794473463504173
1285,STOCK_1286,Consumer Discretionary,0,57.36826209957833,0.4720141179941555,0.1,0.025715213400167896,0.12499575813305033,0.14258603905523967
1286,STOCK_1287,Utilities,0,5.34779957506824,0.1,0.11658437760953559,0.02574104739339425,0.08877859752547054,-0.027024558318677956
1287,STOCK_1288,Manufacturing,0,101.69652139942858,0.11024576839223266,0.26379292472831073,0.10759846816924504,0.28288342662720894,-0.0025349454179083774
1288,STOCK_1289,Consumer Discretionary,0,26.70131982588447,0.14023704202165183,0.1726041458321742,0.04773034527059449,0.14207886795364316,0.3730908242690441
1289,STOCK_1290,Manufacturing,0,13.097281905635246,0.46079143043551757,0.1946818891181594,0.16863615508779425,0.23504229774986096,0.07033119592706538
1290,STOCK_1291,Utilities,1,262.2444494619232,0.27628158962905786,0.39935848471987134,0.09901509012224143,0.13818510363938544,-0.1035588298211158
1291,STOCK_1292,Energy & Materials,1,381.41576810467586,0.19287211358038095,0.23141883470489638,0.11530470670359401,0.26237295096701513,0.14339811505352082
1292,STOCK_1293,Others,0,13.294420526366135,0.5342302510391623,0.1,0.08598849907703741,0.11774664732403589,0.05517210735835789
1293,STOCK_1294,Others,1,56.46838836614117,0.4866833833139864,0.34499770514499334,0.024988781015957057,0.09545346044891241,0.06077147108127741
1294,STOCK_1295,Financial Services,1,10.601359255728411,0.1,0.2812866676761089,0.12689976725455981,0.12490749313926909,0.013180294868806916
1295,STOCK_1296,Utilities,0,32.030855251684976,0.5135353821860446,0.21003997355686976,0.11357709667257439,0.04914780817973877,0.09773818769982671
1296,STOCK_1297,Consumer Discretionary,1,240.36238685381605,0.4013291878796636,0.5860501668456529,0.17830171412323034,0.18413117735229537,0.15656010017881647
1297,STOCK_1298,Consumer Discretionary,0,9.45071439261298,0.11181046488171492,0.23389213502250875,-0.001080071145224511,0.13950749379948052,0.0224356001684518
1298,STOCK_1299,Financial Services,0,11.10254902119393,0.5224509143471526,0.16885854093630487,0.07352415384684999,0.3772757794489332,0.13325993435436678
1299,STOCK_1300,Energy & Materials,1,8.964567917490893,0.461363819071062,0.2849881778411447,0.0561863488616311,0.18447147682657003,0.09183286925640392
1300,STOCK_1301,Information Technology,0,56.72657517880087,0.3526573610540324,0.228192866497984,0.08554723991226673,-0.09019398504258419,0.13069787557243762
1301,STOCK_1302,Consumer Staples,0,66.44748724595607,0.3027080958643426,0.19503432005630733,0.15664145488312695,0.24017553737185543,-0.05966008106998826
1302,STOCK_1303,Manufacturing,1,154.7874480185399,0.2670562707556132,0.4029061179889948,0.07020628067484176,0.18642935640342587,-0.050846502689065924
1303,STOCK_1304,Consumer Discretionary,0,10.828419080474708,0.44598493677539,0.1,-0.0041863846655667185,0.17847674930508348,0.21965603728455252
1304,STOCK_1305,Others,1,97.81504814783139,0.12927958885942528,0.2748854190388828,0.04732247651970931,0.1088285087006735,0.08396552041678211
1305,STOCK_1306,Real Estate,0,157.29171147618655,0.6439225762634679,0.26889133270187227,0.08530622036065902,0.056260782135350476,-0.12030050088085381
1306,STOCK_1307,Consumer Discretionary,0,78.97644468395009,0.3094654862036586,0.4687999292555662,0.1152815616902565,0.05442745906932214,0.10819997719711484
1307,STOCK_1308,Manufacturing,0,54.03151481027739,0.22980947205952476,0.28120913749829307,0.08582370386459948,0.09659870451605265,0.16064889781333858
1308,STOCK_1309,Consumer Discretionary,1,59.27760610451526,0.20361372726692348,0.13534220411392178,0.12975263733285228,-0.04659775813621374,0.2630152594361626
1309,STOCK_1310,Others,1,1.7511447706667649,0.2942797105542438,0.12,0.01127849465765191,0.1338313347830154,0.344336215984284
1310,STOCK_1311,Healthcare,0,20.62798112558469,0.6274536196956021,0.19750590070354188,0.13937527602563277,0.19324238333797944,0.2496075255760747
1311,STOCK_1312,Consumer Staples,0,58.349999938580574,0.19976394615515522,0.1402473974528787,0.05224493626904159,0.1510619403941147,0.5069781775105721
1312,STOCK_1313,Real Estate,0,4.1751215590935375,0.27233194958552376,0.2803278673426426,0.04310508324408451,0.1904810677732162,0.2228877617260079
1313,STOCK_1314,Financial Services,1,15.597107833565069,0.24923730148802142,0.31457036709105834,0.07163860153255365,0.085841570279459,-0.1050024963111994
1314,STOCK_1315,Energy & Materials,0,18.51210236815034,0.30053038159415607,0.1610190809148917,0.14348146102917023,0.07587780799186962,0.06794092023522016
1315,STOCK_1316,Information Technology,1,43.520531045372834,0.5951984935395023,0.3824277230911929,0.17414328748201846,-0.007360676569492018,0.12780080528736715
1316,STOCK_1317,Information Technology,0,19.188731497830844,0.13165268363968768,0.1,0.15891683476693508,0.2098464319472511,0.04814024707689417
1317,STOCK_1318,Manufacturing,0,16.6770019266189,0.5161436022878094,0.7274334097972459,0.10293614226010332,0.2357603694068048,0.2507877455133549
1318,STOCK_1319,Energy & Materials,0,13.556463194617207,0.19972699871470656,0.3281730655812146,0.11248029567501582,0.2287817514662651,0.0532936864860622
1319,STOCK_1320,Financial Services,0,71.49101669058396,0.38124218547685856,0.43388784699673905,0.07739624180285098,0.13886920525996566,0.23272727188995015
1320,STOCK_1321,Consumer Discretionary,0,42.87281767188942,0.2953576632098813,0.5864567435419603,0.10642725468944818,0.12250947328797668,0.06953069327352254
1321,STOCK_1322,Manufacturing,1,8.266907797335149,0.4980635198913248,0.22298483277641776,0.10412091123623766,0.15789853286149258,-0.03046801323391801
1322,STOCK_1323,Manufacturing,1,63.52238283942336,0.5153776171168328,0.12,0.11674156384326008,0.11463068899719109,-0.06489108296082724
1323,STOCK_1324,Consumer Staples,0,124.2809390522621,0.684617675682209,0.1398623726353041,0.07037398844645552,0.05416410993101141,-0.1595254654956609
1324,STOCK_1325,Manufacturing,1,210.47891254601296,0.24605242636570152,0.2386334910767107,-0.015311034079655114,0.07892093089807571,0.2614121404975149
1325,STOCK_1326,Utilities,0,12.407875595519185,0.9438580552333037,0.29687545304284746,0.05426573082876155,0.1318257672242596,-0.31971450686670067
1326,STOCK_1327,Consumer Discretionary,1,46.38614558459494,0.39074584520918176,0.6862546667972695,0.05602597722848195,0.09238902156187276,0.024594871476593873
1327,STOCK_1328,Manufacturing,0,167.04685630906226,0.1,0.1425593903797997,0.09875911562255425,0.15637381927540642,0.1427097514167363
1328,STOCK_1329,Manufacturing,0,27.70800268236963,0.3249084847014291,0.11782465815357439,0.06626185119545018,0.11769916995918177,0.11343008830981899
1329,STOCK_1330,Healthcare,0,33.872909264778635,0.39004675317598003,0.42559699162658055,0.1692669568348406,0.05151991717804443,0.006114517447844513
1330,STOCK_1331,Utilities,1,20.80612075080354,0.28777276336194185,0.850836749887078,0.037901173546894915,0.08446660629090287,-0.044763365803592754
1331,STOCK_1332,Manufacturing,0,5.9989094234570715,0.20765455594892604,0.1189159388472735,0.0930771145212907,-0.0404644977291256,0.24203294180902535
1332,STOCK_1333,Manufacturing,0,107.48481476855349,0.3653152260095427,0.1,0.14405381960455907,0.16168031172839226,0.12060737497994539
1333,STOCK_1334,Information Technology,1,53.27916150052954,0.24629492594895258,0.2439640706590099,0.16917500066481447,0.2128969121929291,0.30121157031803203
1334,STOCK_1335,Healthcare,1,74.45098595368937,0.39825811283768764,0.1707611322620602,0.17558494694302668,0.05324989505962096,0.0506229347734185
1335,STOCK_1336,Consumer Discretionary,1,2062.514666525394,0.7352946313498337,0.30084654194173976,0.10089673303117543,0.2192751349907845,0.18695271393090301
1336,STOCK_1337,Manufacturing,0,3.6889730870389306,0.2245611888845449,0.25249660108729055,0.019335402197304,-0.0017146384731446032,0.13988947314210978
1337,STOCK_1338,Consumer Staples,0,14.573026785919708,0.6478594737479998,0.30609942181594196,0.14884188114094313,0.041788253027615546,0.2143316162518416
1338,STOCK_1339,Manufacturing,1,3.296799096773661,0.236550236595826,0.4267088652263176,0.0623028758736514,0.06599687908644256,0.2396241774846545
1339,STOCK_1340,Consumer Discretionary,0,37.714395204194176,0.4129446569222645,0.5246824327298157,0.12204094528378556,0.14050887869907724,0.14755940422827288
1340,STOCK_1341,Consumer Discretionary,1,40.99580093697497,0.14552756456557303,0.568065148589435,0.11932392594803988,0.18592692644354109,0.105473074256441
1341,STOCK_1342,Manufacturing,0,20.063863815344323,0.36819659986126746,0.5367704667480959,-0.02017652097060799,0.03059311659013406,0.29214611603929064
1342,STOCK_1343,Information Technology,0,22.86741933927423,0.1,0.37467123419999343,0.06904003896127293,0.0839465457945594,0.3989403041613717
1343,STOCK_1344,Consumer Discretionary,1,384.0543304273858,0.35484305530397686,0.4509311699246558,0.09515252118100749,0.07905052791251858,0.29191628406471143
1344,STOCK_1345,Healthcare,1,21.171504512801363,0.18703937700010095,0.19812099403942093,0.12283438946593063,0.12936328284650106,0.0965740389925147
1345,STOCK_1346,Healthcare,0,240.71327314850978,0.1,0.41923873442956033,0.07004149049698036,0.07061607441935637,0.16478632212930294
1346,STOCK_1347,Information Technology,1,6.459247258801257,0.47789204232575133,0.6582932580466762,0.05146462736380913,0.04152232651791397,0.2026532004267232
1347,STOCK_1348,Consumer Staples,1,160.39002212695206,0.44057516993453827,0.12,0.0645428257925529,-0.04130354483385326,0.10732452124852376
1348,STOCK_1349,Manufacturing,0,120.67323867352972,0.3146172051668288,0.4115628128010569,0.15528444246710402,0.18099943468382454,0.018407501604357897
1349,STOCK_1350,Consumer Discretionary,0,46.90453166416952,0.29644058939975876,0.30483000904948443,0.08683526613786312,0.1156829871948213,0.12383490688238742
1350,STOCK_1351,Manufacturing,1,89.73845886352731,0.4047173093807151,0.26152327313635354,0.07181360235911646,0.05492362210168144,-0.16428817770048024
1351,STOCK_1352,Financial Services,0,5.171950007029561,0.6472432191770986,0.18001621809713986,0.01399707170461038,0.04379847509790058,0.26549050798024026
1352,STOCK_1353,Information Technology,0,70.63232828171155,0.7310566955938034,0.1,0.008465031419408136,0.12841469276511389,-0.10852655180751718
1353,STOCK_1354,Healthcare,0,21.256926561878835,0.12381823540715449,0.1,-0.02549539181347332,0.09736440197085126,0.14391123513081222
1354,STOCK_1355,Real Estate,0,56.73143253103831,0.5394303593833173,0.23510207038037242,0.0402250297699928,0.14626457404970672,0.2925954357383181
1355,STOCK_1356,Financial Services,0,4.075142966394546,0.3359342578846441,0.5653956562963537,0.03960609166924997,0.08690197419283001,0.1415723771327587
1356,STOCK_1357,Others,0,55.72848344610642,0.40665128597339106,0.1,0.10112590721708013,-0.05858314848628138,0.02851155154073396
1357,STOCK_1358,Real Estate,0,7.768964638385983,0.48468043538444733,0.3788361721632594,0.12745617945230928,0.17565276354392878,0.08397264340907243
1358,STOCK_1359,Consumer Staples,1,14.932278799548458,0.4819038563931843,0.1914347965432233,0.022136634481287183,0.14388197642748604,0.3647822103045251
1359,STOCK_1360,Consumer Staples,0,91.23086520562038,0.44471440532869694,0.7344017986658866,0.14577192309285902,0.11430751745634171,0.11148385780755052
1360,STOCK_1361,Consumer Discretionary,1,85.23857309509,0.2503303228497524,0.49456073447746957,0.056258810789476296,0.18025553552454188,0.05163206596394656
1361,STOCK_1362,Consumer Discretionary,0,295.9406298489776,0.6204451565905084,0.1,0.09726784303672531,0.12080035565983026,0.1772015159054171
1362,STOCK_1363,Information Technology,1,12.300120344954747,0.6127676072137871,0.30435128530608835,0.06144289615225635,0.12013755480453576,0.011564333105003887
1363,STOCK_1364,Consumer Staples,1,8.050539253165958,0.2281867350595176,0.12,-0.005910194777306151,0.08224062619013321,0.0024567101994727803
1364,STOCK_1365,Others,1,73.14667007904418,0.37071365207655477,0.7612621731786734,0.11906285954981288,0.21152741556330354,0.4105119681037495
1365,STOCK_1366,Manufacturing,1,16.02543151272681,0.27464439356736453,0.4579921321743616,0.01669020450181668,0.10130409491790571,0.14320849539763808
1366,STOCK_1367,Manufacturing,1,10.028810507244582,0.4913965029063473,0.4052362994283952,0.09848643705169711,-0.005128141078342406,0.09372251050372121
1367,STOCK_1368,Financial Services,0,97.2122836745219,0.5010535069712763,0.2334345202321034,0.0851104499870654,0.16967980526981882,0.47146693086956193
1368,STOCK_1369,Manufacturing,1,16.987176815698277,0.4107815538582094,0.19736179066474327,-0.015538521783606993,0.17630367070006547,0.004820505945527447
1369,STOCK_1370,Energy & Materials,0,98.80145977533186,0.31372526981536,0.2581837018008013,0.12883332476133097,0.20318098316838254,0.008757229984452585
1370,STOCK_1371,Consumer Staples,0,46.05356675020686,0.35369074149352603,0.30410348233481643,0.07572190791330707,0.21843874850866815,-0.14074959402306952
1371,STOCK_1372,Energy & Materials,1,75.97239368625814,0.7220832529106908,0.15446526679886172,0.0305646942212975,0.21514267627517145,0.26001587490494477
1372,STOCK_1373,Others,1,8.288734691031134,0.6275054096600068,0.7119380862367849,-0.009412374294210941,0.15943598483735755,0.011186809294075341
1373,STOCK_1374,Real Estate,0,178.42295088858404,0.5786355702496193,0.16483202272369338,0.046719721104543886,0.17507987724632976,0.02346007383704069
1374,STOCK_1375,Manufacturing,0,325.3992304005442,0.7051485282074081,0.2819277547752071,0.11195784785196203,0.13009604044618372,0.2888386729183525
1375,STOCK_1376,Consumer Discretionary,0,322.80209851667905,0.4385549318823159,0.3927016500009716,0.17973669763541114,0.06607048167893709,-0.18109068057085836
1376,STOCK_1377,Information Technology,1,8.471480442613284,0.6061670886264214,0.12,0.1298398883063794,0.12984498932210276,0.1256381421879491
1377,STOCK_1378,Consumer Discretionary,0,465.6724445333271,0.5302476317305762,0.4319839342293509,0.17477512096962505,0.23380761582319814,0.13303422167429466
1378,STOCK_1379,Manufacturing,1,846.8807392330092,0.7437830863618867,0.23252552752547173,0.08875325233966945,0.07408522935406398,0.06139351024600419
1379,STOCK_1380,Others,1,147.57706672177272,0.5661972707444515,0.5683103852464589,0.00747908793839485,-0.007534614378032056,0.06454030066629286
1380,STOCK_1381,Others,0,5.362507600201504,0.26944090468032955,0.2914748598409846,0.10757492649978795,0.07290459802464062,0.11935672986254299
1381,STOCK_1382,Financial Services,0,805.0835981211336,0.1,0.1,-0.06162857453915414,0.09213532839647952,0.08885533905562666
1382,STOCK_1383,Manufacturing,0,27.927297305314724,0.1,0.2215957277324896,0.04113056157809207,0.08164324712396331,-0.09421017186961661
1383,STOCK_1384,Others,1,105.47436543241338,0.400379086232641,0.24878907424548408,0.09578111654141915,0.0756852252926206,0.1694054692694626
1384,STOCK_1385,Information Technology,1,6.227020025424775,0.3696532526072761,0.3211262030193197,0.07179242075958908,0.1745004985296675,0.20841015955045653
1385,STOCK_1386,Others,1,192.63981391776926,0.8686805655549938,0.2438343240734373,0.07315740357350697,0.10195500172952285,-2.064567795033223e-05
1386,STOCK_1387,Information Technology,0,23.03695247547224,0.31676332458440654,0.13283038033199007,0.07495098269203311,0.030251933999961848,0.04046128388448762
1387,STOCK_1388,Manufacturing,1,8.134722134915963,0.46379792939201603,0.29839275752951333,0.05184188892455379,0.3087920170648675,0.2022771120530183
1388,STOCK_1389,Manufacturing,0,24.611481758701668,0.6829411016059296,0.3389080687736866,0.14764010748402556,0.18070712450878632,0.028523683498642205
1389,STOCK_1390,Manufacturing,0,33.91513685875742,0.1,0.12085594093213076,0.06419103737121915,0.06421362732020329,0.014874706956745162
1390,STOCK_1391,Financial Services,0,7.044591603019775,0.21175041685014895,0.365525441439222,0.15935662257271918,0.10148992340079688,0.05659837117689884
1391,STOCK_1392,Consumer Staples,0,645.4337377585366,0.38340040443173035,0.7045999834120923,0.150234416566365,0.11514516534384635,-0.07629784228731876
1392,STOCK_1393,Information Technology,1,8.801974584960675,0.267219062961363,0.590950292902347,0.10861326864508264,0.18599072301830274,-0.0709578839515841
1393,STOCK_1394,Consumer Staples,0,343.64629662704573,0.13611630893876445,0.10629884246290688,0.12728645563251167,0.0944390040064772,0.13722917699027398
1394,STOCK_1395,Utilities,0,268.9965490431298,0.17103629793274483,0.5165495030752474,0.05904872075798521,0.019760019426528493,0.03187777687630766
1395,STOCK_1396,Real Estate,0,39.38681775724792,0.11874797165080099,0.18601520705927505,0.12954808061963266,0.18834538713390264,0.25376217760989467
1396,STOCK_1397,Manufacturing,1,256.55037650049604,0.4974776492844447,0.4343911457660484,0.11667592312356082,0.015297735641123513,0.20774251545087766
1397,STOCK_1398,Consumer Staples,0,5.906439130927034,0.6916442820005758,0.36424959114492883,0.13566051625221087,-0.017683770050373037,-0.08736243607214055
1398,STOCK_1399,Consumer Staples,0,127.95970962230349,0.27898479117198854,0.1986017543205165,0.1857671609581092,0.11606609725835577,0.37513742088523677
1399,STOCK_1400,Manufacturing,1,47.24556733881197,0.33339542128451194,0.24365367330514448,-0.004090722693317946,0.17801918803970151,-0.1445015411107987
1400,STOCK_1401,Utilities,0,275.20274918572863,0.4411320018674832,0.5127576840521433,0.0055837293240731094,0.10966641894684127,0.018414495217983006
1401,STOCK_1402,Financial Services,0,26.979680802020518,0.3360720323975719,0.1,0.15878409486126466,0.176176345113809,0.20341935619398863
1402,STOCK_1403,Consumer Staples,1,10.741798735880927,0.1875872942090577,0.26461485547620783,0.06486984882855391,0.05665710912273768,0.11894310947601619
1403,STOCK_1404,Manufacturing,0,76.68205689209813,0.4028576011596566,0.2720064794106816,-0.01149519305816977,0.13841322576057596,-0.01568933381235674
1404,STOCK_1405,Financial Services,1,94.77164746303019,0.1699159727137452,0.3161424026249206,0.11923870152634543,0.19739330809557526,0.001929363502412706
1405,STOCK_1406,Financial Services,0,15.626651722674413,0.26797457558057075,0.1380925764818224,0.11230755446780624,0.04481693533320764,0.08121254588565037
1406,STOCK_1407,Real Estate,0,204.47971579457973,0.37191442532137514,0.1,0.06715573854481173,0.08903575790130179,0.016442551252380498
1407,STOCK_1408,Healthcare,0,185.897048463672,0.1213125758609252,0.1,0.03701061790142522,0.23282498452725164,-0.020031800607608077
1408,STOCK_1409,Healthcare,1,2415.229721148878,0.2321823169317453,0.43334533907373907,-0.01421650094764225,0.0312553974001604,-0.2071322460120452
1409,STOCK_1410,Utilities,0,132.78177117791932,0.37909454081513394,0.1,0.056460125514606455,0.0692157853226091,0.1291437962785953
1410,STOCK_1411,Information Technology,1,101.82083058250517,0.6241311423232819,0.2521780806662759,0.040013887229451824,0.19402324397483983,0.2632339397282758
1411,STOCK_1412,Consumer Staples,0,15.598251544660025,0.3867852295817912,0.27834022356177646,0.060275699520878544,0.12389471079212348,0.12951905334993258
1412,STOCK_1413,Manufacturing,1,176.99684707282083,0.32805098646421754,0.12,0.14650666539689217,0.16079797925667172,0.2955443269982461
1413,STOCK_1414,Information Technology,1,1.2410581810300458,0.24944476153687126,0.5895050194258112,0.08845834374142655,0.1679119687776613,0.2541949955610194
1414,STOCK_1415,Financial Services,1,122.63550266001289,0.4168672690400672,0.6424577899663418,0.02166131035481746,0.09675958715689832,0.21725473284531346
1415,STOCK_1416,Manufacturing,0,56.40577276088673,0.6900941070890461,0.323156585588767,0.1159485019661052,0.23841556153913632,0.09324594823339809
1416,STOCK_1417,Healthcare,1,18.07655483226969,0.7050379322715731,0.22867091347414595,0.10732436395388667,-0.002969697815541508,0.05948682732975257
1417,STOCK_1418,Real Estate,0,1.6091599384552413,0.3504630452960191,0.18358099487806895,0.07455093843170534,0.17624441612720468,0.08401967291409045
1418,STOCK_1419,Manufacturing,0,10.614350984485894,0.6585471114282925,0.10502303657271626,0.08583053978161362,-0.08961257502780097,0.07044031104573126
1419,STOCK_1420,Others,0,44.782590379353394,0.544054722739893,0.1611010108083429,0.07515147411656789,0.040788888660461486,0.14503497278081917
1420,STOCK_1421,Manufacturing,0,10.932212957110469,0.666741973761847,0.3474461342063077,0.1080148750765921,0.24031493969330092,-0.1838613873487013
1421,STOCK_1422,Real Estate,1,73.74563161187339,0.48434745555595676,0.4410740621462089,0.10302829393007719,-0.006539457026763482,0.39636467361914074
1422,STOCK_1423,Manufacturing,0,23.53835035436302,0.33028904984674173,0.2591560670816823,0.07584559984252481,0.023753919139483107,-0.013105341702006033
1423,STOCK_1424,Consumer Discretionary,0,42.17855391107601,0.3804152938407936,0.20968516936369627,0.025806893097180577,0.09802825667736403,-0.05443755359563603
1424,STOCK_1425,Manufacturing,1,89.22938368325256,0.3902672168050841,0.4091222696325457,0.0748441593672397,0.16292795467418755,0.08647149637192367
1425,STOCK_1426,Healthcare,0,235.47012801505429,0.5129277379444268,0.29648974323218247,-0.012799237383157766,0.2073409091281163,-0.2229034510302495
1426,STOCK_1427,Financial Services,0,540.3355508395854,0.10108424391308532,0.21977391166641444,0.040643822483986694,0.15846526185513,-0.06358761109261513
1427,STOCK_1428,Consumer Staples,0,37.26853274494217,0.5106382487973747,0.23550552741376407,0.12516046670656159,0.04504046168639662,0.1284469586938036
1428,STOCK_1429,Financial Services,0,74.60001407352183,0.8357096327596689,0.3510419087807755,0.021823007972189074,0.20792584500431727,-0.14493699440956664
1429,STOCK_1430,Manufacturing,0,435.4457885342201,0.499079044781395,0.3672524676109277,0.04325163256616401,0.12995500783255548,0.07450360543302287
1430,STOCK_1431,Manufacturing,0,26.952158802465743,0.18667213672587765,0.34595524148997503,0.09960212909592667,0.13496812297778182,-0.020752418626646528
1431,STOCK_1432,Others,1,71.17633280400148,0.4038380146943121,0.1644688827249873,0.027310460132872732,0.18345805742480786,-0.05184307007582603
1432,STOCK_1433,Consumer Staples,0,10.468872033063867,0.6627529719616201,0.2046134888088113,0.10225093299542538,0.07866156499825168,0.025029610118242236
1433,STOCK_1434,Information Technology,1,55.84827545224482,0.33084865781047496,0.2551256439334092,0.040112925077175704,0.17484466905737472,0.14319483009610218
1434,STOCK_1435,Others,0,50.877324575611446,0.4696416395831626,0.20079455447657132,0.17054366167972462,0.10979936168726773,-0.006588974165233727
1435,STOCK_1436,Healthcare,0,34.82471706757838,0.12043595950964336,0.1,0.04578510102980664,0.21050392401997972,-0.14887688507077176
1436,STOCK_1437,Manufacturing,1,62.745883223208835,0.49135984230610563,0.1332643721225308,0.09713920219119795,0.15219129352225644,0.04192224384312094
1437,STOCK_1438,Others,0,66.36484059782767,0.25721596508228817,0.27946974684044784,0.0539072271051423,-0.00584068341196004,0.06946165131438602
1438,STOCK_1439,Information Technology,0,103.01670687639489,0.3240299747527823,0.3875816684253913,0.03456032664022135,0.11698065630331196,0.11789351043879491
1439,STOCK_1440,Others,1,20.499081859831303,0.21582496060808354,0.16785302731138396,0.02641754231658034,0.18172180247008954,0.05873795010429524
1440,STOCK_1441,Others,0,565.2017080898037,0.437462677603964,0.16116602609594177,0.07683523705671007,-0.026072087529008463,0.1145376410769285
1441,STOCK_1442,Financial Services,1,48.57016633816199,0.1,0.324208172266882,0.1516607425223637,0.18786537757636843,0.04840657497759262
1442,STOCK_1443,Manufacturing,0,253.66442791115455,0.4601977182119669,0.3409997173309961,0.1319280279056767,0.29023344598058054,-0.051730917791441094
1443,STOCK_1444,Healthcare,0,909.1611821086449,0.40973557487831674,0.23595554002788047,0.0930224962584759,0.11765555866628975,0.23322226792703968
1444,STOCK_1445,Manufacturing,0,102.9508509790476,0.5370112178734056,0.14994632662312476,0.14229295405941728,0.0781618319629483,-0.30377837305159217
1445,STOCK_1446,Manufacturing,1,140.99611657860402,0.35571089723302046,0.1464977837719844,0.08032847675436702,0.14486764044122205,-0.1934453181670548
1446,STOCK_1447,Healthcare,1,20.904975791584796,0.2595999015287255,0.20118949589953905,0.09041025543344187,0.008358825090169575,0.2904211052840664
1447,STOCK_1448,Consumer Discretionary,1,46.37638724725987,0.5137862682773747,0.4050546560645068,0.06549791561652683,0.00303737527279462,0.05921933486974927
1448,STOCK_1449,Energy & Materials,1,69.5736294229574,0.40245674272534826,0.29125970583133753,-0.01949188965630941,0.22357199394565533,0.029379573376535753
1449,STOCK_1450,Information Technology,1,19.189084203273556,0.42571169845601164,0.15281850757661175,0.03213161841419201,0.03361630832936741,-0.017047395552151037
1450,STOCK_1451,Manufacturing,0,18.186025080443045,0.5339924100497874,0.15585719871088358,0.07601291175511683,0.10473151116063448,-0.05485179269763628
1451,STOCK_1452,Consumer Discretionary,1,15.501225354264236,0.5898040697139881,0.7545551645722236,0.1189838257971444,0.0383633160632905,-0.029275207486056293
1452,STOCK_1453,Energy & Materials,1,2.268796601330991,0.5751042541811765,0.13478652575683156,-0.015845638223564214,0.0015536981311178198,-0.0689729181498574
1453,STOCK_1454,Consumer Staples,0,83.27343669961408,0.6698886989164609,0.10890540549448194,0.10860428412772118,0.2494628579966089,-0.006188341426510405
1454,STOCK_1455,Manufacturing,0,9.6218568171087,0.24957289946982586,0.20581094933972244,0.05607047241847037,0.2162524447949347,0.136325234181121
1455,STOCK_1456,Consumer Staples,0,54.10786823986969,0.3893570853556129,0.2264791222562604,0.07741862739891664,0.11089515581444867,-0.1947137936695536
1456,STOCK_1457,Consumer Discretionary,1,158.83525726378258,0.5638767468842334,0.16069823581409978,0.10240693637033538,0.15366105581533707,0.19951086889533468
1457,STOCK_1458,Manufacturing,0,2.5455238780411222,0.3557730953308393,0.18588047652207085,0.042456729143847495,0.009468071216557067,0.1170969641917739
1458,STOCK_1459,Information Technology,1,98.71146896916174,0.1,0.4027789925120565,0.06359823475905636,0.18387494623069203,0.0989239081546269
1459,STOCK_1460,Information Technology,1,11.54602765211711,0.7710187274867972,0.8228923345991986,0.07153091382707116,0.08855308929658558,0.07198439294445723
1460,STOCK_1461,Healthcare,0,6.149595192521021,0.25626432307909347,0.1,0.07701312150935077,0.09803924739017846,0.06775052833506504
1461,STOCK_1462,Real Estate,0,146.67079097539164,0.3484729138532269,0.2572020667450655,0.11370123554149064,-0.021025297774097326,-0.18021600787168018
1462,STOCK_1463,Financial Services,1,18.314142130483898,0.3590576074625029,0.22929431772389158,0.0736601812939647,0.23788030840239358,0.07074114934008335
1463,STOCK_1464,Healthcare,0,1.7630049414152196,0.6576433212338191,0.3689808175834655,0.0028202905778980923,0.11459432577690819,0.07421924395141066
1464,STOCK_1465,Manufacturing,1,34.26934065703177,0.1,0.15676723042837235,0.14381486947663036,0.05477875005123352,-0.10436608996649217
1465,STOCK_1466,Real Estate,0,76.2145667643477,0.1,0.11294765116646176,0.07285278177305843,0.18607816451496056,-0.13829344828954915
1466,STOCK_1467,Consumer Discretionary,1,20.167697862270103,0.2656706064524991,0.8315303486648639,0.07583110552050458,0.05582436356775149,0.20653649001247593
1467,STOCK_1468,Manufacturing,0,45.42140796778108,0.17056920065759518,0.44192215620244213,0.11052734683153441,0.12369992496524011,0.02822309166918543
1468,STOCK_1469,Others,1,32.62097698041468,0.3681624324223264,0.19414544317189175,0.07565896453560217,0.16343514096039102,-0.2784620847525018
1469,STOCK_1470,Information Technology,0,78.83030165214986,0.1,0.5318192548864933,0.08310291323526982,0.17185972346939266,0.08613020135386064
1470,STOCK_1471,Manufacturing,1,27.51384421300002,0.35031718860291206,0.17255211797242595,0.10595084903203396,0.1202554278714442,0.05279027343392785
1471,STOCK_1472,Manufacturing,0,8.841468033059401,0.6691561723338807,0.3093839241862956,0.0390998874840092,0.20750282108219548,-0.0730753273357505
1472,STOCK_1473,Information Technology,0,86.82212050546792,0.6686150038143629,0.22099045897845723,0.05572440743502817,0.13038965338121183,-0.17937869699497885
1473,STOCK_1474,Consumer Discretionary,1,387.67677018501774,0.49918552793376025,0.2586695573317923,0.0017263418842920638,0.18921056729279861,0.2594045986821613
1474,STOCK_1475,Energy & Materials,0,302.8714418806019,0.1,0.1619637845044341,0.14984319465261525,0.15767304508463614,0.2683236621217482
1475,STOCK_1476,Others,0,430.97926472105183,0.3425771322828202,0.39449482233426664,0.15235729139351337,0.1611014667521417,0.18627882340628055
1476,STOCK_1477,Manufacturing,1,3.3043206875589846,0.45031311761616194,0.19857975174601866,0.1902392804560575,0.07921697225036126,0.0824758580722032
1477,STOCK_1478,Utilities,1,137.0464611328807,0.1,0.3602190652415454,0.12233158105165777,0.15904101723214942,0.19439019080524847
1478,STOCK_1479,Consumer Discretionary,0,581.5144147508214,0.7734064152393227,0.13117824325884186,0.041725677293196435,0.1286774515871009,0.3812546996045729
1479,STOCK_1480,Others,1,765.1156386349095,0.5167003154548611,0.3846566624101508,0.07240210522210841,0.14710198591196869,0.054742858151697944
1480,STOCK_1481,Manufacturing,1,274.4389236734651,0.11147700570773605,0.15241676163281598,0.09551040681225817,0.11009477259235173,-0.035672364965824946
1481,STOCK_1482,Information Technology,0,755.802767503553,0.5051134520264688,0.1043880318368147,0.07463976439509257,0.15452868183012777,0.2703819033330875
1482,STOCK_1483,Manufacturing,1,323.71306059762,0.5710864634108759,0.4331723935221232,0.02283251341202866,0.1450093698774208,0.15078765880364006
1483,STOCK_1484,Manufacturing,0,9.004617227765467,0.5372263135888652,0.24731537522673466,0.16961606654962233,0.2324559209581428,0.03848699646472551
1484,STOCK_1485,Information Technology,0,12.626160018845336,0.1,0.4516035166660701,0.09916710698525641,0.2563179017385627,0.369477512897337
1485,STOCK_1486,Consumer Staples,1,32.70777967550679,0.49436007602667253,0.3004766474351705,0.16709308106950205,0.04813524541946369,-0.3649098696449521
1486,STOCK_1487,Financial Services,0,16.53795970382279,0.7948261994461694,0.1945046293552417,0.14763540823485477,0.08676806137320027,0.10985842335831891
1487,STOCK_1488,Manufacturing,1,129.59396800857678,0.4044973808932438,0.3517611747218758,0.18294928478971684,0.051573327777118025,0.24009629238588875
1488,STOCK_1489,Financial Services,1,115.39501413063064,0.7633521150324735,0.5560997693999956,0.06163737268661775,0.08789676512229343,0.14172275136595466
1489,STOCK_1490,Healthcare,1,5.277482430790668,0.4409391146379579,0.4918129335754322,0.09810680562745627,0.1344183059331717,0.14958631361278218
1490,STOCK_1491,Manufacturing,0,395.4740511009343,0.13799805612326246,0.483097050639909,0.129911955291517,0.22054164779786675,0.015287384502276168
1491,STOCK_1492,Manufacturing,0,15.251472349082306,0.19946695905989653,0.2634114820126859,0.07672858591868989,0.14774167223207196,0.18401164546594387
1492,STOCK_1493,Financial Services,1,14.988534772692766,0.5933299228036784,0.42448944741225086,0.11125978300048878,0.18603772335961083,0.1326035215627481
1493,STOCK_1494,Manufacturing,0,238.79414662930495,0.36573407531580937,0.11323175970164559,0.0762582117163351,0.046843040682302224,-0.022761396862730446
1494,STOCK_1495,Information Technology,0,39.04016283272736,0.3794589042380584,0.48528589959829893,0.14135800881283794,-0.05018476329397168,0.07253801139439602
1495,STOCK_1496,Information Technology,0,20.86179488874897,0.4479614086877116,0.1,0.09136724323557924,0.06684550439725338,-0.09125447423245213
1496,STOCK_1497,Others,1,443.9923700518255,0.7126287847556035,0.48200931362913785,0.12766774314611806,0.09063977610113158,-0.000992841759680133
1497,STOCK_1498,Others,0,82.9182762510661,0.37767264460684136,0.2502695226355493,0.09560397768921221,0.1784242997311343,0.11177089644810874
1498,STOCK_1499,Energy & Materials,0,50.85732855210895,0.1,0.4238029894729451,0.1353991255526822,0.07874100217892735,-0.09617771777614414
1499,STOCK_1500,Manufacturing,0,89.23489840687311,0.3088026724466038,0.3723541719950011,0.04711016152018925,0.22267087809930744,-0.11560189252555421
1500,STOCK_1501,Consumer Staples,0,152.5253243926156,0.4458360063849346,0.25451423756298364,0.14000227765853052,0.09830042099866002,0.44398488896528066
1501,STOCK_1502,Others,0,13.409487375279461,0.45519693902418895,0.3086855530236859,0.0652972918040234,0.17539596744353717,0.060783212301340636
1502,STOCK_1503,Manufacturing,0,13.639854358056132,0.28823258586775286,0.3338565287262994,0.12092043967157591,0.13919772724421423,-0.030070472460479794
1503,STOCK_1504,Consumer Discretionary,0,77.66196034988806,0.20012292296388218,0.20729029090138845,-0.023736791106127416,0.1714394523786667,0.064194981596794
1504,STOCK_1505,Consumer Discretionary,0,962.2574364637261,0.6902320397191417,0.38809828764702536,0.0743838441399215,0.17254928506476014,0.022858269533782345
1505,STOCK_1506,Manufacturing,0,4.215380336561696,0.37385977329451436,0.2669324740969081,0.05144603486157727,0.10857800374634453,-0.14165107082173375
1506,STOCK_1507,Utilities,1,133.48699216674686,0.1,0.5002877714530191,0.054973024570836596,0.1524283335463308,-0.1107871100601574
1507,STOCK_1508,Energy & Materials,0,31.80584955899992,0.384143317718142,0.1336611464155227,0.11135143329596095,0.2742359344193666,0.060010780058829455
1508,STOCK_1509,Real Estate,1,45.533233526593015,0.5651633219354489,0.3295861429689439,0.11619354374538429,0.08297355812557035,0.16086791630792338
1509,STOCK_1510,Manufacturing,0,189.9378738147104,0.42548489327033934,0.33758649341021135,0.04546560720783814,0.2149514462076718,0.26177769830194464
1510,STOCK_1511,Consumer Staples,0,64.616206680755,0.294272209592353,0.20259036547701956,0.15027143407679647,-0.012084271604953248,0.12226087645486262
1511,STOCK_1512,Information Technology,0,201.5427857608022,0.3022519215359053,0.17583770082099076,0.07246037625197863,0.18841512427142618,0.12708998373766034
1512,STOCK_1513,Others,0,13.568752437957517,0.3870141726201458,0.2188701331444195,0.1273167781432357,0.14897474576837552,-0.01873388484547275
1513,STOCK_1514,Consumer Discretionary,0,54.539825458868755,0.5565633397956474,0.1137311132771794,0.11207098844333585,0.06405449013946625,-0.11967806179888663
1514,STOCK_1515,Financial Services,0,92.2584495037138,0.6365139965283528,0.4664624638790102,0.06817926848606826,0.12512820519601803,0.0379095258730582
1515,STOCK_1516,Consumer Discretionary,0,62.74240392456872,0.46871480530006576,0.652364908306757,-0.02052890641809478,0.03559186957866524,-0.0021845794873040147
1516,STOCK_1517,Financial Services,0,23.750294127648942,0.529081049330282,0.2314587502505509,0.13635429127761167,0.22288400830907407,0.14504703949006512
1517,STOCK_1518,Healthcare,0,107.33552913954874,0.6507978935688865,0.4199980935460665,0.13347216377780113,-0.0792225366701063,-0.03997198904452217
1518,STOCK_1519,Real Estate,0,2.0449077431349756,0.5708881771408476,0.1979366101040829,0.11704501629341094,0.20040905795400696,0.11884121323130868
1519,STOCK_1520,Consumer Staples,0,8.628601274481625,0.25995327799561296,0.4511991534158772,0.10265257831309613,0.100850084604101,0.06654419566490367
1520,STOCK_1521,Energy & Materials,0,134.33813313482474,0.6005124790761196,0.13638278234888065,0.0375842806448798,0.1820636089582201,0.14713327975377738
1521,STOCK_1522,Others,0,2.4835809705359435,0.34600353137242756,0.38940906808866443,0.06374350008337853,0.0987370130480139,0.23399433111615894
1522,STOCK_1523,Manufacturing,0,11.631898727404648,0.5445106994408155,0.11344137322638494,0.029589314920917757,0.1324674412448833,0.0005991097997518646
1523,STOCK_1524,Manufacturing,1,68.4688268857177,0.6737874508486096,0.4098666154836261,0.09754997958848627,0.16431751405455522,0.11064322957557919
1524,STOCK_1525,Information Technology,0,31.816286069663754,0.1,0.5109146522645701,0.007636031340088938,0.061761507324324345,0.1451805543506311
1525,STOCK_1526,Others,0,111.4606372510987,0.6205565823716391,0.4897061587472041,0.08360641292378905,0.14574325779493397,-0.008223232582976461
1526,STOCK_1527,Energy & Materials,0,47.78745625344097,0.23427064388863675,0.2853856653327246,0.08557265986076362,0.35006319072757297,0.4703513557407961
1527,STOCK_1528,Financial Services,1,30.651662466140458,0.2603937723570473,0.1696005490418829,0.03464331751188223,0.15659205942333954,0.08084634785449257
1528,STOCK_1529,Manufacturing,0,61.96205041283345,0.5268900958614423,0.1,0.08937648801514653,0.1294422171155055,-0.03129424311990977
1529,STOCK_1530,Others,0,43.805497592878794,0.3454719684613356,0.21469574371393596,-0.025849088042415445,0.09575665432423398,-0.02183306706172907
1530,STOCK_1531,Healthcare,1,113.30597928675917,0.6682186685270608,0.3032581354318605,0.1996451754032184,0.1094639796912072,-0.028723238560637535
1531,STOCK_1532,Real Estate,0,1142.8989563223656,0.5157038268901144,0.1,0.05681880726950007,-0.01572660320340749,0.1316818404144077
1532,STOCK_1533,Information Technology,1,53.73284040164365,0.49740383355806267,0.3891735673132254,0.016194716314688544,0.20049925978493094,0.18283624595209258
1533,STOCK_1534,Energy & Materials,1,46.48245491284372,0.2927074592410547,0.603288571486344,0.008180229542742994,0.19408540745862762,0.059449336727922665
1534,STOCK_1535,Energy & Materials,1,27.135061486942615,0.29815299365301734,0.6864106163988349,0.062485673030299005,-0.06935751660050894,0.07142886321730833
1535,STOCK_1536,Financial Services,1,229.97099686964077,0.6825269122572674,0.19469578037759847,0.11201374742567008,0.17030510626662093,0.05257430309023978
1536,STOCK_1537,Real Estate,1,75.87078795633568,0.286920807880899,0.2051325441694076,0.05286515062978124,0.1810655561146518,0.07026379668118551
1537,STOCK_1538,Consumer Discretionary,0,45.396129397122124,0.6303002989757532,0.4479178809045054,0.1192958043451882,0.02390297448853896,-0.06566125115232864
1538,STOCK_1539,Manufacturing,0,125.81206337808747,0.4578475371724262,0.32445085045291666,0.0710029672307928,0.16326625683075932,-0.2929179704828039
1539,STOCK_1540,Consumer Discretionary,1,206.94726808748072,0.6570874282994996,0.5955867620710352,0.2062163483779835,0.050348901838511165,0.08099363845567889
1540,STOCK_1541,Manufacturing,0,3.448952730496119,0.7668755751631088,0.16041534381421682,0.0406874524407313,0.21015277477625752,0.1615608133267995
1541,STOCK_1542,Others,0,32.34530277863949,0.29424063838480047,0.3011331812774057,0.05170663840125922,0.0913629581416653,0.15612400261424564
1542,STOCK_1543,Healthcare,0,28.158464072002797,0.18083060487263233,0.15711141579611027,0.002958958088017842,0.13859428830402104,0.16725646605218514
1543,STOCK_1544,Others,0,11.568127264180054,0.123187873553203,0.1826929270131495,0.16414624322799357,0.1721782465287735,0.0703540835236178
1544,STOCK_1545,Manufacturing,0,16.16535229619497,0.1,0.1,0.0361255244632531,0.18949832102785588,0.502782184274366
1545,STOCK_1546,Real Estate,0,69.21735454529527,0.6678373648082142,0.20148487076601254,0.015552123275203972,0.15714428683860995,0.1731525499531544
1546,STOCK_1547,Manufacturing,0,13.92453971037441,0.2780192687879266,0.47294717719164286,0.07389073211156008,0.20605547424238874,0.1818057108062527
1547,STOCK_1548,Manufacturing,1,116.5333998294783,0.30861891206854325,0.260439360773285,0.06398621690843641,0.002060347692122708,0.4501413490810767
1548,STOCK_1549,Consumer Discretionary,0,6.985648060481215,0.29725381469624107,0.20387116915310677,0.11867244733183352,0.2429076117775495,0.04147984381132964
1549,STOCK_1550,Consumer Staples,0,93.37735603504439,0.2163915603093501,0.22274706019266188,0.09628446154557327,0.17811821722005158,0.0854083474748124
1550,STOCK_1551,Manufacturing,0,224.10159799113583,0.1,0.1,0.1279482221640149,0.011454067955741014,0.09685925877295443
1551,STOCK_1552,Consumer Staples,0,172.02296163933863,0.25692852620106066,0.2559898216455436,0.06561317696332045,0.20096896949731308,0.12420217136488486
1552,STOCK_1553,Information Technology,1,4.251511991987883,0.6975158020504086,0.4266810136970049,0.15688849769435562,0.02469117192669594,0.1470334874478585
1553,STOCK_1554,Others,0,28.3364737933372,0.2697805525471042,0.1339009292236586,0.06743985935703206,0.1266190337803903,0.24754637833462723
1554,STOCK_1555,Information Technology,0,19.925717186177415,0.5471464148940662,0.2831076928036172,0.07887940681030621,0.08382855859275339,0.2943798620321715
1555,STOCK_1556,Financial Services,0,19.529613740532128,0.3812220782169998,0.21395133598987456,0.11300204782854142,0.07567325438208446,-0.07027700809565818
1556,STOCK_1557,Energy & Materials,0,407.7195869487637,0.390994703097503,0.5413709677819522,0.15649989905406328,0.14944591572568622,-0.01258860176588679
1557,STOCK_1558,Healthcare,1,89.62458594362684,0.5641517276464898,0.18070208093789397,0.029483307488178075,0.17449296516769308,0.06422986135803531
1558,STOCK_1559,Information Technology,0,101.31586432680929,0.1394433054737263,0.1651827461521231,0.12298150471814685,0.06861402260004576,0.23684801109519504
1559,STOCK_1560,Information Technology,1,365.97225019249186,0.7584943478858349,0.16894174619845354,0.03263357388431324,0.171209068063345,-0.20091111986191718
1560,STOCK_1561,Consumer Staples,0,278.3889811129378,0.3363952278245746,0.1,0.08921042213255713,0.048827481316308714,0.2317782085472347
1561,STOCK_1562,Consumer Discretionary,0,189.46003169304532,0.6711672024258832,0.1,0.08608034072847319,0.1357393008362082,-0.18180144053874003
1562,STOCK_1563,Manufacturing,1,83.18258570495942,0.1940256979496809,0.4837831041250663,0.02261768005672821,0.02256017275549188,-0.21406934093611996
1563,STOCK_1564,Information Technology,0,34.169129638141186,0.31041082999144626,0.2629632544986155,0.07579123255967327,0.12567488304622285,0.23408717653570071
1564,STOCK_1565,Others,0,261.4502081323496,0.30925421981366036,0.2864225639827743,0.02182605355864505,0.10656671522657854,-0.016092624699950743
1565,STOCK_1566,Manufacturing,0,106.24082190262195,0.4255291115424615,0.42718939483164603,0.06894756586659113,-0.035962748090988414,-0.0870431326106803
1566,STOCK_1567,Manufacturing,0,30.024530070837958,0.4400954437124717,0.12578239905093175,0.15271382157177338,0.10597685670978771,-0.07825776540738308
1567,STOCK_1568,Healthcare,0,83.24433416886664,0.9090307128995004,0.38202076213695574,0.09146364770633761,0.10251227629459707,-0.36365599332444615
1568,STOCK_1569,Consumer Staples,0,6.301680536240397,0.34247447067105846,0.13619927450394465,0.036407038982596326,0.16326947561695326,-0.3246340384747237
1569,STOCK_1570,Healthcare,0,2.0490881225384916,0.6305308674277541,0.2923969196177992,0.045589627008437016,0.08145115880102836,-0.0866303540246221
1570,STOCK_1571,Information Technology,1,8.119605635625355,0.6093054721343232,0.12,0.19608573761562187,0.1849752598135091,0.18314541658646416
1571,STOCK_1572,Manufacturing,1,199.58149594829257,0.1,0.4051661339033298,0.05997843991748012,0.03454926143966442,0.03720392492185666
1572,STOCK_1573,Information Technology,0,44.96606230048218,0.3638224819406205,0.25940579973997807,0.07896932370380498,0.2353837318535979,-0.15831839052770288
1573,STOCK_1574,Energy & Materials,0,180.8248250773466,0.7674942062757804,0.64865905870741,0.11557368936914901,0.12741735219510952,0.13427109727014755
1574,STOCK_1575,Manufacturing,1,21.794118655283153,0.1,0.12,0.04696936043162805,0.09925629050192032,0.028381871313214357
1575,STOCK_1576,Real Estate,0,105.03623351668828,0.3164885907458834,0.6429463002654018,0.060234829222034034,0.15097784543345688,0.23668051242631033
1576,STOCK_1577,Manufacturing,1,27.521936854905178,0.1,0.6717850820640894,0.10661973611801227,0.16290889621082838,0.5712076058768991
1577,STOCK_1578,Consumer Discretionary,0,20.842218020527532,0.6218624094981335,0.16057522763039872,0.15758514964988854,0.057313655571070564,0.12559676674870812
1578,STOCK_1579,Healthcare,0,13.421113827223829,0.6847835822917283,0.1,0.06856827917685557,-0.021804987364270906,0.13627859773938825
1579,STOCK_1580,Manufacturing,0,45.30042723476415,0.7230537961908643,0.36159555902360807,0.1064072204113506,0.23240988704602175,-0.09515690732443978
1580,STOCK_1581,Healthcare,0,9.50268946419073,0.15710419408127033,0.4020514492452256,0.06259120361138101,0.07904397086936103,0.011770086308359691
1581,STOCK_1582,Consumer Staples,0,19.616008942676572,0.46307425877353103,0.42890419357593407,0.1566960722245342,0.24248649812937761,0.19341015447666546
1582,STOCK_1583,Manufacturing,0,214.62701066962512,0.1,0.3008096668226482,0.0683251824386617,0.1859330653479587,-0.004772596449539032
1583,STOCK_1584,Real Estate,1,13.62927406568247,0.4504931069054702,0.6030891686083909,0.09081857430895823,0.19270266638241063,0.06477563386283103
1584,STOCK_1585,Healthcare,0,33.23796272324545,0.31923702646486785,0.30120336842331313,0.03233382716317271,0.0942344140117084,0.28462435738701786
1585,STOCK_1586,Healthcare,0,95.74845392731947,0.253176806270059,0.3165529409945163,0.09599658460689162,0.16225573789338504,0.305352747954251
1586,STOCK_1587,Energy & Materials,0,21.400458661294547,0.2900354899498869,0.43509052562546785,0.06950247341088796,0.19684030840614325,-0.01238520130666167
1587,STOCK_1588,Others,0,25.740249314788937,0.13827248844561188,0.13168405762908697,0.08020625468580903,0.12935204266370476,0.015041790808348209
1588,STOCK_1589,Information Technology,0,264.2948937232163,0.14367144084659866,0.27716271136557125,0.10156925592002614,0.10886625631847197,0.2160524431009857
1589,STOCK_1590,Consumer Discretionary,0,112.00181691071958,0.632701760185495,0.3063750548245512,0.174915035518115,0.16646938875374076,0.07070056725425791
1590,STOCK_1591,Others,0,3.1670635342407065,0.63190761164658,0.2566462140328863,0.09255711766583506,0.190009276523559,0.0714238515369375
1591,STOCK_1592,Manufacturing,0,162.25566320060273,0.24000374185123313,0.10640348014604656,0.03127003472229815,0.24459015990113953,0.15006014239366583
1592,STOCK_1593,Healthcare,0,887.3181202147928,0.30172576410125207,0.2420098597227686,0.051497800379149514,-0.0488544678070732,0.2528055241556588
1593,STOCK_1594,Others,1,362.53071156525846,0.7124272955453576,0.39287455336425514,0.071558390091024,0.17004802636463798,0.10767614362873554
1594,STOCK_1595,Manufacturing,0,76.70342488797101,0.4041608188347555,0.17450615092269928,0.08562186630560897,0.28269801505730335,0.03931259384107432
1595,STOCK_1596,Manufacturing,0,81.79821966757358,0.24539486733915286,0.5741964320703928,0.07250972770790809,0.17818020851136546,0.020380050373369474
1596,STOCK_1597,Manufacturing,0,41.43166917116786,0.15428218806285965,0.6604566448567183,0.08767925000173145,0.07418298561349579,-0.03000107076819727
1597,STOCK_1598,Information Technology,1,261.44022629995277,0.3518742420229443,0.5021216953511631,0.1189594860705453,0.05710954910539142,0.002023043217912967
1598,STOCK_1599,Manufacturing,0,88.9667742109599,0.4340164295580353,0.1102563245841452,0.10995458835574773,0.0638245204087515,0.4655812788883838
1599,STOCK_1600,Real Estate,1,396.9452974654055,0.1,0.4439500074892061,0.05523164111176505,0.07991528956055233,-0.05974307507786033
1600,STOCK_1601,Consumer Staples,1,594.5190507361533,0.6656790143772935,0.5029128621643943,0.10593923227892216,-0.011280655695833761,0.1557869338750631
1601,STOCK_1602,Healthcare,0,15.9821397714651,0.3988361810223084,0.22876178403549183,0.03906099669628247,0.056822753431800814,0.30855161008881465
1602,STOCK_1603,Information Technology,0,37.73997549529388,0.8202729002992311,0.34510578392991476,0.022723839024810115,0.009494973248431961,0.05756515837787794
1603,STOCK_1604,Consumer Discretionary,1,2.0919726150317635,0.7882938764160993,0.36435695568394233,0.13770813902107285,0.1375316270925878,-0.009009658419833458
1604,STOCK_1605,Energy & Materials,0,99.73318779432796,0.2808337347863239,0.1984524768766408,0.021051002809476964,0.17312963867743186,0.0774778355356199
1605,STOCK_1606,Manufacturing,0,31.403420146137872,0.688362283709728,0.1983737139365707,0.020206531268847066,0.1306818006604289,0.019413085656072786
1606,STOCK_1607,Manufacturing,0,11.670360232001146,0.730985440065177,0.4674952754446994,0.06472523428666786,0.17755048306984475,-0.16434062669110763
1607,STOCK_1608,Consumer Staples,1,97.87794360888026,0.7413692317470177,0.3537621097068459,-0.04652025442976632,0.020580969343240673,-0.018810146210662307
1608,STOCK_1609,Manufacturing,0,19.733689234783384,0.20470456621269056,0.43780398318810804,0.13479947281226828,0.023697173904350433,0.014463007209540753
1609,STOCK_1610,Information Technology,0,53.400181535199124,0.576868783780296,0.1,-0.001898411266662899,0.06201146594449324,0.06469372254161639
1610,STOCK_1611,Consumer Staples,1,18.1317440149608,0.7185859732303999,0.2780331272008484,0.08607365560861302,0.07347821770250366,-0.24297133127551135
1611,STOCK_1612,Energy & Materials,1,293.95806555719776,0.41594910296750964,0.6039370233653466,0.09522402545118529,0.14276253330730304,-0.05212605936962773
1612,STOCK_1613,Utilities,0,6.5744956019942755,0.6346499535315059,0.5457547410394269,0.09264241256154625,0.247863004838723,-0.10009326201040597
1613,STOCK_1614,Financial Services,0,12.974216627298034,0.21099394343625816,0.2706373220947268,-0.0006187352015475451,0.3248316387759663,0.0465030057992021
1614,STOCK_1615,Information Technology,0,0.39810105349961,0.32507063681902126,0.42881349668774577,0.05931922472352158,0.12494653376144958,0.04726390146969691
1615,STOCK_1616,Information Technology,1,12.272187065328517,0.1321117135260751,0.8297266340699846,0.06122358700989718,0.14170184240874345,0.2022225017703166
1616,STOCK_1617,Consumer Staples,0,367.8947981896148,0.5645640938166375,0.186996072700851,0.07054608960675643,0.012703215050636214,0.016444223397610005
1617,STOCK_1618,Others,0,105.29730844579748,0.748833126943419,0.326684866100914,0.04036816280263506,0.06023069911739038,-0.18301415087925854
1618,STOCK_1619,Others,0,109.34030952158075,0.25831111921181854,0.13397999449663225,0.09533303200594948,-0.004870216518464587,0.15920099462134385
1619,STOCK_1620,Others,0,524.6949274579885,0.4177340390912024,0.33307756039287345,0.15631537934502476,0.23814029838791423,-0.048243328684404764
1620,STOCK_1621,Information Technology,0,3.5866970900233004,0.44453918787348845,0.36614642150878995,0.10059058618639899,0.137843041986118,0.07033965784627089
1621,STOCK_1622,Others,0,35.35638864432998,0.2618059048654135,0.3373244970682752,0.0740281058681466,0.18166265183850047,0.16090904666350345
1622,STOCK_1623,Healthcare,0,86.29527699783132,0.2256212587621862,0.1308533571918099,-0.04098782081181346,0.10744441557782569,0.08126648411992338
1623,STOCK_1624,Consumer Staples,0,6.745681781329823,0.7626475754181196,0.36768829459364744,0.1331950136664763,0.08646148968808681,0.2682132354960453
1624,STOCK_1625,Healthcare,1,16.05995429818549,0.3727319872544084,0.22909651101738218,0.043961687672576015,0.08703554761915386,0.17079120991401228
1625,STOCK_1626,Consumer Discretionary,1,42.24516494108537,0.41673873965248737,0.12,0.07105405021065532,0.03370713831755581,0.09900817731911701
1626,STOCK_1627,Financial Services,0,1437.2188950989466,0.34892688310020187,0.1772016715813588,0.09378317283672591,0.016605666991990956,-0.0020401071487901106
1627,STOCK_1628,Others,1,16.04851614233729,0.24986561514067657,0.3747298129898373,0.2703358683059797,0.09499463535829385,-0.01835398887811719
1628,STOCK_1629,Utilities,1,206.7286198256581,0.4357394597864258,0.24440332564474582,0.03744611911620901,0.09929593091128668,0.11418784250453039
1629,STOCK_1630,Others,0,406.4614761884808,0.4285369918297911,0.24979442934507814,0.07416049543835102,0.076424297030423,0.253576649644199
1630,STOCK_1631,Manufacturing,0,131.13052882832588,0.23306234005419607,0.1,0.061319768104521576,0.026399705084810966,0.1616944934399002
1631,STOCK_1632,Manufacturing,0,6.261806730631215,0.1060472873022937,0.6812818086450669,0.07292108566572753,0.11773067964563237,-0.11237750511054986
1632,STOCK_1633,Information Technology,1,22.665390491245574,0.1540383985611393,0.2865334407287991,0.1022351981113996,0.21741916829155003,0.09188725691216515
1633,STOCK_1634,Energy & Materials,0,36.578499363037324,0.3925905679574234,0.15015147466743214,0.07264510079477575,0.05141936144336695,-0.25158660661764054
1634,STOCK_1635,Manufacturing,1,117.52607036363631,0.8165081134247574,0.8258569637636907,0.06298194212082456,0.18600075798127513,0.20410293460374693
1635,STOCK_1636,Consumer Discretionary,0,1.6770732408607851,0.44220073674916743,0.24489430844506607,0.17274407900664393,0.004104490666803937,0.3298692762785784
1636,STOCK_1637,Manufacturing,0,44.74435897309923,0.43263201680971486,0.5639090741063488,0.02427496983337421,0.13953040326671448,0.019546628804153518
1637,STOCK_1638,Manufacturing,1,4.256921514119844,0.5596150454455706,0.5303244600812272,0.04443447455975772,0.11734042079561095,0.24629561473726516
1638,STOCK_1639,Manufacturing,1,786.9769023638833,0.4051696311351757,0.12,0.1429373828710842,0.16728404633273772,-0.10746520227416866
1639,STOCK_1640,Information Technology,1,29.19091798831214,0.18627205541139788,0.21821388948309425,0.04534440212708164,-0.014859934199687758,-0.10577738373894396
1640,STOCK_1641,Real Estate,1,127.48933049375462,0.1,0.12,0.1075789433365928,0.19204607164522294,0.08264835378127475
1641,STOCK_1642,Consumer Staples,0,10.74819086759799,0.6775015751359578,0.39492557297495284,0.033580109421308915,0.14640039613361192,0.1505241301596148
1642,STOCK_1643,Manufacturing,0,4.408541859429246,0.12179975403435013,0.4166892485186687,0.061795064005753055,0.12813966333778554,-0.03631466527319795
1643,STOCK_1644,Manufacturing,1,297.4088649739202,0.38786129687419,0.12,0.0902347929568387,0.20567997286332956,0.177567306113763
1644,STOCK_1645,Consumer Staples,0,669.8460527822331,0.4199132756598819,0.24344549226504245,0.06462348106441047,0.041412918323701815,-0.026451939260062687
1645,STOCK_1646,Consumer Discretionary,1,15.446248127641912,0.453930990941312,0.395605875709926,0.07052284261874961,0.13637620193903346,-0.026132793031033625
1646,STOCK_1647,Consumer Staples,0,18.360188478005306,0.6303939580757814,0.20540430970776863,0.08040334409297929,0.23025878080024248,-0.005746841465920968
1647,STOCK_1648,Manufacturing,1,787.0104345981686,0.17665052152929359,0.25254577399426825,0.10103219556223447,0.012871433406126596,0.2114780241118564
1648,STOCK_1649,Consumer Discretionary,1,354.6170803931045,0.3303780542175726,0.30317386085318054,0.1008900168719811,0.1988238134958187,0.11881768733312804
1649,STOCK_1650,Manufacturing,1,186.2489272455511,0.1329132850872225,0.20102129976266317,0.08411021681568526,-0.03536097972261795,0.09227346313373305
1650,STOCK_1651,Consumer Discretionary,0,40.048740645246745,0.7207737531412137,0.596227700644084,0.06834786684890333,0.20527947487725573,-0.07734313576794552
1651,STOCK_1652,Real Estate,0,155.41891124750984,0.5168877337990805,0.14329104681287036,0.04525179616392893,0.04095661901992327,0.0878566185623842
1652,STOCK_1653,Consumer Discretionary,1,5.478223497726266,0.6844276424256118,0.35725273385827166,0.026465919540330902,-0.07043041793174436,-0.07853389810222473
1653,STOCK_1654,Consumer Discretionary,0,0.9613493557660069,0.1,0.5369475014463004,0.056967343098614794,-0.11259495032165068,-0.10722037301207199
1654,STOCK_1655,Information Technology,0,91.80119258502653,0.44269663407302495,0.1659724960150764,0.11850532891766766,0.061890494982362834,0.006156744097618571
1655,STOCK_1656,Others,1,21.508244889827637,0.41447310635887435,0.12,0.044734156701446696,0.11539811918775622,-0.07651076345534405
1656,STOCK_1657,Others,0,10.676206242286401,0.16479166178247817,0.36086196921739905,0.10523267202670561,0.13580763058079992,0.2176257818155063
1657,STOCK_1658,Others,1,32.67976081425218,0.20007391318271897,0.1428573544512182,0.11225743206985857,0.13230209441765545,0.22922834919147167
1658,STOCK_1659,Energy & Materials,1,129.0286020266019,0.3208294610816182,0.1246092443772494,0.0738548852022057,0.037622602762628264,0.3459423924190713
1659,STOCK_1660,Consumer Discretionary,1,1.7797174587724558,0.4777191429356648,0.12,0.06414603326204606,0.03501362547401482,-0.12770655451875637
1660,STOCK_1661,Financial Services,1,244.09540989214338,0.7906162689997825,0.28526528337053014,0.0865219779327751,0.12589111143521917,-0.05766628781118697
1661,STOCK_1662,Financial Services,1,200.51773005572272,0.2932493404209405,0.18477070691803996,0.052722691370321303,0.2626583913395615,-0.024420649694683695
1662,STOCK_1663,Information Technology,0,34.61022126183976,0.5764777319512876,0.3221459176867392,0.08782602339842392,0.23595310151974944,0.03326714811482159
1663,STOCK_1664,Manufacturing,1,7.170049327096529,0.30218137856846755,0.36174797436086853,0.07709196517484579,0.04256653439807596,-0.18185364463880602
1664,STOCK_1665,Others,0,2.8138363086909197,0.4141864106567271,0.1474709286513067,0.09181400469765251,-0.021661953807284487,0.21131281075260658
1665,STOCK_1666,Information Technology,0,81.16559917475604,0.5719944457411675,0.11442790298066013,0.059081486196514814,0.07916011529891233,0.2631432299376645
1666,STOCK_1667,Consumer Staples,0,43.31640238923599,0.23279032272747868,0.2221662949056743,0.12828878685610268,0.20310050316916023,0.22033339133162974
1667,STOCK_1668,Utilities,0,51.144282984134264,0.1829120881150179,0.21241774585543366,0.12587799052265114,0.13876560159492268,0.15016241071616462
1668,STOCK_1669,Financial Services,1,8.78329548031093,0.23308565323831848,0.17410490800633702,0.09778698038114403,0.12485889004650436,-0.055131975184522966
1669,STOCK_1670,Others,1,22.00949078492296,0.31161552021937144,0.21907018763736816,0.01144524068819564,0.23753707517815914,0.1766263000898847
1670,STOCK_1671,Real Estate,0,46.49475089007031,0.1,0.24833120304768955,0.1380332616034208,0.13361622596908312,-0.01700662312719736
1671,STOCK_1672,Information Technology,0,94.3865236238067,0.5521623115143953,0.4641384517995216,0.07559475598874114,0.10535976963008767,-0.043991418588473524
1672,STOCK_1673,Utilities,0,67.55046130745193,0.537377291203026,0.3576817877050665,0.18295740963762538,0.202738133920381,0.0311582530782832
1673,STOCK_1674,Utilities,1,12.677624597193613,0.12994626371072238,0.18140880850889035,0.13204458219557205,0.18762168235566934,0.05959375097274755
1674,STOCK_1675,Energy & Materials,0,30.509239826115323,0.3399371425660047,0.16897375520596913,-0.017494062117128336,0.15600926727321587,0.44807973642581506
1675,STOCK_1676,Manufacturing,1,382.2154063636336,0.5042814777967164,0.14324254751401846,0.12638839455190878,0.08466333033511016,0.15676496643012475
1676,STOCK_1677,Others,1,310.7407354518848,0.45431985765224325,0.4989103480171224,0.0716268657534478,0.10959550908502848,0.20211413584707683
1677,STOCK_1678,Consumer Discretionary,0,15.038904675600135,0.22341961751126177,0.15273616977427637,0.1267940036438786,0.22231891325285233,0.04534789553081742
1678,STOCK_1679,Consumer Discretionary,1,44.15543399906646,0.621442498713045,0.12,0.07468210012851013,0.12679776492755096,0.04415311787974819
1679,STOCK_1680,Energy & Materials,1,32.04297817943929,0.551491859713133,0.18234045241861663,0.049964793234965395,0.08951497974711858,0.008790843862939487
1680,STOCK_1681,Real Estate,1,317.29126443310327,0.85545168466724,0.15855179544497244,-0.0030235664901687126,0.08900619199043219,-0.19344102305074107
1681,STOCK_1682,Others,0,2.978513149309683,0.184223682421037,0.1,0.10574872461152134,0.1294246453910326,0.18703783382817413
1682,STOCK_1683,Manufacturing,1,31.205491384378607,0.37898304561909596,0.15640666871707487,0.028372548234780453,0.015015242240834354,0.3434665332019968
1683,STOCK_1684,Consumer Discretionary,1,863.4331818222479,0.6352114554542062,0.4335657028415985,0.10773250292446744,0.01462245800278864,0.005956861707996147
1684,STOCK_1685,Financial Services,0,160.49865807634202,0.1,0.5880621487770714,0.09760257554759136,-0.037331114617068395,-0.031058922725211803
1685,STOCK_1686,Others,0,78.54123923943659,0.46274627015596115,0.2603252918029963,0.0405429090097538,0.1251274562258572,-0.14878390951430456
1686,STOCK_1687,Manufacturing,0,16.170025474008263,0.44112374386961556,0.1,0.07138496419469814,0.2180026689423393,-0.06632365640655295
1687,STOCK_1688,Manufacturing,0,160.7086919982929,0.33694925963917577,0.16326282453681537,0.04047997586359022,-0.01989808360460402,-0.04491895838085785
1688,STOCK_1689,Manufacturing,1,25.77642197192936,0.8566175915822243,0.5058512232832942,0.14724440510194656,0.06759075388364767,-0.03927826415455376
1689,STOCK_1690,Financial Services,0,19.465945482131836,0.484918535151444,0.3228652677574669,0.07172681617880095,0.0749736680511314,-0.18851076812167547
1690,STOCK_1691,Consumer Discretionary,0,85.66993196921308,0.3926777542614694,0.18858377652427383,0.10741138598755066,0.18619712680170677,0.16014598132700092
1691,STOCK_1692,Manufacturing,0,47.01365354504539,0.18249355954195545,0.40220786260061975,0.03006370356281604,0.054523386134876665,0.23714392482812974
1692,STOCK_1693,Consumer Staples,0,8.24040651963985,0.3113896745475011,0.2234563842018463,0.10693132915816146,0.05565501884408917,-0.14490118742553912
1693,STOCK_1694,Consumer Discretionary,0,30.129241348892734,0.4355375444300069,0.6542406178015356,0.08373456421161417,0.03838804952346109,-0.14363354196831224
1694,STOCK_1695,Financial Services,1,630.4551751679403,0.40206023129073987,0.17045949724975074,0.1032014269590341,0.07535525117461864,-0.1176296694954897
1695,STOCK_1696,Healthcare,0,198.66291323997433,0.5269543051021901,0.22772541642876173,0.03204122852033329,0.12542255657372217,0.09880652408371904
1696,STOCK_1697,Others,0,21.094642599684672,0.7274951066758706,0.45653152430581684,0.08848938859498472,0.07190251377080473,-0.3553134973458617
1697,STOCK_1698,Utilities,0,83.97405357498764,0.2264026290719707,0.38012098990462273,0.08900146433188584,0.18005377843467035,0.29447972298855546
1698,STOCK_1699,Healthcare,0,57.58880852168276,0.5384675521137711,0.37482076939801157,0.046381556765529915,0.1639595123018105,-0.023874652221794104
1699,STOCK_1700,Financial Services,0,4.067369830014504,0.41579291004049534,0.3044044153550646,0.03367805502721087,0.2005155191922628,0.08342352463458617
1700,STOCK_1701,Consumer Discretionary,1,27.49146120599641,0.1596231742766816,0.3475989464538593,0.06739305254443716,-0.007895930051880835,0.2529982710821771
1701,STOCK_1702,Manufacturing,1,9.269434334705112,0.25937058634059124,0.5088241833370954,0.18123622104080045,0.09903739624109477,0.0886684289627406
1702,STOCK_1703,Consumer Discretionary,0,48.34114142545026,0.3979188396904102,0.5405173560457657,-0.03378484154639275,0.14600613945482155,-0.130967049296765
1703,STOCK_1704,Energy & Materials,0,35.89786018434543,0.45815839299598127,0.21966513854492253,0.1735624459165293,0.11960389812304673,-0.13044401429433825
1704,STOCK_1705,Manufacturing,0,7.854799170958492,0.7706729091686364,0.14692109385858942,0.07798342282010869,0.11747560000394695,0.13678398672926415
1705,STOCK_1706,Others,1,3.0562002686729812,0.8594764304980449,0.2468110987880385,0.06527353482922334,0.09114290243763895,0.18622147792000665
1706,STOCK_1707,Information Technology,1,97.97731563290344,0.5491695582709956,0.5274979497085858,0.05826851085588619,0.18341623597233878,0.06949155298651966
1707,STOCK_1708,Financial Services,0,28.273653047334662,0.5290334359752945,0.2611234746639027,0.07842603591453334,0.112600795878955,0.3685948840929518
1708,STOCK_1709,Manufacturing,1,2816.062895039323,0.7844504604546626,0.59684922123967,0.07855354798176194,0.08217034703973222,0.11050740464520949
1709,STOCK_1710,Information Technology,1,7.569362168397993,0.31010996553268677,0.12,0.054299054290443904,0.13406029213504683,-0.13401757840948053
1710,STOCK_1711,Energy & Materials,1,368.14730493060745,0.5931284803266311,0.31412801707473426,0.05192212426131578,0.051470988515999086,0.19278549204749676
1711,STOCK_1712,Consumer Discretionary,1,29.641681522987643,0.1,0.25946560910573374,0.13266288973317963,0.09140898682694143,0.156679903096957
1712,STOCK_1713,Information Technology,1,34.49083670456817,0.5369149995830328,0.5448378134550184,0.11672317326625434,0.1747699997049513,0.023414557709873697
1713,STOCK_1714,Others,1,32.490011375360595,0.21124044051945579,0.15072572195032471,0.16098695411921568,0.050303281677359,-0.03022672721547888
1714,STOCK_1715,Manufacturing,1,39.34644492421495,0.1,0.5695325702556184,0.13920782396611636,-0.0010923339569854276,0.09786728324304951
1715,STOCK_1716,Consumer Staples,0,35.632091813007264,0.33820075454788184,0.25309797479850804,0.07970228112125775,0.1036969944466599,-0.015684079835416594
1716,STOCK_1717,Manufacturing,1,128.61769799380693,0.29861778417935203,0.4920336924136002,0.08981085556680904,0.1322736956403135,-0.11994314274610202
1717,STOCK_1718,Financial Services,0,1.9299414382935143,0.8995569569799486,0.5027622512551286,0.18087442592986439,0.08412076553068551,0.1947445306809071
1718,STOCK_1719,Consumer Discretionary,1,2.436161570970782,0.5662638901486535,0.34383187867942966,0.11883261215962203,0.010795644554366633,0.3520885107996423
1719,STOCK_1720,Manufacturing,1,51.80384767256513,0.2246894715977386,0.12,0.020940186274681086,0.1156325387109829,0.0032396241123828573
1720,STOCK_1721,Information Technology,0,17.777047838681757,0.5043334717407683,0.493938595961884,0.05961472818848885,0.03144663575877956,0.05353251823293717
1721,STOCK_1722,Manufacturing,1,22.140889129821197,0.40750928826140026,0.4309684565298701,0.028149265160831986,0.05265013192663289,-0.003591194934117412
1722,STOCK_1723,Others,1,149.35513567368713,0.2540577927550462,0.2410465872644567,0.06240226353721367,0.16205119381816754,0.2578169527720184
1723,STOCK_1724,Healthcare,0,30.68213374654892,0.21273693479039496,0.1,0.16565196415418612,0.14876185282242577,-0.3035620977416966
1724,STOCK_1725,Manufacturing,1,155.90252609785324,0.28287626305770514,0.4645783146168525,0.08307972207918445,0.0686840545201707,0.08150982645502958
1725,STOCK_1726,Information Technology,0,77.7459591416838,0.2476802237217406,0.6001677954569152,0.18659142338995147,0.10927609867982466,0.0741640836530296
1726,STOCK_1727,Others,0,13.169309384203427,0.6235943950430886,0.13478549747817775,0.19046641772320327,0.035718190374717476,0.04003733581189691
1727,STOCK_1728,Manufacturing,0,1.4141687646190562,0.488544213657756,0.10441195812402024,0.043239281079873314,-0.027792004868446147,0.026011332220915624
1728,STOCK_1729,Consumer Discretionary,1,11.509948442008282,0.18562723696372396,0.20596898886102613,0.0817624378699226,0.0031879790346880663,0.01862209280433818
1729,STOCK_1730,Real Estate,0,11.350011527441179,0.3186457524889802,0.1,0.16605520483016006,0.0664996705182788,-0.15092136629743516
1730,STOCK_1731,Manufacturing,0,131.77892425264082,0.38783086323374855,0.10917292434322107,0.16505062052683622,0.08423227217074743,0.29322603606393854
1731,STOCK_1732,Consumer Discretionary,0,82.22688362976625,0.1407083786332264,0.25946434428700454,0.08737836472774473,0.05009736903133408,0.0034408774226933605
1732,STOCK_1733,Utilities,1,6.392058562308671,0.3590076345935085,0.792426558022992,0.076950590678932,0.18264327258291543,0.03849446025420479
1733,STOCK_1734,Consumer Discretionary,0,63.65241838042318,0.2857518306419054,0.20070077452600338,0.0575627451565036,0.06078544603149773,-0.030705278264562378
1734,STOCK_1735,Manufacturing,1,601.7076860011935,0.5590252531228725,0.96,0.06085432072155186,0.06560512441932678,-0.10906988755227653
1735,STOCK_1736,Real Estate,0,53.790172467873184,0.5206506344787459,0.1,0.028936596620810245,0.026726399763443133,-0.0431214939605288
1736,STOCK_1737,Manufacturing,0,19.25773001108841,0.48554452217361926,0.15405695751764703,0.034658733494903914,0.0369297885839559,-0.1021782717058487
1737,STOCK_1738,Information Technology,0,92.91208706465798,0.44796387102570534,0.45980639839348597,0.041169395967929574,0.08359930034230895,0.22302270451033354
1738,STOCK_1739,Real Estate,0,225.60003302747774,0.8026607307396277,0.5297146230127451,0.0012818321338214185,0.15853928260701006,0.07138515343265522
1739,STOCK_1740,Manufacturing,0,501.80464018077004,0.10292053073664172,0.2973102090809338,0.060494625809515944,0.26118989683620075,0.05022348496166216
1740,STOCK_1741,Information Technology,0,4.678750102192312,0.43852776325283965,0.2793921014333979,0.07097001526194359,0.1057329290004225,0.09776778685132487
1741,STOCK_1742,Information Technology,1,696.1260538648655,0.4357974748351764,0.4504555188519028,0.16070572580471398,0.08251840565919584,-0.05905568692533577
1742,STOCK_1743,Consumer Staples,0,26.979355509566595,0.10024714518483045,0.27202199212064415,0.035097516244737295,0.1566869423958866,-0.1508619413835582
1743,STOCK_1744,Manufacturing,0,688.3512032652361,0.4369724647862628,0.27089146515153184,0.15196011321597147,0.10880970555154301,0.13329923058907156
1744,STOCK_1745,Manufacturing,0,32.7314890789202,0.1,0.321769909326914,0.0690124157071193,-0.04183009257832716,0.10746535251396783
1745,STOCK_1746,Consumer Discretionary,0,33.81994106370759,0.2584111392997724,0.5976691608891189,0.0709431618503659,0.14090925936908588,0.2216809614847203
1746,STOCK_1747,Consumer Staples,1,67.2020392336873,0.5619758284328277,0.12,0.07812355174371785,0.1637203962886731,-0.10528499594830693
1747,STOCK_1748,Healthcare,1,31.498276296644477,0.6209457727442901,0.28826371622327457,0.07683977327738813,0.18420998080627823,-0.02521403273865387
1748,STOCK_1749,Energy & Materials,0,6.3307018311124645,0.47771208481236793,0.2834695828074755,0.14113630050426318,0.01529249263976012,0.05236234044911732
1749,STOCK_1750,Manufacturing,1,75.32379317749485,0.32200366948358566,0.21006444856092685,0.15503076935675092,0.2299449296523391,0.0889176116586447
1750,STOCK_1751,Financial Services,1,44.156081838256405,0.41914035866793375,0.3671978035748567,0.0755927540517791,0.2323832673567807,0.20178214683755727
1751,STOCK_1752,Others,0,4.895099908263927,0.6184355192591641,0.34440523154654445,0.04494868831265068,0.08803575552026,0.2196413807766706
1752,STOCK_1753,Consumer Discretionary,0,39.1277280608788,0.564687988091356,0.12927942451771893,0.09197773106981798,0.16714267463660773,-0.016042303538943894
1753,STOCK_1754,Manufacturing,0,58.18765393464571,0.5990613014761285,0.1,0.08760209053826373,0.057930855555179295,0.21524072447458986
1754,STOCK_1755,Others,0,14.588276970261571,0.3666820274704912,0.1,0.14062254754717424,0.23791034324053967,0.059685402392558276
1755,STOCK_1756,Information Technology,0,7.064638729128631,0.18850387083410372,0.1,0.11772298616651518,0.1372028649709784,-0.15359705007314506
1756,STOCK_1757,Manufacturing,1,146.32898276606608,0.41818956668458634,0.14681462545874938,0.045955421339005806,0.1049912684284576,-0.0925341771356401
1757,STOCK_1758,Financial Services,1,3.8781446669132067,0.29477861051317505,0.3366806110891011,0.05778439045815422,0.15787939483360217,-0.24013581726822936
1758,STOCK_1759,Healthcare,0,138.38260970305853,0.3719202169740059,0.1312119992592163,0.012669568655529699,0.08476638979405247,-0.14001170792052575
1759,STOCK_1760,Healthcare,0,90.71252296615067,0.6461915793055725,0.11627792985207555,0.11283809891862562,-0.03445217877876163,0.01718647185671758
1760,STOCK_1761,Manufacturing,0,15.204088562155848,0.30997965059184346,0.2881358654970108,-0.037369782320669266,0.12214115182017912,0.10617801654400541
1761,STOCK_1762,Others,0,3.589979285897494,0.263874908438784,0.3066107828977448,-0.0436722946834092,0.03478655474146439,0.2427673590178708
1762,STOCK_1763,Consumer Discretionary,1,20.04902145081573,0.5387098103280636,0.5849414280059378,0.13322679236151963,0.17975968306842777,0.028153282802937572
1763,STOCK_1764,Manufacturing,0,270.8245717469178,0.12153752391790705,0.1,0.0823803582223079,0.19182442251562604,-0.030692958077581087
1764,STOCK_1765,Healthcare,0,122.74846112313675,0.11117913316503591,0.587401806370957,0.05175599766376232,-0.02763154601783234,0.1831473138625366
1765,STOCK_1766,Real Estate,0,154.3531752156121,0.5671288632742643,0.1147424861647826,0.06012915199807724,0.24079954595455447,0.09944791861570733
1766,STOCK_1767,Information Technology,1,76.68050710334234,0.4864544403885247,0.2511368400093623,0.17164183460145419,0.24418263275013713,-0.04888254925812054
1767,STOCK_1768,Others,1,34.59879775955518,0.506079314325604,0.12,0.038945999514285914,0.18909039284631232,-0.1385391588020155
1768,STOCK_1769,Manufacturing,1,50.23001778171002,0.3494042857947798,0.322796523703639,0.07554849874834982,0.09637020195697374,0.007345724372806566
1769,STOCK_1770,Information Technology,0,161.0436330063045,0.3609309730254336,0.22537969429795068,0.07978090283233936,0.24504664997397538,0.14482919877218117
1770,STOCK_1771,Manufacturing,0,24.87906608845262,0.8357683346923925,0.1,0.13094660088917995,0.03815171148679068,-0.026147138086889374
1771,STOCK_1772,Energy & Materials,0,1519.915549550975,0.31047724764401924,0.11199682754906516,0.04100051714939196,0.08648971421649368,0.09685112652824604
1772,STOCK_1773,Consumer Discretionary,1,24.947934467454527,0.261302328525533,0.29755783277071524,0.1640410083647086,0.24143314289784093,0.04920320944239171
1773,STOCK_1774,Manufacturing,0,128.17897119707195,0.33699344229557676,0.39690358209513066,0.06696069063138033,0.13759895746252068,0.024543776418573762
1774,STOCK_1775,Manufacturing,0,13.131761586523583,0.17305312567241235,0.6572408933910872,0.007531478357204561,0.1333736010347978,0.12137702457132321
1775,STOCK_1776,Real Estate,0,14.148765772359893,0.41249545795002873,0.1,0.07205496909990619,0.002635928819151527,0.14009060970885903
1776,STOCK_1777,Energy & Materials,0,745.219891990108,0.5356249882369394,0.1,0.04969654104518016,0.0304168099731642,0.15024157238813388
1777,STOCK_1778,Manufacturing,0,4.699132029715174,0.7383189046830855,0.45844964037003666,0.07027342929023925,0.22988704874699387,0.029697492203745065
1778,STOCK_1779,Manufacturing,0,5.89249486915297,0.2925056898613157,0.4574870356354969,0.06414443596244747,0.17917779891899419,-0.26696717879463777
1779,STOCK_1780,Utilities,0,17.17435395636726,0.3133918248510203,0.14165177392859155,0.11399448373530403,0.09821403120041905,0.01969970753864384
1780,STOCK_1781,Others,0,30.627695710807817,0.12998153313932923,0.13600419632854108,0.09156381678807714,0.060165310249765014,0.04038214222463389
1781,STOCK_1782,Real Estate,0,18.39482725659166,0.406130647090757,0.22141003381865712,0.10804195990440998,0.04878443414221258,-0.046937761536430075
1782,STOCK_1783,Manufacturing,0,63.69312392975894,0.6221610873943878,0.1,0.10293813979870871,0.29590696306090275,0.11150330225794544
1783,STOCK_1784,Others,0,117.1087851672157,0.1013655221947616,0.20750361865952388,0.07704001391727153,0.178762337473959,0.30825633322030976
1784,STOCK_1785,Financial Services,0,34.12413242508451,0.5813557613259882,0.5423512617369985,0.11062238626083003,0.02156191534581992,0.12214003496870868
1785,STOCK_1786,Manufacturing,1,9.434069385863165,0.41528521655965717,0.1272049680530984,0.030910382486356497,0.2322895734822668,0.03537425715695339
1786,STOCK_1787,Real Estate,0,21.25307481059186,0.31960782282862854,0.545473033639124,0.0628683928494905,0.2018944679330085,-0.10858241581983076
1787,STOCK_1788,Manufacturing,0,75.30596060279923,0.38314626388916034,0.25734658658626686,0.07328598665445368,-0.021446499390929172,-0.09827063203985437
1788,STOCK_1789,Healthcare,1,68.3067225700533,0.5702977338990394,0.4965795735097615,0.080193296741605,0.006728581034684791,0.12834914114411708
1789,STOCK_1790,Energy & Materials,0,12.426936710118618,0.3173522067038049,0.1,0.03327797714898627,0.1779867758935637,0.16982809386957337
1790,STOCK_1791,Manufacturing,0,60.33147747803,0.7223412543190739,0.2324234383301486,0.04110154181901683,0.1879885201390259,0.23119923943453358
1791,STOCK_1792,Energy & Materials,0,254.52395014564664,0.5643989404410864,0.39886248898294996,0.044297233834636,0.12749788370613904,0.23588857996459717
1792,STOCK_1793,Others,0,65.50976290447,0.1,0.307950673493765,-0.03236515548121207,0.11067252623154178,-0.17319052315432804
1793,STOCK_1794,Consumer Discretionary,1,79.51666755815046,0.6674802652228929,0.7720904114031466,0.06009816971322293,0.12216624305993903,0.3847623326151907
1794,STOCK_1795,Consumer Staples,0,38.90162316578973,0.22471936165499853,0.5373036533745238,0.1300822709830179,0.036677866601604533,-0.10966852301407466
1795,STOCK_1796,Real Estate,1,22.94243658356652,0.13371403049808933,0.32235184177639253,0.04243791396161474,0.1727222901194064,0.2421952911095479
1796,STOCK_1797,Others,0,535.7659278208301,0.4942974265218261,0.161701263978497,0.035986718026148376,0.10728626731018512,0.12584786549454252
1797,STOCK_1798,Financial Services,0,49.59429762882919,0.435620625975731,0.12187474115656309,0.09640314353679899,0.13270431450428402,0.07183367066447134
1798,STOCK_1799,Healthcare,0,91.23939865864398,0.23722004378775316,0.18843587430817846,-0.03354826395638178,0.008737551725338648,0.037304314616445906
1799,STOCK_1800,Healthcare,0,11.178031160661318,0.48564123773280027,0.2897827514030142,0.07964499388921324,0.1293501575934853,0.02918560057601926
1800,STOCK_1801,Energy & Materials,0,121.27521365806477,0.1639866731196133,0.1,0.18866638357877782,0.111932692196434,-0.030023474251324126
1801,STOCK_1802,Manufacturing,0,10.07014645702491,0.6095025520687181,0.1,0.11551392695880386,0.2683544720413313,-0.16995023679051452
1802,STOCK_1803,Financial Services,0,134.5858780825733,0.5952661707998463,0.38422839467339914,0.029974029982582157,0.1111109828741827,0.012726254052708953
1803,STOCK_1804,Manufacturing,0,8.797037813538884,0.4743982897129125,0.1,0.09205327006175415,0.0032148063412749937,0.0057785202691933565
1804,STOCK_1805,Manufacturing,1,61.70976569287346,0.30573087174206126,0.2590586638061921,-0.002756748268933481,0.06948542156900493,0.09086721566586368
1805,STOCK_1806,Manufacturing,1,2.077667246274186,0.5741545133262795,0.16004168184780165,0.10712239233606478,0.24234645229533616,0.1279412389706728
1806,STOCK_1807,Healthcare,0,51.702283116346806,0.439494195432259,0.2881581945889577,0.07865986064600633,0.023707389927046157,0.25899324592499123
1807,STOCK_1808,Financial Services,0,256.91580730411863,0.20730650573591067,0.1,0.07012035196835266,0.04582856115715654,-0.13951505741998188
1808,STOCK_1809,Manufacturing,0,52.459374417253926,0.4801883476128517,0.25411722657924557,0.11218223129976121,0.02740440381072353,0.19233862644121144
1809,STOCK_1810,Consumer Staples,1,5.858332140360366,0.1633394479350764,0.223685565782324,0.19448195694075496,0.1281942931262407,0.13910321201285447
1810,STOCK_1811,Manufacturing,0,8.635425211523351,0.48343489516659266,0.43247184875017414,0.1321968085211358,0.07349952400195715,0.12353300940532064
1811,STOCK_1812,Financial Services,0,13.096151578722539,0.3833957273775059,0.4099040192218676,0.16294250235086818,0.23451624166302842,0.1988500421861792
1812,STOCK_1813,Real Estate,0,56.84255634093127,0.4300820910594943,0.2528080180702831,0.1663888018723042,0.2268561115963771,0.007276835219445323
1813,STOCK_1814,Financial Services,1,76.56958035026813,0.44026080420607167,0.7825062255183788,0.041101238388144834,0.20846458427302372,0.01782844109782002
1814,STOCK_1815,Manufacturing,0,91.06300945214365,0.5484565651225833,0.6210329675489062,0.14852557796422372,0.14702082559482485,-0.03704142293822498
1815,STOCK_1816,Consumer Staples,1,11.303201828747211,0.12639128812897663,0.25899162197641534,0.11784538609965971,0.1226763296161188,-0.1534740415722847
1816,STOCK_1817,Utilities,0,19.488223198181828,0.14308868289652776,0.5247895448695065,0.12465254925686786,0.13897879005048133,0.16329934427196238
1817,STOCK_1818,Consumer Discretionary,1,111.34041249545206,0.1,0.42985115708999383,0.16406293798915872,0.19482798554197858,0.053816888494782375
1818,STOCK_1819,Healthcare,1,19.004841672531818,0.3702406115043234,0.31071039390198446,0.028706423920052442,0.11108766916781816,0.045057007532928864
1819,STOCK_1820,Energy & Materials,0,46.83302805212264,0.4124506630212415,0.23239803129850292,0.03859893500968122,0.1138428370847652,-0.0812374449701137
1820,STOCK_1821,Consumer Discretionary,0,148.18355665703092,0.34414400958363933,0.275285067800342,0.058206710699298,0.13280887125116778,0.1734466936034112
1821,STOCK_1822,Consumer Staples,0,29.84446626143159,0.4003349885610964,0.2349682120510796,0.12178853619220714,0.11701750255843277,-0.29220017016065153
1822,STOCK_1823,Energy & Materials,1,281.4885481864876,0.19321098725363825,0.14998099404684134,0.08053547047197089,0.2058166992613952,0.11689880460459212
1823,STOCK_1824,Consumer Discretionary,0,22.1234578258342,0.35531281075345367,0.20350239824967864,0.02475968705765213,0.12224609448929367,0.31519876596849805
1824,STOCK_1825,Manufacturing,0,122.66762500534212,0.3506123294307259,0.13825261366061248,0.14379659929303626,0.08486757328425516,-0.11664640048117696
1825,STOCK_1826,Information Technology,0,57.39277167799603,0.4639912891596579,0.1,0.038971952854859805,0.0687110057964438,-0.16420053302913437
1826,STOCK_1827,Information Technology,0,11.607433095161804,0.14324583157101156,0.4655510967741793,0.0716847108545838,0.06418697231895525,0.058956017563146286
1827,STOCK_1828,Manufacturing,0,4.720527479647025,0.16792456801239655,0.13388967415774947,0.05900719044428163,0.0560207881480025,0.004352893580198915
1828,STOCK_1829,Manufacturing,0,34.36237961000855,0.3239650207388429,0.1293975507086128,0.1834465178210563,0.17349038065060718,0.16451894407441073
1829,STOCK_1830,Real Estate,0,45.065592780779724,0.5196610749391263,0.14490616465590667,0.06652695456002491,0.23757151093267392,0.03344558161277742
1830,STOCK_1831,Manufacturing,1,14.681034157403872,0.19461438847901472,0.3878090894273287,0.05299531468733038,0.08109328982055837,-0.09786389403640089
1831,STOCK_1832,Manufacturing,0,9.389784594479432,0.1295834038659156,0.39207982577239003,0.027855265319714235,-0.04042499174528502,0.1070902608465248
1832,STOCK_1833,Consumer Staples,1,16.49570233045496,0.5006433447766564,0.3691730259794979,0.07037735591195403,0.0881669941105572,-0.1250754879381293
1833,STOCK_1834,Utilities,0,51.86926713772654,0.5635683988008198,0.20901764264781858,0.1198884460652386,0.16534535456496485,-0.12738532793589488
1834,STOCK_1835,Manufacturing,0,34.49217076147331,0.3580679964581141,0.27303745062772383,0.009446632207978516,0.021247547379060355,-0.1760152258485771
1835,STOCK_1836,Manufacturing,1,135.4431325185494,0.1,0.14893750883537565,0.14708387805249942,-0.01501931264994913,0.023829758341814552
1836,STOCK_1837,Information Technology,1,5.326253854759,0.21619282096464768,0.22822520198512009,0.1071520272086278,0.02932322887596331,0.22148629728663888
1837,STOCK_1838,Information Technology,1,274.30608409379977,0.26628314323764535,0.4236231879628252,-0.006407845833926392,0.10852963961280197,0.29544517568665707
1838,STOCK_1839,Manufacturing,1,11.857238829929251,0.2723941902000434,0.3124967024824438,0.05449403074795052,-0.044455981916497335,0.08175094760420497
1839,STOCK_1840,Real Estate,0,68.38423707641832,0.30115365440607494,0.2925746744209191,0.1091023540288708,0.2262665445107482,0.11211157165426534
1840,STOCK_1841,Energy & Materials,0,19.04259735095727,0.3075070706385614,0.10101532222937323,0.030961253992417635,-0.03846830779962459,0.005419380230503068
1841,STOCK_1842,Energy & Materials,0,2.688956250837051,0.19781201846115454,0.2501671255447346,0.05257684680452707,0.18222358013771278,0.22408604274486976
1842,STOCK_1843,Financial Services,1,85.20015597991191,0.5548402557418873,0.33990039821849044,-0.04347769140854024,0.0745929316012201,0.09650093478962433
1843,STOCK_1844,Energy & Materials,0,17.142724295229655,0.2094298423271326,0.1,0.11341193041197303,0.08462195791934775,0.1275224640089598
1844,STOCK_1845,Manufacturing,0,25.88767145445292,0.3868207304703238,0.15293985693417958,0.07941284239892175,0.05450519654310413,-0.20548370038358674
1845,STOCK_1846,Consumer Discretionary,0,26.263017481326557,0.45932339872200956,0.13665249566991267,0.05365855136873968,-0.007046729203549934,0.05900032494146079
1846,STOCK_1847,Manufacturing,0,33.919010878715355,0.3063892747535509,0.1,0.09641504411900458,-0.05769868006200995,0.050360230735558474
1847,STOCK_1848,Information Technology,0,72.76394376174882,0.25905417407579295,0.22751428609790814,0.03617080057826447,0.10622382683365915,-0.018724368215846297
1848,STOCK_1849,Consumer Staples,0,5.935184336697446,0.25430535585853337,0.3306016709582123,0.09527477430364065,0.10860089186187535,0.18721307382013866
1849,STOCK_1850,Others,0,136.55804747225824,0.3275813681739423,0.27158226968263005,0.21414841377318225,0.04965804303354577,-0.06337794662725243
1850,STOCK_1851,Consumer Discretionary,0,1.5718679127629875,0.26685190672743303,0.21745846171939046,0.08794888405197071,0.06829058637232246,0.06869744198832746
1851,STOCK_1852,Consumer Discretionary,0,27.64198205637845,0.5771642757193415,0.17523067218939833,0.04694973020521966,0.1442392685332583,0.21112971037328102
1852,STOCK_1853,Energy & Materials,0,82.14856010471269,0.17770080404770255,0.24404883492033866,0.04137413399176201,0.1212245259876408,0.2233365768997858
1853,STOCK_1854,Manufacturing,0,51.305192712603535,0.45341533708793996,0.5780957119382619,0.1249382334369832,0.07476902327039063,0.1672834902122628
1854,STOCK_1855,Financial Services,1,348.8681668352165,0.577231031799136,0.25804264627458756,0.09081974371239743,0.02287483815419367,-0.2788914257153302
1855,STOCK_1856,Utilities,0,11.628550031758182,0.3806323422878714,0.5391218196931334,0.06005394054278229,0.12817269047597996,-0.19231576420092078
1856,STOCK_1857,Financial Services,0,43.52819607896405,0.3645767560643755,0.2393335508087805,0.03270688969839834,0.008253855287766296,-0.11419824149812102
1857,STOCK_1858,Information Technology,0,9.793926510028033,0.3192800593838983,0.1,0.08101845274731453,0.18522152812012577,-0.0816539385818097
1858,STOCK_1859,Healthcare,0,4.338552833179548,0.13797169765974335,0.11804924017103106,0.11438313118975077,0.04576770673927456,0.0019670548292688764
1859,STOCK_1860,Manufacturing,0,6.652778374327741,0.4114792402541164,0.44827348349689705,0.03446300642052849,0.17563733129108924,0.008906812403163612
1860,STOCK_1861,Manufacturing,0,269.6288672167693,0.2981723071869636,0.24740488451063888,0.12743997026822085,0.2411584238206612,0.11156948698199269
1861,STOCK_1862,Energy & Materials,0,55.0659461004088,0.7134121803541498,0.4484786565388382,0.09769486133348906,0.046948354154146076,0.14582690755869707
1862,STOCK_1863,Consumer Discretionary,1,121.85067598543901,0.3602162954881522,0.3946406467487196,0.04860164709373517,0.1674197827606266,0.026087420508438874
1863,STOCK_1864,Consumer Staples,0,53.02587474470938,0.763176922699206,0.22603615116932427,0.07188255495486073,0.20836436199929528,0.13420072791720375
1864,STOCK_1865,Financial Services,1,3.4817169611556955,0.20989618702183266,0.34892248361065425,0.06851823019987517,0.19356484374902602,0.18567806921517074
1865,STOCK_1866,Manufacturing,0,98.43494827448502,0.5449727596935597,0.18776113655837592,0.08030580335042217,0.11517611875725005,0.06542287918887407
1866,STOCK_1867,Utilities,1,2408.180955587153,0.2104106165750592,0.444245599048608,0.04093576730395853,-0.000944379574272041,-0.1068152840922012
1867,STOCK_1868,Others,1,22.376422843670973,0.3316458690395212,0.18074368469172605,0.06646232542221508,-0.052598706334990385,0.09589351721705344
1868,STOCK_1869,Healthcare,1,44.66110316363478,0.25684241133122365,0.5897419196026715,0.0021768254082818613,0.15239697580729328,0.27904316417622
1869,STOCK_1870,Financial Services,0,23.167389999982653,0.1,0.4837271457941738,0.04589942732899747,0.13696744353408774,0.05732089485376234
1870,STOCK_1871,Healthcare,1,49.55316331055687,0.42176116707744543,0.41324550919534314,0.0333549703901845,0.07247011120275484,-0.20410789698729692
1871,STOCK_1872,Others,0,320.6378052097178,0.351739998923188,0.42648430903452805,0.08583122700056305,0.16700202320511953,0.19058260758007667
1872,STOCK_1873,Information Technology,1,47.21158672309051,0.37895274441190374,0.5275255368129858,0.03599985529958004,0.11834391975065103,0.2668534861456936
1873,STOCK_1874,Energy & Materials,1,31.856955408761912,0.45386562623117327,0.3826193193251899,0.17173591122480936,0.10026533059292701,0.12784307486752147
1874,STOCK_1875,Manufacturing,1,5.292752036027183,0.5073746260787492,0.12,0.011646820249984995,-0.01067499291188869,0.20758592329993852
1875,STOCK_1876,Others,0,139.19761501891668,0.4914046088983908,0.4054452447771456,0.13975424448169912,0.09020902516618838,-0.16009085972881704
1876,STOCK_1877,Manufacturing,0,41.32876435979191,0.37924715279900856,0.1,0.03169888514535902,0.16748311891186524,0.09902228651676628
1877,STOCK_1878,Manufacturing,0,9.434635250539747,0.2874685142424324,0.25921800778863596,0.08173379624023851,-0.0323784974899196,-0.10114919592926058
1878,STOCK_1879,Consumer Staples,0,28.855921690104086,0.6069092918287639,0.28682693664617404,0.0880490280188661,0.1351279645413481,-0.025221735788312157
1879,STOCK_1880,Utilities,1,17.433922045042863,0.27158800939818123,0.4167123711260439,0.04439631169738125,0.1829189562502963,0.14070815646522766
1880,STOCK_1881,Consumer Staples,0,27.359523738611898,0.5634966309392144,0.5300731054014782,0.004987930415867041,0.14119515159217935,0.08924193380418019
1881,STOCK_1882,Healthcare,1,29.069770128871525,0.46588364530735404,0.12,0.10975413463116696,0.016163067482767836,-0.009308920616746041
1882,STOCK_1883,Energy & Materials,0,1.3970254118756105,0.379638277651578,0.19367063422428507,0.015376010120450572,0.11739790800719449,-0.10587350489979604
1883,STOCK_1884,Real Estate,0,292.59944271448325,0.16903837523597307,0.18712176548130696,0.08581475675571355,0.08420774753495712,-0.03891896682793324
1884,STOCK_1885,Others,0,15.113523820679038,0.23340177642081986,0.11216927365610131,0.11736951792965444,0.11600475085745965,0.2396678906920863
1885,STOCK_1886,Manufacturing,1,5.49448668934229,0.5292699338743035,0.5099599632797357,0.04477955425528265,0.0660817868527945,-0.095041328541517
1886,STOCK_1887,Consumer Discretionary,0,75.33796823751867,0.19844477328742427,0.34905955087303503,0.13246827985088233,0.07549960286854215,-0.006448634916079915
1887,STOCK_1888,Information Technology,1,139.71638979596852,0.4881041221417628,0.6740419054835083,0.0628823013073371,-0.08311055173185307,0.363667144134906
1888,STOCK_1889,Manufacturing,0,0.7856111908164376,0.1523284969707015,0.5018597386865234,0.09073535223768807,0.03622440064930472,0.25330682922050896
1889,STOCK_1890,Consumer Discretionary,0,5.866890625633963,0.7205888614819937,0.1520243805612252,0.04689745222008509,0.09755073910125317,0.22847850111615783
1890,STOCK_1891,Others,0,40.629367723658774,0.8007829856115394,0.5840297912401203,0.0917142573051078,0.1398070786216445,0.2647286081378511
1891,STOCK_1892,Others,1,3.334592636543497,0.19881521879730712,0.3347243842358181,0.0870931649103565,0.09571727946258016,-0.17146752822167244
1892,STOCK_1893,Others,0,7.352686549338099,0.2222802235771203,0.5744238774480885,0.1042916573462952,0.11645230302775307,0.050916097406180014
1893,STOCK_1894,Healthcare,0,25.586004243210102,0.26271161791468034,0.5631595563406552,0.07581347251623963,0.12459116117498023,0.024979362226004442
1894,STOCK_1895,Manufacturing,0,15.464119853894408,0.879295733663414,0.1527209895720288,0.08363462108379381,0.12510901351012066,0.21562323240708473
1895,STOCK_1896,Manufacturing,0,180.7349960677482,0.20783862800312783,0.4303602685777218,0.102541049381154,0.049395183141006514,-0.06316979407321571
1896,STOCK_1897,Consumer Staples,0,252.86462466811005,0.44142382265245955,0.2641456032275522,0.03433418027642595,-0.02092059182250593,0.17583421521233836
1897,STOCK_1898,Information Technology,0,91.44987407004469,0.27424513169719883,0.4244751741066099,0.09892777959094816,0.101053352889268,-0.049404802595391976
1898,STOCK_1899,Energy & Materials,0,5.8349287530242755,0.1658406841347997,0.6441738596296207,0.10246288780394366,0.16377435847629085,0.016306232004581735
1899,STOCK_1900,Others,0,84.20066169243074,0.1,0.5108725670232465,0.02564163671418404,0.16600682483517068,-0.04512644783043953
1900,STOCK_1901,Manufacturing,0,74.22177315590089,0.1326194256217973,0.18753148471469427,0.025188545037325132,0.17888822986381328,-0.2638996627433776
1901,STOCK_1902,Others,0,138.04604204271212,0.4761004875308462,0.13933711230891208,0.023833730629169166,0.0939513691060852,0.2746968919352054
1902,STOCK_1903,Manufacturing,0,938.4193941406439,0.5378601312561933,0.1,0.03398782445879266,-0.03743899510059122,-0.18925859214507368
1903,STOCK_1904,Consumer Staples,0,13.311172611226622,0.8290083472606611,0.1539607616438409,0.19057349764875706,-0.005188655277725534,-0.011241188431924076
1904,STOCK_1905,Utilities,0,78.01017252454372,0.2876871156137077,0.170033961077223,0.15055355311727614,0.017470540631545888,0.2947436452543013
1905,STOCK_1906,Manufacturing,0,133.837955450574,0.25555594371025075,0.11678639151567129,0.04845728557499827,0.1425366403199598,0.1928916485400528
1906,STOCK_1907,Manufacturing,1,78.81402335729004,0.5643638460442195,0.5262235090441015,0.08132330448078377,0.11139761537535312,-0.1673082039718944
1907,STOCK_1908,Consumer Discretionary,1,82.87753417483921,0.6048057169829865,0.7277018365287554,0.040883330007522714,0.10024649310607502,0.052180661519121374
1908,STOCK_1909,Healthcare,1,6.6521364992537135,0.16900552732540314,0.6487126846686402,0.08341267841525307,0.1442503562455345,0.008307907872050949
1909,STOCK_1910,Manufacturing,0,7.205867306182278,0.3194166053964939,0.15320882684988332,0.08493399631104011,0.16774140639832527,-0.012484567493008188
1910,STOCK_1911,Information Technology,0,93.97696772690247,0.1,0.1986121022916335,0.031232335586628062,0.08262896929076083,0.18517523423779772
1911,STOCK_1912,Manufacturing,1,36.846795044117464,0.4639628476005991,0.7266988814132757,0.07118937954498797,0.16020093475500338,0.05074918494796958
1912,STOCK_1913,Real Estate,0,26.815068760143454,0.1,0.3579423355688155,0.057107887252906664,0.06973892215337842,0.1348643111886515
1913,STOCK_1914,Information Technology,0,7.945045441867637,0.4732288397262084,0.342515218635179,0.08050059919092538,0.17050063359257744,-0.1796381954049438
1914,STOCK_1915,Manufacturing,0,20.487235974437475,0.7796271716032432,0.11535327205823317,0.03942814586173144,0.17345237039778524,0.02160723111199995
1915,STOCK_1916,Manufacturing,0,180.2146204975688,0.47248056384956333,0.2283265791728101,-0.005120176990497668,0.052968291293429524,0.36723940675921274
1916,STOCK_1917,Healthcare,1,8.949036611413264,0.2593113239752613,0.315505032131908,0.06749033076630184,0.031049072282089914,0.08559431181158203
1917,STOCK_1918,Energy & Materials,0,25.859274641172526,0.5263000126743965,0.18856621496160722,0.028452606107068873,0.06285292148225022,0.1818058535696736
1918,STOCK_1919,Financial Services,1,45.632030815600025,0.16201332658396272,0.1851157290338757,0.13457378744058895,0.20759406575724973,0.00689523476450175
1919,STOCK_1920,Financial Services,1,134.76797056921865,0.43920859547069063,0.13179934688315298,0.04188238141639918,0.14632891597385841,0.07682696696633315
1920,STOCK_1921,Utilities,0,2.498083943761395,0.5553094932494258,0.3457142912049707,0.0662713601404273,0.04086842145544097,0.2954632024091707
1921,STOCK_1922,Others,0,104.84595537733897,0.5981529351523164,0.1344646335218327,0.07973506352898699,0.15001850106487546,0.24894269837533387
1922,STOCK_1923,Healthcare,0,32.70492752763961,0.5163488240823272,0.2768779468241604,0.17753928517730164,-0.002513198579458454,0.05878851952824456
1923,STOCK_1924,Consumer Staples,0,31.864327040675867,0.15864531060026682,0.19925328290923852,-0.01379827480329235,0.13848242605942734,-0.09855247560830371
1924,STOCK_1925,Consumer Discretionary,1,10.809373549780194,0.34039916637754464,0.6678431762076141,0.028193154031200346,0.13137184100240323,-0.13621823654587295
1925,STOCK_1926,Consumer Discretionary,0,35.88329901909548,0.4488106911013878,0.20399037515616955,-0.0016785628814407778,0.2260297807032153,0.05898531095152637
1926,STOCK_1927,Manufacturing,0,6.389192317464868,0.5086361560090481,0.263198352241801,0.15868877911690268,-0.01350934001552658,0.07995311071358943
1927,STOCK_1928,Others,0,81.97845095959279,0.1586275204266819,0.5708257690047875,0.043545802630564116,0.08469011090424562,0.039860148984086886
1928,STOCK_1929,Others,1,21.46625445593684,0.1,0.12,0.1901828396444706,0.11315521326130401,0.07042999948443388
1929,STOCK_1930,Information Technology,0,11.355512350532868,0.5929203177998145,0.2980045877209434,0.1171218444650667,0.1628510070772131,-0.2504158888821376
1930,STOCK_1931,Manufacturing,1,415.85674714218453,0.8671609213930919,0.743181795326081,0.10942795295395796,0.10212612218066783,0.098038941253621
1931,STOCK_1932,Others,0,49.59925714828413,0.1036061825794959,0.5499372254325215,0.0657138177062364,0.18064219030083764,-0.1272581718190578
1932,STOCK_1933,Others,0,34.11512146260257,0.4941712335848155,0.20312196084884196,0.1228230343915717,0.2285747397579417,0.002206589458318408
1933,STOCK_1934,Others,0,156.74942850695683,0.41020095388530414,0.24889338696554,0.002619470156017793,0.07413560622148802,0.01838738528555345
1934,STOCK_1935,Financial Services,1,5.37857562494019,0.1,0.2607289827297759,0.06369172959587108,0.004526954958514093,0.03853104037929899
1935,STOCK_1936,Information Technology,0,732.7038419954955,0.6809709882499405,0.17342942342546905,0.04216698542824722,0.0954724380286198,0.15958654913502848
1936,STOCK_1937,Real Estate,1,646.4223721539516,0.18538222766677387,0.2927148207105851,0.14854197917596432,0.09322388256189088,-0.06203138590583028
1937,STOCK_1938,Manufacturing,0,72.9098129034597,0.24418152069982094,0.1,0.13677055427288778,0.1592673300394355,0.04107568065317406
1938,STOCK_1939,Manufacturing,1,20.077998857968865,0.4835918492919693,0.285186160193609,0.11592042382134925,0.19775349550561955,-0.14457947245007077
1939,STOCK_1940,Manufacturing,0,106.03464927008021,0.3754401974061339,0.31321958874086525,0.032274707574110016,0.11653814488311069,-0.017760296288216657
1940,STOCK_1941,Information Technology,0,97.29227651861608,0.44294177848700794,0.45661364623431083,0.06607965058561135,0.19104422832362056,-0.02356052904334777
1941,STOCK_1942,Manufacturing,1,129.51091355587582,0.28641969700907466,0.17685907810816606,0.07514228976837205,0.024379456049308558,-0.009008886333024864
1942,STOCK_1943,Healthcare,1,77.93658206136269,0.47226125896317234,0.12,0.03105299700315713,0.18519880283233933,0.004273616174724281
1943,STOCK_1944,Others,1,94.34135082456481,0.2969235789614912,0.12,0.11418098755252667,0.029771500308339516,0.12756212419735574
1944,STOCK_1945,Others,1,31.79464807652427,0.5761051977768782,0.12,0.10162136404177939,0.14136082667441396,0.32849047294594236
1945,STOCK_1946,Financial Services,0,50.75973060510169,0.4932805302121302,0.5108206249725065,0.01236079800938236,0.3123699593657976,0.14972522009291342
1946,STOCK_1947,Information Technology,1,155.01716385794728,0.11540020082957336,0.3134974430301283,0.02246520687680727,0.01095230771357449,0.07497205032324628
1947,STOCK_1948,Real Estate,1,357.04816052723004,0.11496954668893099,0.4332585576487309,0.1055736316354184,0.22436821626778602,0.25150412990094734
1948,STOCK_1949,Healthcare,1,235.6094403563293,0.5269758058782043,0.12,0.013644707217475798,0.19649028845928,-0.11007287906309302
1949,STOCK_1950,Manufacturing,1,142.12525664599897,0.2586325511506721,0.173839988827709,0.11736380419361038,-0.03503786515906822,-0.023864185815740978
1950,STOCK_1951,Financial Services,0,0.6999787653185171,0.1,0.45611373943192524,0.0937546626499886,0.12206042807386103,-0.010649913112946694
1951,STOCK_1952,Manufacturing,1,77.22196474161916,0.694799202935819,0.20056382315113497,0.1774829876175701,0.12840968772243525,0.1650493755909303
1952,STOCK_1953,Consumer Discretionary,0,49.47322325381084,0.31156617191272706,0.28716209660105707,0.024734444274431493,0.0877861952046238,0.0475167630895456
1953,STOCK_1954,Information Technology,0,20.785895454267422,0.3518359741725043,0.12678971222277033,0.09297835752924806,0.07201966094729499,0.10459374415581085
1954,STOCK_1955,Manufacturing,1,33.16016083773304,0.40103947565248627,0.8011326039365798,0.11309448017585205,-0.034484919362720995,0.193492514411413
1955,STOCK_1956,Energy & Materials,0,6.897605060858315,0.4989943465544442,0.3708958504797435,0.12469194054817016,0.13224042985429318,0.08523886535318873
1956,STOCK_1957,Consumer Discretionary,0,27.09936782455494,0.4892465268949075,0.12320559705552803,0.11239587941667871,0.04740968918668033,0.05066534145412508
1957,STOCK_1958,Energy & Materials,1,16.81485635717809,0.482846022193397,0.21426964449607425,0.16810389038169848,0.21832369271792257,-0.06796710052157681
1958,STOCK_1959,Energy & Materials,1,2.964664422978295,0.2627816981237491,0.8532190822566653,0.15482280296862844,0.18628262216988126,0.18288422215548852
1959,STOCK_1960,Information Technology,1,25.525544576885792,0.5796272116643381,0.2980873988369428,0.028120015222105138,0.047459034966629995,-0.10867147049301379
1960,STOCK_1961,Manufacturing,0,369.12997818393745,0.3555646649776978,0.5895985944618656,0.18061857236030626,0.12989698012928094,0.3283034499374671
1961,STOCK_1962,Financial Services,0,6.864368825546247,0.5234197462069445,0.613183823477487,0.1468541588778397,0.12639320836063045,0.04593162174174769
1962,STOCK_1963,Consumer Discretionary,0,21.454304427429097,0.7007620406573088,0.14465085994315224,0.0911035558333971,0.04753369897463418,0.284893163771353
1963,STOCK_1964,Information Technology,0,305.1300957186875,0.2943147261626269,0.1226600219854964,0.14999359393595504,0.10440857506618625,0.03539292177776945
1964,STOCK_1965,Healthcare,0,541.4931137212399,0.583515541630276,0.30926324804438854,0.11441077837502255,-0.04601175729342306,-0.02550172478613812
1965,STOCK_1966,Consumer Staples,0,3.057514358844134,0.1,0.5145601211031702,0.061306166697837124,0.08750057016785322,0.024055817882622902
1966,STOCK_1967,Energy & Materials,0,29.43641292501135,0.5247078204926333,0.46913569400446103,0.10920641607295986,0.1584844579313435,0.05605556987015385
1967,STOCK_1968,Information Technology,0,874.2808953167313,0.7672794626892407,0.7072224907954958,0.07994252228300609,0.20312723375813888,-0.02005721400670418
1968,STOCK_1969,Manufacturing,0,6.021979187052254,0.8812066039036259,0.23856514790407923,0.13765674393395916,0.03816256921055458,0.30096875519679606
1969,STOCK_1970,Information Technology,1,331.18281544587524,0.12115878542465729,0.12,0.05982961189652451,0.1924972695364481,-0.029128840580828538
1970,STOCK_1971,Others,0,26.124486590749193,0.4575367031931272,0.1,0.01987184319861866,0.14146345751652284,-0.024646484121025544
1971,STOCK_1972,Others,0,70.12470326385207,0.45296337264712766,0.1,0.024087192767519888,-0.006518034243374523,-0.14008823140765478
1972,STOCK_1973,Consumer Discretionary,0,13.555507428139384,0.22473548203349017,0.1272578765158988,0.07817042874331082,0.15933289398848074,-0.0853443082970323
1973,STOCK_1974,Others,1,17.708203902529675,0.1,0.5114454760534602,0.11829864540772807,0.22137025141797917,-0.1490706668849475
1974,STOCK_1975,Healthcare,0,34.93198733037775,0.3244147743455342,0.1,0.040079717128952155,0.16979866676492494,0.3611982159705234
1975,STOCK_1976,Manufacturing,0,15.044942841325344,0.23020207046044358,0.38517758069769026,0.08412285149487923,0.13526319493494304,-0.18233830477021162
1976,STOCK_1977,Energy & Materials,0,14.913496184232747,0.16582248564134236,0.4377198743680139,0.08939458998705613,0.19749876587374313,0.002386362268380201
1977,STOCK_1978,Utilities,1,40.415039941202025,0.12401475981125587,0.19301136637047825,0.02447143924130994,0.062030608916025014,0.08713254368487748
1978,STOCK_1979,Utilities,0,121.59911524512452,0.4211950998843302,0.5820690520987112,0.12907911662986274,0.10123739259855356,0.35510491666372407
1979,STOCK_1980,Manufacturing,0,9.690332421193705,0.4722672760254921,0.25141911410779116,0.10868868862140099,0.1946752326534838,0.01158146980269186
1980,STOCK_1981,Others,0,25.566161833120063,0.3344580963743377,0.1,0.12324415160984195,0.10531341684054725,0.11526447126521534
1981,STOCK_1982,Manufacturing,0,3.2285737673650114,0.19541790214264357,0.18728254786638657,0.05798588083098936,0.1605139597557877,0.14449378436567958
1982,STOCK_1983,Consumer Staples,0,15.36902414893447,0.5037409574188094,0.1,0.03924843679279128,0.24960892840051496,0.18830268105016296
1983,STOCK_1984,Energy & Materials,1,52.69097261651717,0.4283676973602633,0.12,0.028942012218323272,0.1921214398590533,0.10948388960718124
1984,STOCK_1985,Consumer Staples,1,23.61834161825286,0.30396995123075626,0.4558989741321071,0.001918906338306074,0.2116001182817588,0.008073532560868615
1985,STOCK_1986,Others,0,9.090743725645806,0.19700464988748378,0.5381408309792023,0.04256696894260419,0.16179838584753017,0.12343929127669279
1986,STOCK_1987,Consumer Staples,0,26.76740485174966,0.16417774847074199,0.4924519117562622,0.06124074689273358,0.04702061984123404,0.18096176433926384
1987,STOCK_1988,Utilities,0,9.191101460276691,0.10976223488250775,0.24724503208110782,0.15711725914339247,0.1465647296759271,0.09533283169321358
1988,STOCK_1989,Healthcare,0,42.64890672780423,0.2892540082994095,0.17806397222922246,0.04736374434361912,0.08768791332910345,0.17751467799658205
1989,STOCK_1990,Manufacturing,1,2.7635419971075987,0.2609057852395959,0.13774678393911752,0.14077463342435428,0.04578918792899916,0.01973885638875575
1990,STOCK_1991,Consumer Staples,1,117.19277148890544,0.36344646975475087,0.32220829559069314,0.036279721846776164,0.15053813174303088,0.324530625366353
1991,STOCK_1992,Healthcare,0,12.531272514507624,0.42537815597070167,0.10473526183093483,0.08165905206051982,0.1575601984951876,-0.007452618494597924
1992,STOCK_1993,Real Estate,0,4.742467124938002,0.8110448878855161,0.44920351991826746,0.052143800116006875,0.07125604843948971,0.2574382824382728
1993,STOCK_1994,Manufacturing,0,31.660974350242448,0.1,0.39867480353553686,0.13350544214949367,0.04748031047388272,0.06105476967743243
1994,STOCK_1995,Others,0,44.10586319671797,0.4692274094997738,0.4438457784284803,0.09040533729525552,0.12664008416422784,0.2277307289639087
1995,STOCK_1996,Consumer Discretionary,0,62.292021959165005,0.5519738639876762,0.2975964268962234,0.12636500961185676,0.1426644143504389,0.03318928204650988
1996,STOCK_1997,Financial Services,1,74.51101575016142,0.4346139047987999,0.16454628891022413,-0.010321983511776064,0.12439615149025203,0.004720233454365041
1997,STOCK_1998,Healthcare,1,154.30255719838914,0.3999547152095815,0.6122677545934498,0.03435967643811673,0.07312669471382015,-0.3982976919479265
1998,STOCK_1999,Healthcare,0,13.944896677580392,0.6142005343522836,0.11149482255146907,-0.006335315422273087,0.19360007876120341,0.11514833201831617
1999,STOCK_2000,Manufacturing,0,39.15062105821754,0.2754427890013012,0.1,0.0745392307593366,0.18332221893822184,0.14177642634463986
2000,STOCK_2001,Manufacturing,0,109.19188090517011,0.6767940003894075,0.1,0.13619332478459634,0.1296051116585181,-0.0466115969832125
2001,STOCK_2002,Real Estate,0,18.927821824421105,0.8161118836627751,0.2680312693458317,0.10961623641026078,0.05152252384289166,-0.07286220928138762
2002,STOCK_2003,Energy & Materials,0,45.446033511157275,0.23984483362439094,0.718027273149926,0.17699012449340495,0.25235935436439244,0.28529078231977
2003,STOCK_2004,Manufacturing,0,102.49587501355046,0.12497314286706582,0.2970222167541517,0.05626807653282969,0.0095654334205483,0.0336980377583714
2004,STOCK_2005,Others,0,91.10450948376932,0.21793185077895916,0.29701201536924887,0.10022321814421624,0.13581659525670361,0.16117487976518555
2005,STOCK_2006,Others,1,99.72287097718683,0.24219610803467986,0.3263653011565065,0.08951010501623952,0.12882573177182038,-0.2306138066804737
2006,STOCK_2007,Others,0,630.4432753013564,0.1,0.14821454704492998,0.09122433794701315,0.16670001149304078,0.07575761733986781
2007,STOCK_2008,Information Technology,1,117.34548916236221,0.49293496225014183,0.21729203536725208,0.05247563680040822,0.16104127446276958,-0.02028760929168237
2008,STOCK_2009,Energy & Materials,0,24.953078426887423,0.38835945761874774,0.21404698140135758,0.1098021078561395,0.07412054749817124,0.3483518756499967
2009,STOCK_2010,Information Technology,0,215.82016063912215,0.5476819886603552,0.21435075994372527,0.044907773631422246,0.14410376626452504,0.07977392632216716
2010,STOCK_2011,Consumer Discretionary,1,33.86302220522937,0.548644113242399,0.308137165409705,0.0061938697543654705,0.09134752592220712,0.21088079531124315
2011,STOCK_2012,Information Technology,0,41.994565974413234,0.5181758556295668,0.22008306775648243,0.12082061988285575,0.1463694587518513,-0.0687387183694842
2012,STOCK_2013,Manufacturing,1,23.55772392937139,0.6818770603829494,0.48524643901883213,0.10436954266975666,0.10352315500086672,-0.03007841009707169
2013,STOCK_2014,Healthcare,0,60.135651309831914,0.3747146171838818,0.49977231799912525,0.15586519891278594,0.04947781529982569,0.07643044724480252
2014,STOCK_2015,Consumer Discretionary,0,756.3036001791284,0.3840043505426397,0.1,0.05521965463334686,0.27241256481408643,-0.034166355170043065
2015,STOCK_2016,Information Technology,1,25.091132404616516,0.6633201399212816,0.6908605434690024,0.08213122022111363,0.2068936085849003,0.4347410068933641
2016,STOCK_2017,Energy & Materials,1,51.9272265107104,0.43207561808929473,0.3680720001957562,0.10126877906282546,0.003752431635050712,0.15279332611476443
2017,STOCK_2018,Energy & Materials,0,101.37411194713836,0.43498318241723316,0.2805987124734719,0.09321371157409546,0.22441268567989847,-0.24491240322482438
2018,STOCK_2019,Financial Services,0,53.6465924571335,0.1,0.1,0.13383972459828258,0.009339241158153594,0.2711993288167221
2019,STOCK_2020,Healthcare,0,485.71083653658246,0.7410229232829677,0.1,0.08225609836917637,0.0029232273455551835,0.12423524220245277
2020,STOCK_2021,Manufacturing,0,24.818982447639357,0.3415466741398756,0.4011114073123394,0.1484820502691435,0.24695616887037405,0.3300342807195438
2021,STOCK_2022,Financial Services,0,4.501484135849125,0.5944307121882997,0.22738787008041902,-0.02145107525355566,0.0827095586853359,0.20391478645638847
2022,STOCK_2023,Consumer Discretionary,1,263.94895988126274,0.13156371588859753,0.4087827922514106,0.1653884911907922,0.15236390310609166,0.2189742535025707
2023,STOCK_2024,Real Estate,1,13.851985192714233,0.4332797402442942,0.14166444680469806,0.22510853174018206,0.023298203287708052,0.3397660739061231
2024,STOCK_2025,Information Technology,1,14.729992890915227,0.7400963103826688,0.12,0.021665323040500166,0.08711531161933399,-0.26767904063821535
2025,STOCK_2026,Manufacturing,0,4.0497597615969125,0.47157841655088406,0.5221019276847253,0.07064408046806667,0.1530324872376342,-0.22407093785032584
2026,STOCK_2027,Manufacturing,0,75.08784093023914,0.7958165853362,0.18412499158319784,0.08427161732903982,0.19179483431552574,0.03263771440272357
2027,STOCK_2028,Others,0,5.060942844044376,0.3244870817906697,0.2762389049781219,0.03512413952750972,0.13038331355140717,0.25324509068941065
2028,STOCK_2029,Healthcare,1,77.26912272978423,0.18321793327922448,0.1292931370979145,0.14372848484676204,0.18771773071419345,0.1719191144692828
2029,STOCK_2030,Financial Services,1,181.70163754030204,0.5669209618376073,0.24894750194695817,0.0628938415177018,0.08604757416553076,0.1821636232864053
2030,STOCK_2031,Real Estate,0,38.72182659349982,0.2072150721993517,0.16987922745143308,0.0630389854327287,0.14755827526776194,0.2433816229399484
2031,STOCK_2032,Healthcare,0,12.6263802970304,0.608006446828374,0.19193864368042457,0.08230280214119023,0.08371279316625477,-0.14798925098357477
2032,STOCK_2033,Manufacturing,1,289.3065367836617,0.22549221006367579,0.34608506043714243,0.05850339929096683,0.12778277321010068,-0.07091751417805121
2033,STOCK_2034,Consumer Discretionary,1,26.832835024767625,0.5466193573297784,0.43499643792681475,0.0657906311576415,0.2208302814512034,-0.05419910226916929
2034,STOCK_2035,Information Technology,0,49.10815874685895,0.2798483153870329,0.3670993008095743,0.029306384276901704,0.07396052519257507,0.146667994594776
2035,STOCK_2036,Financial Services,0,13.347603794033471,0.4892054016043859,0.2045081103224096,0.14461600675526287,0.04099547223262007,-0.103237215530416
2036,STOCK_2037,Others,0,76.81436359289258,0.13277899668836557,0.3005421333879752,0.10882708581897901,0.15385013160924027,0.10886037631960739
2037,STOCK_2038,Consumer Discretionary,1,66.13003321779465,0.6310857786516668,0.30801083005623864,0.0974492516647003,0.10387928821052109,0.14855158678156913
2038,STOCK_2039,Information Technology,1,70.83834079890664,0.14961074065431057,0.1933583160879053,0.08432662205400773,0.19920456886302074,0.15990096211588992
2039,STOCK_2040,Healthcare,1,67.94449643727211,0.4811220972702624,0.12846248380773714,0.08088943701779572,0.13178994954238943,-0.02404250492582708
2040,STOCK_2041,Manufacturing,0,35.97221294213916,0.8223192437959822,0.34995529173625173,0.07785980210057189,0.05824452290248378,0.056314056491920214
2041,STOCK_2042,Manufacturing,0,116.06794237613381,0.21738269961691925,0.1,0.15972363073687526,0.20043306401851899,0.28821752357539154
2042,STOCK_2043,Manufacturing,0,405.42136127125093,0.33081914994376516,0.19392439325315372,0.10979186470204601,0.1784643862260758,-0.06329311584923972
2043,STOCK_2044,Others,1,13.615132062467403,0.6304625867032887,0.2535581422532084,0.14690329634895138,0.18955411025356536,0.20886962926170155
2044,STOCK_2045,Manufacturing,0,139.7551279559591,0.2147061635120654,0.1,0.02242626607492068,0.17295585381304646,0.06676038222797931
2045,STOCK_2046,Others,0,1.5460350806119076,0.6436824217412785,0.1322748344855491,0.05317146570527312,0.12627711147587317,0.14071988240301514
2046,STOCK_2047,Consumer Discretionary,1,16.093169431085258,0.7945101020399639,0.3820081870134319,0.10009394933129827,0.17281742441086625,-0.01399655744338626
2047,STOCK_2048,Manufacturing,0,63.978734329549916,0.1,0.1,0.028400114753517707,0.1812504270537293,-0.011689240316581893
2048,STOCK_2049,Others,0,15.006808862575495,0.16396181593481543,0.43136474833312005,0.02914637744860365,0.08073406536181132,0.19431613364224862
2049,STOCK_2050,Information Technology,0,17.45826031100439,0.17849858248215864,0.16492704675890782,0.1288243256389403,0.10528763355643807,0.18433127223847967
2050,STOCK_2051,Healthcare,1,6.329208417076839,0.42264580461642937,0.1259162919692981,0.09370278780650575,0.14545311547784182,0.026245159655761637
2051,STOCK_2052,Consumer Discretionary,0,429.0313854160888,0.13189404680463077,0.41762015787806606,0.055643818463556746,0.1436676044179053,0.03774311122533462
2052,STOCK_2053,Manufacturing,0,0.7757590295828065,0.2543340315835619,0.1,0.09525228431827733,0.04896829186466108,0.2047354138131352
2053,STOCK_2054,Healthcare,0,1.2754683361891987,0.24912641807179833,0.1,0.16866732363853779,0.13701359649361236,0.2023747594035539
2054,STOCK_2055,Utilities,0,13.242163296712775,0.7887761460071372,0.19715511425375,0.10075433289272191,0.3101779434008614,0.10778229179129109
2055,STOCK_2056,Financial Services,1,6.634801504845047,0.7982694014953094,0.2545553923485369,0.1470652937421143,0.16310934593353832,0.07819465638333525
2056,STOCK_2057,Others,1,21.348704043481312,0.24768976721046015,0.12,0.06494777522785722,-0.0006673649504557736,0.02229760805374613
2057,STOCK_2058,Others,0,3.505186035524205,0.5470091443034333,0.3771179352861598,0.1409515835915879,0.15789686439260572,0.13602403670667262
2058,STOCK_2059,Real Estate,1,197.15468070493827,0.4576454681978708,0.2858889924063299,0.13894094865910295,0.19839816322874626,0.26871514877259733
2059,STOCK_2060,Consumer Staples,0,5.951704012998851,0.2241865109385917,0.5818427365138372,0.15223142233152454,0.20707974860232892,-0.18825005995902677
2060,STOCK_2061,Consumer Discretionary,1,2.5100181952845326,0.13246674576398168,0.12,0.08706163812354331,0.20963603932084257,0.057177048245798986
2061,STOCK_2062,Others,0,7.485601523182214,0.32696310051488764,0.3367688418057095,0.05806599456936104,0.12503199339253124,0.22802841906102703
2062,STOCK_2063,Financial Services,0,4.0255234563705775,0.5629677032441265,0.36806690482833965,0.08321670204080615,0.14959956057820165,0.14797683284502353
2063,STOCK_2064,Manufacturing,0,1701.7865377556823,0.4382133049039971,0.16769806580757407,0.16724587313873568,0.09784956603791328,0.07640205270331694
2064,STOCK_2065,Manufacturing,0,128.371984942948,0.7119245884670393,0.39294431286414266,0.08699543902887319,0.05417108673934892,0.25401403124444244
2065,STOCK_2066,Financial Services,0,14.247069303597101,0.4879721987406224,0.31074390156897536,0.12590464596088624,0.25734101993474806,-0.03855655459093663
2066,STOCK_2067,Manufacturing,0,5.2122216480710515,0.1743405822534985,0.10087663353923466,0.053260747805161025,0.2427007814684263,0.2186965548102202
2067,STOCK_2068,Manufacturing,0,453.7264128789079,0.5415506723588723,0.24558806489663884,0.08090044126070306,-0.12074729141465392,-0.0722565288225198
2068,STOCK_2069,Manufacturing,0,78.4820391655783,0.48288696392081304,0.2288118523218345,0.04010392056480898,0.1651673520966456,0.17853949775718797
2069,STOCK_2070,Healthcare,1,59.832454723528244,0.8707379494698568,0.32628725507992645,0.1370975305105055,0.11326597397271014,0.04399764232604663
2070,STOCK_2071,Energy & Materials,0,15.998144399142854,0.4401596965111463,0.6423209956107817,0.03684970761947416,0.18068180326117844,0.1267992243263366
2071,STOCK_2072,Manufacturing,0,49.25824684207504,0.40579298885242165,0.27447185888411774,0.046338005093352896,0.21117030036926093,-0.12195447434370701
2072,STOCK_2073,Real Estate,0,145.17412001110947,0.31123889421898343,0.32530922864399,0.04917778622062457,0.23166893579616782,0.3916438816909312
2073,STOCK_2074,Financial Services,1,699.7646801666571,0.11070995386164897,0.3270411387638982,0.019733180334009386,0.137339207029198,-0.14546647338886734
2074,STOCK_2075,Consumer Staples,1,7.713985774123312,0.4371901574225101,0.46393951575981585,0.08682383039560024,0.13364026225326767,0.24846644606945736
2075,STOCK_2076,Financial Services,1,217.79795769237913,0.6428860470388639,0.23008414384579823,0.09922805507083732,0.08033422105348391,0.20632493388934614
2076,STOCK_2077,Consumer Staples,0,234.50072071066575,0.5023669775463426,0.18978871135515094,-0.04823539025749458,0.009805068009368327,-0.0843934916411367
2077,STOCK_2078,Information Technology,1,141.44158714852176,0.3341332760693878,0.7743976637613798,0.055112146849119935,0.07639593564669717,-0.09631017352966587
2078,STOCK_2079,Energy & Materials,0,11.974545403083209,0.1,0.10627329679541339,0.05769135799397399,0.16294977301118757,-0.3080333357475638
2079,STOCK_2080,Healthcare,0,22.955346953738072,0.465484144794329,0.11676438908469328,0.18035931084929707,0.12370789589103916,0.05068449002860688
2080,STOCK_2081,Real Estate,0,59.10633208893269,0.3221237323430893,0.36710616339453445,0.15412068254703598,0.17519310132439087,0.14477958087562945
2081,STOCK_2082,Real Estate,1,21.130578760604386,0.38519449862762434,0.23757828574718373,0.08102340900043525,0.1463188223123677,0.12887827843374136
2082,STOCK_2083,Utilities,0,6.864714568803528,0.27887952513996367,0.3766877596574557,0.04374280347588284,0.05442329590185977,-0.16002141980893378
2083,STOCK_2084,Manufacturing,0,15.752759039234713,0.26884636266856554,0.3314935314951642,0.12221544721460065,0.1753999771443668,0.07542049275298943
2084,STOCK_2085,Energy & Materials,1,13.04526962195184,0.3999739718474724,0.43288914351806146,0.030277878933641988,0.23851873975081336,0.06497061932851671
2085,STOCK_2086,Manufacturing,1,49.620405104049055,0.4076803733809032,0.3599378393613326,0.01878498928777606,0.1102573645591545,0.1527527894711877
2086,STOCK_2087,Energy & Materials,1,284.8567295872919,0.28359747997624746,0.1530467054078934,0.0803512935671485,0.0850346810645108,0.2435880302425376
2087,STOCK_2088,Healthcare,0,68.02662796174731,0.6699772467418297,0.27563625166664923,0.10378302807091239,0.08921596641357094,0.4264803785771102
2088,STOCK_2089,Others,0,43.08437993284444,0.5545883505540474,0.3838238220857451,0.07672731898603896,0.01950559786225708,-0.2339938278055291
2089,STOCK_2090,Energy & Materials,0,2.2528754759426373,0.23594091692858657,0.27039794813479573,0.013781089044975462,0.11182497762263112,0.11079018694811014
2090,STOCK_2091,Consumer Discretionary,0,18.17931225307744,0.1889809703776977,0.17325631107352857,0.07293325371008492,0.24048101769405505,0.3435574354301207
2091,STOCK_2092,Manufacturing,0,29.374688069366275,0.19218445032937478,0.3131319402139275,0.10554720456127377,0.03707006710506144,0.17064888822953894
2092,STOCK_2093,Manufacturing,0,39.61875809835124,0.29030792322362425,0.1,0.14554208902665064,0.09895549296883586,-0.013166704726281281
2093,STOCK_2094,Manufacturing,1,175.41621486932593,0.4148937298714065,0.1481172443004466,0.06968533520050663,0.20694151716297557,0.19384944800957551
2094,STOCK_2095,Financial Services,0,17.114256685299903,0.5127242497976062,0.2275273880639839,0.11038102742793102,0.03370645791488867,0.018774989017761465
2095,STOCK_2096,Consumer Staples,0,23.143255829528737,0.5154511005637816,0.1,0.05622648394904075,0.0020163178574585426,-0.06983442395946186
2096,STOCK_2097,Information Technology,0,18.73533505535517,0.1587681365519773,0.1879336572657821,0.11900531575495413,0.07230993767625311,-0.002130750173684815
2097,STOCK_2098,Financial Services,0,2.805742810964393,0.25907432156950544,0.47141762519023156,0.07593738487499549,-0.007233162940865732,0.06892274099957443
2098,STOCK_2099,Others,0,31.153010377062937,0.5626519932836596,0.39673581516847173,0.022133586546692213,0.10096069381551949,0.0405585082074472
2099,STOCK_2100,Consumer Discretionary,0,15.967494855105823,0.5626903792077173,0.11596289278375346,0.049106311178894184,0.18787517171632534,0.008834470812494158
2100,STOCK_2101,Healthcare,0,0.33838755642621887,0.3296794642243234,0.32278524020639837,0.09162566781930342,0.13478069174829357,-0.05722363008526816
2101,STOCK_2102,Manufacturing,0,26.35518732339011,0.7303437184862763,0.20456354798640966,0.16771946801364185,0.15486484454772184,0.13863048918256
2102,STOCK_2103,Others,0,8.10205870402113,0.1,0.4737133416694315,0.16933952427198362,0.05333287419661972,0.1716949569898496
2103,STOCK_2104,Manufacturing,1,4.657236442014238,0.20510042956952843,0.14762146613992536,0.11128882574153086,-0.03601366276195193,-0.05110008549736747
2104,STOCK_2105,Manufacturing,0,19.5824742956151,0.6521959080135693,0.4915319220027583,0.09241738420009805,0.09493272725222927,-0.039728098065374244
2105,STOCK_2106,Consumer Discretionary,0,19.95129037223292,0.608916591948968,0.12741956125313705,0.12042461372144261,0.11145179119336407,-0.082694819474478
2106,STOCK_2107,Manufacturing,1,48.112621208164,0.5335924524655425,0.17533271993573155,0.0996453916667318,0.20764834697829987,0.349979133227646
2107,STOCK_2108,Manufacturing,1,9.209905571291944,0.1,0.12,0.11007386637833191,0.05440151557083562,-0.2300689920452617
2108,STOCK_2109,Manufacturing,1,50.856529840289596,0.6046165231225503,0.2439832656144546,0.185375346911916,0.18087476619308993,0.11309372099683229
2109,STOCK_2110,Others,0,55.58838585091798,0.19947224566366664,0.10009089498293242,0.13756401375357158,-0.022177076606464226,0.06384897736480814
2110,STOCK_2111,Consumer Discretionary,1,225.7562247722073,0.39866923855118136,0.12351262382971309,0.09276995540274639,0.09210839272662939,0.07769359548049319
2111,STOCK_2112,Financial Services,1,26.684987043617085,0.2896075749971839,0.8369896201518834,0.0924576229236513,0.06867464771603737,-0.3157551884222283
2112,STOCK_2113,Manufacturing,0,267.4950812007822,0.36950489831775224,0.12701879222494444,0.08715114543734451,0.07263490621740143,0.2201032064874269
2113,STOCK_2114,Manufacturing,0,8.230132870606678,0.620638586548245,0.2972996374650345,0.11553484169944013,0.09555489642857302,0.17998553872517267
2114,STOCK_2115,Consumer Discretionary,0,13.783217154229714,0.28154126501084864,0.3639994536004187,0.13660065117108772,-0.019380717558401636,0.2701372164253944
2115,STOCK_2116,Others,0,43.59977566300351,0.6060738184964268,0.1,0.04473151975274372,0.18086633692180132,0.2522408162243914
2116,STOCK_2117,Consumer Staples,1,2.2001448978399836,0.29954084074604,0.2930002615263033,0.1298083177199322,0.0029657434087189327,0.13604333031052399
2117,STOCK_2118,Manufacturing,0,262.3298854776587,0.5268931686178938,0.1646967855679108,0.06617423184036873,0.21025093976975476,0.2168705177051987
2118,STOCK_2119,Healthcare,1,202.68162149264884,0.4515534743883669,0.26172267225341417,-0.014108441453976514,0.13262170490029349,0.16818285717929107
2119,STOCK_2120,Consumer Discretionary,0,13.306209471334169,0.7590877891464624,0.21910949927620132,0.07922836401575122,0.1974919205163006,0.018132820330509048
2120,STOCK_2121,Energy & Materials,0,9.517801795473636,0.35260829352565953,0.16880141242242716,0.08539019787643098,0.2103470143349213,0.157050997486696
2121,STOCK_2122,Financial Services,1,19.407380589795387,0.1830471197479643,0.17250250019416316,0.17226699385873206,0.1996799171509179,0.042482049020081535
2122,STOCK_2123,Financial Services,0,18.066863412722615,0.22940489588464788,0.3445983237683644,-0.09022432429659265,0.2563090093580228,-0.14077837830765255
2123,STOCK_2124,Information Technology,0,3.6394604422451406,0.5283103363347845,0.21253380531603092,0.020549565988266776,0.031587901389116935,0.1284116546208214
2124,STOCK_2125,Manufacturing,0,60.26057183364858,0.5052539304078297,0.566692968722643,0.021752216975852418,0.19975234651174875,0.05691509115596407
2125,STOCK_2126,Manufacturing,1,14.897713689561819,0.43473892884895443,0.5090264344739983,0.1672738871859819,0.32746041168666395,0.12005733501106788
2126,STOCK_2127,Information Technology,1,9.682586480398717,0.22275498184464307,0.5380364692745039,0.07561777949322905,0.1189203350650523,0.0937706313863124
2127,STOCK_2128,Healthcare,0,6.863614330085503,0.27284011690530524,0.1,0.15381943547953,-0.0842499843776793,-0.021679586000889886
2128,STOCK_2129,Consumer Staples,0,44.50592941039328,0.4842727103104183,0.1334744096794911,0.007209085742470404,0.20284150427687872,-0.006686097905561248
2129,STOCK_2130,Information Technology,0,4.247956276002426,0.15614624535186325,0.17193121272138498,0.027968433515571628,0.12542817934476402,0.1703093989043004
2130,STOCK_2131,Manufacturing,0,11.807458911997541,0.6366911954862005,0.39829180951219084,0.024701141064247572,0.23966708799072498,0.19794110724437258
2131,STOCK_2132,Manufacturing,0,33.561507756197145,0.13312043492992687,0.28626855725879885,0.04329973666305505,-0.025668011113431574,0.11036309907769119
2132,STOCK_2133,Manufacturing,1,73.59596715606588,0.49152495395472084,0.5494266232323068,0.08939460114371392,0.1774156136149309,0.04662780182694885
2133,STOCK_2134,Consumer Discretionary,1,15.118892457799523,0.6252752541749571,0.14581032568450467,0.11611530977052054,0.1371440185642998,-0.15121219650367554
2134,STOCK_2135,Information Technology,0,19.4504901557507,0.1,0.19294391280107423,0.0657584052374014,0.07322308770282351,-0.04941466550997339
2135,STOCK_2136,Consumer Discretionary,0,11.420757808024609,0.294561715871984,0.3601439683848594,0.11026866971434515,0.24560407179760896,-0.1050259366357404
2136,STOCK_2137,Manufacturing,0,53.74363584909802,0.539411872315327,0.28330486610877914,0.09322288887223115,0.1147899714471806,0.23922955066746557
2137,STOCK_2138,Others,1,334.631105405539,0.5659112298960837,0.46893646782644005,0.1312894714917108,0.2422787037239845,0.18432553278030575
2138,STOCK_2139,Energy & Materials,0,15.487654708328238,0.6423002879495372,0.134145982695349,0.13992382680496984,0.1918789950955437,0.016127949732238328
2139,STOCK_2140,Consumer Discretionary,1,222.31018522322557,0.22832836225001343,0.5409232462078726,0.057154228331541955,0.009274703700048808,0.3053378998464418
2140,STOCK_2141,Energy & Materials,0,16.54698342490729,0.6925034478643284,0.12490630453485997,0.04990471533264243,0.16228604056601037,0.36167815248162577
2141,STOCK_2142,Others,1,26.724642161766262,0.4171920391763659,0.12,0.10265386133761971,0.14694371618227534,-0.25920949490227635
2142,STOCK_2143,Others,0,11.904655484291023,0.6644772875875187,0.18104911469229357,0.010570438461186453,0.10620587505296432,-0.051731586560609256
2143,STOCK_2144,Real Estate,0,166.54737415769952,0.1333407611165799,0.35952642124893963,0.05467559125941791,0.03048983887121785,-0.2926835912022479
2144,STOCK_2145,Energy & Materials,0,27.74660334383397,0.6363690326363814,0.2974401174251079,0.17238345510592773,0.11491332840627588,-0.09290422304784973
2145,STOCK_2146,Real Estate,1,43.163454652175695,0.33077711775049157,0.306185900435939,0.07805985808725752,0.16497124983766262,0.19224846907686907
2146,STOCK_2147,Information Technology,1,26.70360342613766,0.20717907136246935,0.31929830637750956,0.06549122303010466,0.1864456810737126,0.3258139126237873
2147,STOCK_2148,Financial Services,1,46.06809284630545,0.5965917763168582,0.255364018481532,0.019576275237418953,0.2582451038913464,0.04403542356279182
2148,STOCK_2149,Energy & Materials,0,25.27362975614362,0.2156574379536868,0.11470501352668523,0.09596225565062598,0.1364320618081528,0.17891477154665633
2149,STOCK_2150,Energy & Materials,0,26.623854938368172,0.6311417429159634,0.4685604843792457,0.07903547212106718,-0.005073077819331207,-0.1031652933446354
2150,STOCK_2151,Utilities,0,13.6564664934962,0.4356122658566841,0.356975708867605,0.0018446888250755618,0.1555498371534238,0.35138363835530884
2151,STOCK_2152,Consumer Discretionary,0,121.8858418658825,0.12184223816834062,0.38723513381722563,0.15115837650889574,0.1610748949078402,-0.07672104751855849
2152,STOCK_2153,Others,0,42.35155932865647,0.2801508557085828,0.1776895416143811,0.03488820308235717,0.19096821296370822,0.26517456407648404
2153,STOCK_2154,Manufacturing,1,59.01191043022151,0.4812574861360133,0.1756762784577017,0.08687019146545995,0.09455840751955075,-0.16810445810657051
2154,STOCK_2155,Energy & Materials,1,16.42514696755537,0.11592143116831367,0.3180778801157021,0.12758200311623075,0.21604184735627363,-0.025910003211456114
2155,STOCK_2156,Consumer Discretionary,0,55.051584444030865,0.2360102062953981,0.4919521478438553,0.053497465277853096,0.23224267420214925,0.3093748148675501
2156,STOCK_2157,Energy & Materials,0,66.64679041557456,0.11366291224198508,0.2261728466031756,0.06973455301547742,0.12440286552244359,-0.3417213578779719
2157,STOCK_2158,Consumer Staples,0,30.768949459524055,0.6538783004232331,0.35672560440167284,0.15550646629396955,0.024509672850796554,0.09195684331115789
2158,STOCK_2159,Real Estate,0,31.01744522494509,0.2751941594267363,0.5939335207818265,0.14094327252926134,0.14231228858712094,0.017059314919844734
2159,STOCK_2160,Healthcare,0,36.13430053511855,0.4255923327092076,0.15723194506755736,0.16484987326473535,0.05228445001472619,0.039295170379705896
2160,STOCK_2161,Others,1,341.83305995625847,0.7731810111095495,0.1825031922559923,0.04151107339318637,0.1355327676555997,-0.07763293775129022
2161,STOCK_2162,Utilities,1,92.2770138559475,0.59553371653523,0.2472808328087306,0.08248487965013383,0.08157933699806673,-0.12275709041112376
2162,STOCK_2163,Manufacturing,1,160.93298428660378,0.4691958002593336,0.3577676875474143,0.07353870851450721,0.07644183265793128,0.24670417905357778
2163,STOCK_2164,Consumer Discretionary,0,14.063592991172506,0.13639547164797544,0.397136065896474,0.10238796228386451,0.35092384493722584,0.21768783154113328
2164,STOCK_2165,Manufacturing,0,137.2213299205122,0.3434349948854539,0.21147549639241622,0.03206789134499726,0.1720655197394359,0.05028503145604399
2165,STOCK_2166,Consumer Staples,0,113.53515045908522,0.3877534439942771,0.42026143809985256,0.11866529365620901,0.005524720910263217,0.29015505212974285
2166,STOCK_2167,Manufacturing,1,0.8132957307342175,0.6111082942579674,0.7251379688322839,0.047692658655692395,0.07464553537298554,0.0051133545351010464
2167,STOCK_2168,Others,0,242.03183380774584,0.2791257205398673,0.5369494730437883,0.037719973653701125,0.07663241330276205,-0.14107792280223366
2168,STOCK_2169,Energy & Materials,0,1.1918448396395882,0.2995522190304006,0.3999976477345542,0.12465645706391928,0.11960637320054113,-0.07868022455928511
2169,STOCK_2170,Manufacturing,0,322.4584202932062,0.5660052176769078,0.36129273053321564,0.09988786964882199,0.19442386840609963,0.16829186646525324
2170,STOCK_2171,Others,0,8.91315626255989,0.743376681772952,0.22531272657111123,0.09881666410859409,0.0359273015156689,-0.2051237602923913
2171,STOCK_2172,Financial Services,0,135.82486870909673,0.4670804378190697,0.6273169001457964,0.1581179417041465,0.07957417740651854,-0.0765589069367238
2172,STOCK_2173,Manufacturing,1,36.16991659250872,0.3469666212234571,0.6758570084467311,0.05878935202322389,0.13621162536786438,0.4539465353671674
2173,STOCK_2174,Others,0,1.125350199177641,0.22041112171329008,0.19874518946845637,0.12866872246932917,0.2606003905417421,0.07105197138974152
2174,STOCK_2175,Consumer Staples,0,792.3616741921388,0.27541053397353676,0.46295575775723785,0.1265024287647572,0.18724810864134933,-0.12489415456527406
2175,STOCK_2176,Financial Services,1,1290.3905164911048,0.6630632619334136,0.7309218136300261,0.05279777802017687,0.061061449020511555,-0.013027617552984313
2176,STOCK_2177,Consumer Staples,0,14.9021249738757,0.4756712266533222,0.29653001301800064,0.0045683761241923455,0.16036866343384348,0.05740998805665998
2177,STOCK_2178,Manufacturing,0,295.52827617216207,0.18948405966001447,0.19567621063707355,0.09074863713339913,0.14347997125735257,-0.10328237324570992
2178,STOCK_2179,Information Technology,1,55.64321473957051,0.7120592130197951,0.28592932991066256,0.11296704824788946,0.17630440970910274,0.3185195823166159
2179,STOCK_2180,Information Technology,0,20.944345816718712,0.22119159482525946,0.1,0.13552811376656337,0.21673620384611056,0.03904795841571855
2180,STOCK_2181,Financial Services,0,69.06494988244441,0.7019006975093913,0.2546799565137853,0.06077741211018919,0.17984326442158988,0.11414607314115421
2181,STOCK_2182,Manufacturing,0,23.619423153094708,0.2808941554917227,0.5177877373647917,0.10614370099273487,0.00776675820040283,-0.07397619013252728
2182,STOCK_2183,Consumer Staples,0,9.087003666706092,0.6837469391596988,0.3684220446124886,0.04856885917185224,0.1334787657332206,-0.05145459390176426
2183,STOCK_2184,Healthcare,0,2.8931174002325046,0.17027027871186387,0.24121725090021182,0.02029245958468995,0.0555838319336604,-0.061589935428036556
2184,STOCK_2185,Healthcare,0,37.54947881674956,0.6697635196447964,0.43661663547354135,0.02957431243478765,0.014163604617561856,0.12782679474304687
2185,STOCK_2186,Healthcare,0,16.160823915316968,0.5276687283218483,0.3548649367077288,0.17385011216977214,0.03222439746895758,-0.21323889185353034
2186,STOCK_2187,Manufacturing,0,420.7179431331057,0.37870799018480134,0.4812589731582702,0.0007866657096730329,0.06168209457129709,-0.016515482977075183
2187,STOCK_2188,Manufacturing,1,28.94565434231988,0.21715342370223173,0.12,0.030739323130213193,0.023536699084828794,-0.035000080551102285
2188,STOCK_2189,Information Technology,0,72.21694544021295,0.19068546164186803,0.33993125601792373,0.033049705663038484,0.1133857223357037,0.0844568209802834
2189,STOCK_2190,Energy & Materials,1,293.9734416462063,0.3589842135631558,0.12,0.17723335608762503,0.033816905898789655,-0.015703832301507556
2190,STOCK_2191,Energy & Materials,1,231.45059054698686,0.23917044753988084,0.12,0.13038757163734194,0.19268883511151874,0.19190674610140196
2191,STOCK_2192,Manufacturing,1,11.803381324969099,0.5746773546749647,0.24716600886336143,-0.0015602763595833975,0.04825537783527699,0.22002554334628768
2192,STOCK_2193,Others,1,102.7412195647469,0.7664780754844708,0.4462744074115998,0.007963329751681918,0.14683509384470145,-0.13536272982062028
2193,STOCK_2194,Manufacturing,0,71.1841097265945,0.34882535363662365,0.16339652445935787,0.03431968964095171,0.04922811038941897,-0.058199686538994
2194,STOCK_2195,Others,0,40.04438833971792,0.2558938985438663,0.4144300530446089,0.1111794852096118,0.09957591727790185,0.10422567187555017
2195,STOCK_2196,Energy & Materials,0,16.243342690648888,0.5382819948161627,0.5087251055117106,0.01583197386651119,0.17308695673592764,-0.04195369938879421
2196,STOCK_2197,Energy & Materials,0,12.856926583558671,0.6190632834212711,0.1,0.09099045753394766,-0.04292626390682746,0.06776150223134582
2197,STOCK_2198,Others,1,589.1283412078749,0.35469298528456683,0.2526165585621981,0.050896556929567,0.14659495289239527,-0.09845082998682674
2198,STOCK_2199,Manufacturing,1,5.150256179846879,0.3537001698975597,0.27919907554034307,0.020154351862601397,0.0434603138738172,-0.23260453416301613
2199,STOCK_2200,Manufacturing,0,8.401207090974271,0.4636551066189327,0.1,0.10078367150144718,0.1793921654275357,0.3667919876499075
2200,STOCK_2201,Manufacturing,1,12.787755920910046,0.43639278595630193,0.12,0.004607303340144912,0.10417280526183906,0.07527096558393898
2201,STOCK_2202,Manufacturing,0,41.769725467809984,0.3654316124972478,0.3466192464100698,0.03555293501376849,0.19393717543317318,0.009828987235259275
2202,STOCK_2203,Manufacturing,0,740.5948998302383,0.5824126702961897,0.1629759825109992,0.1066021848798673,0.1216416535659954,0.08979993790559673
2203,STOCK_2204,Real Estate,0,75.9572381394567,0.1,0.20608977739741405,0.13706357205818825,0.2843361466872832,-0.029874287631889825
2204,STOCK_2205,Real Estate,1,32.74447861121208,0.3528384081952885,0.537640402894138,0.0266525322941275,0.10165748943540709,0.21559130709597307
2205,STOCK_2206,Others,0,40.95203561658073,0.20380136661179543,0.1,-0.016799020160741293,0.1379336612934329,0.05157265389350042
2206,STOCK_2207,Consumer Discretionary,1,21.003189370578294,0.5539065741759341,0.3747049294027708,0.09025418761837903,0.17268328529659652,0.24023439302299973
2207,STOCK_2208,Manufacturing,0,81.68307078287016,0.31190689795198573,0.4910878802283348,0.007849608608565777,0.26483806926161063,-0.14732279095824782
2208,STOCK_2209,Real Estate,0,12.742925749111055,0.6334390134184158,0.1,0.08117768387556451,0.12458317445253077,0.05154119151503773
2209,STOCK_2210,Information Technology,0,40.1616899225464,0.1,0.1,0.053286376582794906,0.18445355225447438,0.03535185946037964
2210,STOCK_2211,Consumer Discretionary,0,41.520959002397845,0.565221635900165,0.4487180119087541,0.15629063727549622,0.04365343896105704,0.1411042241843092
2211,STOCK_2212,Others,1,136.0060923832449,0.2399284601451915,0.39450521123882276,0.05117675503806003,0.08607896549982728,0.0731745195889108
2212,STOCK_2213,Information Technology,1,7.664594307043178,0.24866334190456596,0.18548368422805503,-0.1,0.12713532082468632,-0.1712114957995548
2213,STOCK_2214,Healthcare,0,54.83106969172819,0.34059663146508945,0.4634788885262898,0.05621929261866916,0.18624465792845005,-0.17633651237699824
2214,STOCK_2215,Manufacturing,0,40.49315827558774,0.3621977378061299,0.2860912754146802,0.16906915717145027,-0.03022596868904846,0.23849143937209225
2215,STOCK_2216,Manufacturing,0,27.29697704340894,0.4554703374176615,0.16234863610121955,0.07103304402833152,0.0668249141567539,-0.09202144700513132
2216,STOCK_2217,Utilities,0,17.365801419382066,0.6369213523776209,0.23167271459540842,0.09732865338961595,0.16983429010976245,0.11721403694524353
2217,STOCK_2218,Manufacturing,1,167.66942068379223,0.5715939611474856,0.4726730901455755,0.12119268532805212,0.14478098819238747,0.33670998485633585
2218,STOCK_2219,Consumer Discretionary,0,78.58779568463714,0.44108446306455806,0.20967737511908544,0.11807793660588066,0.24132174578942425,-0.07621198326289785
2219,STOCK_2220,Consumer Discretionary,0,127.23796238127835,0.3924768404164174,0.19038038727503767,0.058934891180746206,0.16583273133546075,0.24816955253875075
2220,STOCK_2221,Others,0,45.49938460325446,0.3927159934892299,0.23328278134268232,0.15747771985153247,0.26743287704135216,0.014578914326516942
2221,STOCK_2222,Consumer Staples,0,10.010048422963989,0.591493729884927,0.2554621625764953,0.06747298701528204,0.04435552520593878,-0.04503702846319164
2222,STOCK_2223,Manufacturing,0,11.688115715318874,0.3721445272881233,0.20013019032877377,0.1433031270959617,0.11597314919508342,0.12295640492702296
2223,STOCK_2224,Information Technology,0,61.97941006777868,0.331218336196302,0.3078943497981619,0.010376569596063772,0.23047559940630477,0.012054067423685455
2224,STOCK_2225,Energy & Materials,0,30.016208440740936,0.6561824824529812,0.1,0.12404915201204984,0.19053807525822544,-0.36612638052935487
2225,STOCK_2226,Consumer Staples,0,6.324377110200958,0.6175418750468148,0.23754144440548758,0.034935255378985466,0.1366737221617766,0.09050397539295153
2226,STOCK_2227,Others,0,31.589176717328215,0.3001422211578241,0.1,0.09407715043559288,0.000436675307090397,0.06323268180764112
2227,STOCK_2228,Financial Services,0,2.6919352063858657,0.6569911159960057,0.46943355124923686,0.035237407026558185,0.0847560553686158,0.2920061925366778
2228,STOCK_2229,Consumer Staples,0,10.417486823850336,0.39718437517601285,0.16337675069266921,0.0978642790029511,0.11642966223601472,-0.12473217905533937
2229,STOCK_2230,Manufacturing,1,382.2793600222203,0.1,0.26276363865147767,0.07783169502258319,0.09867447909029234,0.10570721276254219
2230,STOCK_2231,Consumer Discretionary,0,21.91267969282737,0.104914974649885,0.3295348450229803,0.09098385652882097,0.37459028032516256,-0.3338991761033055
2231,STOCK_2232,Manufacturing,0,2.912956600112221,0.3952713127627475,0.468799996723502,0.12215645040740439,0.08179394539170393,-0.15984319557971577
2232,STOCK_2233,Consumer Discretionary,0,123.83124528644196,0.4897978590729421,0.5099557805590819,0.07146182558216359,0.24783962441391053,0.019496719455386696
2233,STOCK_2234,Consumer Discretionary,1,26.549346695702667,0.8940455688540858,0.7372521604297105,0.09648889291443197,0.01544887509738831,-0.014904396261596847
2234,STOCK_2235,Consumer Discretionary,0,7.441284080560567,0.10048861990202627,0.4127977648544801,0.055491717489799634,0.09743402322053506,0.24411060260218823
2235,STOCK_2236,Healthcare,0,25.629242745383408,0.27919807254800655,0.42063781953396256,0.11867238001912872,0.1542157966106873,0.14969805998877816
2236,STOCK_2237,Manufacturing,0,9.879352616146143,0.7024707932869404,0.2519610349754346,0.07178270220517745,0.06325199693586692,-0.01841752094953788
2237,STOCK_2238,Information Technology,0,41.93283478827032,0.2513572780949376,0.7581884492110854,0.062001453795762676,0.16432364566718027,0.04266437372900979
2238,STOCK_2239,Financial Services,0,31.487662552417312,0.530334430795584,0.1,0.014157945745140493,0.13353916507411134,0.2537256608451066
2239,STOCK_2240,Others,0,14.345535481501981,0.10794374190362435,0.3362548568021501,0.054484998253834856,0.16636074525096095,0.36373179139941686
2240,STOCK_2241,Others,1,8.791885402715142,0.501036412938862,0.5341882975318251,0.04442042080210581,0.17630609228317862,0.20839110678513242
2241,STOCK_2242,Manufacturing,0,58.69840947220116,0.4121603387967046,0.17205647149080805,0.10700684728035235,0.08144712268952302,0.060247757569865404
2242,STOCK_2243,Information Technology,1,64.55189291860523,0.1,0.18354213393693852,0.11709848223916886,0.06874049074275021,-0.1720579382583986
2243,STOCK_2244,Manufacturing,1,76.72480382884987,0.20471847640826446,0.5035937881275293,0.03708338669892535,0.07755457362497707,0.0018372128210806576
2244,STOCK_2245,Energy & Materials,1,217.96052262884896,0.12607685353850961,0.20388798810612177,0.05806008847954229,0.06609423377922771,0.1759899322145401
2245,STOCK_2246,Healthcare,0,4.655137918403474,0.21578196240174244,0.19417305235012192,0.048977524329729294,0.00823258188847743,0.25294266545501715
2246,STOCK_2247,Consumer Discretionary,0,4.401209935330192,0.5222167335895337,0.1585884658094394,0.03609100077082356,0.06992121651972506,0.1823883428748831
2247,STOCK_2248,Manufacturing,0,139.24949225049733,0.21302872559910604,0.11985314557706854,0.12990307577381824,0.0911758784991983,-0.0772359907410844
2248,STOCK_2249,Financial Services,1,15.653526902021085,0.2310930907661044,0.6321270160138197,0.06019764912503831,0.10051661997034794,0.0025865832648658154
2249,STOCK_2250,Others,0,3.6190784293343916,0.14341537701051982,0.46708786610074055,0.10028242563926212,0.03176684241877813,0.11520974066204118
2250,STOCK_2251,Manufacturing,0,137.01982983894945,0.46137858277545585,0.29822808875167306,-0.014659320110635218,0.17408379025355855,-0.33869448906798627
2251,STOCK_2252,Manufacturing,0,47.799159302092384,0.24563195503011478,0.1,0.11305565003204253,0.04025007046776864,0.1533641069291644
2252,STOCK_2253,Consumer Discretionary,1,4.726983320695895,0.3715062870553211,0.4064247156221358,0.09076106619272155,0.24704794658883344,-0.027538595063427002
2253,STOCK_2254,Consumer Discretionary,0,65.79876465102889,0.2117008371705881,0.25472299945306437,0.05963961807414069,0.12140462700666255,-0.010771578230452975
2254,STOCK_2255,Real Estate,0,3.7883572975408604,0.1,0.3392543552346435,0.018081532888003574,0.0548065325492016,0.02351353150613508
2255,STOCK_2256,Consumer Staples,0,37.429364992822,0.22541615647282628,0.3168142211730872,0.02467181020368166,0.27258115394719834,-0.2141496193373831
2256,STOCK_2257,Others,1,6.746225921353127,0.5138131834395636,0.18643591929753417,0.13070822438817783,0.00086045991208729,0.14383507856126598
2257,STOCK_2258,Others,1,82.28933050511614,0.5588528840122834,0.41284933027242754,0.1775367320391491,0.017507492576104185,0.13922182045560064
2258,STOCK_2259,Consumer Discretionary,0,11.401532113009212,0.1241086072671922,0.2968531204643115,0.15903467681617034,0.11948585502568411,0.133702784124532
2259,STOCK_2260,Consumer Discretionary,0,88.66752237362734,0.2203328471184093,0.170121053143431,0.006881573576460446,0.15125049763610168,0.045611898588918266
2260,STOCK_2261,Manufacturing,0,28.520344313828517,0.3234464265036118,0.1362820218615206,0.09328773516912524,0.12767833305891452,0.03865598354854926
2261,STOCK_2262,Consumer Discretionary,0,117.81403949304867,0.44516730300027624,0.2920987608718278,0.10701813586275609,0.10592207563067035,0.3671739869483615
2262,STOCK_2263,Manufacturing,1,1816.253093590908,0.5215910787543103,0.3771364701868779,0.09525649268988673,0.13071262952359602,-0.06258054054940819
2263,STOCK_2264,Healthcare,0,40.85551152831804,0.2937684794836808,0.1901761929248975,0.04334340376375872,0.09500691489351104,-0.032891425393018564
2264,STOCK_2265,Others,0,11.706962598573778,0.1525966472926719,0.35704261704051576,0.19439072107579877,0.07310570928813448,0.22752144665300228
2265,STOCK_2266,Manufacturing,0,3.853304951496271,0.2986932875899386,0.4930735666335295,0.14682057625199427,0.04708526891296939,0.18345170353864088
2266,STOCK_2267,Real Estate,0,29.470478125260108,0.1,0.18530853974570363,0.0954300527754434,0.06483221231040798,0.011095602516379663
2267,STOCK_2268,Consumer Discretionary,0,44.82844289864074,0.31950055661334004,0.21263677721971663,0.17202018825113752,0.12830145997375988,0.07459617261649622
2268,STOCK_2269,Manufacturing,0,128.1467055822944,0.2182363229559596,0.42659517062700225,0.11860808908261171,0.031555664448175494,-0.041411176046135194
2269,STOCK_2270,Consumer Staples,1,6.15729141978634,0.825057343474456,0.3245356578872338,0.14677259408977622,0.07407821248402667,0.19722158045245497
2270,STOCK_2271,Others,0,15.735033291282894,0.2025156578936927,0.2465309975632588,0.12355122402682416,0.157964380988637,0.17033048337118328
2271,STOCK_2272,Others,1,75.53351216369653,0.1,0.6022587362663796,0.10148891609572123,0.19614576424412936,0.04902274461884958
2272,STOCK_2273,Healthcare,1,75.50076172177921,0.6986312942260212,0.7928702880683919,0.15414362949490645,0.08777009316781012,-0.1618822881667364
2273,STOCK_2274,Consumer Staples,0,32.48122807151879,0.27509119465399406,0.24630352237001835,0.16957561745694671,0.08785646056320806,0.14802738521934172
2274,STOCK_2275,Consumer Discretionary,0,24.168415609271467,0.490410811073113,0.19334294635876884,0.042424484157260176,0.17653676814288297,-0.12618174839129245
2275,STOCK_2276,Manufacturing,0,2.4118971082347858,0.2135513971501079,0.24278330686139782,0.09498005467733613,0.09210939833901549,0.17783230037046022
2276,STOCK_2277,Real Estate,1,223.20603279302185,0.5527300332314776,0.4904749862963507,0.10504057939715636,0.12826881589300482,-0.10006098241062338
2277,STOCK_2278,Manufacturing,0,109.91640259870681,0.4865539866502168,0.3541940376666914,0.12377628748711736,0.0812259228049117,0.24411885467322747
2278,STOCK_2279,Manufacturing,1,6.9028113621677205,0.13767556706308803,0.3295053178478605,0.11570987026881914,0.1308433050921954,-0.044881927124117704
2279,STOCK_2280,Information Technology,0,210.8559502119686,0.6066660808728922,0.2488544467890135,0.07159706679292994,0.01617271200741338,-0.1349517828495549
2280,STOCK_2281,Others,0,500.5908653113014,0.6445031405044651,0.25131009377479613,0.10071177543177845,0.15613631627167535,-0.10746592972503799
2281,STOCK_2282,Others,0,11.17855728914063,0.214707576624695,0.1,-0.021694597848459694,-0.01033545493574439,-0.14249716755325662
2282,STOCK_2283,Consumer Discretionary,1,71.1295958343861,0.5162571993436008,0.6153871683455099,0.06851784993115134,0.17632868343731545,0.1581207563926962
2283,STOCK_2284,Financial Services,1,160.02792885603395,0.6321910899954397,0.24473503896267434,0.035703836082285625,-0.0423641752960376,0.1966000631679663
2284,STOCK_2285,Manufacturing,0,10.514846804111054,0.4551080066311047,0.5640730979837935,0.12313235209782458,0.13493740486145891,0.08709386541076197
2285,STOCK_2286,Utilities,0,1.7705763588680035,0.46539310140367235,0.52071345561196,0.07467628408618776,0.10836227203650253,0.19948446669444242
2286,STOCK_2287,Consumer Discretionary,1,138.40151306829546,0.5785983258719719,0.26594599484850373,-0.011208208244569159,0.2087184684250574,0.33271593118379855
2287,STOCK_2288,Financial Services,1,6.834048318822713,0.20691385254869527,0.40812913241652565,0.1372386531072143,0.16459768498989516,-0.1271044459035068
2288,STOCK_2289,Manufacturing,0,8.572900919017286,0.27023668761479586,0.24630056906743042,0.15287427636176293,0.19275386371254905,0.042405544165515154
2289,STOCK_2290,Manufacturing,1,4.823662153436937,0.6648892801043577,0.38113794065005996,0.036006954829133256,-0.032445886309102195,-0.26292763527633145
2290,STOCK_2291,Energy & Materials,0,21.726620787764908,0.2859262861874193,0.46509454533345623,-0.012352265691652983,0.18838655579909555,0.2205526426607808
2291,STOCK_2292,Consumer Staples,1,125.84165098466781,0.4013745151399361,0.2077212322624359,0.06288800400137211,0.15229684587635928,-0.09036400223564542
2292,STOCK_2293,Manufacturing,0,13.278746899313582,0.5386098534896852,0.672725817237159,0.07004409820843513,0.2179883809090024,0.17545230281148078
2293,STOCK_2294,Consumer Discretionary,1,35.29959874251046,0.6696780246070099,0.5774564858490691,0.1026583056255838,0.2414416027237396,0.026487412780550813
2294,STOCK_2295,Healthcare,0,58.1915791870233,0.1,0.1,0.010091424937406106,-0.019278260638123938,-0.032493545875185444
2295,STOCK_2296,Manufacturing,0,695.2921956675317,0.610450839639641,0.15874322037469088,0.08664574579457407,0.0947684469219957,-0.059442120057818564
2296,STOCK_2297,Real Estate,1,40.05603367513212,0.5605258850729488,0.45868535680336253,-0.026889942748134863,0.034779079659136895,-0.08473608831141097
2297,STOCK_2298,Others,1,618.095877743672,0.7821111287538439,0.31334261943754566,0.10095579363284625,0.2045298558016384,0.3380682389008645
2298,STOCK_2299,Others,1,56.96553823754088,0.44338124045228017,0.2787276378964654,0.06160075114111605,0.10632909905728369,0.08411272496957281
2299,STOCK_2300,Financial Services,0,144.70622488494652,0.219712562449073,0.5964753255412171,0.08369509337995214,-0.031480229421378875,0.07268850994321699
2300,STOCK_2301,Consumer Discretionary,0,3.14339773069477,0.30165349788136675,0.2840692370484024,0.08244611159320088,0.20160740463730323,0.18390975005784033
2301,STOCK_2302,Manufacturing,0,24.491851552543945,0.3671343647578474,0.2260377377000133,0.07059957539661621,0.21950761806061928,-0.11366577130576877
2302,STOCK_2303,Energy & Materials,0,17.2791263106533,0.4321455018085219,0.15728591435582884,0.006383676253107089,0.08726135408754547,0.057866490628968904
2303,STOCK_2304,Consumer Staples,0,773.3187850854439,0.4788388217387331,0.13487728265629254,0.04789704189829834,0.2020347945019673,0.1367659818930609
2304,STOCK_2305,Consumer Discretionary,1,294.0382098991176,0.20432301479296303,0.44084958619697756,0.1815369734935053,0.1755723571473157,0.3403327984342592
2305,STOCK_2306,Others,1,792.0865062010465,0.5480305860783037,0.47135469626615256,0.11292931723283181,0.0708941261023542,0.29135234300439694
2306,STOCK_2307,Consumer Staples,1,59.90186399204906,0.646094442856141,0.47775606841553575,0.07562651634859768,0.007805086048061949,-0.3404520549996181
2307,STOCK_2308,Information Technology,0,13.545684160724285,0.3688792861723378,0.3575594632296989,0.023040961773878658,0.03591856441977359,0.06104153396305844
2308,STOCK_2309,Others,0,36.1339246958392,0.1317772913277455,0.13030251021599068,0.07600084230056674,0.08553516451416278,-0.116057637978673
2309,STOCK_2310,Manufacturing,0,42.64425777712297,0.6045234815231016,0.35120302037850243,0.10218801573107737,0.11382294968634718,0.029098706160829258
2310,STOCK_2311,Financial Services,0,32.93902816716963,0.40281730276373806,0.5410984032558188,0.07196106889134221,0.27060827071954313,-0.00040892337176402836
2311,STOCK_2312,Manufacturing,0,12.935110798977664,0.4921188490790211,0.40239712274447564,0.08078004533038496,-0.013609907329757868,-0.07636752280167111
2312,STOCK_2313,Financial Services,1,29.443534670634392,0.5160852301745184,0.18184004329607997,0.15949598113093483,0.06615042472203646,0.1583044681912286
2313,STOCK_2314,Manufacturing,0,7.651120133795835,0.3479771907753648,0.13621852765668,0.07807392209590602,0.12102824553244829,0.28073711680775093
2314,STOCK_2315,Manufacturing,0,45.27123313033612,0.5318209089391986,0.17137006714257927,0.052153535980171035,0.13363282322707912,0.07249119442721953
2315,STOCK_2316,Financial Services,0,10.167772946834077,0.5264933945596112,0.1535996993836346,0.022792157042833744,0.004874019580142328,0.0945576879368164
2316,STOCK_2317,Energy & Materials,0,11.975665303140186,0.42889944997671403,0.4373038646839797,0.0033493444339770346,0.23067169780907856,-0.0450102255029065
2317,STOCK_2318,Consumer Staples,0,0.6012619061208994,0.6529007450319945,0.2790667525276451,0.04641523211095598,0.17821867988735474,-0.026981840223243382
2318,STOCK_2319,Manufacturing,0,42.187355950981086,0.23856815692464484,0.1,0.11682881352313174,0.10641574444860795,-0.002634908852116139
2319,STOCK_2320,Manufacturing,0,4.454949695409876,0.720855678733731,0.12191061287037741,0.06976402468908878,0.19477248254380977,0.27383608622493494
2320,STOCK_2321,Information Technology,0,26.95087067382384,0.27720616930371994,0.39871483228436416,0.005322539096822547,0.1612956360433276,0.0015891514884193401
2321,STOCK_2322,Energy & Materials,0,151.64625372442742,0.47461023925668255,0.3520403147660942,0.06780481797059441,0.1665337234368751,0.03608964486323007
2322,STOCK_2323,Others,0,1230.750934400053,0.6771873315209374,0.2596368176484737,-0.03992151432207797,0.05270331688811678,-0.14065665390976753
2323,STOCK_2324,Manufacturing,0,438.9339441855245,0.5173582443730769,0.2893411987683426,0.15630521608648074,0.18254906420061132,-0.20169721001774177
2324,STOCK_2325,Consumer Discretionary,0,24.761566651921775,0.5381213243950231,0.4567082311990944,0.14973265934973945,-0.0040591901767824436,0.08303975019317575
2325,STOCK_2326,Consumer Staples,0,19.447112756651364,0.1,0.4193517207324464,0.04011564708596514,0.06451430035278552,0.1475474761775562
2326,STOCK_2327,Consumer Staples,0,129.16448306847752,0.703966633557856,0.30656349462498017,0.13074154387038697,0.1235098567213036,-0.3257516362011678
2327,STOCK_2328,Consumer Discretionary,0,16.68663101345764,0.6115734199974353,0.3641741166500662,0.05706709969867411,0.18124378586870618,0.07517269000105731
2328,STOCK_2329,Manufacturing,0,690.666906369738,0.4347840733873038,0.19143350596589476,0.1312268135803851,0.10467156295419983,0.12231735371158907
2329,STOCK_2330,Financial Services,1,59.45017954615318,0.5300289972707604,0.2357499468418734,0.08861537903618641,0.028702095163402615,0.17235707317254362
2330,STOCK_2331,Real Estate,0,230.54347235252322,0.47527461814971184,0.15405390445215128,0.1138804301085311,0.0986829151795054,0.22748435614658716
2331,STOCK_2332,Energy & Materials,0,12.567916365065475,0.2954647662021019,0.12337887424070323,0.10038337176221723,0.08246545078349747,0.0941315731247542
2332,STOCK_2333,Financial Services,1,322.7994566222576,0.5141864201022933,0.18602634849866256,0.10151164814942386,0.07645688189625882,0.10961315100098751
2333,STOCK_2334,Others,1,21.370247411306067,0.24866180801314078,0.23065806229876384,0.0935944213522425,0.08996948351196142,0.3276272947970623
2334,STOCK_2335,Consumer Staples,0,383.1943554882831,0.1,0.4263158379368551,0.12259529299182284,0.13489902075646976,0.28391330304480356
2335,STOCK_2336,Financial Services,0,3.3324077834346344,0.4319830426610701,0.40118903051039845,-0.015147891653684272,0.05920561548396563,0.2712293408419638
2336,STOCK_2337,Consumer Discretionary,1,19.587300362335156,0.651057190607249,0.7614225700146596,0.1759608198058513,0.17845714464797163,-0.13279276668643117
2337,STOCK_2338,Manufacturing,1,409.95686810839027,0.5934053223179135,0.4813003157085337,0.13295323735179188,0.09904275567476967,-0.21219710857730606
2338,STOCK_2339,Others,0,103.40266644399507,0.6968628256298623,0.26129114270223625,0.11436281073140406,0.17556250078579827,-0.3390894162771009
2339,STOCK_2340,Others,0,29.874541993931604,0.7780616909926378,0.30283384250984424,0.07987139986756037,0.18970615147094283,0.17406157528389102
2340,STOCK_2341,Others,0,26.269559594229996,0.6926556524948031,0.1,-0.002427994178047484,0.14989878196285839,-0.01032222335778676
2341,STOCK_2342,Consumer Discretionary,0,151.18809076806608,0.5553707393806119,0.14176613670395927,0.1491832258605153,0.11223938962833249,0.20460606531284775
2342,STOCK_2343,Healthcare,0,42.13085120014126,0.4720418382455684,0.3475703742026463,0.17820706744780132,0.08546908527312495,0.20194398702443914
2343,STOCK_2344,Real Estate,1,10.322779265657529,0.612451659581522,0.3947303022477083,0.10883919811679957,0.0179355045787585,0.338947124040542
2344,STOCK_2345,Healthcare,0,42.04195083712322,0.16640312229359205,0.21933849318138274,0.06395522825463473,0.02088709100635561,-0.0739549534385516
2345,STOCK_2346,Information Technology,1,201.5839531278815,0.6499419393649404,0.12,0.16189403250246792,0.24228477550735586,0.07758229415950015
2346,STOCK_2347,Information Technology,1,35.779407119676925,0.19208312444386635,0.2548937197045702,0.05038594519628767,0.10639594289788781,0.07403181316174406
2347,STOCK_2348,Others,0,22.608116683120866,0.4128434583743404,0.1,0.15595032931902042,0.2166864727234409,0.024418010849535356
2348,STOCK_2349,Others,1,8.503630896932517,0.1720357239793691,0.3924517328732117,0.03315457811667037,0.08862539676350416,0.31754687329658376
2349,STOCK_2350,Information Technology,1,266.3697503039532,0.4244254015086554,0.26568975266885825,0.07933480030951895,0.12618904109388973,0.10090408483234187
2350,STOCK_2351,Real Estate,0,4.080249365161062,0.6450669188814799,0.5708346426486858,0.11764567332279698,0.0017724939094757915,0.09028639405715223
2351,STOCK_2352,Healthcare,1,408.56480725573874,0.5231958886288983,0.3778332701063439,0.08918120759673037,-0.03934709846131217,-0.1389396056214914
2352,STOCK_2353,Manufacturing,1,79.09871185642673,0.4404912209321851,0.29698635278262514,0.12620749405809079,0.03664615551792188,-0.049935776919439644
2353,STOCK_2354,Consumer Discretionary,1,455.0261340836919,0.368905077280367,0.4220551087707291,0.12454736533467067,0.017851809485005844,-0.10426047774576887
2354,STOCK_2355,Others,0,4.6058980374832466,0.4270259328417825,0.32834467047559296,0.12437642360813006,-0.0015279778132046464,0.08521932988359013
2355,STOCK_2356,Others,0,1.4212537551710458,0.6393693397110366,0.10823296564986215,0.044163640806023946,0.09442708484266508,0.1349062905787333
2356,STOCK_2357,Consumer Discretionary,1,128.8509974823112,0.19176904886812915,0.4405195406379699,0.05713041349200608,0.030685541363606152,-0.11143921916613564
2357,STOCK_2358,Real Estate,1,372.0080460011302,0.20971490040918614,0.12,0.058976290674349216,0.09195416942015962,0.11991096477889777
2358,STOCK_2359,Energy & Materials,0,1042.80683288626,0.6520337485181733,0.17710749688513128,0.0748414140217231,0.11763522568277884,0.17417071175066476
2359,STOCK_2360,Information Technology,1,131.96083600370827,0.45794125480943515,0.4143617048200661,0.08475028829691218,0.06461499064226,0.16758651910260666
2360,STOCK_2361,Healthcare,0,45.78074605972381,0.6736832371173358,0.16604270482095373,0.07636150602436985,0.11937766636599412,0.12174944504045178
2361,STOCK_2362,Manufacturing,0,63.125726693982806,0.41834808173876337,0.37894936753449276,0.11959705397247045,0.2038454903000833,-0.005419141098008992
2362,STOCK_2363,Energy & Materials,0,74.8499379050888,0.3037375697335885,0.13869290781770355,0.1076383699791996,0.09743978005355633,0.14884077998771472
2363,STOCK_2364,Information Technology,0,78.85274340315658,0.1014575646489189,0.43357835148646523,0.002195021153302494,0.12642353826109004,0.17394163365599324
2364,STOCK_2365,Manufacturing,1,16.162488394075396,0.5055273031974631,0.5490413113447492,0.1457110292632072,0.1471068108213609,-0.019493209000605978
2365,STOCK_2366,Energy & Materials,1,4.704178925583673,0.3915706571024451,0.3777610251725713,0.06932895228257907,0.13808785014368308,0.07086518452739748
2366,STOCK_2367,Information Technology,0,3.1220331419911016,0.3982371364183855,0.3158732911609725,0.07176510235710142,0.039389614468786624,0.27143901631074285
2367,STOCK_2368,Consumer Discretionary,0,116.62631832179342,0.7066526661073155,0.32052600448930113,0.10161861871013905,0.12352042196586596,-0.062433013858907496
2368,STOCK_2369,Utilities,0,773.6923847767703,0.5655271862799486,0.20023799081545726,-0.03412825143197756,-0.07084433144526589,0.30150430736101785
2369,STOCK_2370,Energy & Materials,1,26.37719502340915,0.38832651143049174,0.327332522636811,0.11941079825408506,0.0576727313009772,-0.032702260855833096
2370,STOCK_2371,Utilities,1,336.7554627980893,0.16855108520952689,0.21266489189666618,0.06135680170990162,-0.10358803507217935,0.016750459026973183
2371,STOCK_2372,Manufacturing,1,136.7681841446729,0.1,0.34194276011730007,0.03666770495837581,0.11526145987663966,0.3940708590803529
2372,STOCK_2373,Consumer Staples,1,164.24492612842414,0.18716401534205857,0.3229593656889165,0.1209830764423172,0.18715545737250766,0.012726096420352702
2373,STOCK_2374,Manufacturing,0,1119.4065098473,0.8635926558282915,0.3122009960798177,0.11481179671135729,0.05517486742421843,0.28327062451847623
2374,STOCK_2375,Consumer Staples,0,419.76970411026093,0.7705395303631281,0.5920262455623472,0.05160345574943306,0.20647729366909554,0.1182598302825679
2375,STOCK_2376,Healthcare,0,633.6415611021216,0.20474728641466491,0.1,0.033554821929353225,0.021826960103756163,0.10741574905340676
2376,STOCK_2377,Information Technology,0,150.84329952646664,0.2288194626267567,0.31692287242973427,-0.00451744618825017,0.1484038885276925,0.12161555087893441
2377,STOCK_2378,Others,0,34.610428421371196,0.36052483874697416,0.476694308296474,0.14243558594035138,0.09772889707729629,0.30577686538541604
2378,STOCK_2379,Manufacturing,1,30.363597901832364,0.4931506611862131,0.22831362343013412,0.15877008208242113,0.08012858304371016,-0.0892370513942598
2379,STOCK_2380,Consumer Discretionary,0,291.82083396242297,0.30326779951934907,0.6160820990722351,0.030332864350229156,0.2706563494664721,-0.04255023059151274
2380,STOCK_2381,Information Technology,1,9.108962339070617,0.40060220897452253,0.4342210923786624,0.03283021813384634,0.1323169813012508,0.2858260722823795
2381,STOCK_2382,Manufacturing,1,43.41555457306692,0.7238299095385592,0.5322339988662195,0.13973841270648357,0.20746468327445172,0.10610457292656397
2382,STOCK_2383,Information Technology,0,9.717084088688603,0.11460427460294864,0.3942600555538335,0.1297271000450165,0.06318229353080476,0.14102044827672974
2383,STOCK_2384,Information Technology,1,361.09932916246436,0.5358170371421644,0.12,0.07009352898563802,0.17922569489456358,-0.07269169554537801
2384,STOCK_2385,Consumer Discretionary,0,43.197515476485364,0.48728072607360473,0.4001246569728223,0.06808727130230822,0.11728315024789984,0.18252673448978696
2385,STOCK_2386,Information Technology,0,10.96816311069433,0.1,0.1865448157349183,0.13517401695470208,0.12834220310052985,-0.009131085797970256
2386,STOCK_2387,Consumer Discretionary,0,29.192244045028108,0.13299698883650782,0.36750324363451425,0.06870467876122223,0.1682290363944242,0.054845644246203126
2387,STOCK_2388,Energy & Materials,1,69.31235422633227,0.4901244131385623,0.5646022434024281,0.08569870527959561,0.12189260097522589,-0.11028286870177718
2388,STOCK_2389,Manufacturing,0,133.27863250517956,0.3020063870733253,0.1,0.16332458841958208,0.2270694839629222,-0.3193073646440662
2389,STOCK_2390,Financial Services,1,23.654410493557755,0.16950067570160957,0.38554937981888643,0.04709639669896642,0.06384815156807279,0.1551945309588041
2390,STOCK_2391,Information Technology,1,16.310316448164645,0.3780587429480694,0.5497530863929392,0.10948017008412239,0.11505928610429159,0.06647160294606926
2391,STOCK_2392,Energy & Materials,0,20.200835743553288,0.38215269398599905,0.1,0.06889502243961473,0.14681868586984653,-0.02848339190492741
2392,STOCK_2393,Energy & Materials,1,137.9366368808134,0.38929536295756073,0.3796783829056166,0.07296526483089089,0.29566777296708646,0.20633992472892568
2393,STOCK_2394,Energy & Materials,0,111.73949408727503,0.6377607561797056,0.6570474224894542,0.13137204918463255,0.22926963464518785,-0.07160137930469151
2394,STOCK_2395,Manufacturing,0,15.176850450817456,0.44142150302900196,0.43655739507961194,0.1081369208797353,0.08397528052121894,0.13413067895918013
2395,STOCK_2396,Consumer Discretionary,0,1667.7425268162078,0.473992022193798,0.2587883195417294,0.0974656898726845,0.15190645849636072,0.030846322998633803
2396,STOCK_2397,Others,0,24.126942362702177,0.5573207405131982,0.1,0.043145398258543584,0.09351658155011609,-0.16745335554767715
2397,STOCK_2398,Information Technology,0,35.46429762924295,0.20840157472319962,0.5066259109995587,0.0361412614889418,0.07169290984616873,0.15298740708061664
2398,STOCK_2399,Energy & Materials,0,7.837030528483186,0.11132150232301381,0.3753009927554472,0.09706515253344515,0.20571008078001232,-0.06652842162898354
2399,STOCK_2400,Energy & Materials,0,362.1924479482416,0.40377220761144755,0.11978494913253847,0.18445047337938542,0.07153531406765115,-0.05623988072625494
2400,STOCK_2401,Healthcare,0,279.0627866308408,0.3764038633264511,0.3397829409700167,0.05800696059730518,0.12035917049867415,0.25642783597008556
2401,STOCK_2402,Consumer Staples,0,1.5057020530931942,0.5639662078676693,0.1,0.06966494615888313,0.0722098032965269,0.04450566099547617
2402,STOCK_2403,Energy & Materials,0,4.57577205549729,0.2748461949366208,0.3780155257252038,0.08765148961535811,0.2548179295362894,0.09647825564040238
2403,STOCK_2404,Manufacturing,0,90.43315314479284,0.26112131259910853,0.1,0.15411021042653372,0.26252075576756495,0.21494335735266826
2404,STOCK_2405,Others,1,89.41473468711101,0.37438350994602404,0.3671876110665018,0.05373212224856558,0.0292667486930153,0.248375463821393
2405,STOCK_2406,Real Estate,0,89.82726425813756,0.2938774659582584,0.28347031170768006,0.09047191604591705,0.21252294905540922,-0.18267899669826076
2406,STOCK_2407,Real Estate,0,596.3245216694289,0.24986006433081803,0.1,0.1015020918279925,0.11340885699582848,0.07961680229696595
2407,STOCK_2408,Information Technology,0,335.12422965908866,0.38083560794828597,0.4381130076366945,0.14336149787906122,0.11564302538157444,0.2511177138911361
2408,STOCK_2409,Manufacturing,1,32.85516402475328,0.8628886022032668,0.5181016811471921,0.04504865961261275,0.17981041431794773,0.29990882050788736
2409,STOCK_2410,Energy & Materials,0,76.19022415963649,0.40219171407927495,0.12243963583138741,0.12868158149191958,0.09198616602532202,-0.22884645368375003
2410,STOCK_2411,Manufacturing,0,30.204736972943504,0.34355570610449787,0.1,0.098134466028327,0.103122200431005,0.06567378418675562
2411,STOCK_2412,Information Technology,0,34.11215548327546,0.3371629128131763,0.641801934661205,0.0380862323677459,0.2739164140586633,0.12704029723600177
2412,STOCK_2413,Manufacturing,1,1332.641807079377,0.5322528170075315,0.24174510146641964,0.14288509798252408,0.13004104344882292,-0.010291143175351574
2413,STOCK_2414,Information Technology,1,128.52367892806103,0.5915950608340329,0.5793160081175389,0.09035512068500794,0.15170705293281003,0.08076085872109624
2414,STOCK_2415,Consumer Staples,0,174.64299746355243,0.2572448515256044,0.26894869381935993,0.13472366064218255,0.1734888268315192,-0.055442535042528204
2415,STOCK_2416,Manufacturing,1,51.38174782388076,0.5063985711494963,0.7901026102236138,0.0929077274540346,0.11400803388946075,0.3738585433504949
2416,STOCK_2417,Consumer Discretionary,0,116.66901198371906,0.2635893109140733,0.41381901407246285,0.08700447727130792,0.12164481230793207,0.23755033112974647
2417,STOCK_2418,Others,0,2.408382299253167,0.1145560636438407,0.5716978916907579,0.008054502462567097,0.14838399581979111,-0.04961757510672431
2418,STOCK_2419,Others,0,40.983692937209256,0.1,0.30073308494091905,0.016733573188909726,0.06418307840911934,0.022712053568411654
2419,STOCK_2420,Financial Services,1,175.52348069602473,0.6220766176310217,0.3185786274708982,0.0470444928421271,0.18253188749445298,-0.024729203006748714
2420,STOCK_2421,Manufacturing,1,18.334766506912253,0.2637535180552153,0.34756723013502183,0.08736490342329235,0.12332125680124195,0.1595345492285514
2421,STOCK_2422,Utilities,0,52.31595582383804,0.2398599607109094,0.27186033039352664,0.23925472410799226,0.136838329906888,0.010405415382658352
2422,STOCK_2423,Manufacturing,1,673.3669225344773,0.15378925105101254,0.6291718660655952,0.09085096513980788,0.11013927753287861,-0.008350470742706914
2423,STOCK_2424,Manufacturing,0,20.77048120978666,0.5310129059140705,0.1,0.11147833162349206,0.05468032939322793,-0.031894535653687654
2424,STOCK_2425,Consumer Discretionary,0,1.4005497502695006,0.4338431781436079,0.23202435066709276,0.07640240174298388,0.011779551702742712,0.14921245647816642
2425,STOCK_2426,Manufacturing,1,12.707404540984985,0.6657325019027228,0.22950707540301593,0.10238470656780807,0.08625789503229772,-0.028493586106986258
2426,STOCK_2427,Manufacturing,0,12.283405151540197,0.1,0.32383333982646767,-0.007891135099015009,0.11378369164839144,0.06095886985967151
2427,STOCK_2428,Healthcare,0,20.214220726185957,0.563478217628854,0.10324913935795485,0.13211231735497056,0.18029389386468142,-0.05629869192868385
2428,STOCK_2429,Financial Services,0,21.43202928846548,0.5009476745337793,0.2341330348073826,0.0850700214488932,0.010965343636075044,-0.09749944990452666
2429,STOCK_2430,Manufacturing,0,129.38692206367134,0.3576870797519062,0.2273089430858332,0.1272663195830516,0.305903126771352,-0.008595574731427065
2430,STOCK_2431,Manufacturing,0,126.25064826463021,0.1,0.5212157560871954,0.11433854589452938,0.08088943300294263,-0.03359321432482851
2431,STOCK_2432,Manufacturing,0,639.8634027977407,0.34157495344063404,0.43477270278316144,0.030950531289019666,0.15257087753782886,-0.0776556507283715
2432,STOCK_2433,Information Technology,0,60.12233696223131,0.673905946730929,0.4744567206398875,0.12178114222760758,0.0602568015196855,-0.07055062190768809
2433,STOCK_2434,Energy & Materials,0,33.65847505996509,0.5301997933492509,0.33153679455369284,0.08697879621671713,0.12249413936219199,-0.07308956288379388
2434,STOCK_2435,Manufacturing,0,8.492346125639077,0.4056352693813633,0.45001550683569563,0.021533878499160834,0.16392500978666683,0.041396015217702586
2435,STOCK_2436,Healthcare,0,22.08490035437183,0.271310683900873,0.4185931006572917,0.08090083816608444,-0.009786073993453045,0.044329309741580676
2436,STOCK_2437,Others,0,24.401678382839222,0.4997264229489257,0.23147721421239068,0.1192447352638638,0.04895783277405336,0.23146709383265435
2437,STOCK_2438,Financial Services,0,27.091438533209544,0.195132664654242,0.1,0.09797500035663284,0.08701935431492154,-0.13277584279427512
2438,STOCK_2439,Information Technology,0,20.799468601002673,0.39282632691410346,0.3595163955246311,0.048037577410076665,0.14581519858433514,0.2558933977196947
2439,STOCK_2440,Real Estate,0,9.536278546202558,0.2712606724648101,0.23352846698214152,0.10793091964719537,0.25013768417972654,0.056724888573784396
2440,STOCK_2441,Consumer Discretionary,0,11.882563876541884,0.7726701063558828,0.48163196096037586,0.19850344878300696,0.08045199040404487,0.014183817923454311
2441,STOCK_2442,Consumer Discretionary,0,1.5289162654854993,0.13125558076240001,0.17578350146795368,0.07500702815326869,0.0759492067876328,-0.09210373412375038
2442,STOCK_2443,Manufacturing,1,51.984776488539495,0.5783431314489623,0.32805036614861655,0.0947417151051348,0.2511008997560026,0.03155077123137074
2443,STOCK_2444,Manufacturing,0,40.041810399708886,0.13410801808728462,0.1366144240725998,0.0751364118260343,0.21346922205690408,-0.13729891275778325
2444,STOCK_2445,Real Estate,0,149.7164139424076,0.277527021083766,0.17837724267302357,0.07737154940262954,0.13731882851902763,-0.12053943230896981
2445,STOCK_2446,Energy & Materials,0,38.71701393713569,0.4911710052484945,0.1,0.05279373342771528,0.09616170665663754,-0.18682141305538721
2446,STOCK_2447,Healthcare,0,39.33451239126867,0.8105583726547898,0.1,0.09323198495369084,0.049606351799594404,-0.06730588860964765
2447,STOCK_2448,Utilities,0,200.00936195653588,0.1958313559576678,0.5385527097225893,0.1142801774109193,0.2637124684127717,0.062492310700567016
2448,STOCK_2449,Consumer Discretionary,0,105.59171999597365,0.1,0.315118107220459,0.07204853876788375,0.038567898964438546,-0.09889411251500839
2449,STOCK_2450,Consumer Staples,0,6.092770155341955,0.4285918808072102,0.3263177663489106,0.1141654753325453,0.11549985574804515,0.18492715639634366
2450,STOCK_2451,Others,0,62.748351884550516,0.34280212222143436,0.34367745478106587,0.07801932716535073,0.08018433600119337,-0.08251247599620781
2451,STOCK_2452,Information Technology,0,165.02710998395,0.11603624673349217,0.6503062725464254,0.12493626215593188,0.18328368606672743,-0.205925217794788
2452,STOCK_2453,Manufacturing,1,290.01222891410515,0.33514506499620755,0.1274854042875194,0.07192134414005501,0.05656755802875135,0.0746659013130555
2453,STOCK_2454,Manufacturing,0,35.31268262482109,0.4791625362066629,0.3876722491798669,0.06994295937626621,0.1422048676396716,0.1180719985153625
2454,STOCK_2455,Others,1,305.78754898990405,0.5683436621974712,0.12,0.10639075379631387,0.1373619141867624,0.17598003250736105
2455,STOCK_2456,Information Technology,0,19.051181428423668,0.36037051664149966,0.26366294798833395,0.04061253571057633,0.11713272158830677,-0.07856180472026487
2456,STOCK_2457,Consumer Discretionary,1,34.876665754477266,0.2577883429265699,0.24703578584894212,0.061720343799356654,0.20284312142203334,0.09491048365129802
2457,STOCK_2458,Manufacturing,1,7.837875588984245,0.3980573992561541,0.35329667683919336,0.06083469628828348,0.12986646060950996,0.15206489907107074
2458,STOCK_2459,Healthcare,0,40.85861462088701,0.21784479818490457,0.1921489135858384,0.001620741605025226,-0.01686464930543816,0.10631442315551284
2459,STOCK_2460,Healthcare,0,43.38131025730114,0.3543656725071628,0.37415497982727236,0.03412503787936155,0.06320688822864486,0.02783524648707005
2460,STOCK_2461,Manufacturing,1,50.331155091893976,0.3782983998482521,0.8204908527158097,0.044335227922720134,0.16937236387342008,0.18266162416348625
2461,STOCK_2462,Energy & Materials,0,126.96765597358443,0.22509264750875282,0.12267534983789413,0.13585518957635642,0.07025827910857566,0.18966087640606202
2462,STOCK_2463,Healthcare,0,47.359020611821904,0.5688081101204663,0.21135647054561862,0.0941844188242743,0.10301563667387202,-0.08046467951120158
2463,STOCK_2464,Energy & Materials,0,2.2695089882477473,0.36938850033631954,0.41720621277515296,0.06683635273622593,0.07410251922304784,-0.0485083803486694
2464,STOCK_2465,Manufacturing,0,114.97785547610557,0.35100681071785905,0.1803559048593568,0.08311795964075404,0.17346169747238144,-0.10447303507792269
2465,STOCK_2466,Energy & Materials,0,5.964357188385126,0.5772676862570927,0.22827536684279998,0.07142925091006627,0.1719787156554016,-0.07636267580605582
2466,STOCK_2467,Others,1,59.848770063570164,0.19328605146807554,0.28485402146401756,0.07341997131134476,0.04327642580704305,-0.04871884790457023
2467,STOCK_2468,Others,1,47.000019620435154,0.551209142501517,0.14998513231624266,0.07854104079674548,0.07128515590950962,0.013033183720748777
2468,STOCK_2469,Financial Services,1,479.3610574187387,0.40520460656830803,0.36126953561836234,0.036968492384157954,0.15604663851713838,-0.04857262914741639
2469,STOCK_2470,Information Technology,0,34.51177998225579,0.6568072818886622,0.34769455581479897,0.01616593007516201,0.1844704071205502,-0.07199549092953933
2470,STOCK_2471,Utilities,1,183.71950787015842,0.10684584009849862,0.30935679539137845,0.11285663932887374,0.06643268850880858,0.24286932998123092
2471,STOCK_2472,Energy & Materials,0,286.48447816252826,0.3806940740173106,0.1,0.03726928946900008,0.2809862865404136,0.11789862165290152
2472,STOCK_2473,Manufacturing,0,6.596232057629636,0.47945306119473596,0.5726466795561496,0.1255988064381915,0.07047415196552831,0.08994589384543084
2473,STOCK_2474,Others,0,103.05407680575743,0.3318078497150189,0.2552421916993689,0.04762718092385112,0.0520032060820959,0.1719686432703161
2474,STOCK_2475,Information Technology,1,70.11454407392137,0.25294696536428346,0.3860495039579561,0.04853746715289359,0.29268004847330387,0.07912223816905278
2475,STOCK_2476,Manufacturing,0,75.9039143639127,0.20518246731095544,0.14370543804595073,0.050058955251813024,0.08907400989367625,0.29472456075525966
2476,STOCK_2477,Others,0,11.588643859968396,0.1,0.6612566221846921,0.039846592854517526,0.24002055928100213,-0.011303214498637762
2477,STOCK_2478,Others,0,72.58506231935434,0.29829071051296235,0.554072721051717,0.04049420701621763,0.018972598226854553,-0.0007421834021223072
2478,STOCK_2479,Manufacturing,0,6.823522831403363,0.4166440984104836,0.1,0.14361114797795246,0.11867731283218767,-0.13139498542719708
2479,STOCK_2480,Healthcare,0,3.1738272805282373,0.320919907105672,0.5022389207456408,0.053499095151417556,0.30335674615487834,-0.11954061179574671
2480,STOCK_2481,Information Technology,0,3.33172238143234,0.6707693573226784,0.25574250998304804,0.06325070618193217,0.09562791326993227,-0.12127727502322203
2481,STOCK_2482,Energy & Materials,0,4.35314108199257,0.6203733296337561,0.26672995391858123,0.03377146730565442,0.06589232060206583,-0.14520719388265713
2482,STOCK_2483,Manufacturing,0,1.6962657789695375,0.5782703031609098,0.18401843975688909,0.0674347043960574,0.002966809041753688,0.005399814817815764
2483,STOCK_2484,Information Technology,0,458.3956480333026,0.49624469588135783,0.1,0.08841485153141514,0.09390834821618052,-0.05038889845050834
2484,STOCK_2485,Utilities,0,107.08522978759173,0.3734407912681954,0.19328305508180285,0.09746124473258021,0.21455971633785775,-0.0921916240205049
2485,STOCK_2486,Others,0,7.029036474092486,0.35458093135310426,0.4016803595630183,0.05459956138401066,0.17933256661626074,0.029169613250619314
2486,STOCK_2487,Real Estate,0,70.43425157792414,0.18948869333338594,0.2401437361005214,0.11933715374093225,0.05611087918851151,0.033754858427643426
2487,STOCK_2488,Others,0,11.970564526196824,0.21169838728735274,0.1,0.09622063304151528,0.19156684261349402,0.10981131582048718
2488,STOCK_2489,Manufacturing,0,18.027611085424496,0.1,0.23885742866538778,0.04571713790088129,0.20308849356136316,-0.03868161258974025
2489,STOCK_2490,Energy & Materials,0,20.785799173550775,0.3860731469048897,0.17744295639763216,0.09980233242663732,0.12495647507849468,0.5714601056325087
2490,STOCK_2491,Healthcare,0,127.51726016948885,0.7904605013912152,0.1,0.034936404116836677,0.03293906890792026,-0.021971402149563037
2491,STOCK_2492,Healthcare,0,13.54565078909324,0.1,0.34345689879389957,0.0366783508758043,0.2233227630907986,0.42167988993802996
2492,STOCK_2493,Utilities,1,35.897624302872714,0.4784466996236513,0.45263608531977845,0.10825001586495946,0.16465096011415745,0.040706285950037835
2493,STOCK_2494,Consumer Discretionary,0,12.596236040883719,0.5768838579141079,0.5900285291155475,0.11440766967903085,0.10337737676913288,-0.0983195792137045
2494,STOCK_2495,Consumer Discretionary,0,19.928004219511994,0.23845866866797397,0.3119719879041748,0.012305126916368186,0.10329459437346634,-0.05980488986484273
2495,STOCK_2496,Financial Services,0,182.59405907189682,0.2222055244748896,0.16533097754586604,0.07124946554466237,0.07409679697910505,-0.1241565589627011
2496,STOCK_2497,Manufacturing,0,1138.889473102871,0.2649292778929167,0.7831890796338482,0.04900403644629204,0.04712373831026513,0.13828350828454503
2497,STOCK_2498,Energy & Materials,1,19.07247491250442,0.21520957923550246,0.2030803593939637,0.14032729862567264,0.06362553936376399,-0.16231295048408248
2498,STOCK_2499,Manufacturing,0,9.294889425888769,0.2918329176067127,0.4123680924821922,0.02312812010508563,0.09767441898953642,0.21306256564137746
2499,STOCK_2500,Manufacturing,1,127.85028057736105,0.11072794231842066,0.5255052992679512,0.029936042761009966,0.10653278656067773,0.1907421614311131
2500,STOCK_2501,Consumer Staples,1,6.747553627150703,0.18880166135441237,0.4749101818110757,0.10514473902752547,0.1960859348281983,0.046651860077521534
2501,STOCK_2502,Financial Services,0,96.13957477788946,0.47497859050412616,0.10575224800594743,0.07605290305205488,0.09042692316143075,0.10227975737567362
2502,STOCK_2503,Financial Services,1,436.13739339519464,0.35645221292429863,0.2813995190260584,0.05229185206743725,0.06141821523051187,-0.1081623086900078
2503,STOCK_2504,Consumer Discretionary,0,90.11527931741288,0.22093936657794286,0.3543123293920343,0.1228359709030231,0.20646966224544266,-0.11998137190497715
2504,STOCK_2505,Others,0,2.0998185818048403,0.34478735033628577,0.26188355262713475,0.011219036338950654,0.10436486487507807,0.1784858245394312
2505,STOCK_2506,Consumer Staples,0,5.05134837053613,0.15106018981908056,0.29945730739061144,0.08341397013154296,0.1145630091068146,0.1254613001307138
2506,STOCK_2507,Others,0,44.98352011015421,0.3176165416035415,0.29811881531410467,0.14778797470248023,0.1332805507856957,0.05895579812459082
2507,STOCK_2508,Real Estate,0,11.058099505943808,0.46839751246681194,0.19320365112588514,-0.0101835676550565,0.04133186475332907,0.27016983546040996
2508,STOCK_2509,Manufacturing,1,460.33195493122025,0.3861030020138939,0.2297396801270648,0.04731685764673645,0.1253020052866049,0.006486527134981803
2509,STOCK_2510,Others,1,140.46884039577697,0.4017726917365648,0.12,-0.020033499517262528,-0.02897126073962753,0.23631536348948756
2510,STOCK_2511,Manufacturing,0,18.5278231177504,0.20730206271464888,0.3602091856646071,-0.029722845802699224,0.07800728106073763,-0.19441242473052528
2511,STOCK_2512,Consumer Staples,1,45.6494181327154,0.4024800662381615,0.3779290237302895,0.025648270522889212,0.10297254695001984,0.004929450506078381
2512,STOCK_2513,Information Technology,0,30.949545876691303,0.21229031132852996,0.2908604039389362,0.015558793030299362,0.15372109177251697,-0.014765697175991022
2513,STOCK_2514,Financial Services,1,0.6156204514106027,0.6409098144825466,0.8665857371948729,0.10975201863595321,0.19645801543609853,0.06206741469463107
2514,STOCK_2515,Energy & Materials,1,552.8921499736164,0.5256426966880708,0.6244547536930901,0.04302848276265927,0.041416620541005575,0.21255322824024228
2515,STOCK_2516,Information Technology,1,13.11328171477339,0.36193321392178,0.12,0.06410798980010914,0.20216631503691837,0.018548153240680133
2516,STOCK_2517,Healthcare,1,23.971390004986834,0.33709181004610156,0.3915222275884686,0.10065785949276428,0.1273739334591374,0.05916896416918006
2517,STOCK_2518,Real Estate,0,10.008642806198452,0.25898672472097845,0.1,0.021912503672252975,-0.04246370155728468,0.13497924157093014
2518,STOCK_2519,Others,0,7.269465638529361,0.38154976990072276,0.33026077611029486,0.1626477963819728,0.29367498983344914,0.07030167386906432
2519,STOCK_2520,Energy & Materials,0,13.241321767632902,0.27868183354453835,0.7396919768774136,0.06727707682120422,0.1553949530304572,0.14701375897470048
2520,STOCK_2521,Others,1,16.134380664146626,0.5235123030670067,0.3287299494302138,0.10842001292865303,0.1605656433013184,0.12386917110708662
2521,STOCK_2522,Consumer Staples,1,11.590475152411832,0.711956730074155,0.5936052827880266,0.08367625387921375,0.14709630879522964,-0.13967651960784314
2522,STOCK_2523,Financial Services,0,47.902113359009945,0.7763714788821173,0.5252704373669023,0.09446469004483556,0.09101497354732746,-0.23613100915990382
2523,STOCK_2524,Others,1,25.655035913766184,0.3858822296296578,0.2368249071118721,0.13174361329930312,0.10911658957028164,0.2366577053085897
2524,STOCK_2525,Consumer Discretionary,0,3.5418908979822508,0.12913649763984358,0.14323371461744502,0.08001495331143152,0.04804696107378136,0.08776892354065735
2525,STOCK_2526,Energy & Materials,0,111.42351239955724,0.33313800758594886,0.30737346623390893,0.1605193499302817,0.18014883738534515,-0.10516002611228809
2526,STOCK_2527,Others,1,100.6648650547199,0.6073073495325633,0.5852247097388832,0.04035066730648945,0.036751145609239436,-0.09692160011365109
2527,STOCK_2528,Manufacturing,0,2.077236319945744,0.21088763101637242,0.7154205668462843,0.10506194328594957,0.08836130888106511,-0.0012397664993425905
2528,STOCK_2529,Information Technology,0,106.46758056472478,0.23049435749483738,0.1,0.08861135662307124,0.15575670452553245,0.17555694528548216
2529,STOCK_2530,Manufacturing,1,223.04822489354478,0.289648796820145,0.49217307058634596,0.14943738560242956,-0.006111817016754173,0.16075662976532643
2530,STOCK_2531,Manufacturing,1,84.77568817118924,0.300412370978693,0.15185879878779082,0.041276583193221986,0.18032567489248372,-0.05161978578312857
2531,STOCK_2532,Information Technology,1,35.23903795613937,0.408393840303355,0.3713078439137034,-0.006226784138167626,0.12420593251062209,-0.04634924403225947
2532,STOCK_2533,Others,1,974.5842132671594,0.2500930340875578,0.36396056864620435,0.008467232629953697,0.2910732200803896,0.016386048943769507
2533,STOCK_2534,Consumer Discretionary,0,149.38386091474618,0.2800650509336831,0.4490459284192072,0.1618017431553061,0.055046630964310284,0.06557508984445289
2534,STOCK_2535,Energy & Materials,0,134.71169729256331,0.24313082223564222,0.3274582456464238,0.12611481943254935,0.08462097131071841,0.11408445026033173
2535,STOCK_2536,Manufacturing,0,7.351487268727468,0.1,0.22597839987208995,0.045059510330566786,0.13593222639375072,0.08230965775706481
2536,STOCK_2537,Manufacturing,0,402.82878810866066,0.4899468104062782,0.19265981318034361,0.03941741368344123,0.1647651682311951,-0.12303178814071315
2537,STOCK_2538,Financial Services,0,133.30596273832114,0.5987014673807383,0.29485716868038003,0.08815840175602098,0.20308178832878054,-0.13727537076299146
2538,STOCK_2539,Consumer Discretionary,1,7.52564653667665,0.25745854598043416,0.2092026440268567,0.06450444562785386,0.17661028282422428,0.16531820291074104
2539,STOCK_2540,Consumer Staples,0,46.279589667794106,0.43437804970023697,0.11567876098903311,0.17425148060029005,0.05676926246381481,-0.1847189339966526
2540,STOCK_2541,Information Technology,1,12.023783497301535,0.1157029495186288,0.13567101125264414,0.06451925752841758,-0.015523275624755122,0.1305133542219764
2541,STOCK_2542,Information Technology,1,88.18186187174852,0.4271917473646895,0.2819040121769874,0.12590159243637805,-0.062362024372849774,-0.16432606659607474
2542,STOCK_2543,Manufacturing,0,45.60584689790316,0.4533888043088661,0.21277204137277522,0.0364526164733187,0.012757204199704646,-0.05419438544670424
2543,STOCK_2544,Financial Services,0,8.979713914695743,0.8114759191745711,0.1541740413808814,0.11238243135218215,0.19579808516551822,-0.23171546952755612
2544,STOCK_2545,Information Technology,0,36.532464285586514,0.28432193859365557,0.46404603835805314,0.02655798435795869,0.20870855185636933,0.1884294254117117
2545,STOCK_2546,Information Technology,1,723.6715896133835,0.10587118724555385,0.29525979546179976,0.03640994197908691,0.1491280060884812,-0.008592698489954287
2546,STOCK_2547,Energy & Materials,0,179.89076248076552,0.6329857470135613,0.17400870083462053,0.06029987484508239,0.08696409897961328,0.14289432763852772
2547,STOCK_2548,Information Technology,0,54.11326152983791,0.11878946430452293,0.1,0.039552228608605286,0.052001473459790636,0.11946396326764497
2548,STOCK_2549,Consumer Discretionary,0,65.00028882338117,0.5016559966525445,0.3222232161433862,0.11461360299624077,0.2021676695747234,0.021215305315596678
2549,STOCK_2550,Consumer Discretionary,0,37.730589404946336,0.1686602009806664,0.161810169189461,-0.018543416147632538,0.05627518449833061,0.25812098006485473
2550,STOCK_2551,Manufacturing,1,62.22053563224884,0.5412149522094101,0.23535270394907942,0.08030003836923687,-0.0356649416049262,-0.014865523620606138
2551,STOCK_2552,Manufacturing,0,524.8870842460738,0.5918645135221153,0.4340273086444317,-0.014554662882611688,0.018998735258519618,0.23352779433403656
2552,STOCK_2553,Information Technology,0,271.8984700191254,0.2998773404734728,0.38416328875344674,-0.004850083507993793,0.10650053293666306,0.042078273589087736
2553,STOCK_2554,Manufacturing,1,218.14674948560673,0.5138283491705002,0.36256056678477305,0.08103402553749005,0.09379248948000596,0.17178766629663073
2554,STOCK_2555,Energy & Materials,0,27.482317093469103,0.7406343519975876,0.41151665834631435,0.07384047666186308,-0.009970645609592885,0.013151403914765289
2555,STOCK_2556,Manufacturing,1,107.78420148814928,0.3982716685007386,0.49307489610656696,0.12070595710169928,0.1181584012679838,0.23648274499921038
2556,STOCK_2557,Manufacturing,1,35.009078019897984,0.47279935463868733,0.2452501176497648,0.10781166074961443,0.1257129483132251,0.04761173053378153
2557,STOCK_2558,Others,0,255.9506048799348,0.24260975623414383,0.14609561925403855,0.02019114176926044,0.07265620281473074,-0.19192266875346883
2558,STOCK_2559,Utilities,0,30.172101991173193,0.1375235496187773,0.632517245060671,0.09365775220776625,0.26054837919697127,0.15764035160797643
2559,STOCK_2560,Manufacturing,1,201.50540825798572,0.10231557712480474,0.47052052732671135,0.0884222942986045,0.0808001304270925,0.19451939750458008
2560,STOCK_2561,Healthcare,0,126.64317805537958,0.8998452141416173,0.3896300011923749,0.12489113719950196,0.07845239414723328,0.16548015820265538
2561,STOCK_2562,Manufacturing,0,12.613495592438419,0.36682876388523816,0.1603325176933091,0.04065836444666909,0.12797758768940373,0.0329810415035244
2562,STOCK_2563,Consumer Staples,0,138.38885440743329,0.1,0.2197688894266809,0.10569313352398858,0.24341990301886043,-0.15121338708395907
2563,STOCK_2564,Consumer Discretionary,0,34.61193545645183,0.10860175634000149,0.4676522424861735,0.07486529651787913,0.19854976672289307,-0.05532132984326371
2564,STOCK_2565,Consumer Staples,1,90.15092388601714,0.7685069051356616,0.30756360956128986,0.10933451082769234,0.02599846904570856,-0.20762921580460164
2565,STOCK_2566,Information Technology,1,116.78979869552674,0.3993172223980718,0.2828104404748724,0.1263302202696249,0.18074436570695365,0.004202136135949502
2566,STOCK_2567,Consumer Staples,0,226.27460463083696,0.2931873339225578,0.18915524743553583,0.05541309800661038,0.19644364399342584,0.1379627516759115
2567,STOCK_2568,Manufacturing,0,23.30353611529287,0.25538620702210146,0.37364081328184356,-0.02858102801003429,0.18708682992541983,0.004072084303351011
2568,STOCK_2569,Information Technology,1,21.877092103103404,0.5406973749313948,0.5070860563819967,0.07867261393145779,0.19052563809104742,0.08543204380180616
2569,STOCK_2570,Others,1,78.38296329370091,0.69392730013151,0.3827750012842969,0.11109350362455017,0.12006671133649817,-0.2131763538408149
2570,STOCK_2571,Manufacturing,0,336.7260509199676,0.4828743334872667,0.21063103554495094,0.06296853657375764,0.13126364241656527,0.1742091986347255
2571,STOCK_2572,Financial Services,1,9.407804791281208,0.48202897464149913,0.5809280195628762,0.15001476665782498,0.08829834411521235,0.16385154169901692
2572,STOCK_2573,Consumer Staples,1,13.799682799817356,0.21345357991244077,0.5224429038984151,0.0429033370442934,0.02234238620905063,0.17534958996015476
2573,STOCK_2574,Manufacturing,1,483.3409241798496,0.5056574523395357,0.2676492537706493,0.06836597240202728,0.018840607482220346,0.1856953262966154
2574,STOCK_2575,Manufacturing,1,18.64128707530805,0.3402724455789288,0.14461978826078292,0.040876203695138204,0.10991128921629598,0.09280746266911512
2575,STOCK_2576,Manufacturing,0,331.61506101542363,0.38037963255241786,0.5187662527387777,0.09169802849122206,0.1728250571612343,0.23037471758549502
2576,STOCK_2577,Information Technology,0,10.702448104419357,0.11464915647811338,0.17387277266821377,0.13120732347939942,0.029306209547899063,0.12908254017714593
2577,STOCK_2578,Manufacturing,0,209.52728149712203,0.24843897768037587,0.22491783652044794,0.10987546796366808,0.21410717382773517,-0.029376386248036974
2578,STOCK_2579,Manufacturing,0,347.746798937264,0.3849974183890423,0.5907783448610968,0.0781823064357958,0.06366469244218406,0.0959490793924196
2579,STOCK_2580,Others,0,330.6603827994912,0.2994559254556453,0.263734522074348,0.028750556938102727,0.08757356641497462,-0.2351937170265576
2580,STOCK_2581,Energy & Materials,0,31.6386442774365,0.44525286349940135,0.20308853944037106,0.031205722827273887,0.1746480558052815,0.37606821874723617
2581,STOCK_2582,Manufacturing,1,5.395781778759643,0.4555678250640404,0.12,0.10362072655385038,0.1677217185267049,-0.09489004636435182
2582,STOCK_2583,Others,0,62.360934339566235,0.3087030706480806,0.295848211632788,0.04281011224622068,0.31350138878753386,0.09808190958273084
2583,STOCK_2584,Manufacturing,0,85.42315591864757,0.4805867093716457,0.19462461718925841,0.09344231481045624,0.2343841966340301,0.1286762776079408
2584,STOCK_2585,Consumer Discretionary,0,192.39001442804428,0.4994946528753916,0.3795543118729753,0.20234898544225768,0.07889036257312318,0.288659750926145
2585,STOCK_2586,Real Estate,0,57.3385211690502,0.6951496771622234,0.23137674929476532,0.08008001450493454,0.2574011942993507,-0.09788168446563124
2586,STOCK_2587,Real Estate,0,67.1158552276858,0.8708169482888152,0.1,0.112075261584376,0.04595048053199399,0.1454702640576386
2587,STOCK_2588,Consumer Discretionary,0,114.53530891021117,0.32087331773477223,0.35165575047439185,0.17114242254603773,0.17674716649112363,0.056117049351967034
2588,STOCK_2589,Others,0,8.826777971443416,0.1556376703122632,0.19514380094313138,0.1491723815108347,0.24825649127701865,0.23778951527068834
2589,STOCK_2590,Others,0,18.743945044700947,0.5178888181331349,0.1,0.10603775434042383,0.06281133847975282,0.048114181074301626
2590,STOCK_2591,Energy & Materials,0,14.917355414453231,0.11621281753737302,0.18691738534268512,0.12840094948831657,0.13195024409605086,-0.033517142120825266
2591,STOCK_2592,Manufacturing,0,119.8096595761785,0.7078383790250856,0.41314523982788554,0.16079858222485133,0.042445030610672625,0.11311502880393119
2592,STOCK_2593,Information Technology,0,44.63289297324053,0.12363849277844549,0.1356905117874151,0.18563347690356008,0.10049667210384207,0.04217538196834404
2593,STOCK_2594,Others,1,549.7418243495629,0.38972713726415337,0.4037094308580134,-0.024012789703830726,0.10147213246916487,-0.14715861932007376
2594,STOCK_2595,Utilities,0,88.14543719257678,0.6309415560907308,0.5425038965318211,0.07830830288239034,0.12111869798714671,0.2757179319762148
2595,STOCK_2596,Information Technology,1,31.963446238185412,0.392898812891823,0.34340133680472307,0.05767034848715634,0.0987716557596126,0.12112940836651456
2596,STOCK_2597,Consumer Discretionary,1,43.25148420784938,0.6343515277635996,0.38678704428882826,0.034944912142981566,0.138059058724658,0.013671556448111884
2597,STOCK_2598,Manufacturing,0,290.31263831705104,0.24042227216084566,0.1,0.07413018677577357,0.0970091157526419,0.0552539540068195
2598,STOCK_2599,Others,1,9.918623549712809,0.5651046310320456,0.12,0.07452998243746593,0.13104481892585843,-0.02343033097436132
2599,STOCK_2600,Others,1,30.781616966283664,0.6010253400008229,0.25305335277484897,-0.003426142319539823,0.2121882206457427,0.16261748264744194
2600,STOCK_2601,Consumer Staples,0,56.54615107868852,0.1,0.35049623305328864,0.16811977846950948,0.09671438320699788,-0.05553392976655258
2601,STOCK_2602,Manufacturing,0,34.74321334430378,0.3073778991887114,0.23499119994065545,0.03665586090551108,0.1628602894800881,0.1852859249933101
2602,STOCK_2603,Others,1,201.5440405643426,0.43827740058522685,0.3389149611663001,0.1005375897373225,-0.007147682865297227,-0.19777379026705136
2603,STOCK_2604,Financial Services,1,10.232464619227889,0.275712365531428,0.23160083945942372,0.09222706007159437,0.29412669714400275,0.21239116355211263
2604,STOCK_2605,Utilities,1,2.3776436803886605,0.37544055141441696,0.1867930554002137,0.094568082564545,0.11827501281963482,0.0011668069418287652
2605,STOCK_2606,Others,0,113.1456960871183,0.5219504538269564,0.4660067283305644,0.11080287661542318,0.2710299874563261,0.08274118655572939
2606,STOCK_2607,Consumer Discretionary,0,87.51431440060452,0.21556496381533027,0.30562493059072277,0.05881624852602935,0.06638714108520584,0.03675306901945039
2607,STOCK_2608,Others,0,20.46808060896074,0.14802736658924986,0.1,0.11472849616371925,-0.11331537477830389,-0.13630776195776761
2608,STOCK_2609,Information Technology,1,28.182358180378117,0.40386409358861614,0.241060031016884,0.04419968993081207,0.08950641460088948,0.20262151371039205
2609,STOCK_2610,Manufacturing,0,6.161279092051911,0.5094348686483298,0.49978760323794996,0.15021764568115265,0.0285481773722693,-0.023620623104786034
2610,STOCK_2611,Consumer Staples,0,9.72929111981147,0.5854204304634247,0.17012705144466633,0.07331825704200705,0.11143784100638958,-0.03873874592629014
2611,STOCK_2612,Information Technology,0,22.923838429345675,0.5234275266160702,0.33724116394329023,0.05273640357671613,-0.02512407339568278,-0.18264154751014275
2612,STOCK_2613,Manufacturing,0,7.281835669621252,0.737457257809207,0.3955601569783636,-0.0007096130561678532,0.10556256698207653,0.15719841173036647
2613,STOCK_2614,Manufacturing,0,13.723935011190134,0.14641165031585507,0.5011757277472342,0.014261284037416881,0.2624732771364937,-0.24884142580307209
2614,STOCK_2615,Consumer Discretionary,0,60.069993154509774,0.5180182431683197,0.1,0.055710286850244935,0.23817343286437848,0.034804373632537945
2615,STOCK_2616,Healthcare,1,101.83088337765213,0.20277698673264777,0.14552583306407663,0.18394730118500624,0.09972950668159945,0.23027211891551083
2616,STOCK_2617,Real Estate,0,35.78241542508584,0.12276264086514112,0.411739637124747,0.1595717766198742,0.11396280185942041,0.18443182506469916
2617,STOCK_2618,Consumer Discretionary,0,52.6135645539103,0.5740507865050661,0.20778849733067978,0.10208669484328152,0.06357715679754267,0.08107770690931043
2618,STOCK_2619,Financial Services,1,887.7643717535126,0.25222459433591266,0.12,0.18489430143250438,0.15834650989321522,-0.07052121190622232
2619,STOCK_2620,Financial Services,0,12.929857657905636,0.22193564486447967,0.11002404437061633,0.16003205742989854,0.0822042442490311,0.26481398578790577
2620,STOCK_2621,Consumer Discretionary,1,140.62740987625818,0.6903899414956148,0.16321813381271552,0.03496436269908994,0.2823975912607903,-0.06180665782595777
2621,STOCK_2622,Others,1,28.669351911957317,0.31107565961104805,0.3402408552555833,0.070163908254279,0.015379874584016549,0.006616214963519333
2622,STOCK_2623,Real Estate,0,42.954955350808696,0.7539078075917164,0.1,0.1313088836462305,0.08255566783935098,-0.12361626468410497
2623,STOCK_2624,Energy & Materials,1,59.39418702910133,0.42390930111949765,0.7528101326562353,0.1268487917507052,0.07755881637632783,-0.16307425757848087
2624,STOCK_2625,Information Technology,1,3.5103146574232333,0.22606128417327406,0.22896069010471992,0.14752226263070511,0.04440064878504328,0.09842793062394439
2625,STOCK_2626,Others,1,45.524196032547025,0.14231568808476838,0.5450958045214269,0.022945431989976287,0.10934972609934283,0.16452073717740923
2626,STOCK_2627,Manufacturing,0,66.37746064224773,0.8169997708239499,0.12282523699107029,0.042518362160309256,0.21258386078444103,0.16596565603991678
2627,STOCK_2628,Manufacturing,0,11.63172755870158,0.27738998599577885,0.4635338693791588,0.029579896336530846,-0.02466655194023523,0.14412763241662724
2628,STOCK_2629,Consumer Discretionary,0,19.30705422191922,0.1,0.1,0.052955436862433224,0.06322064570877743,0.09751020130293558
2629,STOCK_2630,Others,0,123.54077420948052,0.732442689756077,0.3658888876536992,0.05580774057405845,0.1134905719226628,0.03035949717138085
2630,STOCK_2631,Manufacturing,0,12.24338810296772,0.6389996825908908,0.11622602105264786,0.08974774255245352,0.2267764105792874,-0.03083699591340006
2631,STOCK_2632,Manufacturing,1,34.227045196294355,0.10552047817433073,0.3358793094572182,0.035440712000515684,0.09454040681945317,0.0657633268464633
2632,STOCK_2633,Consumer Discretionary,1,210.54132609477304,0.3559163997049245,0.14882614179546724,0.0652329171928886,0.06448622248619539,0.000899953045727519
2633,STOCK_2634,Consumer Discretionary,0,88.73912289498735,0.5530906069257102,0.2197283280080302,0.009472184215193961,0.0699970417771508,-0.036987032971099405
2634,STOCK_2635,Others,1,11.72796562504046,0.4935101553628961,0.4503634718477082,0.07510425233423172,0.0934108749671758,0.059983144052741244
2635,STOCK_2636,Consumer Discretionary,0,117.05251565527165,0.4560158515181981,0.1991937082120216,0.11129915206178334,0.123458710034597,-0.027717807771344607
2636,STOCK_2637,Manufacturing,0,64.544877438165,0.6006947490879229,0.46238751800525346,0.10610699913722338,0.043958172397633444,0.15923861443723236
2637,STOCK_2638,Real Estate,0,49.00049416873542,0.21913515634856107,0.2663481928674767,-0.027925135338838922,0.04553749247888556,0.08941557497385015
2638,STOCK_2639,Others,0,65.4047607067815,0.34550279848177484,0.1,0.09323222566429203,0.2658027418112305,-0.14043698597905574
2639,STOCK_2640,Information Technology,1,50.11565458974664,0.33686058712627975,0.3885333063707632,0.05247955979468071,0.15535585134627353,0.08717009951957456
2640,STOCK_2641,Consumer Discretionary,0,147.9297881919098,0.5559073727766589,0.1,0.09694080867472044,0.0636592688060259,-0.30682527281661115
2641,STOCK_2642,Information Technology,1,237.371221626871,0.6606986289431368,0.4261722478720496,0.07262009206998847,0.20268902701171768,0.17953988469585802
2642,STOCK_2643,Information Technology,0,6.550686212688302,0.1,0.21441920411934942,0.09008262090503738,0.293620389038106,0.032853860325277276
2643,STOCK_2644,Others,1,5.656689889406272,0.34811835148792897,0.5042011492702001,0.0771675474115294,0.137398121129315,0.04814665781899202
2644,STOCK_2645,Financial Services,1,114.72778792938942,0.26506760369147697,0.8041550626383259,0.1468552421903998,0.2347482580057454,0.26048220663213506
2645,STOCK_2646,Others,1,7.418300165445427,0.2491909133850108,0.12,0.17149029041181563,0.2125856309945014,0.13708390766406392
2646,STOCK_2647,Consumer Discretionary,0,132.4416002987517,0.49152670861412856,0.20578260597549164,0.018821906937673844,0.1550370676779326,0.1686907467665032
2647,STOCK_2648,Others,0,2.553175685414058,0.8231970822900913,0.15442537790842978,0.07139544140925824,0.04666444044934549,0.0612073871959241
2648,STOCK_2649,Consumer Discretionary,0,15.75266067003283,0.2419847741941397,0.3968653559315401,0.13098842664987007,0.3037408656417766,-0.1596554287707967
2649,STOCK_2650,Energy & Materials,1,65.14617787491682,0.3256973491715944,0.12,0.1452767001603182,0.04555175746710054,0.1619476571917119
2650,STOCK_2651,Consumer Staples,0,144.58695220894214,0.4600172862767062,0.2577744617188975,0.0710157540908601,0.17788988088422591,-0.31343056373031125
2651,STOCK_2652,Consumer Staples,0,36.35670665466874,0.30947057271391487,0.663289619754653,0.14334406560712645,0.07252803451343695,0.11829540960933978
2652,STOCK_2653,Manufacturing,0,11.505790784662796,0.1,0.1,0.0658776859879443,0.08982689910470289,0.14130568047913097
2653,STOCK_2654,Consumer Discretionary,0,118.18418647397576,0.31995458240426566,0.14720797592180854,0.08634851286921434,0.26022147693916553,-0.041806944228731054
2654,STOCK_2655,Others,1,45.394870075262155,0.1713921575272128,0.6736722035299104,0.017276875088367897,0.09028669999737365,0.1739078817481121
2655,STOCK_2656,Others,1,92.59858338394784,0.7821604655524097,0.47802299201398774,0.0691448946443323,0.1859465031477473,0.09210375387610484
2656,STOCK_2657,Manufacturing,0,170.92012182640832,0.5533192069024556,0.1,0.08890883898489016,0.11614536584172876,-0.11547916594983282
2657,STOCK_2658,Others,0,435.57635114661053,0.31899266716797126,0.12494346301955823,0.07333034192415909,0.0049356367467916695,-0.03906566908681282
2658,STOCK_2659,Healthcare,1,54.75994075451044,0.681780524671821,0.4035063352192967,0.09326818703968143,0.09755812687207581,0.11170784212753807
2659,STOCK_2660,Consumer Discretionary,0,31.338970200348328,0.26759226607194714,0.12433066307285305,0.0391307051978611,0.10426236597194442,0.19729774731365657
2660,STOCK_2661,Healthcare,0,24.776764489843853,0.6095363744096108,0.4500404029876647,0.09061461632069726,0.14037620829168798,0.272067360578903
2661,STOCK_2662,Others,0,51.40884845721529,0.6753722174102379,0.21020474459800634,0.09250043793858831,0.18946695154299112,-0.1768367348169874
2662,STOCK_2663,Consumer Staples,0,22.969326388324454,0.5213025539273298,0.4250384941357375,0.0728897006695284,0.04673638303610966,0.32778897132432705
2663,STOCK_2664,Utilities,0,12.705694168830838,0.252731851922104,0.6173865884946264,0.08047426389485099,-0.0021011431742730905,0.27576585545802945
2664,STOCK_2665,Consumer Discretionary,1,25.82610751065124,0.22662339377380497,0.1701297697631348,0.06722308573320704,-0.018425008512314604,0.15860897813157662
2665,STOCK_2666,Manufacturing,1,8.145190540246944,0.5775307634538506,0.17486341219357887,0.09353744880961039,0.08615409974064013,0.04697247806227802
2666,STOCK_2667,Energy & Materials,0,13.251723299063581,0.2830619038703028,0.1,0.014644904939183084,0.06925379517639392,0.2559130305372471
2667,STOCK_2668,Consumer Discretionary,0,40.66854978505224,0.4915941651604779,0.3789304743502354,0.20973144563591337,0.12209682332149206,0.11849787924502778
2668,STOCK_2669,Consumer Discretionary,0,7.1135802886698265,0.25222515366601034,0.18394936014501778,0.1596195145860467,0.16428047894832323,-0.0032148372585326635
2669,STOCK_2670,Manufacturing,1,6.498852153033077,0.28443066052465,0.12,0.13802548980717172,0.1817979209621639,0.26905451262716495
2670,STOCK_2671,Healthcare,0,77.57819345001411,0.37972042951633095,0.3458091993469909,0.1407113867214067,0.11755417725260044,-0.13674320661401076
2671,STOCK_2672,Others,1,22.790296356620992,0.3857528782501635,0.2964452957554989,0.11032773665141135,0.17798604484683275,-0.064964144145205
2672,STOCK_2673,Manufacturing,0,197.7937926074817,0.31028589632925246,0.3765679592325891,0.1158049993056769,0.056030862897844896,0.05381327559557773
2673,STOCK_2674,Energy & Materials,0,10.681316935674271,0.6599349662657413,0.38244058465612457,0.06813242830012609,0.023450372490004194,-0.0961162658093814
2674,STOCK_2675,Manufacturing,1,170.9389779393669,0.3397660289855445,0.44092529385731066,0.07399337963805666,0.04306502079296586,0.0264738372754412
2675,STOCK_2676,Manufacturing,1,23.92349403569378,0.8021122338013623,0.13622203119449233,0.02532500780380515,0.15152017297053505,0.07850685245059058
2676,STOCK_2677,Consumer Discretionary,0,102.53232872887153,0.5812151031360931,0.508689326014069,0.11393990763962404,-0.025958665832596484,-0.08497809000188625
2677,STOCK_2678,Manufacturing,0,16.78965720657528,0.1,0.2226472478950532,0.027639368483547415,0.09398015798427208,-0.18614481015275502
2678,STOCK_2679,Manufacturing,0,127.29989336726163,0.310501950329129,0.20410603125050486,-0.02607711675573577,0.05437676022740062,0.07345995555665304
2679,STOCK_2680,Consumer Staples,1,16.677013578313947,0.2758708127799492,0.15627601201642402,0.07613313824917878,0.09280071113639513,-0.07112320418364323
2680,STOCK_2681,Others,1,350.0858549607659,0.5122686451139411,0.43842817549642527,0.002066446496218381,-0.0516108995274545,0.19713195014749568
2681,STOCK_2682,Manufacturing,1,2.9810698611573794,0.13332058539263061,0.18710315402562724,0.09861771028092331,0.11569311803542164,0.039620009053294714
2682,STOCK_2683,Information Technology,0,1.9383014741078135,0.6894764592187849,0.3390099971539886,0.049387943757204116,0.09453286487511105,-0.107487904366805
2683,STOCK_2684,Real Estate,0,85.1190065114082,0.10559171688066053,0.19074776850674738,0.11612875700866215,0.14921922200146548,-0.08434735391853336
2684,STOCK_2685,Consumer Discretionary,0,6.2857161790514935,0.5912761004861693,0.34552237330370245,0.09931131891393642,0.11589535004730951,-0.05667191822412055
2685,STOCK_2686,Financial Services,1,97.94945362883058,0.8017160323778988,0.38892599349252854,0.08651697607630873,0.035608621448719596,0.40855929954449016
2686,STOCK_2687,Manufacturing,0,14.480374326968162,0.7619538239828793,0.2615467000793167,0.11352150884046118,0.13706465278952,0.12715520217976523
2687,STOCK_2688,Others,0,375.03368906139474,0.1,0.31380742149870033,0.1566514616924762,0.047601305070170866,0.2876462356584377
2688,STOCK_2689,Consumer Discretionary,0,20.544838747033296,0.1,0.26238476631963614,0.05997248938645016,0.1822504359483566,0.17681554245390818
2689,STOCK_2690,Information Technology,0,39.07750364406177,0.7388883040468085,0.1,0.04530952104019089,0.11934248792166235,0.1853308374381104
2690,STOCK_2691,Information Technology,0,372.31350377425224,0.591581608543878,0.4673002404965803,0.02218646322556555,0.23898866217989137,0.018683578987827847
2691,STOCK_2692,Information Technology,0,8.920822665052485,0.3841622639310937,0.4937241366739289,0.12574570009548264,0.16324646163943674,0.06700130094837903
2692,STOCK_2693,Manufacturing,0,45.39238672740801,0.7007572221668416,0.1558483906407922,0.061655000035683936,0.03344766742415584,-0.07175096254017808
2693,STOCK_2694,Financial Services,0,7.898018020702674,0.43142643913477663,0.12762694884520354,0.11368883290301636,0.04639554930064229,0.29488118213885456
2694,STOCK_2695,Manufacturing,0,14.426654296337045,0.3150498269187233,0.27006309616951246,0.10450702651945458,-0.030482963829398857,0.09741622950897812
2695,STOCK_2696,Utilities,1,4.43815326726653,0.54718841978342,0.12,0.09619259904014248,0.060109382080477905,0.48917089398258173
2696,STOCK_2697,Others,0,92.77706183193943,0.2546766594159461,0.13470990299815833,0.0719659052756755,0.12309532013142377,0.22717198888052412
2697,STOCK_2698,Healthcare,0,21.427924067027533,0.11765026014672832,0.22281279034805823,0.09791540428887753,0.00709954225274749,0.18328046583886926
2698,STOCK_2699,Consumer Discretionary,1,11.61592237687566,0.44004186952071217,0.6275682849189862,0.07685203013434123,0.021903593947700355,-0.06300029467434831
2699,STOCK_2700,Utilities,1,69.07441403186786,0.4631365844472727,0.12,0.10803846796798992,-0.001395229168578325,0.2093643670584194
