date,GPRD,ambiguity_metric_1,risk_1,ambiguity_metric_2,risk_2,daily_return
2018-01-09,77.14198303222656,0.0051978564875384,0.0017383918259038,3.321430242304072,0.0017383918259038,-4.535158217333635e-05
2018-01-10,71.72000122070312,0.0054575418100816,0.0016636217444958,3.566195910837833,0.0016636217444958,-9.50522906413287e-05
2018-01-11,95.51309204101562,0.0038756950744227,0.0028787585929508,3.2200643423366073,0.0028787585929508,0.00027352037370032
2018-01-12,167.51290893554688,0.0044233387407795,0.002800113430918,3.1193766691143265,0.002800113430918,7.574538189869529e-05
2018-01-15,58.96156311035156,0.0057706388883748,0.0032287469208659,3.5641700577556317,0.0032287469208659,6.863986556049362e-05
2018-01-16,58.74949645996094,0.0062024417023756,0.0034994450946163,3.1862288490082893,0.0034994450946163,-4.6963018970669346e-05
2018-01-17,128.2569580078125,0.0072550068259812,0.0042128332870915,3.5056448252671206,0.0042128332870915,0.0001106494179134998
2018-01-18,82.81419372558594,0.0066115055080886,0.0041991170672366,3.2631554262182214,0.0041991170672366,0.00014751369184629048
2018-01-19,102.11367797851562,0.0051154484008696,0.0041216698498058,3.1001418483356833,0.0041216698498058,0.00040385930755637567
2018-01-22,129.9990234375,0.0055720381141992,0.0053536036175391,3.0697888159801727,0.0053536036175391,0.00027217662879275295
2018-01-23,129.00125122070312,0.0050360098387864,0.0058126715492402,3.1611780106288747,0.0058126715492402,0.0004085993033267066
2018-01-24,136.3526611328125,0.0047219249548524,0.0045105315457025,3.167699091743966,0.0045105315457025,0.00025747591574853956
2018-01-25,82.48857879638672,0.0039634732082423,0.0071646267305398,3.2966270570796565,0.0071646267305398,0.00045151279706456826
2018-01-26,65.83985137939453,0.0040732241257114,0.0071504268313955,3.197251474540476,0.0071504268313955,0.00023514532209190087
2018-01-29,76.4438705444336,0.0047284984033108,0.0109140020959665,3.416702948169176,0.0109140020959665,5.579085866802558e-05
2018-01-30,95.8901138305664,0.0055909384903946,0.0089605640997533,3.3775225774006787,0.0089605640997533,-8.222814786962296e-05
2018-01-31,102.40994262695312,0.0057472202537299,0.0096567226591481,3.4042672018969564,0.0096567226591481,0.0001567167146563353
2018-02-01,52.32488250732422,0.0067836153390657,0.0096915190654826,3.34225176442954,0.0096915190654826,0.00022615160638306264
2018-02-02,30.99478530883789,0.00576366931833,0.0102609310454516,2.885044547933167,0.0102609310454516,0.00017562428579465106
2018-02-05,84.5761947631836,0.0043143670887287,0.0072920837110074,2.737189018523572,0.0072920837110074,0.00026679085703040784
2018-02-06,56.73699188232422,0.0057721415682436,0.0144963927866347,2.853438861930124,0.0144963927866347,9.40098830903846e-05
2018-02-07,76.4438705444336,0.0060451366038015,0.0153010339921928,3.030357154743492,0.0153010339921928,-0.00040472441722150254
2018-02-08,93.48350524902344,0.0058221295732157,0.0151925744848455,2.6348062040310145,0.0151925744848455,-2.9909001861838647e-05
2018-02-09,72.09941864013672,0.0068605130339129,0.0169612839771104,2.9849500096226773,0.0169612839771104,0.0005470815802841589
2018-02-12,124.49918365478516,0.0064824298001394,0.0211907380003384,2.1821218144189585,0.0211907380003384,-7.711824540623802e-06
2018-02-13,73.42066192626953,0.0068726685033577,0.0237330134005912,1.9492750426789085,0.0237330134005912,5.3361521769046405e-05
2018-02-14,37.50076675415039,0.0086763191423752,0.0234730753842461,1.7092748514221532,0.0234730753842461,-7.562408778416518e-06
2018-02-22,53.79000473022461,0.0091806772284732,0.0256541421286257,1.742046033026719,0.0256541421286257,-8.141996417521113e-05
2018-02-23,74.92713165283203,0.0058443209436538,0.0064263188614277,2.505133216839284,0.0064263188614277,5.64991181224439e-05
2018-02-26,90.38383483886719,0.00491361366483,0.0063952637614858,2.832690078399818,0.0063952637614858,0.00031332505896086715
2018-02-27,65.59539794921875,0.0059961517796327,0.0132176810809982,2.6754115355921444,0.0132176810809982,-0.00031278862139028085
2018-02-28,70.12908172607422,0.0050567100139013,0.0147004336643998,2.2502334055968065,0.0147004336643998,-2.982285225772152e-05
2018-03-01,93.70771789550781,0.0052042550550944,0.0109511831230102,2.4385964227032244,0.0109511831230102,9.87973887849325e-05
2018-03-02,151.3148193359375,0.0053550787323295,0.0110580464885621,2.359239070449789,0.0110580464885621,-0.00012447223771205884
2018-03-05,108.14913177490234,0.0052796382586157,0.0082085497025903,2.462419914741799,0.0082085497025903,6.222233283970091e-05
2018-03-06,88.45307922363281,0.002925963538461,0.0090215153157031,2.4776004094249444,0.0090215153157031,0.0004403693197894132
2018-03-07,134.17996215820312,0.0039097909147205,0.0086945580116533,2.788128051015546,0.0086945580116533,-0.00018081032748962222
2018-03-08,106.09647369384766,0.0041200329786902,0.0094499261799422,2.715970684383576,0.0094499261799422,8.338933499452139e-05
2018-03-09,101.20653533935547,0.0045861854375523,0.0080048560542995,3.152127556600715,0.0080048560542995,0.0001070968715541909
2018-03-12,135.9002227783203,0.004821125183548,0.0076712141020685,3.029431326530559,0.0076712141020685,-2.664870705315625e-05
2018-03-13,119.58728790283203,0.0042459176142211,0.0087591725205879,2.99369702909646,0.0087591725205879,0.0003961238547252055
2018-03-14,94.99882507324219,0.0041485483832562,0.0081053843429926,2.8378761516434254,0.0081053843429926,-0.0001570945365465537
2018-03-15,189.4098358154297,0.004349630558767,0.0071384433473603,2.9654567586650664,0.0071384433473603,0.00031258547259005454
2018-03-16,173.33203125,0.0039066335644757,0.0072642138854689,2.9005479538929437,0.0072642138854689,-5.1767107180134e-05
2018-03-19,95.18872833251953,0.0048954516757082,0.0072204265870766,3.3798961374940273,0.0072204265870766,1.7181371466223894e-05
2018-03-20,134.78366088867188,0.003285243470736,0.0063760924723717,3.2210405539812528,0.0063760924723717,2.6976719091242884e-05
2018-03-21,171.2620086669922,0.0029959353597312,0.0063342439208291,3.047367721179813,0.0063342439208291,0.00045329017222561774
2018-03-22,162.07073974609375,0.0044906045084636,0.0063707489482074,3.0531550621857217,0.0063707489482074,0.00010199157201351561
2018-03-23,84.1159896850586,0.0056171550266588,0.013028045100036,2.741141742146252,0.013028045100036,0.00039965363351757155
2018-03-26,81.37810516357422,0.0053925049201447,0.0113459349032057,2.304513753065252,0.0113459349032057,0.00010310633614207809
2018-03-27,90.82076263427734,0.0034596416879445,0.0134749106914495,1.878325569354243,0.0134749106914495,0.00019169231083804306
2018-03-28,91.53147888183594,0.0033135479804628,0.0138667736978022,1.9339633230242224,0.0138667736978022,-5.724783629201813e-05
2018-03-29,176.90615844726562,0.0033803218746126,0.0176644708160144,2.2094704266154297,0.0176644708160144,5.13606726193494e-06
2018-03-30,48.476600646972656,0.0047166981492944,0.0124455628053882,2.1987427974660596,0.0124455628053882,0.00011287666172399291
2018-04-02,139.22386169433594,0.0044831352161487,0.012111072004933,2.4345964263906836,0.012111072004933,-9.003748131719558e-05
2018-04-03,105.72024536132812,0.004646403894473,0.0114063626922364,2.7969861765456705,0.0114063626922364,3.365826504597713e-05
2018-04-04,70.6681137084961,0.0053548241103402,0.0075803660644411,2.774155465156994,0.0075803660644411,-0.00019711486090423502
2018-04-09,102.21106719970703,0.0028937800197615,0.0028010200317653,2.816021365787561,0.0028010200317653,9.604003571639375e-05
2018-04-10,213.29278564453125,0.0041843442416618,0.0101539917384149,2.738464050042978,0.0101539917384149,0.00030565694592676884
2018-04-11,102.49281311035156,0.0041383768919267,0.0098411043853429,2.798390760463665,0.0098411043853429,-1.015646027047179e-05
2018-04-12,296.52142333984375,0.0054776057018685,0.0108033078848645,2.8145292619302182,0.0108033078848645,-6.155613919900382e-05
2018-04-13,117.60595703125,0.005691132711749,0.0114779466676427,2.672372453527904,0.0114779466676427,-0.00033828713088612794
2018-04-16,194.28549194335938,0.0062406329331157,0.0138282380893674,3.220425880089169,0.0138282380893674,-0.0003857933564809235
2018-04-17,178.36903381347656,0.0057343868424292,0.0077715263056087,3.1571155864609626,0.0077715263056087,-0.00013336391812523996
2018-04-18,234.35853576660156,0.0059078669259325,0.0085049658441679,3.4473225511483685,0.0085049658441679,0.00019386278232924603
2018-04-19,214.136962890625,0.0053878593680232,0.0125390621471382,3.0643814051083025,0.0125390621471382,-1.3116852794703426e-05
2018-04-20,71.06819915771484,0.004747765071612,0.0131726649155235,3.313438662903974,0.0131726649155235,-0.00017014534134074388
2018-04-23,88.52149963378906,0.0042281287773713,0.0119961100604257,3.3480459355846444,0.0119961100604257,0.00013277285485546741
2018-04-24,150.57125854492188,0.0043045905079341,0.0126542612971537,3.0157642007530767,0.0126542612971537,0.0002758670945208763
2018-04-25,193.12814331054688,0.0059485380025392,0.0132792549299275,2.923417365728982,0.0132792549299275,7.313722109891785e-05
2018-04-26,146.26922607421875,0.006099638194994,0.0153274121000094,2.9877506549617174,0.0153274121000094,0.000316969874543771
2018-04-27,91.80326080322266,0.006245624989197,0.0141626022556544,3.2973501963642153,0.0141626022556544,0.0002369548374729913
2018-05-02,186.62353515625,0.0059529528782368,0.0141731079140631,2.8726761914474785,0.0141731079140631,1.8599312356926134e-05
2018-05-03,125.34039306640625,0.0064885833881318,0.0101345591473969,3.5519912286372968,0.0101345591473969,-5.0089766133520897e-05
2018-05-04,139.01663208007812,0.0064252828969139,0.0101752872692333,3.2156851004678524,0.0101752872692333,0.00022258967183907963
2018-05-07,79.70087432861328,0.0064934814324709,0.0078985189579489,3.252631382741782,0.0078985189579489,0.00015129342838737792
2018-05-08,125.366455078125,0.004323494492127,0.008137453826494,3.2256660859367363,0.008137453826494,5.156420000762552e-06
2018-05-09,284.1881103515625,0.0045375313275953,0.0087875138450335,3.0593431195471057,0.0087875138450335,0.0002118425131754087
2018-05-10,233.39476013183594,0.0042535495391572,0.0087106123801374,2.988822397459008,0.0087106123801374,0.00025179338554193187
2018-05-11,163.6328582763672,0.0050666795316111,0.0088107841167357,3.0548026762914144,0.0088107841167357,-1.0328231187073378e-05
2018-05-14,125.73249816894531,0.0054296652557019,0.007208042660134,2.6211557587468075,0.007208042660134,0.00024306994785505687
2018-05-15,112.64398956298828,0.0047221657887911,0.0058394890305035,2.559425471865819,0.0058394890305035,0.00031609590961689804
2018-05-16,150.57125854492188,0.0032260625039021,0.0073792277833895,2.5983295321036906,0.0073792277833895,-8.219544020793279e-05
2018-05-17,152.6919708251953,0.0034524272819462,0.0077013391305178,2.539020730813493,0.0077013391305178,-2.5878912568111367e-05
2018-05-18,92.46244812011719,0.0040627336975455,0.0088093594717822,2.681503569036619,0.0088093594717822,0.00029729106332809785
2018-05-21,125.66645050048828,0.0042344689473358,0.0079702875973949,2.601095596585381,0.0079702875973949,0.00026274102662871
2018-05-22,81.85124206542969,0.0041873262389565,0.0079454272084073,2.4394007365949184,0.0079454272084073,0.00023045545680111523
2018-05-23,179.17031860351562,0.0040379399294946,0.0093396420386834,2.7650399610711984,0.0093396420386834,-0.00020231573705187245
2018-05-24,153.59022521972656,0.0040316029472366,0.0092970242541359,2.606702579421488,0.0092970242541359,0.00013066019985785715
2018-05-25,140.5561981201172,0.0037454358591089,0.0065179157658734,2.798694489441395,0.0065179157658734,-3.144143247157949e-05
2018-05-28,102.57495880126953,0.0047679021890208,0.0064251870530171,3.238853970407858,0.0064251870530171,0.00015133013974555354
2018-05-29,71.2380142211914,0.0056229409178241,0.0065481925273476,3.403595287446109,0.0065481925273476,-4.2059108820047264e-05
2018-05-30,141.90927124023438,0.0046316485711051,0.0093450372930204,2.6820975471841906,0.0093450372930204,-0.0002577644838132054
2018-05-31,92.13764190673828,0.0034617747788443,0.0156347740140821,2.342953491780791,0.0156347740140821,0.0014221828927201141
2018-06-01,186.23287963867188,0.003283683311122,0.015970844511793,2.382252702865939,0.015970844511793,-8.486015311948147e-05
2018-06-04,146.1427001953125,0.0032392680055349,0.0167066502405051,2.2269055047124326,0.0167066502405051,0.00019701431374663514
2018-06-05,178.0370330810547,0.0030958113112713,0.0168681784208327,2.0365543665928794,0.0168681784208327,0.000267929838799974
2018-06-06,108.60877227783203,0.0046280218397871,0.0115413374717073,2.569819782101157,0.0115413374717073,0.00015638235485759822
2018-06-07,88.7294921875,0.0050046980578069,0.0080582832341766,3.044547341746658,0.0080582832341766,2.610345844722417e-05
2018-06-08,116.16471099853516,0.0050620748453966,0.0097482719613211,3.047573992990799,0.0097482719613211,0.00023552886816458063
2018-06-11,135.01004028320312,0.0043713171015448,0.0082922665229788,3.1523694610847492,0.0082922665229788,0.00010847794854962345
2018-06-12,155.8855438232422,0.0042439457103204,0.0090844511072596,3.22711238694552,0.0090844511072596,7.057568850510343e-05
2018-06-13,140.87469482421875,0.0045563006650951,0.0099405802200177,3.107332390225191,0.0099405802200177,-3.6954134639666236e-05
2018-06-14,188.4875030517578,0.0055993295237774,0.0099431219868937,3.071278408599284,0.0099431219868937,-2.65014390288254e-06
2018-06-15,69.98382568359375,0.0059328542766156,0.0083487919888736,3.25473291721793,0.0083487919888736,-0.00014384771322095702
2018-06-19,99.42222595214844,0.0072103465283995,0.0171409895570866,3.0539102547778256,0.0171409895570866,-0.0003340391405531884
2018-06-20,121.3394775390625,0.0061128084055688,0.0149259571786109,2.570800827160112,0.0149259571786109,0.00010453747668548452
2018-06-21,93.59835052490234,0.0052965544635254,0.014941415864275,2.6961375481489354,0.014941415864275,0.00011134090637043847
2018-06-22,57.31085968017578,0.0052849959675496,0.0162641834137345,2.6026254632166803,0.0162641834137345,0.00021063484232874963
2018-06-25,87.7807388305664,0.0053107037280708,0.0162356085528227,2.4179723201512062,0.0162356085528227,-5.8977333045051594e-05
2018-06-26,137.2349395751953,0.0045609225443117,0.0085911054955925,2.9992101521516528,0.0085911054955925,0.0007765625487123895
2018-06-27,130.60302734375,0.0054635329464852,0.0091223300008748,2.7239495095198163,0.0091223300008748,0.00027759303704133487
2018-06-28,88.44233703613281,0.0052367521923701,0.0090744144104702,2.781499248531856,0.0090744144104702,0.00021912013042024725
2018-06-29,141.04144287109375,0.0057700555471894,0.0178719337144755,2.9637659647337538,0.0178719337144755,0.00010254598902759149
2018-07-02,123.02521514892578,0.0055200804311742,0.0208395388566543,3.0119628833624654,0.0208395388566543,-0.00027281607796081353
2018-07-03,146.81739807128906,0.0075211193159498,0.0212245342032465,3.5297514957873486,0.0212245342032465,0.000137878027816285
2018-07-04,49.220916748046875,0.0073943902048261,0.0203212456224801,3.137062318022376,0.0203212456224801,-5.05362791030084e-05
2018-07-05,119.5712890625,0.00799066453398,0.0201578458250376,3.081653950670712,0.0201578458250376,-2.9917368228882246e-05
2018-07-06,128.33192443847656,0.0069639804095465,0.0139212193560512,3.340624375066631,0.0139212193560512,-2.0801202903930616e-05
2018-07-09,170.4659423828125,0.0090285974360441,0.0157980695713095,2.885562805839872,0.0157980695713095,0.00018504918260298098
2018-07-10,121.88159942626953,0.0084168163167648,0.0157374259712414,2.849418982821711,0.0157374259712414,0.00022499524048535946
2018-07-11,125.24701690673828,0.0069590040472252,0.0168527974627978,2.3570686648734,0.0168527974627978,-0.00016724861359695975
2018-07-12,172.8645782470703,0.0065556162054041,0.0177120331659927,2.189509833358658,0.0177120331659927,0.0001235408532362925
2018-07-13,125.4760513305664,0.0035865954482953,0.0178513871045559,1.8674357040878204,0.0178513871045559,-0.00015744695468955516
2018-07-16,168.76254272460938,0.0030016098841445,0.0142591653456962,2.270517736707202,0.0142591653456962,1.4400755751653449e-05
2018-07-17,100.79735565185547,0.0029000100875798,0.0145690796603447,2.088111163928073,0.0145690796603447,2.0293913855384815e-05
2018-07-18,88.57132720947266,0.0044556190974804,0.0119507702255512,3.215631869792124,0.0119507702255512,-0.00018356910794148362
2018-07-19,143.0528564453125,0.0048888748082288,0.0042034671970683,3.289969151865636,0.0042034671970683,0.0003297142573697176
2018-07-20,54.0997200012207,0.0053247322094395,0.0107264346591255,3.5405495499940405,0.0107264346591255,0.00010021359812628639
2018-07-23,161.70819091796875,0.0051590605141553,0.0107859054597497,3.2425646118085822,0.0107859054597497,0.00019857874356388194
2018-07-24,161.12632751464844,0.005215757159559,0.0104191785056428,3.1247506934148577,0.0104191785056428,0.00019547557811905314
2018-07-25,105.160888671875,0.0055898361476393,0.0092446135712225,2.6785776638686163,0.0092446135712225,7.267665318422267e-05
2018-07-26,107.8719482421875,0.0055140028439306,0.0125844047747888,2.8486991965351622,0.0125844047747888,0.00018950214674817722
2018-07-27,119.3347396850586,0.0051219766726603,0.0109585774217769,2.9198631131095665,0.0109585774217769,-4.827625376269129e-05
2018-07-30,118.85968017578125,0.0059344588554944,0.0100893084168,3.1325156518627297,0.0100893084168,0.0005379726117857864
2018-07-31,109.94091796875,0.0062436542610923,0.0048179624410868,3.1116414024853567,0.0048179624410868,0.00013647296982233215
2018-08-01,140.02928161621094,0.0058425380530602,0.008424020354541,3.199785329077799,0.008424020354541,-0.000489985735326548
2018-08-02,121.88159942626953,0.0065476375180381,0.0107555895623372,3.459802706991283,0.0107555895623372,-0.00015423493539923339
2018-08-03,147.8824920654297,0.0067356646081256,0.0106622460739651,3.123079102521117,0.0106622460739651,-0.00036182940949436304
2018-08-06,162.54562377929688,0.0076534114321153,0.009049757410016,3.5154565008531047,0.009049757410016,-0.0001038608753028969
2018-08-07,200.45794677734375,0.0064384271735522,0.0213424756747257,3.189064406911058,0.0213424756747257,0.0001335937917479324
2018-08-08,129.0610809326172,0.0066468127367184,0.020887125318194,3.0693088590787942,0.020887125318194,-8.145336945442061e-05
2018-08-09,170.8864288330078,0.0065861869681162,0.0232282477016978,2.9717232748302145,0.0232282477016978,0.000100082715420724
2018-08-10,121.93501281738281,0.0066508510326437,0.0209360255402461,2.833795303177606,0.0209360255402461,2.9369265650780463e-05
2018-08-13,142.4760284423828,0.0036166507525907,0.0193956908334635,2.6091242872327145,0.0193956908334635,-2.949460986001462e-05
2018-08-14,136.3998565673828,0.0042678787307148,0.0153058258114049,2.7238808973304964,0.0153058258114049,0.0001275026093556786
2018-08-15,111.38750457763672,0.0054567287466059,0.0176444073889499,2.7676293832434458,0.0176444073889499,-0.00017311809995301797
2018-08-16,128.16482543945312,0.006628961648573,0.0098699750362088,2.9334019279334473,0.0098699750362088,0.0005862935559619586
2018-08-17,107.13349151611328,0.0057901354814867,0.0086396490096857,2.32878104018271,0.0086396490096857,-0.0001083601395678313
2018-08-20,106.85701751708984,0.0055225207170181,0.0132259571805503,2.592395154155188,0.0132259571805503,0.00041336231972799453
2018-08-21,152.000732421875,0.0055572659070311,0.0175746011511284,2.28275541793698,0.0175746011511284,4.809874672706549e-05
2018-08-22,119.32880401611328,0.0063295292992602,0.0134223350084255,2.173206379043912,0.0134223350084255,0.0003265928204010393
2018-08-23,120.28876495361328,0.0063612857665147,0.0130532708473122,2.9915912238783537,0.0130532708473122,0.00023197941709907077
2018-08-24,44.46399688720703,0.0070985446387302,0.0092216069071041,2.8424589971424425,0.0092216069071041,-7.818114571467305e-05
2018-08-27,109.45875549316406,0.005120491172188,0.0124275773425749,2.9562232774856003,0.0124275773425749,0.00141986160023988
2018-08-28,134.43862915039062,0.0055819944765858,0.0117176009240483,2.7438434792067588,0.0117176009240483,-1.470493085731217e-05
2018-08-29,139.90408325195312,0.0060875362288057,0.0113874681089872,2.726956617554208,0.0113874681089872,0.000599786086144638
2018-08-30,86.16505432128906,0.0056959250336247,0.0133091434638952,2.8040501830544553,0.0133091434638952,-0.0005278823269768695
2018-08-31,62.03310012817383,0.0050653237150932,0.0136738211495311,3.0753560974328837,0.0136738211495311,0.0028450785554459124
2018-09-03,94.16999053955078,0.0050199607173393,0.0032269466539784,3.1148911555840764,0.0032269466539784,-0.00011739173622371535
2018-09-04,14.36084270477295,0.0049932411373939,0.0086944340457042,3.184234961435779,0.0086944340457042,0.00028249007567771045
2018-09-05,85.92912292480469,0.0041750885640285,0.0117583450697376,3.183379223050021,0.0117583450697376,-0.00033036309632061833
2018-09-06,97.68965911865234,0.005669084682267,0.0117937792854516,3.188800492365136,0.0117937792854516,2.75837550072211e-05
2018-09-07,87.86651611328125,0.0055641986590462,0.0125913575321685,3.3344454443019167,0.0125913575321685,0.00012205392342345966
2018-09-10,55.42262268066406,0.0056401019530127,0.0135563574217161,2.970559791875191,0.0135563574217161,-8.048663457516092e-05
2018-09-11,81.84497833251953,0.0055087921461809,0.0096987796635156,3.0720005752456845,0.0096987796635156,0.0005151200136537248
2018-09-12,80.89298248291016,0.005497449198833,0.0074798003006513,3.074910147086743,0.0074798003006513,-0.00010304932315330362
2018-09-13,68.56543731689453,0.0039808618706143,0.0098178685895939,2.9402002648875865,0.0098178685895939,0.0005224305074686963
2018-09-14,118.30599212646484,0.0045722683205218,0.0094540783836578,2.6677749811638485,0.0094540783836578,0.0007562568680472559
2018-09-17,91.08362579345703,0.003993913943256,0.0085091631042217,2.648462355974477,0.0085091631042217,-0.0002464344983341693
2018-09-18,105.00934600830078,0.0041253474917674,0.0128679072751059,2.7711820762599992,0.0128679072751059,0.0002661722593435556
2018-09-19,58.6295166015625,0.0046119334708104,0.0121804217677433,2.942863878901028,0.0121804217677433,0.00022344749285885257
2018-09-20,107.92826843261719,0.0055655662907886,0.0123387186798487,2.8625660827093338,0.0123387186798487,-0.00017216902769801035
2018-09-21,113.79048919677734,0.0062047549957127,0.0165853885338454,3.204838889680205,0.0165853885338454,0.0008363559530935039
2018-09-25,95.44012451171875,0.0044337224070879,0.0157956669558936,2.7448174329599926,0.0157956669558936,0.0003107658157603943
2018-09-26,110.15664672851562,0.0046637246228392,0.0149544826851062,3.088895497930202,0.0149544826851062,3.218972035923251e-05
2018-09-27,73.69881439208984,0.0043168095281153,0.015708081313246,2.663182932993988,0.015708081313246,0.0008439389305794354
2018-09-28,81.45658111572266,0.0043234307145822,0.0153841108898504,2.743141770196731,0.0153841108898504,0.000666362099418949
2018-10-08,49.10814666748047,0.0046881279352092,0.0220232915543491,2.3629029801044017,0.0220232915543491,0.0009763694265578771
2018-10-09,95.87750244140625,0.0042240500338316,0.0221417176175728,2.260714233928347,0.0221417176175728,0.00017639044328743303
2018-10-10,104.19609832763672,0.0043411612306178,0.0204184058227464,2.2915438578553635,0.0204184058227464,0.0006281368728540127
2018-10-11,130.70550537109375,0.0050688659964421,0.0268006707438444,2.682975633420565,0.0268006707438444,0.0013943380260019733
2018-10-12,87.06867980957031,0.00425976609631,0.0280023278010587,2.6371910593797523,0.0280023278010587,-0.0007815429801368845
2018-10-15,122.86271667480469,0.0038287728184067,0.0236028740166898,2.245140845251006,0.0236028740166898,0.0004639732751394732
2018-10-16,134.61813354492188,0.0042576212051628,0.02309480826789,2.3245718622610942,0.02309480826789,0.0002161081185689806
2018-10-17,117.82046508789062,0.0040013436247091,0.024112653083812,2.4972612627082924,0.024112653083812,0.00011546196009515342
2018-10-18,127.05738830566406,0.0049712466257694,0.0153685091143223,2.557889306469568,0.0153685091143223,-0.0005580448733729648
2018-10-19,106.1982192993164,0.0055700933346576,0.0206576558368858,2.8328632174716684,0.0206576558368858,0.000663927963815869
2018-10-22,83.91838073730469,0.0063774050387096,0.0272243606970426,2.6190486167988443,0.0272243606970426,0.0002477473344222325
2018-10-23,108.8228530883789,0.0059872349511667,0.0311328407699495,2.55137303504305,0.0311328407699495,-0.0002983312293132201
2018-10-24,127.58169555664062,0.005300779689959,0.0311885298779856,2.8092791150333056,0.0311885298779856,-0.00026340215237197206
2018-10-25,141.05126953125,0.0045835814056271,0.027203854808518,2.556336105834083,0.027203854808518,0.00036641049249319657
2018-10-26,159.10116577148438,0.00437928325699,0.0253901968458189,2.2111123341238548,0.0253901968458189,-0.0006801157456240992
2018-10-29,94.36099243164062,0.0051085171764536,0.0154791539351357,2.448134714859033,0.0154791539351357,-0.0005781154087242113
2018-10-30,109.74150848388672,0.0040426104860533,0.015698208178528,2.6964301528670616,0.015698208178528,9.003273332952588e-05
2018-10-31,81.52692413330078,0.0037972844345004,0.0177616953807728,2.348464726517933,0.0177616953807728,0.00037428948436879494
2018-11-01,101.45014190673828,0.0049168996946719,0.0182301258975757,2.98580624631912,0.0182301258975757,-0.0002454420158971571
2018-11-02,103.39347076416016,0.0040928102209585,0.0238794448118294,2.481159575412104,0.0238794448118294,0.00040134633452226787
2018-11-05,114.6827621459961,0.0033846070438759,0.0157854659648742,2.3871750918356045,0.0157854659648742,0.00013487003433065858
2018-11-06,62.58562469482422,0.0022224452724432,0.0177493773697489,2.314835548196464,0.0177493773697489,3.0834314892480563e-06
2018-11-07,140.43304443359375,0.002099984871671,0.018526644733658,2.196672230266381,0.018526644733658,-1.2414841943586552e-05
2018-11-08,60.81825637817383,0.002262842527057,0.0186794306265067,2.170899179904895,0.0186794306265067,-9.336864743070272e-05
2018-11-09,114.37254333496094,0.0042255468438531,0.0041576341387031,2.7515532850152686,0.0041576341387031,-7.576522881092007e-05
2018-11-12,42.7428092956543,0.004096858871729,0.0095648921451246,2.941077053105047,0.0095648921451246,-7.4874117889423e-05
2018-11-13,142.2847900390625,0.0049444877470505,0.0110949094263294,3.0801418409529107,0.0110949094263294,0.00019463968486910233
2018-11-14,33.37599563598633,0.0051309900742809,0.0116765309621122,2.691769796427037,0.0116765309621122,-9.047712644649764e-05
2018-11-15,106.85701751708984,0.0053835608829585,0.0128514112062822,2.866291650739254,0.0128514112062822,0.0003054254669305756
2018-11-16,44.5455322265625,0.0049872448613204,0.009237226672706,2.9869727892927527,0.009237226672706,0.0002917045370802729
2018-11-19,55.67340850830078,0.0054299231460904,0.0091447206790979,2.982600188859254,0.0091447206790979,0.0003765151699175462
2018-11-20,58.04248809814453,0.0049125401322916,0.0151370767321896,2.9504365743793493,0.0151370767321896,-0.0003758207490325294
2018-11-21,84.62763977050781,0.0048097182169134,0.0143015814319876,2.9069539679962215,0.0143015814319876,8.988903353790434e-05
2018-11-22,58.45708084106445,0.0050584286268301,0.0131537174317357,2.688004298965085,0.0131537174317357,-4.0440993479662346e-05
2018-11-23,135.29591369628906,0.0054780082655008,0.0151814811568406,3.106089579811769,0.0151814811568406,-0.0002957366226876701
2018-11-26,101.25752258300781,0.0050265997356225,0.012192560412085,2.964746506741748,0.012192560412085,0.00028022264963234456
2018-11-27,129.9046173095703,0.0054695799865846,0.0097210804707067,3.1027434160485554,0.0097210804707067,7.331822340361782e-05
2018-11-28,100.890380859375,0.0062309673740951,0.0125904028641749,3.3654360104617194,0.0125904028641749,0.00015731037021415872
2018-11-29,96.0164566040039,0.0057471793660406,0.0133972960149556,2.943127090246653,0.0133972960149556,-0.00116829867698931
2018-11-30,142.18678283691406,0.005704323108337,0.0106599349068229,3.2085617390805083,0.0106599349068229,0.0006970553354697095
2018-12-03,50.19042205810547,0.0038268520269987,0.0154627273770717,2.4037262400980866,0.0154627273770717,0.00015028554253082582
2018-12-04,99.66178131103516,0.003318236586516,0.0150493615463339,2.256199271961256,0.0150493615463339,0.00048681616107182357
2018-12-05,103.38850402832031,0.0028114375018504,0.0157032232045598,2.0007646497407627,0.0157032232045598,3.382648244554254e-05
2018-12-06,131.27745056152344,0.0029024924512877,0.0183775690131097,2.01251696263124,0.0183775690131097,7.54377748370949e-05
2018-12-07,196.083984375,0.0023686395559301,0.0177950898739531,1.7614061842417548,0.0177950898739531,0.0004559590705981442
2018-12-10,90.9520034790039,0.0036149654167292,0.0096209706538162,2.760500163390699,0.0096209706538162,-0.00021618597080208524
2018-12-11,95.38807678222656,0.0034001975770607,0.010325717282089,2.529769938685351,0.010325717282089,0.00034190848249626704
2018-12-12,85.98194885253906,0.0030149091036659,0.0113010410045139,2.4818288012751357,0.0113010410045139,5.046602217362306e-05
2018-12-13,132.15029907226562,0.0034062890192466,0.0097314906117882,3.0190667145824355,0.0097314906117882,1.863568173976482e-05
2018-12-14,120.08057403564453,0.0041637510539409,0.0130652228096977,2.8905615595908833,0.0130652228096977,-0.0006912660585208785
2018-12-17,72.8036880493164,0.0054153315916748,0.0117196526733342,2.941256209756923,0.0117196526733342,0.0002024957602448918
2018-12-18,72.2216796875,0.0059348509019472,0.0124627995097189,3.160162798771446,0.0124627995097189,-0.00017258075341086698
2018-12-19,62.3332633972168,0.005342714705775,0.0127028376713201,2.9506096580582843,0.0127028376713201,-0.0003007703602129208
2018-12-20,162.69090270996094,0.0061146587866138,0.005611830416328,3.3152345762268816,0.005611830416328,0.00016629115298472108
2018-12-21,210.32177734375,0.0061101801642596,0.0044684708357058,3.28092418691866,0.0044684708357058,0.000680465359027993
2018-12-24,111.24295043945312,0.0066802210254494,0.0063199339403919,3.0685843527618575,0.0063199339403919,-0.00019086167464665849
2018-12-25,65.59539794921875,0.0057462905344362,0.0061680853351205,3.0145813329826625,0.0061680853351205,-0.0001888736832686977
2018-12-26,63.09653091430664,0.0053793864839886,0.0055889831355287,2.6133114223676177,0.0055889831355287,-0.0005260179112427377
2018-12-27,30.22415542602539,0.0039252252908801,0.0055316861489852,2.408842819972066,0.0055316861489852,-0.0017624733375836144
2018-12-28,102.00775909423828,0.0038358870196696,0.0057938210719858,2.508430323899005,0.0057938210719858,0.00020265511421779792
2019-01-02,189.860595703125,0.0031642153430663,0.0073560509268921,2.379277777733325,0.0073560509268921,5.7251201433405896e-05
2019-01-03,9.491598129272461,0.0048088406361818,0.0073150905248564,2.722964273981715,0.0073150905248564,0.0010703420705211464
2019-01-04,99.0169677734375,0.0046655686812022,0.0141100839706391,2.9600730820214505,0.0141100839706391,-3.623212274128651e-05
2019-01-07,83.16069793701172,0.0057839431894545,0.0137155174515579,2.808179443231045,0.0137155174515579,-0.00017349574280722813
2019-01-08,67.88048553466797,0.0058670095475822,0.013894558048037,2.635327061313708,0.013894558048037,0.0002362917941112208
2019-01-09,106.42787170410156,0.0059995313831658,0.0106586137171753,2.805254169004467,0.0106586137171753,-0.0003117449925961191
2019-01-10,76.83790588378906,0.0052813963864705,0.0107212007762582,2.569760170155653,0.0107212007762582,-0.0001626973926115438
2019-01-11,101.2398452758789,0.0048331356590052,0.0055520958076133,3.1462299652582004,0.0055520958076133,0.00015189169798768276
2019-01-14,89.27487182617188,0.0040560033052681,0.0076338850932074,2.626076512770376,0.0076338850932074,0.0001043208387396799
2019-01-15,102.54247283935547,0.0047139481698262,0.0109518682584131,3.0029653965087704,0.0109518682584131,0.0001918532706186582
2019-01-16,92.7673568725586,0.0051550269999574,0.0107546398668077,2.9229809920400776,0.0107546398668077,5.114288362761954e-05
2019-01-17,160.6356658935547,0.005177548997397,0.0112985699078629,3.1345423906424315,0.0112985699078629,-0.00020243890682991594
2019-01-18,112.82587432861328,0.0052748688990299,0.0133289281389261,3.5806339463772328,0.0133289281389261,0.00029363104785251615
2019-01-21,70.80297088623047,0.0054393018561407,0.0110518833698532,3.334805189328261,0.0110518833698532,0.00027317514294589174
2019-01-22,144.76516723632812,0.0056486230216446,0.0118804496069489,3.1827435373199915,0.0118804496069489,8.59038195384354e-05
2019-01-23,58.188140869140625,0.0056023139380565,0.0119039275927337,3.1641253985333613,0.0119039275927337,8.915011287058405e-05
2019-01-24,91.32392120361328,0.0058836616551343,0.0114516692795551,3.37846378827323,0.0114516692795551,7.598447383916351e-05
2019-01-25,91.13523864746094,0.005424936994769,0.0086577786717194,3.1429218813948125,0.0086577786717194,6.280874423336691e-05
2019-01-28,101.14710235595703,0.0049172714750216,0.0082917902989685,2.8323096670794072,0.0082917902989685,2.8269083987453314e-05
2019-01-29,101.45014190673828,0.0055638413480161,0.0037870254226838,3.196990188901101,0.0037870254226838,0.00018788928310842223
2019-01-30,173.69268798828125,0.0054698107401738,0.0062563347951004,2.753763440821791,0.0062563347951004,-0.0003943553551879475
2019-01-31,148.13967895507812,0.0053098779415988,0.00729046994701,2.965288183094434,0.00729046994701,0.000562529884400087
2019-02-01,113.57374572753906,0.0063537215476145,0.0087993141136968,2.7939099349875622,0.0087993141136968,0.0002156035358980013
2019-02-11,96.53187561035156,0.0062119371637839,0.0103353850442512,2.82401428023005,0.0103353850442512,-1.5121638459847375e-05
2019-02-12,69.21783447265625,0.0060924801094556,0.0100569744874128,3.009791029062707,0.0100569744874128,-0.00011408944612567584
2019-02-13,88.7294921875,0.0057499136492017,0.0053016514866405,3.0224164955229864,0.0053016514866405,0.00036810394077346764
2019-02-14,76.54199981689453,0.005942992490338,0.0077572354920994,3.077832042243428,0.0077572354920994,-4.702701113956653e-05
2019-02-15,145.10621643066406,0.006976932068448,0.015603587255606,3.25612288705661,0.015603587255606,-0.00035629915955315283
2019-02-18,67.14663696289062,0.0056191641895054,0.0192057233652006,2.4799002896660847,0.0192057233652006,0.0004442237842638974
2019-02-19,116.57129669189453,0.0065983201402995,0.0197613618288655,2.97777576308138,0.0197613618288655,2.9073908783594504e-05
2019-02-20,171.33970642089844,0.006610885563301,0.0182888283156442,2.676099535165968,0.0182888283156442,0.00024050302801992274
2019-02-21,116.54501342773438,0.0067638080977248,0.0184880653209718,2.9046345928934625,0.0184880653209718,-6.099473702558811e-05
2019-02-22,69.43730163574219,0.0059800498412425,0.0156550923572304,2.849957584410836,0.0156550923572304,0.0003864997896985134
2019-02-25,139.0223846435547,0.0052419839706313,0.0262241585355193,3.0302647140764405,0.0262241585355193,0.00046408691569976845
2019-02-26,124.9152603149414,0.0074249316766671,0.0282967023229847,3.449646623794584,0.0282967023229847,-0.0002903064768189356
2019-02-27,160.55812072753906,0.0072899771366154,0.0288846634293351,3.0948185727471964,0.0288846634293351,0.00040251189177875624
2019-02-28,162.6325225830078,0.0077264903179266,0.0288549199364546,2.755618035464172,0.0288549199364546,-1.9076480334945245e-05
2019-03-01,184.49745178222656,0.0072659942626163,0.0288083762403492,2.8962261666808136,0.0288083762403492,0.0005790465211845675
2019-03-04,62.95815658569336,0.0054471998613552,0.013332426595715,3.2425992497474594,0.013332426595715,0.0006276834787379837
2019-03-05,103.0784912109375,0.0050242758238851,0.0101481966143212,2.9132014200155387,0.0101481966143212,7.861676423859265e-06
2019-03-06,81.01388549804688,0.0051021456161449,0.0088909238323414,2.929227251890548,0.0088909238323414,9.096248707041177e-05
2019-03-07,91.09561157226562,0.0050703435782593,0.0116513097293287,3.171789951999095,0.0116513097293287,-0.00028346977503523885
2019-03-08,55.01298904418945,0.0040223685746188,0.0212796068995018,2.747341710597974,0.0212796068995018,0.0003500806826572944
2019-03-11,44.899261474609375,0.0041190382589421,0.0230541062332699,2.5434911248961525,0.0230541062332699,-0.00034840871021779574
2019-03-12,101.31523895263672,0.0040173883304948,0.0231591176770164,2.3983893887717036,0.0231591176770164,6.657612313909489e-05
2019-03-13,115.2568588256836,0.0042334527111547,0.0222942019577999,2.582173981223689,0.0222942019577999,-1.074047521232302e-05
2019-03-14,66.66802978515625,0.004330278177282,0.0221995227317246,2.407956302993994,0.0221995227317246,0.0002163512895887454
2019-03-15,61.11748123168945,0.0054363447100137,0.0122227357452661,3.230190914833256,0.0122227357452661,-2.937155551752113e-05
2019-03-18,79.94129943847656,0.0053138829009169,0.015162988346431,3.1271200117814018,0.015162988346431,0.00041296985060368385
2019-03-19,107.43463134765625,0.0066494748871756,0.0159526438651056,3.1667507588209105,0.0159526438651056,0.0006942813144363846
2019-03-20,60.30682373046875,0.0056865993092729,0.0146655386745747,3.4853131674322047,0.0146655386745747,0.00033645006063931504
2019-03-21,88.87377166748047,0.0048968741196364,0.0133701737933436,3.178297924732301,0.0133701737933436,-8.078807463773874e-05
2019-03-22,122.84458923339844,0.006613276959663,0.0134252047656029,3.4291465828302203,0.0134252047656029,0.0003731372492741247
2019-03-25,51.393856048583984,0.0036216146270456,0.010297216214361,2.949523454329299,0.010297216214361,-0.00018164770496142957
2019-03-26,88.7294921875,0.0036905851207827,0.0105583165443354,2.8413429585359493,0.0105583165443354,0.00010270103728049484
2019-03-27,80.89817810058594,0.0038218100722474,0.0133493090468729,2.819261576593103,0.0133493090468729,0.00014694723792629816
2019-03-28,81.34545135498047,0.0040844540695381,0.0130672833299348,2.7907777681538755,0.0130672833299348,0.0006065257880809583
2019-03-29,77.67399597167969,0.0044481806052238,0.0240188793958028,2.8718480384546408,0.0240188793958028,0.00024022255457323283
2019-04-01,65.44586181640625,0.005193143699166,0.0206800603812231,2.8947199109137225,0.0206800603812231,0.00033982953143807393
2019-04-02,60.65264892578125,0.0043489277391987,0.0180240038067925,2.6553621608216487,0.0180240038067925,0.000299740560691264
2019-04-03,83.96876525878906,0.0039035837894774,0.0179861287109965,2.7614495237485546,0.0179861287109965,0.0003506808431261721
2019-04-04,72.56913757324219,0.003865094631853,0.0152518491548863,2.997789829422162,0.0152518491548863,0.00044083892386037604
2019-04-08,96.82890319824219,0.0039736610656768,0.0112877548739582,3.0769267664284845,0.0112877548739582,0.0001972177505837891
2019-04-09,167.5431671142578,0.0035250706223401,0.0062601539805967,2.968936026164815,0.0062601539805967,-1.9629445149327296e-05
2019-04-10,76.34598541259766,0.0034269467735959,0.0056590799739248,3.009395229467544,0.0056590799739248,0.00022521805759212477
2019-04-11,104.19609832763672,0.0051624140202665,0.0121176571633299,3.014051044669698,0.0121176571633299,-0.00026759031173029246
2019-04-12,103.63340759277344,0.0056119857829071,0.0104269225053988,2.8291028996351844,0.0104269225053988,-2.0056660064660115e-05
2019-04-15,56.66912078857422,0.005209903427182,0.0103501062486045,2.553386556628774,0.0103501062486045,-0.0006962790545687048
2019-04-16,124.46063232421875,0.0054189637728201,0.0177230460462175,2.7281823381144727,0.0177230460462175,0.0007102811978769719
2019-04-17,67.70211029052734,0.0049883564280901,0.017690617134164,2.6061569967426577,0.017690617134164,4.1594589767157686e-05
2019-04-18,54.60276794433594,0.0055726745531163,0.0134900826181198,2.3866885667865017,0.0134900826181198,4.911736102242159e-05
2019-04-19,51.31344223022461,0.0051946673756553,0.0133981440628879,2.61358230909711,0.0133981440628879,0.0003860141489964164
2019-04-22,95.9346694946289,0.0062227979744137,0.0188527567478947,3.414743653479528,0.0188527567478947,-6.954983866913622e-05
2019-04-23,156.499267578125,0.0060375207381614,0.0126302109054922,3.4978781234049845,0.0126302109054922,-4.727308917185091e-05
2019-04-24,88.273193359375,0.006699549591484,0.0128443379351112,3.4926769271798883,0.0128443379351112,-9.924351629697625e-05
2019-04-25,99.6260986328125,0.005513088005212,0.0154900620831131,3.2370855568537995,0.0154900620831131,0.0002588306942752361
2019-04-26,129.5658721923828,0.0052481372610937,0.0116785299102341,3.2495478152704727,0.0116785299102341,-0.0004086500156778028
2019-04-29,68.80704498291016,0.005281710003957,0.0109570869514623,3.5414653575330366,0.0109570869514623,6.153704145273053e-05
2019-04-30,49.37431716918945,0.0057572849674933,0.0116767048106052,3.1326212028302898,0.0116767048106052,-8.432263372804005e-05
2019-05-06,134.9949188232422,0.0047019309413307,0.0252853571712749,2.624961491955922,0.0252853571712749,0.0004344260959756596
2019-05-07,122.5062026977539,0.0042452403460367,0.0277563299941081,2.3662543865196795,0.0277563299941081,-0.0003922485243664786
2019-05-08,56.73699188232422,0.00394217979444,0.0277786473897632,2.332538463055018,0.0277786473897632,0.00020181524632367775
2019-05-09,167.1282501220703,0.0041643467332927,0.0266679401134783,2.301436028844188,0.0266679401134783,-0.0002721708121798949
2019-05-10,135.96359252929688,0.0034335446068571,0.0352373936704188,2.4849750321807935,0.0352373936704188,0.0001715905099723969
2019-05-13,130.95069885253906,0.0054008153804503,0.0236251969855438,2.2478919520407876,0.0236251969855438,-8.176548024962926e-05
2019-05-14,248.6771697998047,0.005271400429473,0.0229388966274237,2.155270837396152,0.0229388966274237,-0.00011795105305600906
2019-05-15,184.76473999023438,0.0060473014164757,0.0246008863992532,2.04337711512993,0.0246008863992532,-2.6829863784771923e-05
2019-05-16,158.53598022460938,0.0053797682528171,0.0214152411587527,1.8920062437213585,0.0214152411587527,3.205265182271155e-05
2019-05-17,141.05126953125,0.0055696049225606,0.0186806469907544,2.297349504273217,0.0186806469907544,0.00018365774967166182
2019-05-20,102.84115600585938,0.0068567320613836,0.0176786739533216,3.3279997509239534,0.0176786739533216,3.317052135765053e-05
2019-05-21,131.1907958984375,0.0064998350533242,0.0188346948383134,2.8227967951182835,0.0188346948383134,-0.00013361437799774833
2019-05-22,93.18052673339844,0.0071329194518067,0.014664310662271,3.061467562364436,0.014664310662271,0.0003453833755469038
2019-05-23,102.54247283935547,0.0057443884251887,0.0147924176227315,2.817676312073548,0.0147924176227315,-5.022125251796794e-05
2019-05-24,148.69381713867188,0.0055853990809204,0.0118631385754746,2.7619350013605755,0.0118631385754746,-2.7824770724160786e-06
2019-05-27,43.34200668334961,0.0053600079367395,0.0129765325111379,2.9377126372353755,0.0129765325111379,-1.92452031331225e-05
2019-05-28,69.45706939697266,0.0046955261301193,0.0121341000609425,2.675573735846111,0.0121341000609425,0.006796491814874628
2019-05-29,67.5115737915039,0.0051638758918508,0.0119227432535976,2.638362577018469,0.0119227432535976,-0.0004692235713915638
2019-05-30,120.23086547851562,0.0048437368574671,0.0077181230958236,2.562549756927063,0.0077181230958236,0.00025822473243519717
2019-05-31,104.56336975097656,0.0046814320007509,0.0082330351044468,2.6844743937724633,0.0082330351044468,-0.0015816082342650084
2019-06-03,129.24758911132812,0.0046468116796756,0.0060490612269453,2.7651634802506013,0.0060490612269453,0.0005371812036165657
2019-06-04,69.39736938476562,0.0058734779082366,0.0037833026789281,2.7322227237190297,0.0037833026789281,7.781690238695127e-05
2019-06-05,122.38550567626953,0.0042193264891604,0.0040880191949547,2.833598688347628,0.0040880191949547,-0.0005723541816585742
2019-06-06,82.92330169677734,0.0049510067660172,0.004675493449507,2.9905109538188133,0.004675493449507,-0.0002524133521054628
2019-06-10,56.934757232666016,0.0055294229682476,0.0090669725034597,3.121048590365411,0.0090669725034597,2.215661402615865e-05
2019-06-11,74.29241943359375,0.006765625588487,0.0167232079484133,3.132112365520398,0.0167232079484133,0.00015327895963923588
2019-06-12,95.03267669677734,0.0060432344040417,0.0163866826880714,2.7881522843505673,0.0163866826880714,-0.000176068260310136
2019-06-13,114.66580963134766,0.0065718506800436,0.0164941926483171,3.058412865540233,0.0164941926483171,-0.0005234153802762265
2019-06-14,192.6398468017578,0.0057843983931906,0.0163405735610234,2.873738642015872,0.0163405735610234,0.00048451867039323027
2019-06-17,126.36498260498047,0.0061971350194601,0.0158113652062785,3.0244870088596034,0.0158113652062785,-0.00020516636256451282
2019-06-18,157.74131774902344,0.0051626366669858,0.005046477015605,3.1982764262257897,0.005046477015605,0.00020453411219922835
2019-06-19,135.55264282226562,0.0026613888273337,0.0078648840571512,1.8569008788090016,0.0078648840571512,-2.4219395430069568e-05
2019-06-20,72.56913757324219,0.0052803028716846,0.0147737087512918,2.6633460769246,0.0147737087512918,0.00018025878892213854
2019-06-21,125.99950408935547,0.0053755386337054,0.0126267347390024,2.080530942625029,0.0126267347390024,-0.002121241303561394
2019-06-24,171.24745178222656,0.0050618554155466,0.0122814738851843,1.9772544158692265,0.0122814738851843,-1.5619590089888113e-05
2019-06-25,82.01680755615234,0.0054901117778896,0.0153329416399004,2.4326446856039055,0.0153329416399004,-0.0004943218719023479
2019-06-26,123.7572021484375,0.0071145324919489,0.0153595554150166,3.000938071328669,0.0153595554150166,-8.696431300825314e-05
2019-06-27,134.94033813476562,0.0058276567441179,0.0075911859394013,3.1657429503574477,0.0075911859394013,-0.00018511131447285223
2019-06-28,153.90248107910156,0.0061653467523991,0.0076495363223637,3.1185792063940747,0.0076495363223637,0.0001385599180143693
2019-07-01,112.51927947998047,0.0053246524328637,0.0153131855736356,2.401500022137944,0.0153131855736356,0.0001067238571017537
2019-07-02,138.2222442626953,0.0046634145369912,0.0132286570081859,1.9749634851996027,0.0132286570081859,0.00012192984461556478
2019-07-03,66.82413482666016,0.0040398738703277,0.0152807435682357,2.1203142669471715,0.0152807435682357,0.00011302076242780679
2019-07-04,105.83283996582031,0.0039047127615664,0.0155296552549539,2.16920307061819,0.0155296552549539,0.00017560078710476823
2019-07-05,98.34883880615234,0.0032596624396904,0.0153510616436306,1.9848174613682268,0.0153510616436306,-4.6232322557848704e-05
2019-07-08,53.5069694519043,0.005883091171918,0.0110144786855304,2.953476258537123,0.0110144786855304,-0.0004626039873310006
2019-07-09,96.6531753540039,0.0046521212757118,0.0106145495697453,2.572672040535327,0.0106145495697453,0.00020040238689800205
2019-07-10,100.7791748046875,0.0049218555642779,0.0106270658068563,2.5924897708429864,0.0106270658068563,0.0005786685339075337
2019-07-11,119.67986297607422,0.0049764992521444,0.0108740881328379,2.6156926094013047,0.0108740881328379,4.755564009895075e-05
2019-07-12,107.3701400756836,0.0041636505342383,0.0111094095878105,2.505755878267328,0.0111094095878105,-0.0002887267935839377
2019-07-15,31.055322647094727,0.0042020829914352,0.0038122865330599,2.917743686702595,0.0038122865330599,0.00021708654168062225
2019-07-16,76.37043762207031,0.004869879864655,0.0043581830604724,2.169493782308913,0.0043581830604724,-9.981036031525559e-05
2019-07-17,147.22523498535156,0.0048237116619763,0.0042311800771803,2.2848418350800435,0.0042311800771803,-0.0001603048419946962
2019-07-18,102.68067169189453,0.0052823591799381,0.0063812357884996,2.1193537344307245,0.0063812357884996,-0.00016449899443349292
2019-07-19,48.779441833496094,0.0048120420651937,0.0077189110670627,2.345285942058589,0.0077189110670627,0.0002337755806958164
2019-07-22,193.0157470703125,0.0040697119717313,0.0078276422826549,2.7288953936479277,0.0078276422826549,-0.00019564194351773256
2019-07-23,139.26712036132812,0.0043649438442209,0.0079038306387314,2.490678153021841,0.0079038306387314,8.444185254852243e-05
2019-07-24,99.51920318603516,0.0046064002490682,0.0088344839309743,2.333477277811282,0.0088344839309743,0.0002566217578590102
2019-07-25,74.43972778320312,0.0056582885453888,0.0070059335831898,2.4330795617356107,0.0070059335831898,0.000639191812108697
2019-07-26,137.65362548828125,0.0050585755748892,0.0061240242155569,2.3448020077797205,0.0061240242155569,-0.00020469715185933435
2019-07-29,137.6140899658203,0.0036671147973906,0.0040667697657159,2.6289555233781514,0.0040667697657159,-0.00022826608562576123
2019-07-30,152.35845947265625,0.0043025732486816,0.00396215690695,2.5626579471583844,0.00396215690695,0.00014471181675346223
2019-07-31,89.65638732910156,0.0044494900031434,0.0064695596842245,2.8302023229852997,0.0064695596842245,6.518717846426547e-05
2019-08-01,107.72577667236328,0.004512398877444,0.0059706925157477,2.697545868341565,0.0059706925157477,0.0
2019-08-02,110.98809051513672,0.0030545094476937,0.0073787399638055,2.1543857785339124,0.0073787399638055,-0.00014941302027748904
2019-08-05,103.51773834228516,0.0040543979120843,0.0087851396156453,2.40478559660541,0.0087851396156453,-0.00047587452140618325
2019-08-06,270.9353332519531,0.0056890354873844,0.0045231987351702,2.596523086449262,0.0045231987351702,0.00023655813416145755
2019-08-07,106.0021743774414,0.0046047811910931,0.0057971468066629,1.8957886745717576,0.0057971468066629,-0.0007339773570745889
2019-08-08,144.63323974609375,0.0054617485189937,0.0126304854907164,1.8050564584987747,0.0126304854907164,0.0005399052711660968
2019-08-09,105.86102294921875,0.0051215826220156,0.0120607269854918,1.7840426015549855,0.0120607269854918,-0.00015409634874208322
2019-08-12,151.52122497558594,0.0044263295952915,0.0133953153035828,1.774841907113298,0.0133953153035828,0.00017034070845522997
2019-08-13,40.672725677490234,0.0035707485900827,0.0130311150488319,2.332396622942274,0.0130311150488319,-8.183797172822693e-06
2019-08-14,105.77139282226562,0.0043974730148097,0.0126403498296198,2.277472732757216,0.0126403498296198,-0.00013576257840286488
2019-08-15,96.88568878173828,0.0034192670637497,0.0114316786231764,2.27631058063073,0.0114316786231764,-5.413892046990387e-05
2019-08-16,104.6073989868164,0.0025733848602356,0.0095870967635142,1.9666444866626336,0.0095870967635142,-0.0003475374680413923
2019-08-19,127.8534927368164,0.0031915569962563,0.0109488886517962,2.2829424494313866,0.0109488886517962,0.00010816001350688609
2019-08-20,76.67980194091797,0.0031200844002591,0.0087314218329412,1.9660065505572808,0.0087314218329412,-0.00011351157290073743
2019-08-21,114.39083099365234,0.0033462679971472,0.0094876051650654,1.863197536663738,0.0094876051650654,-3.437434721786925e-05
2019-08-22,147.9677276611328,0.0056699361829671,0.0094901509077429,2.9620601118382,0.0094901509077429,0.00010018111691412201
2019-08-23,96.78153228759766,0.0052584866762346,0.009504842344832,3.1710657115995953,0.009504842344832,-0.00017793873673954685
2019-08-26,121.19149780273438,0.0038111843923919,0.0081118966990574,2.3883384820915667,0.0081118966990574,0.0006616322387615892
2019-08-27,178.0950469970703,0.0032826918780793,0.0105132653540854,2.4450814114853188,0.0105132653540854,-0.0029126720827564734
2019-08-28,83.47319030761719,0.0026345173875681,0.0107211601427647,1.993912672409639,0.0107211601427647,7.100946529869923e-05
2019-08-29,76.37043762207031,0.002135836147624,0.0108074678553416,2.0863466357368945,0.0108074678553416,0.0002295926445905483
2019-08-30,45.77669143676758,0.0019117423481599,0.0101942227261128,2.4177770751519048,0.0101942227261128,0.0009800124872558769
2019-09-02,118.91268920898438,0.0037849368371318,0.0084225344102266,2.8861904597295744,0.0084225344102266,0.00014553922282045662
2019-09-03,83.72998809814453,0.0037529337101739,0.0066832388098028,2.7651981074737795,0.0066832388098028,0.00046991017186770456
2019-09-04,89.6500015258789,0.0038085295663349,0.0062949455596728,3.096357063906212,0.0062949455596728,0.0008035272787210168
2019-09-05,81.01388549804688,0.0039229539685752,0.0049420689279199,2.691839309311284,0.0049420689279199,0.0005403752039152554
2019-09-06,81.73868560791016,0.0042487245949148,0.0043540481400438,2.7108798178797064,0.0043540481400438,0.0002786637314087237
2019-09-09,72.8570556640625,0.0042480676012264,0.0032934644408263,2.5422034964545093,0.0032934644408263,0.00026687546734671663
2019-09-10,104.88341522216797,0.0035377725040945,0.0052529168046801,2.604356062607936,0.0052529168046801,0.0005129837967876583
2019-09-11,98.7486343383789,0.0046867629187336,0.0073436574955314,2.7326710560490426,0.0073436574955314,0.0010851180893769463
2019-09-12,79.50162506103516,0.0047906902778847,0.007517819201784,2.937491088791296,0.007517819201784,0.0004180602006689238
2019-09-16,178.9195556640625,0.0051218046708034,0.0076257104282701,2.7992696813169817,0.0076257104282701,0.0006700260678065284
2019-09-17,253.3421173095703,0.0059169974740478,0.0099170487486147,3.066532349214268,0.0099170487486147,-0.00044182545839399623
2019-09-18,115.36304473876953,0.005836428074236,0.0107169561702333,2.8479667303545737,0.0107169561702333,0.00030443425115578293
2019-09-19,157.13462829589844,0.0050202611963826,0.0105859021005593,2.755429602594224,0.0105859021005593,0.0003186231401968165
2019-09-20,126.9625244140625,0.0043145631223881,0.009006055964393,2.6833054543340356,0.009006055964393,-0.00029719418210638615
2019-09-23,52.5804443359375,0.0043276911389546,0.0100159707901393,2.455833309598951,0.0100159707901393,-4.1122436915674854e-05
2019-09-24,103.2372055053711,0.003828853529906,0.0067377314409202,2.6193872971449337,0.0067377314409202,-9.227362204722311e-05
2019-09-25,124.11428833007812,0.0040402418085855,0.0070577121591366,2.684836631234067,0.0070577121591366,-0.0003202297390126896
2019-09-26,70.6681137084961,0.0042514623242769,0.0066004917940232,2.946239027531824,0.0066004917940232,0.00013018663556074728
2019-09-27,88.05559539794922,0.0043410632168735,0.0066343346706773,2.4735615121987866,0.0066343346706773,-9.602856979717966e-05
2019-09-30,95.55484008789062,0.0054794689855806,0.0062416050779534,2.9904696013125234,0.0062416050779534,0.00015731804201979394
2019-10-08,118.77732849121094,0.0053184469203435,0.007242805412257,2.9933730459535814,0.007242805412257,-0.00020060180541625616
2019-10-09,82.47056579589844,0.0049134536082087,0.006985396570598,2.7661071003645237,0.006985396570598,0.00026286817811516094
2019-10-10,165.16957092285156,0.0048269540395526,0.0070197938410221,2.8419046378664796,0.0070197938410221,0.00023233361041263834
2019-10-11,204.3184814453125,0.0044810661829456,0.0078739140419135,2.9891013748260127,0.0078739140419135,0.00019944003375149677
2019-10-14,118.4822998046875,0.0038883532907787,0.0036249846862745,2.59263378637999,0.0036249846862745,0.0001189039584899021
2019-10-15,108.06958770751953,0.0043415473893946,0.0063532811155587,2.4577922014331897,0.0063532811155587,-0.0002108161378483464
2019-10-16,193.50186157226562,0.0040891244619601,0.0073546197323811,2.829037325198352,0.0073546197323811,0.0006811189738828993
2019-10-17,114.77235412597656,0.0036711774379343,0.0070841907705287,2.5352411621876483,0.0070841907705287,0.0005301875538472611
2019-10-18,106.58197021484375,0.0052823777003895,0.0089831798003636,2.9322090456759686,0.0089831798003636,-0.0007979403326557888
2019-10-21,93.44337463378906,0.0066944333237527,0.0066043818188332,3.1240014299346224,0.0066043818188332,-5.410906842218122e-05
2019-10-22,54.304386138916016,0.0073636387807013,0.007377159735763,3.007356906840796,0.007377159735763,0.00015916780908065142
2019-10-23,97.05612182617188,0.00705870042644,0.0076278244529687,2.9046868818519647,0.0076278244529687,0.000387638968570192
2019-10-24,116.30601501464844,0.0071619287880712,0.0075544660556958,3.0721550896517096,0.0075544660556958,0.00021706379866825998
2019-10-25,140.87469482421875,0.006129299405279,0.0049935249642781,3.276067708929992,0.0049935249642781,0.0006753702980875076
2019-10-28,98.2957763671875,0.0051756041547235,0.0057386206836719,2.5870583703162433,0.0057386206836719,4.074948490107033e-05
2019-10-29,95.01498413085938,0.0054928625547388,0.0063065171587859,2.5596752060008248,0.0063065171587859,-0.00039368367772130153
2019-10-30,113.28890991210938,0.0052200017047578,0.0059046256883949,2.639793731808905,0.0059046256883949,-0.00019784172661874155
2019-10-31,83.14237976074219,0.0044229238622259,0.0059740135436194,2.6779251755587117,0.0059740135436194,0.001040510365183156
2019-11-01,100.65813446044922,0.0047745822115671,0.0092837509835711,3.0052277722544884,0.0092837509835711,0.0004480309419787609
2019-11-04,59.24114990234375,0.0052857126721258,0.009150465305071,2.8796467358573477,0.009150465305071,0.00022628871422747387
2019-11-05,77.9427719116211,0.005608333304332,0.0083622330750704,3.1375510177523696,0.0083622330750704,0.00016241229735936002
2019-11-06,85.79312133789062,0.0052558136309583,0.0082545400835747,3.115473066539012,0.0082545400835747,0.0006755076980253794
2019-11-07,63.615840911865234,0.005253295662701,0.007822259753177,3.0732619172608304,0.007822259753177,0.0005639634852441233
2019-11-08,98.94168853759766,0.0044443958528141,0.0054958151251251,3.0805173316860843,0.0054958151251251,-0.00042518932246449204
2019-11-11,92.58729553222656,0.0040210302701349,0.0089925066378819,2.505262034044202,0.0089925066378819,1.2810888230241346e-05
2019-11-12,62.41069412231445,0.0042447388401682,0.0076197444876942,2.532899001448757,0.0076197444876942,0.00022804140616994317
2019-11-13,160.1495819091797,0.004529983255069,0.0078378964977123,2.378448678108371,0.0078378964977123,0.0002282583884958278
2019-11-14,85.79312133789062,0.0042764917563126,0.0077911567301188,2.392808226036373,0.0077911567301188,-0.0003148123027624239
2019-11-15,75.07235717773438,0.0057708625218743,0.0079138218744725,2.4536262170608785,0.0079138218744725,-0.00037127468396536134
2019-11-18,109.09654235839844,0.0063104157505875,0.0054860159987372,3.1949824776301377,0.0054860159987372,0.00031740424758552876
2019-11-19,61.16957092285156,0.0062347946950752,0.0069996608733155,3.0674349422921083,0.0069996608733155,0.0002635580334515719
2019-11-20,101.92516326904297,0.0056754247441323,0.0089098879380647,3.2170724492669125,0.0089098879380647,-0.00012281428944260764
2019-11-21,62.8968505859375,0.0051862295066305,0.0091494399708168,3.0484017961003547,0.0091494399708168,0.000496441313177165
2019-11-22,64.28498840332031,0.0071734609829062,0.0097236694993083,3.430292177041444,0.0097236694993083,0.00023122288327148688
2019-11-25,36.63187026977539,0.0068454057932207,0.0095769471534781,2.8544754834666115,0.0095769471534781,8.5098043260734e-05
2019-11-26,70.48016357421875,0.0066690344602523,0.0079164555541901,2.9394823717455885,0.0079164555541901,0.0020779795961458625
2019-11-27,93.24922180175781,0.0064536231112517,0.0069796192535539,2.6623649978772383,0.0069796192535539,0.00029681479015186696
2019-11-28,38.01306915283203,0.0065387084585062,0.0068661640822196,2.6490360689088135,0.0068661640822196,0.00027970434215096596
2019-11-29,108.37702941894531,0.0062887304394615,0.0064100067286268,3.024264466460371,0.0064100067286268,0.0007737125919109467
2019-12-02,77.88168334960938,0.0063070512356413,0.0049170586365982,2.6948633674083355,0.0049170586365982,0.00017468888431171337
2019-12-03,85.84397888183594,0.006274938244479,0.0050492022486557,2.7140308702056863,0.0050492022486557,0.000223363279596267
2019-12-04,47.662845611572266,0.0063324212324726,0.0049506087134843,2.8606804638808,0.0049506087134843,0.0
2019-12-05,103.14582061767578,0.0068301113618688,0.0061207898159015,2.863800004261451,0.0061207898159015,-9.536746113769645e-05
2019-12-06,88.65753173828125,0.0043503107168008,0.0031673171115125,2.712063621329059,0.0031673171115125,0.0006461753853332919
2019-12-09,82.81419372558594,0.0048472293152133,0.0040369915759178,2.8082684089722556,0.0040369915759178,0.000200273707400056
2019-12-10,76.30575561523438,0.0043107923342733,0.0040740803419067,2.735073121901586,0.0040740803419067,-3.845631234733471e-05
2019-12-11,97.42845916748047,0.0045870302488998,0.0039271510566552,2.847486964724247,0.0039271510566552,0.00024860448308205996
2019-12-12,97.68965911865234,0.0043658550067044,0.0034488612974764,3.0298016582753085,0.0034488612974764,2.3130716821029296e-05
2019-12-13,99.6260986328125,0.0037455262166392,0.0093607040887594,2.683640623018169,0.0093607040887594,0.0006455419778801375
2019-12-16,94.9302978515625,0.0038574675916319,0.0089048168525809,2.4432265105282083,0.0089048168525809,0.0001404568358587266
2019-12-17,82.32990264892578,0.0053848174898559,0.0094053268812027,2.9126368739419233,0.0094053268812027,0.0002400496927612572
2019-12-18,119.12415313720703,0.0058859214396602,0.0099703716873384,2.627531929788364,0.0099703716873384,0.0007966110527921622
2019-12-19,69.01182556152344,0.0051537396757323,0.00960122368117,2.5262999510934483,0.00960122368117,0.0002011752609070161
2019-12-20,49.50848388671875,0.0072507648647745,0.0069117780795702,3.1854133166071787,0.0069117780795702,-4.231571506096987e-05
2019-12-23,34.808067321777344,0.006033635880332,0.0093404546560976,3.4406176879270554,0.0093404546560976,0.00038582095386030524
2019-12-24,58.21735763549805,0.0062972658920668,0.006750205465728,3.15901706006831,0.006750205465728,0.0001252360699919297
2019-12-25,45.37763977050781,0.0063155836866544,0.0068045132053812,3.200033603157399,0.0068045132053812,-0.00011023949530353239
2019-12-26,44.167572021484375,0.0067106007060361,0.0083977484004987,3.2640450972192605,0.0083977484004987,0.0002534180378983564
2019-12-27,111.91106414794922,0.0075408434295651,0.0083166170122369,3.539132324350472,0.0083166170122369,-0.0003777758447142121
2019-12-30,128.64340209960938,0.007486037101686,0.0066487570007793,3.643342620859001,0.0066487570007793,0.0007060986821942894
2019-12-31,165.35279846191406,0.0065504975671768,0.0066862079434083,3.174130046317526,0.0066862079434083,-7.322645525376092e-05
2020-01-02,163.1806640625,0.0054375606066348,0.0066681850308131,2.9679805725466353,0.0066681850308131,5.539485694860957e-05
2020-01-03,80.7943344116211,0.0050734776806458,0.0078990970586322,2.870875307529494,0.0078990970586322,0.00036443060734425714
2020-01-06,251.98611450195312,0.0050442029221981,0.0085748709422885,2.96676439413395,0.0085748709422885,-0.0001985414467375879
2020-01-07,413.4556884765625,0.0050888454918546,0.0070299250587224,2.737398984046595,0.0070299250587224,-1.6825709684531454e-05
2020-01-08,180.6054229736328,0.0041372420758227,0.0098416641068302,2.819142855499904,0.0098416641068302,0.0005620424281205239
2020-01-09,394.46002197265625,0.0047953635332076,0.0095440583387341,2.38799265665513,0.0095440583387341,0.0002185682100943609
2020-01-10,167.3013916015625,0.00450263549411,0.0094751452534501,2.4643353479943673,0.0094751452534501,-1.6813787305558492e-05
2020-01-13,152.72569274902344,0.0040777720482415,0.009736940988666,2.3226037511152624,0.009736940988666,0.0002950449110701303
2020-01-14,131.77566528320312,0.0042351024833669,0.0098688547903558,2.3011250542051394,0.0098688547903558,-4.0572211376432854e-05
2020-01-15,153.5319366455078,0.0047226237409925,0.0081061761210494,2.544034832732157,0.0081061761210494,0.0004225720713473269
2020-01-16,145.94757080078125,0.0058237391091995,0.0061926121016851,3.153810101317938,0.0061926121016851,-9.640691430390369e-06
2020-01-17,129.82249450683594,0.0061546910406178,0.0062677610921022,3.2052804500833085,0.0062677610921022,0.0005586955422358653
2020-01-20,119.11630249023438,0.0059718926588041,0.0053324146225722,3.1306484048925833,0.0053324146225722,0.00017681818073200795
2020-01-21,119.32880401611328,0.0046039644776025,0.0091276558437124,2.974506816338624,0.0091276558437124,-0.0003207285397374138
2020-01-22,77.99105834960938,0.0066077124927299,0.0096493375580691,3.230493482072694,0.0096493375580691,-0.00011615497978167966
2020-01-23,93.07342529296875,0.0075587460961131,0.0164612028218249,3.428692415480577,0.0164612028218249,-0.0006813706281837417
2020-02-03,107.51765441894531,0.0037302478637163,0.034947168577592,1.433932402227987,0.034947168577592,0.0008683476429789394
2020-02-04,143.60842895507812,0.0036125758107166,0.039764906588322,1.834080786024736,0.039764906588322,-0.00032216664994222377
2020-02-05,68.34733581542969,0.0034474992044059,0.0421118117267184,1.4355673795286434,0.0421118117267184,-0.00034727117962529697
2020-02-06,90.6311264038086,0.003330993521209,0.0440714410976272,1.51003017591864,0.0440714410976272,0.001173235846077647
2020-02-07,78.96466064453125,0.0015646817036313,0.0426616959899396,1.4466985931558949,0.0426616959899396,0.0002821402647501525
2020-02-10,24.757606506347656,0.0034052322100135,0.0106768996378105,2.9570536762986612,0.0106768996378105,-0.00045178647090948765
2020-02-11,90.26069641113281,0.0044136620472778,0.0070991543159899,2.933539565869057,0.0070991543159899,-1.0120177103112304e-05
2020-02-12,62.03310012817383,0.0052289037970506,0.0069432078952808,2.7993481176458044,0.0069432078952808,0.0005750676771785201
2020-02-13,58.852725982666016,0.0055219421753979,0.0063158263764966,2.986890646506967,0.0063158263764966,-9.847713941579794e-05
2020-02-14,89.18451690673828,0.0053402604868248,0.006243829256786,2.846042712217601,0.006243829256786,0.0002282520906387031
2020-02-17,84.64823913574219,0.0062992341925343,0.0101590443853738,2.964442094710814,0.0101590443853738,0.00022568379737530897
2020-02-18,83.42762756347656,0.0061548517113314,0.0116309940990722,2.9892280431735525,0.0116309940990722,-0.0001133571711963155
2020-02-19,54.75318145751953,0.005927975272201,0.0118504568235838,3.0761661129604128,0.0118504568235838,0.0003061675477213921
2020-02-20,111.30940246582031,0.0058417222561265,0.0130998064365147,3.459058111629274,0.0130998064365147,0.000275128393250057
2020-02-21,103.92369842529297,0.0061897908783413,0.0135988383088304,3.3636003565814834,0.0135988383088304,-3.614771401871941e-05
2020-02-24,80.91768646240234,0.0047735213846491,0.0115819830496564,3.4049593683249912,0.0115819830496564,-0.0001693463713910992
2020-02-25,115.451416015625,0.0036024229012474,0.0111922081176957,3.35504698747506,0.0111922081176957,-3.3947705983639054e-05
2020-02-26,102.60165405273438,0.0051090090969134,0.0132151824186607,3.310001171737366,0.0132151824186607,-0.00028471987001066346
2020-02-27,63.96682357788086,0.0054433092905246,0.0059353534237717,2.813743449803747,0.0059353534237717,0.0004702470756510202
2020-02-28,55.13877487182617,0.0051816401286388,0.0151405283074478,2.859144955549768,0.0151405283074478,-5.0758200621725535e-05
2020-03-02,106.23394775390625,0.0042789849517696,0.0248216788137735,2.318450416088387,0.0248216788137735,-3.194260160210849e-05
2020-03-03,123.0382308959961,0.0039535977037264,0.0250965075542243,2.296365293542401,0.0250965075542243,-0.0003689342686182817
2020-03-04,144.92483520507812,0.0037346151754462,0.0244101770411794,2.198242904742071,0.0244101770411794,-5.1029582578077104e-05
2020-03-05,79.18489074707031,0.0037595675250615,0.0260163319583376,2.2051463206763424,0.0260163319583376,5.7054694056146715e-05
2020-03-06,51.327030181884766,0.0040425675120498,0.0187213567149012,2.388675162938929,0.0187213567149012,-0.0002560652434913102
2020-03-09,72.8036880493164,0.0032387590540892,0.0219696662582368,2.288487089366787,0.0219696662582368,-0.0003026255896196872
2020-03-10,71.64586639404297,0.0042788843306454,0.0245885152639242,2.841068554694702,0.0245885152639242,-0.00040153071342696744
2020-03-11,90.98188018798828,0.00431146051051,0.0249099721038893,2.399324529086673,0.0249099721038893,-0.0004491047679542337
2020-03-12,74.83802795410156,0.0034189012255039,0.0204891764301516,2.584318962967505,0.0204891764301516,-7.592610871109962e-05
2020-03-13,68.06645965576172,0.0031853915044708,0.0204090193344042,2.5024254719781247,0.0204090193344042,-0.00017710472279264255
2020-03-16,34.45463943481445,0.0035778166530028,0.0230334555246906,2.081348585380443,0.0230334555246906,-0.0005844472683792512
2020-03-17,99.09390258789062,0.0039499513270905,0.0144225599441944,2.5594238764750203,0.0144225599441944,0.000285820601733322
2020-03-18,87.61199188232422,0.0034972661549532,0.014081003241367,1.978876388376136,0.014081003241367,-0.0003463898480282612
2020-03-19,89.16736602783203,0.0040516970558675,0.0144610580810313,2.3684391656284385,0.0144610580810313,-0.0007071997950790498
2020-03-20,57.803192138671875,0.0063833074492345,0.0221562281236284,3.0686719524489394,0.0221562281236284,-0.0024084936265033052
2020-03-23,121.19149780273438,0.0045866097084072,0.019133485133859,2.637381720695534,0.019133485133859,-0.0006454188003702788
2020-03-24,191.0130157470703,0.0041354246387977,0.025681770406928,2.419045185643373,0.025681770406928,-0.00021511959822273496
2020-03-25,53.35679244995117,0.0050251161792891,0.0271010248827465,2.114415793526998,0.0271010248827465,0.00013970983342281862
2020-03-26,56.70586395263672,0.0033894930664932,0.0261757752463836,1.9630371706684973,0.0261757752463836,5.949435209307019e-05
2020-03-27,52.12910461425781,0.0046771765067626,0.0253608753203717,1.914771028319299,0.0253608753203717,-0.00020750074781117345
2020-03-30,103.51773834228516,0.0040014548859509,0.0177437030518814,2.188467050129961,0.0177437030518814,0.0005337472597797266
2020-03-31,89.26080322265625,0.0041698439732648,0.0143329435322861,2.0551840423849423,0.0143329435322861,-1.8989590991336236e-05
2020-04-01,65.59539794921875,0.0041772187292475,0.0058088813363208,2.34376593202563,0.0058088813363208,0.00025311976919817347
2020-04-02,47.594364166259766,0.004438546240248,0.009563987711379,2.452371982117323,0.009563987711379,0.0008549207523302904
2020-04-03,84.5761947631836,0.0038551575271399,0.0100958327197994,2.164581565690619,0.0100958327197994,-0.0002396267208026881
2020-04-07,106.52973937988281,0.0040695835291422,0.0123494119220696,2.331378969930472,0.0123494119220696,0.0007720502017078967
2020-04-08,78.2134017944336,0.0047532614788826,0.0133691566159257,2.257370722319453,0.0133691566159257,0.00024342359409645908
2020-04-09,60.910011291503906,0.0052361023626543,0.0126901370910821,2.0755202275370395,0.0126901370910821,-0.00010017953226704179
2020-04-10,85.4856185913086,0.0049869983916727,0.0123212287538102,2.642529470249281,0.0123212287538102,-0.00014855135897962057
2020-04-13,88.7790298461914,0.0046455944704305,0.0121081632999259,2.0766152697275713,0.0121081632999259,-0.00015717197011055895
2020-04-14,91.17159271240234,0.0059506708702062,0.0106124550148044,2.772502700695882,0.0106124550148044,0.000986412623988464
2020-04-15,89.52886199951172,0.0059348105421227,0.0110728788395167,2.778291194242076,0.0110728788395167,0.0002818541260019014
2020-04-16,48.45511245727539,0.0056746380912277,0.0110030160999823,2.678695624617328,0.0110030160999823,0.0004051735932057987
2020-04-17,73.5105209350586,0.004304465449362,0.0108617223485552,2.7238555957266337,0.0108617223485552,0.00040125587878936386
2020-04-20,25.87943458557129,0.001793337135371,0.0099495606432747,1.323940781832021,0.0099495606432747,-3.373477718182638e-05
2020-04-21,54.08273696899414,0.0017437142202,0.0086599833627504,1.4540839361057132,0.0086599833627504,-0.0003911233377257295
2020-04-22,137.26109313964844,0.0018309614962804,0.0085421062210825,1.342704510898331,0.0085421062210825,0.0004273348376910846
2020-04-23,100.93696594238281,0.0018683441268462,0.0088116787110295,1.373984922033094,0.0088116787110295,1.305585293898126e-05
2020-04-24,45.83427047729492,0.0014225861038617,0.0082947238688143,1.4902022699658668,0.0082947238688143,0.0
2020-04-27,49.002479553222656,0.0042273926718623,0.0089445429890943,2.799886031372992,0.0089445429890943,-0.0002850522770185826
2020-04-28,95.68627166748047,0.0063889556594309,0.0073733363501716,3.0315821657215745,0.0073733363501716,-7.533563323491865e-05
2020-04-29,79.46189880371094,0.0069624882127438,0.0067886183482792,2.7897159634167226,0.0067886183482792,0.001966606554318906
2020-04-30,56.9495849609375,0.006256242127167,0.0076551451122997,2.70533266627288,0.0076551451122997,-0.00027340206712411774
2020-05-06,80.7943344116211,0.0058411635245234,0.0026956445584921,2.6364968284654298,0.0026956445584921,-0.00034030968181053556
2020-05-07,56.14521408081055,0.0056241873890644,0.0053042923237916,2.512719081149748,0.0053042923237916,0.0002191624426928218
2020-05-08,70.48016357421875,0.0033631446629005,0.0056810452493916,2.567068881630325,0.0056810452493916,-7.820521553103532e-05
2020-05-11,37.912078857421875,0.0040985329105202,0.0064643359248432,2.8157094375518077,0.0064643359248432,-0.0001413877204764491
2020-05-12,39.43532943725586,0.0041664140221271,0.0053242451578916,2.893688429934314,0.0053242451578916,-0.0003836678647874958
2020-05-13,59.53266525268555,0.0050182747430369,0.0049309428184624,2.807245275835045,0.0049309428184624,0.00011845414816336053
2020-05-14,82.12977600097656,0.0051527161865761,0.0074127124191192,2.6565732577215058,0.0074127124191192,-0.000124818185755049
2020-05-15,45.81698226928711,0.0049104671850532,0.0049867598286114,2.722123519236636,0.0049867598286114,5.111664306789443e-05
2020-05-18,135.0965576171875,0.0050126035318639,0.0054928022415626,3.014707147908365,0.0054928022415626,-0.0004178823049777458
2020-05-19,99.47650909423828,0.0038535803564985,0.0072520667475801,2.2536787416000763,0.0072520667475801,-9.35141610768353e-05
2020-05-20,99.69424438476562,0.0032846443472,0.0074349819708696,2.2675710713881663,0.0074349819708696,-7.622880839130985e-05
2020-05-21,73.20591735839844,0.0036396966708996,0.0060239943044696,2.644958630327802,0.0060239943044696,-0.0002579952998876811
2020-05-22,135.6533660888672,0.0057090569968042,0.0118340014974532,3.028678279926547,0.0118340014974532,-0.0006637746302200487
2020-05-25,129.1339874267578,0.0056827182114871,0.0116645311375185,2.658252490357735,0.0116645311375185,0.0002690496279018628
2020-05-26,120.36186218261719,0.0065897607903302,0.0125126697032685,2.5963327021826688,0.0125126697032685,-0.0004981030789480423
2020-05-27,23.426929473876953,0.0069889581148148,0.0125736160675644,2.70557277855186,0.0125736160675644,-0.000340532165992502
2020-05-28,61.02098083496094,0.0073272006972135,0.0129659958522645,3.1210330186331796,0.0129659958522645,9.854132901132573e-05
2020-05-29,137.45094299316406,0.0056979402808201,0.0065171798109266,2.9156467680133265,0.0065171798109266,0.000481221993397396
2020-06-01,53.90272903442383,0.0045771323169631,0.0127403763603335,2.3379831521894383,0.0127403763603335,0.000435811074639636
2020-06-02,83.04486846923828,0.0041209840590373,0.0126319066189394,2.365839326274494,0.0126319066189394,0.00035407919320173953
2020-06-03,114.53026580810547,0.0040820681438571,0.0111659839089155,2.3837390452371547,0.0111659839089155,-0.00013051651912443507
2020-06-04,36.153533935546875,0.002429276655207,0.0115609473596497,2.226140400211121,0.0115609473596497,2.0089851862525876e-05
2020-06-05,109.97901153564453,0.0028574654411545,0.0114267052795827,2.286801031426402,0.0114267052795827,0.00022498031422246711
2020-06-08,65.64539337158203,0.0029730315535717,0.0026014157928673,2.552958833686674,0.0026014157928673,0.0001467165337099008
2020-06-09,68.30036163330078,0.0029238946014548,0.003100557162753,2.5824217600554897,0.003100557162753,0.0003955080176891723
2020-06-10,95.68627166748047,0.0041078334852688,0.0036280169320503,2.425959515163459,0.0036280169320503,-0.00059127681155835
2020-06-11,87.41497802734375,0.0028713379523374,0.0071945302317885,2.671897558598833,0.0071945302317885,-0.00024018974990247521
2020-06-12,73.61261749267578,0.0028618517463721,0.0068888302488879,2.3730288453105244,0.0068888302488879,0.0019673509844264636
2020-06-15,102.8747787475586,0.0034556511854104,0.0079388343615416,2.807365707092283,0.0079388343615416,-0.0007907794609562924
2020-06-16,79.20344543457031,0.003495788128865,0.0109921448170203,2.0406879216950133,0.0109921448170203,0.00011210427192009931
2020-06-17,151.3807830810547,0.0036828597472305,0.0110372943363499,2.1079216193975783,0.0110372943363499,-0.0001294140777629016
2020-06-18,101.31523895263672,0.0035602756708533,0.0098666972670343,2.1332606463000268,0.0098666972670343,-0.00017799312748756346
2020-06-19,53.8231086730957,0.004470148296845,0.0109824251545737,2.4709159261514984,0.0109824251545737,0.0003197149411822142
2020-06-22,131.45111083984375,0.0033870660802359,0.0067680279540615,2.636213812537495,0.0067680279540615,-0.0002339745698889395
2020-06-23,56.38412857055664,0.0041077531536057,0.0052216139069724,3.1028535627648015,0.0052216139069724,-0.0005552753583829562
2020-06-24,80.2188720703125,0.0041676935000989,0.0046726621844217,3.055880877631391,0.0046726621844217,-0.00042021575905693
2020-06-29,48.00822830200195,0.0043712437848037,0.0074071310952537,2.9023809138280265,0.0074071310952537,7.30030028568418e-05
2020-06-30,76.92465209960938,0.0043704002209114,0.0073263647889843,2.6962103717126817,0.0073263647889843,-0.0002184942147053226
2020-07-01,107.85104370117188,0.0055461830075533,0.0102663328732723,3.075054337597196,0.0102663328732723,0.00010359424957728791
2020-07-02,23.39383888244629,0.0076018135176373,0.0117592849713767,3.180962396374839,0.0117592849713767,-0.00010377534712846526
2020-07-03,43.972137451171875,0.0074482548456003,0.0117589687511225,3.228430196179855,0.0117589687511225,0.00025348083503851093
2020-07-06,72.01234436035156,0.0061687995110719,0.017405781832057,3.019070078850707,0.017405781832057,-0.0009284554480439855
2020-07-07,106.17205047607422,0.0050141842050366,0.0189577902279209,2.942669266136294,0.0189577902279209,-0.0005658623337778668
2020-07-08,68.60346984863281,0.0050304407723321,0.0192719781449981,2.619768857073214,0.0192719781449981,0.00013826796331284363
2020-07-09,55.82979202270508,0.0047396529167443,0.0197680530466092,2.677378046878588,0.0197680530466092,0.00021902138764517964
2020-07-10,97.42845916748047,0.004362852714202,0.0270006791982156,2.6708635493680437,0.0270006791982156,6.10161503438178e-05
2020-07-13,92.73129272460938,0.0032747115132039,0.015464186968258,2.5944605209798963,0.015464186968258,0.00029062876812568916
2020-07-14,93.79849243164062,0.0046821345495219,0.0173620683642558,3.2488300691150966,0.0173620683642558,-0.0003286005153622096
2020-07-15,103.6720199584961,0.0050430259090758,0.0174407474404586,3.651843690073863,0.0174407474404586,-0.0001327685401782963
2020-07-16,29.48873519897461,0.007612097094086,0.0246221825349232,3.690777342577105,0.0246221825349232,-0.0001505447283886019
2020-07-17,38.3201904296875,0.0076098405691681,0.0258770988860459,3.3680965385341697,0.0258770988860459,3.080606263305974e-05
2020-07-20,87.17283630371094,0.0067273739949748,0.0285698075822359,3.228608757031724,0.0285698075822359,0.000303491433847336
2020-07-21,116.2304458618164,0.0077418224512119,0.0287849418925542,3.061841596652503,0.0287849418925542,-0.00014706728648061773
2020-07-22,117.1346435546875,0.0081332049945933,0.0285899788303386,3.10816929377503,0.0285899788303386,-0.00012725209700858997
2020-07-23,78.04478454589844,0.0052287923023326,0.0121507357919886,3.373821056000386,0.0121507357919886,0.00016766950006896764
2020-07-24,92.75189971923828,0.0052692257112086,0.0266315322557945,3.537934627457009,0.0266315322557945,-0.00039712649033363245
2020-07-27,137.1768798828125,0.0053894719201811,0.0210861505540391,3.1818982361525032,0.0210861505540391,5.5209575548831324e-05
2020-07-28,121.64796447753906,0.0055287197808518,0.0219381781565592,2.949474183345394,0.0219381781565592,-0.00021447768118976196
2020-07-29,80.91041564941406,0.0063820750791425,0.0255438457924587,3.0816522073231924,0.0255438457924587,0.0001881093513862453
2020-07-30,54.08273696899414,0.0067866794829163,0.0255860377596606,2.861344793037599,0.0255860377596606,-0.0006503290278547791
2020-07-31,38.618019104003906,0.0054101831101109,0.0104726339240797,3.227289119172953,0.0104726339240797,-0.000323640443983475
2020-08-03,42.1684684753418,0.0055995142833716,0.0107945295634497,2.839004477301997,0.0107945295634497,0.00014463528849506524
2020-08-04,48.714229583740234,0.0056739231607053,0.0116510571991119,3.1404656076751483,0.0116510571991119,0.0002513299543416281
2020-08-05,33.80171203613281,0.0052579096364236,0.0082289920687618,3.16155078524995,0.0082289920687618,-6.488858002862141e-05
2020-08-06,112.36660766601562,0.0049736721403863,0.0077388528395338,3.262328451753465,0.0077388528395338,0.0001343939253946047
2020-08-07,43.81703186035156,0.0052541169798739,0.0100574373182193,3.532262140681124,0.0100574373182193,-0.00017626721259944578
2020-08-10,40.582759857177734,0.0052304633168072,0.0058445389091753,3.32867928802607,0.0058445389091753,5.0797628597276656e-05
2020-08-11,55.28624725341797,0.0051445314502968,0.0063172249421156,3.2930652051932605,0.0063172249421156,-0.0003352301237363742
2020-08-12,61.8345947265625,0.0049933860725071,0.0059469183481137,3.49160055976105,0.0059469183481137,0.00011404937692471862
2020-08-13,88.89659118652344,0.0060871385929937,0.0059951658279947,3.119757930499654,0.0059951658279947,-0.00013803962168523753
2020-08-14,44.28566360473633,0.0060364559481375,0.0097064741743629,3.121323654459722,0.0097064741743629,0.00023386690421878242
2020-08-17,65.54547882080078,0.005919808436001,0.0145032776201665,3.1093565029258645,0.0145032776201665,0.00018278687673300986
2020-08-18,84.09903717041016,0.0063962348681957,0.0130084301523789,3.17957579472552,0.0130084301523789,-0.0001391938804553572
2020-08-19,46.6558837890625,0.0047369474535555,0.0151845227068583,3.3407702354075317,0.0151845227068583,-0.0007524898561416249
2020-08-20,122.01818084716797,0.0049715543296008,0.0169343806652353,2.9776355713924194,0.0169343806652353,0.00029073558240111375
2020-08-21,166.30258178710938,0.0050978281905318,0.0159307702408178,2.5731561453341336,0.0159307702408178,0.00039219926266542693
2020-08-24,71.2380142211914,0.0047546876145027,0.011146712413005,2.7038849409707133,0.011146712413005,-0.00016818559280151746
2020-08-25,85.98194885253906,0.0045916099531875,0.0112522881189139,2.551549551273214,0.0112522881189139,0.00012601468071027355
2020-08-26,105.6713638305664,0.0050982613713134,0.0103791937212324,2.8421768304880604,0.0103791937212324,3.187433860762923e-05
2020-08-27,142.09405517578125,0.0057713820133035,0.0083057871719932,2.8209951692380275,0.0083057871719932,-1.2681209195508636e-05
2020-08-28,64.11421203613281,0.0057787972843797,0.012816657417942,3.360098662697214,0.012816657417942,0.00028495381889737104
2020-08-31,88.63056945800781,0.0051251273643298,0.0135750197054219,3.161874465436897,0.0135750197054219,-0.0008588570148286845
2020-09-01,106.36685180664062,0.0057844583040771,0.0135992471587336,3.0219260190602575,0.0135992471587336,0.0002065637703672074
2020-09-02,109.20553588867188,0.0052399256754248,0.0110750684583823,3.1800748010344257,0.0110750684583823,-0.0005179102013864734
2020-09-03,94.24089813232422,0.00560103039855,0.0122053012526891,3.2224357327023494,0.0122053012526891,7.473934652901804e-05
2020-09-04,94.90303039550781,0.0038745578846935,0.0059372348374398,2.586399004689762,0.0059372348374398,-0.0002389255893496811
2020-09-07,149.52561950683594,0.0049503903756174,0.0101648842904495,2.6342715253904068,0.0101648842904495,-0.00023124110096450767
2020-09-08,68.60346984863281,0.0047612981337219,0.0101594126634526,2.809386881314049,0.0101594126634526,-2.1301976822485358e-06
2020-09-09,47.32239532470703,0.0050171901701724,0.0117835346960596,2.8943005981321863,0.0117835346960596,-0.000307457479284734
2020-09-10,145.2469482421875,0.0046390627652327,0.012532453754,2.5427163127685555,0.012532453754,0.00026633135112930084
2020-09-11,145.94757080078125,0.0038015112351325,0.0153504800856941,2.57102249129892,0.0153504800856941,-0.00015989559249973695
2020-09-14,67.30906677246094,0.0054489659463262,0.0132068442514499,2.4368780652334063,0.0132068442514499,0.00014192358060283183
2020-09-15,115.93987274169922,0.0056360236528168,0.0135659260792028,2.3745914711383023,0.0135659260792028,-4.265756638699436e-06
2020-09-16,82.47056579589844,0.0055962156774093,0.0067628138961701,2.7220543890519844,0.0067628138961701,0.0002512784057351336
2020-09-17,100.07757568359375,0.0050753803400755,0.0076834627334267,3.1002195858949726,0.0076834627334267,0.0003044501543842948
2020-09-18,86.33578491210938,0.005697876545944,0.0118080800751656,3.2501154175055658,0.0118080800751656,0.0008895218133568861
2020-09-21,52.916419982910156,0.006177842394284,0.0134271780243863,3.181224858055608,0.0134271780243863,-6.820482762293079e-05
2020-09-22,94.38795471191406,0.0050378064095441,0.0140504037998641,3.3543003641743714,0.0140504037998641,4.314473332245328e-05
2020-09-23,62.16614532470703,0.0054273797702022,0.0139826633911507,3.167676839605696,0.0139826633911507,-0.0002986857825568734
2020-09-24,64.86751556396484,0.0054085087296725,0.0164293923649798,3.3687035882289917,0.0164293923649798,-0.00018843409079472018
2020-09-25,55.35139083862305,0.0046706603103961,0.0095333032450303,3.319111136859799,0.0095333032450303,-0.00018814757770924118
2020-09-28,104.4075698852539,0.00511971492687,0.0102677441861993,3.007118907445827,0.0102677441861993,-3.710105454290957e-05
2020-09-29,105.160888671875,0.0054971234621224,0.0097111578170074,3.0163501599413864,0.0097111578170074,-0.0008355745880879173
2020-09-30,104.96094512939453,0.0050396104026569,0.0092782892736296,3.168541466795702,0.0092782892736296,0.0008268591786821933
2020-10-09,81.5680160522461,0.0044977014222039,0.0086532570058498,2.362745952269345,0.0086532570058498,0.00011536982438142829
2020-10-12,67.71858978271484,0.0047443915165632,0.0137355267124964,2.5014331016495266,0.0137355267124964,5.5983030921247234e-05
2020-10-13,78.08782196044922,0.0045111083987857,0.0136294015988616,2.398369121690224,0.0136294015988616,-2.2730513234425764e-05
2020-10-14,47.69403839111328,0.0046422938436169,0.0155031942945074,2.2799876290823287,0.0155031942945074,0.0002746692524420169
2020-10-15,107.97156524658203,0.0039344386196653,0.0156357499822559,2.4575158305285143,0.0156357499822559,-0.0001187670727668122
2020-10-16,123.50452423095703,0.0047026564669629,0.0147241701742009,2.9413805667846145,0.0147241701742009,-0.0002378557926230318
2020-10-19,95.217529296875,0.005108976299949,0.0044072589113647,3.0438597625759387,0.0044072589113647,0.00027765098850052183
2020-10-20,98.67223358154297,0.0045191044641029,0.006170682300693,2.748888197707986,0.006170682300693,0.00021909598908287364
2020-10-21,72.01234436035156,0.0040539966382371,0.0055754197212116,2.7641150129107683,0.0055754197212116,-4.17272581226813e-05
2020-10-22,101.61250305175781,0.0043357294022503,0.0056781381611844,2.8092591922771604,0.0056781381611844,0.00019468081765938727
2020-10-23,65.72555541992188,0.004907850359115,0.007729234400881,3.067156981917411,0.007729234400881,-0.0022857505339057838
2020-10-26,89.93396759033203,0.004448904036981,0.0075080610136427,2.84468076212528,0.0075080610136427,0.00014710428414566046
2020-10-27,130.45274353027344,0.004843710521075,0.0055444962643902,2.545514456284578,0.0055444962643902,-0.0003999013009555741
2020-10-28,81.79179382324219,0.0055492220459883,0.0077410739120525,2.55178560950399,0.0077410739120525,-0.00040091408411169205
2020-10-29,89.64422607421875,0.0051853781498551,0.0088478457959999,2.8100092013253812,0.0088478457959999,-0.0017902406786182157
2020-10-30,80.3587875366211,0.0048456595966886,0.0102238747502921,2.7935028972908733,0.0102238747502921,0.0003899009268135689
2020-11-02,56.625091552734375,0.0041996885844988,0.0101272028317512,2.798621204041227,0.0101272028317512,0.00025637657269017566
2020-11-03,162.6325225830078,0.0037540803175148,0.01122162776718,2.884329334723035,0.01122162776718,0.00015072725902487427
2020-11-04,129.5658721923828,0.0037695889490176,0.0111684122422967,2.798330519535426,0.0111684122422967,8.310375919839963e-05
2020-11-05,69.64662170410156,0.0043240861722528,0.01229103755254,2.4643342962110255,0.01229103755254,0.0002600412789934836
2020-11-06,62.92530059814453,0.0038449052442903,0.0057397654356229,2.73301046033783,0.0057397654356229,0.0006820430158180901
2020-11-09,105.3998794555664,0.00343213463238,0.0074040284726202,2.712368146361197,0.0074040284726202,0.00046394485683998177
2020-11-10,58.58963394165039,0.003740309542912,0.0102870672296165,2.7767934070760436,0.0102870672296165,-0.00010495720975289835
2020-11-11,97.92937469482422,0.0047033446086963,0.012829207012886,2.5871539723952695,0.012829207012886,-4.8928267083248045e-05
2020-11-12,52.86012268066406,0.0043178047644842,0.0112559062047359,2.5681066129620733,0.0112559062047359,0.0002404590730507028
2020-11-13,69.1920166015625,0.0039514442713539,0.0124102286594586,2.401866378246101,0.0124102286594586,0.0002945162313456873
2020-11-16,70.595703125,0.0050959168896929,0.0084623928956884,2.8269475214661015,0.0084623928956884,0.00047941376876359243
2020-11-17,45.81698226928711,0.0051691267813817,0.0083569978180364,2.8611197487057565,0.0083569978180364,6.742316823515893e-05
2020-11-18,109.74150848388672,0.0041272273263292,0.0072236291573269,2.792507659016126,0.0072236291573269,-7.767704745453852e-05
2020-11-19,49.04205322265625,0.0037924768005295,0.0080824730439846,2.782676247239948,0.0080824730439846,-0.00015014009694180874
2020-11-20,94.15567016601562,0.004570064764078,0.0050234522313763,3.0946861780791437,0.0050234522313763,-2.2251891410696167e-05
2020-11-23,36.7552604675293,0.0051737842758161,0.005937731779406,3.3944983388075505,0.005937731779406,0.00043175217425184265
2020-11-24,104.29373168945312,0.0050298282512191,0.0071787910117524,3.220936826301273,0.0071787910117524,-0.00020702185990040256
2020-11-25,23.360843658447266,0.0058947533391073,0.0102292915871553,3.535141763883656,0.0102292915871553,-0.0006837523351364005
2020-11-26,69.12260437011719,0.0059172400612531,0.0096123791091987,3.2409697310798737,0.0096123791091987,1.6261782169291195e-05
2020-11-27,70.37321472167969,0.0056417910096347,0.011212360364515,3.289962747312079,0.011212360364515,0.0005122312794534345
2020-11-30,46.802371978759766,0.0059037875874264,0.0094942812303023,3.470304975067603,0.0094942812303023,-0.0023832988073451133
2020-12-01,129.65858459472656,0.0064514988318554,0.0135188085573274,3.1670930039307894,0.0135188085573274,0.0006872553627643718
2020-12-02,92.27208709716797,0.0061824447742856,0.0104673414116989,3.201972214174363,0.0104673414116989,-0.0005857861072046111
2020-12-03,67.78787994384766,0.0056967556858234,0.0110022228703806,2.9858234933786227,0.0110022228703806,0.0002967030358653755
2020-12-04,38.66810607910156,0.005496088887275,0.0103551007036452,3.051755185458904,0.0103551007036452,0.00014807005490435898
2020-12-07,55.042667388916016,0.0078864688465709,0.0113268706695956,3.132560309309351,0.0113268706695956,-2.9866258892785602e-05
2020-12-08,78.9751205444336,0.0058609041166598,0.0039316780452465,3.017660235269532,0.0039316780452465,4.591139101539632e-05
2020-12-09,62.7380256652832,0.0060648685718203,0.0060192737509405,3.1376731130571542,0.0060192737509405,-8.901224727608792e-05
2020-12-10,95.42375946044922,0.006531610922637,0.0062449921482164,3.047888653171041,0.0062449921482164,0.00021459835690551543
2020-12-11,42.853397369384766,0.0069846845068541,0.0054364050745749,3.60694739448864,0.0054364050745749,0.0002127402788942856
2020-12-14,29.79821014404297,0.0075963894222988,0.0089070410058466,3.1826949516140663,0.0089070410058466,-0.0004901504073109297
2020-12-15,89.52886199951172,0.0070605753312108,0.0092604339959139,3.188769088881566,0.0092604339959139,-0.000531556895788432
2020-12-16,52.51097869873047,0.0059118178260875,0.00703815614776,3.237397800823312,0.00703815614776,-0.00021594610631003874
2020-12-17,93.12439727783203,0.0058061352208603,0.0088744525029026,3.193935221506318,0.0088744525029026,8.172100449055364e-05
2020-12-18,79.99098205566406,0.0057721966218127,0.0065042283078326,3.1562146745005655,0.0065042283078326,0.0002560670895777051
2020-12-21,91.1224136352539,0.004783870137853,0.0065278295912748,3.204731364303508,0.0065278295912748,-0.00017631687907226912
2020-12-22,62.6832275390625,0.0049283785179875,0.0114991996881575,3.416325800578628,0.0114991996881575,-0.00011479576423767401
2020-12-23,68.60346984863281,0.0047895992030682,0.0120204361084342,3.6235014418011113,0.0120204361084342,-0.000163739980910238
2020-12-24,54.99793243408203,0.0044828005327201,0.0104538767723827,3.3087432516300694,0.0104538767723827,-5.1997088162947236e-05
2020-12-25,48.241275787353516,0.0050868188463045,0.0109857209911747,3.0618160111021666,0.0109857209911747,0.0001448044940968174
2020-12-28,41.40709686279297,0.0044252914745046,0.0103290037602302,3.128607242817096,0.0103290037602302,0.00022712639682720415
2020-12-29,69.01182556152344,0.0043041465525193,0.0057798551388452,3.268254673170804,0.0057798551388452,-0.00016059479553909295
2020-12-30,59.15299606323242,0.0050532422816814,0.0073680854942415,2.9453974721685228,0.0073680854942415,0.0011805751339160064
2020-12-31,80.7943344116211,0.0052533323611418,0.008961592159338,3.0096476878566967,0.008961592159338,0.000136261222359213
2021-01-04,99.32736206054688,0.0062358748526119,0.0090309420837921,2.9683326239323855,0.0090309420837921,-0.0005540124159495452
2021-01-05,121.8519515991211,0.0063462411212307,0.0096172979346151,3.172761488195413,0.0096172979346151,0.0006598371656079127
2021-01-06,106.57054138183594,0.0058562198736322,0.0046004752624988,3.3965721508909703,0.0046004752624988,0.0005817690210765392
2021-01-07,54.23599624633789,0.0062734584770974,0.0048080981352078,3.1712112842095372,0.0048080981352078,0.0005589248318689233
2021-01-08,77.7395248413086,0.0065176192988731,0.008929056316394,3.3073462871509056,0.008929056316394,0.0008760395000928511
2021-01-11,84.14276123046875,0.0062895035868506,0.0128137565611103,3.3669050893416115,0.0128137565611103,2.021668611740246e-05
2021-01-12,169.87527465820312,0.0072578579468921,0.0155185101580286,3.0577396624694133,0.0155185101580286,0.00038969141087963344
2021-01-13,66.500732421875,0.0068421976896442,0.0163504909844088,3.4918021329650166,0.0163504909844088,0.00031383266800810716
2021-01-14,62.11064529418945,0.0069046798185268,0.0179846161395261,3.4435328657147073,0.0179846161395261,0.00012797636459360717
2021-01-15,57.96993637084961,0.0063529641649767,0.0179636438378232,3.4823439733651163,0.0179636438378232,-7.877607625528249e-05
2021-01-18,94.48599243164062,0.0063913210515402,0.017887442030018,3.1704707601131576,0.017887442030018,-0.00025000452906742687
2021-01-19,66.66802978515625,0.0060753480097619,0.0118727982937547,3.2968398225422426,0.0118727982937547,0.0005943738740479265
2021-01-20,87.48678588867188,0.0064877438319218,0.0132399099265896,3.151358958660311,0.0132399099265896,0.00041650301873352724
2021-01-21,47.43533706665039,0.0075309685524542,0.0121946125772772,3.043405803385697,0.0121946125772772,-0.0002856342157454561
2021-01-22,93.7134780883789,0.0065667661340444,0.0119023862452371,3.0115351511335167,0.0119023862452371,-0.00022796420782444926
2021-01-25,140.4451141357422,0.0065624162034473,0.0117646315560191,3.2355416485669974,0.0117646315560191,-1.955197537151232e-05
2021-01-26,50.25387191772461,0.0049321213244877,0.0139439568956541,3.1743262629201596,0.0139439568956541,0.00017597968069660297
2021-01-27,68.84309387207031,0.0052803973603095,0.0137402775028862,3.0929818119581904,0.0137402775028862,-0.0003056229191871207
2021-01-28,112.78604125976562,0.0047735925533101,0.0160507455539764,2.8347159500067676,0.0160507455539764,0.0009400438190723115
2021-01-29,63.216941833496094,0.0051333897845707,0.0155785495197355,2.864232157502799,0.0155785495197355,-0.0006721986122834034
2021-02-01,60.04654312133789,0.0050407168118862,0.0162273598959155,2.40926744570529,0.0162273598959155,-0.0002970885323827499
2021-02-02,192.34263610839844,0.005589416311385,0.0170402327591558,2.3530737843972647,0.0170402327591558,-0.00031983426769766066
2021-02-03,69.92227935791016,0.0053861359558559,0.0169746509218562,2.54967602620527,0.0169746509218562,6.928212776347031e-05
2021-02-04,78.18482208251953,0.0051148910306697,0.0094492388244795,3.2752668713350452,0.0094492388244795,0.0002101300979389098
2021-02-05,106.44497680664062,0.0057056396048028,0.0084216231796725,3.091405246067323,0.0084216231796725,0.00016415838730798882
2021-02-08,72.8036880493164,0.0054955943320639,0.0090287549547886,3.3935726187184567,0.0090287549547886,0.0005250249926280759
2021-02-09,61.26280975341797,0.0053567477339244,0.0110558324149261,3.165594143172896,0.0110558324149261,0.00010025186081508153
2021-02-10,74.92713165283203,0.0049929358492384,0.0111216516791329,3.333951222212383,0.0111216516791329,0.00012571056605925612
2021-02-18,33.67285919189453,0.0037239781436302,0.0126589480105912,3.0579411496169677,0.0126589480105912,-0.0003587241896212401
2021-02-19,85.1559829711914,0.0042075169665755,0.0126440830145123,3.007881969678771,0.0126440830145123,-0.00011419672982093676
2021-02-22,71.28911590576172,0.0057314739711749,0.0221409610430618,3.2232519159693025,0.0221409610430618,-0.0004714310969523572
2021-02-23,97.42845916748047,0.0050054632919568,0.0189475428457596,2.8566609109904193,0.0189475428457596,-0.0002472652995404445
2021-02-24,77.84101867675781,0.0052936134967761,0.0145728153836299,3.3055477513275524,0.0145728153836299,-0.00019857869140316176
2021-02-25,46.18281936645508,0.0059549429316441,0.0168463389862229,3.216579640285838,0.0168463389862229,0.000431665203394882
2021-02-26,121.14055633544922,0.0047536710801041,0.0161168287894565,2.8164148949246894,0.0161168287894565,-0.0007863754830591541
2021-03-01,96.29557800292969,0.0060178538079883,0.0181557215406119,2.5179936709111836,0.0181557215406119,-0.0004832700040580118
2021-03-02,137.46934509277344,0.005876476922759,0.0182437935252392,2.653955547996861,0.0182437935252392,-0.00014017695939350094
2021-03-03,154.58648681640625,0.0052652200322737,0.0186317269945109,2.528977503495531,0.0186317269945109,1.1004832955796573e-05
2021-03-04,88.44233703613281,0.0057158553305675,0.0229952344281836,2.7569255947784264,0.0229952344281836,0.0001666720330011362
2021-03-05,88.98228454589844,0.0057421759591934,0.0208178532958695,3.0533042623807347,0.0208178532958695,-0.00040456378337416776
2021-03-08,60.39744567871094,0.006599277137849,0.0220213191867689,2.839384262573594,0.0220213191867689,-0.0005764369116358914
2021-03-09,22.26188087463379,0.0072063172709886,0.0223748364285763,3.0104494856573796,0.0223748364285763,6.0350394388564155e-06
2021-03-10,57.34138107299805,0.0046884190181196,0.0179124982522729,2.6543816142485284,0.0179124982522729,-0.0009424299117670731
2021-03-11,70.38656616210938,0.0052392822720788,0.0233633407041217,2.50544901786843,0.0233633407041217,5.850017257724716e-06
2021-03-12,49.37989044189453,0.0063333465759543,0.0237317472685029,2.634467890501127,0.0237317472685029,-0.00013405685176215432
2021-03-15,111.60258483886719,0.0059901537783719,0.0199212523791047,2.839761810906846,0.0199212523791047,-9.929323078416985e-06
2021-03-16,108.84150695800781,0.005278014245578,0.0167113221312069,2.7948425975643527,0.0167113221312069,0.00014373955180824183
2021-03-17,93.311767578125,0.0060819872089691,0.0166696601613694,2.9146766854197024,0.0166696601613694,-0.00012153335894682371
2021-03-18,134.94033813476562,0.0066436876646952,0.0125759643496077,2.7929488544697705,0.0125759643496077,-8.556632265110942e-05
2021-03-19,42.853397369384766,0.0059283185821489,0.0170626319360235,2.7326592041435314,0.0170626319360235,-0.00033142001497377116
2021-03-22,119.15711212158203,0.004045254657702,0.015325495235991,2.69543915337646,0.015325495235991,3.361690178715904e-05
2021-03-23,99.4635238647461,0.0042912965865474,0.0151823293339481,2.7266361329688293,0.0151823293339481,-5.589346705170417e-05
2021-03-24,76.4438705444336,0.0044110307065017,0.0155819605232781,2.765488257335379,0.0155819605232781,-0.00026977578184284035
2021-03-25,63.78499984741211,0.0046259980560264,0.0139467441792821,2.773459006148828,0.0139467441792821,-0.0002496154298864406
2021-03-26,69.7814712524414,0.0059841309116517,0.0154377641973087,2.700532010549482,0.0154377641973087,-3.9696795873123136e-05
2021-03-29,123.23540496826172,0.0063584667453838,0.014703194929864,2.826642067638252,0.014703194929864,8.322665789495254e-05
2021-03-30,95.42375946044922,0.0063345257496202,0.0141881898597917,2.680041177119864,0.0141881898597917,0.0002316655377878618
2021-03-31,76.34598541259766,0.0051315486038682,0.0119501604675865,2.699040560345188,0.0119501604675865,-6.536349033114952e-05
2021-04-01,67.69552612304688,0.0049454173003736,0.0118948805204958,2.5987627856419264,0.0118948805204958,0.00013111263749698843
2021-04-02,65.70381927490234,0.0048108226548302,0.008774077633675,3.0281146039568307,0.008774077633675,1.3561975321207953e-05
2021-04-06,92.78900909423828,0.0047247767370028,0.0096471813340112,2.942046938830078,0.0096471813340112,-0.0003383844669860858
2021-04-07,113.79048919677734,0.004592699411005,0.0100157687805178,2.9884251594733744,0.0100157687805178,0.00010777572459574891
2021-04-08,32.52170181274414,0.003397190968016,0.0085080738123298,2.908947496873938,0.0085080738123298,2.7386166465026562e-05
2021-04-09,48.00822830200195,0.0039837937455587,0.0093823699667688,2.9536823257873865,0.0093823699667688,-0.000184660472929421
2021-04-12,100.38084411621094,0.0051682428868196,0.0078450908192824,3.1188741999652434,0.0078450908192824,-0.0003818459524329576
2021-04-13,95.29304504394531,0.0055205258941887,0.0082504265321446,2.9609282797806573,0.0082504265321446,0.00026324635403796037
2021-04-14,186.30352783203125,0.0053956038824854,0.0110306283361369,2.9553209582911935,0.0110306283361369,-0.00028100994975932547
2021-04-15,103.25959777832031,0.0055040091644177,0.0104185166631574,3.022886957494716,0.0104185166631574,-0.00011920251497110623
2021-04-16,95.03267669677734,0.0058961733737117,0.009868631081862,2.942141716715693,0.009868631081862,-7.449839425754945e-05
2021-04-19,110.41893005371094,0.0048346578876248,0.011811628902359,3.268091005524444,0.011811628902359,2.16241293831132e-05
2021-04-20,125.26516723632812,0.0046667158782374,0.0116763964671274,3.21596197544227,0.0116763964671274,0.00025580127782576234
2021-04-21,166.30258178710938,0.0053863964071007,0.0116332309845945,3.216729699054764,0.0116332309845945,-0.0005978293892927589
2021-04-22,113.77379608154297,0.0053906960909691,0.0106963816844134,3.128532568788653,0.0106963816844134,-0.00011395294922023069
2021-04-23,146.73118591308594,0.0052752880461192,0.0107052667067518,3.280800994948146,0.0107052667067518,0.00027658583997358654
2021-04-26,54.46673583984375,0.0049412199045566,0.0074732486359684,3.470376087315374,0.0074732486359684,-9.256141055713485e-05
2021-04-27,131.65333557128906,0.0054823412927883,0.0075815298109165,3.2570409371327727,0.0075815298109165,-0.000324026888340212
2021-04-28,50.063995361328125,0.0055277973088541,0.0079000456558224,3.0681400652193647,0.0079000456558224,0.00010744936692796969
2021-04-29,47.383934020996094,0.0053282894933381,0.0084104654207949,2.9112031969288283,0.0084104654207949,-0.00011810764446884559
2021-04-30,36.4018440246582,0.0049642534657179,0.008736230707911,3.022962124195012,0.008736230707911,0.00030457269037253987
2021-05-06,76.30575561523438,0.005662436969965,0.0090017407007715,3.1782915576569435,0.0090017407007715,0.00028262601068451687
2021-05-07,55.92646408081055,0.0066746815416073,0.010198452244415,3.122710819925836,0.010198452244415,-0.0005481326481008297
2021-05-10,49.002479553222656,0.0055668292165163,0.0090763608737991,3.215531739103782,0.0090763608737991,0.00032459725895650493
2021-05-11,101.1806869506836,0.0046309257487985,0.0081012472435155,3.282420524825058,0.0081012472435155,-0.00015724991789167753
2021-05-12,63.2974739074707,0.0063109155018042,0.0089849343277706,2.988421471662447,0.0089849343277706,-0.00010108898605765138
2021-05-13,140.43304443359375,0.0057231184121539,0.0085216152754848,3.242975790389112,0.0085216152754848,-0.00038439284949221
2021-05-14,115.36304473876953,0.0056507111294284,0.0123489788101559,3.154489099274429,0.0123489788101559,-7.434987879018085e-05
2021-05-17,92.1579818725586,0.0050842518851126,0.0125889352936144,2.911530993056436,0.0125889352936144,0.0003434165314544213
2021-05-18,98.58832550048828,0.0059805201902788,0.0130046980063207,2.5946073213754923,0.0130046980063207,3.66271414831143e-05
2021-05-19,158.9622344970703,0.0064421390996976,0.0137020514986541,2.683076019049971,0.0137020514986541,-5.80012760276194e-06
2021-05-20,125.85060119628906,0.0064844244712719,0.0110506169126464,2.838494104789084,0.0110506169126464,9.255813325670381e-05
2021-05-21,165.85250854492188,0.0057661054131195,0.0090192748370304,2.82779862078989,0.0090192748370304,-0.0004205353648827348
2021-05-24,138.4081268310547,0.0054502068928179,0.0056815031262127,2.9017377362422323,0.0056815031262127,0.00022698965160006246
2021-05-25,170.94143676757812,0.0063801273731875,0.0158400980518403,3.1705402253358947,0.0158400980518403,0.00020498778536071072
2021-05-26,176.6128387451172,0.0062812008766776,0.0154811141436791,2.948815499429169,0.0154811141436791,0.00038920601971970115
2021-05-27,133.3360595703125,0.006940404251351,0.0154548070464615,3.297013649603835,0.0154548070464615,-0.00045499994382725006
2021-05-28,140.02928161621094,0.0065014510452747,0.0139104014405542,3.2464347527966257,0.0139104014405542,0.0005227224437838185
2021-05-31,57.554264068603516,0.0059815099119787,0.0140665975609032,2.795718337781124,0.0140665975609032,0.00047663458453039986
2021-06-01,65.87492370605469,0.0062675733411052,0.0025059478952133,2.955098826332635,0.0025059478952133,-0.0003181506836495984
2021-06-02,68.72547149658203,0.0064125032738638,0.0053843905624228,3.139914583071149,0.0053843905624228,0.0004860612021031496
2021-06-03,60.072471618652344,0.0054292504099829,0.0051458419935579,3.275120450581384,0.0051458419935579,-0.0005667263187323357
2021-06-04,79.60777282714844,0.0055622444484834,0.0063259957280584,3.2555815564539747,0.0063259957280584,6.058357124993918e-05
2021-06-07,54.304386138916016,0.0053762163746777,0.0060641864659411,2.9260402509836303,0.0060641864659411,-2.652635488098465e-05
2021-06-08,59.727294921875,0.0053780896655712,0.0061906337750518,3.239843164020038,0.0061906337750518,0.00012233631782976317
2021-06-09,93.24922180175781,0.0056335290075872,0.0055854360558012,2.5601858481275475,0.0055854360558012,-0.0005153507725489392
2021-06-10,85.51465606689453,0.0061196869591432,0.0060195464654968,2.880188709879034,0.0060195464654968,-0.0002787818560422428
2021-06-11,131.48475646972656,0.0061458915847366,0.0066270770668666,2.951801443184967,0.0066270770668666,0.0003369749604629213
2021-06-15,73.5105209350586,0.0067801947091645,0.0076355726439538,2.948807742283906,0.0076355726439538,-0.00048364693000280123
2021-06-16,144.7877197265625,0.0072213968577763,0.009428797554011,3.264381038373025,0.009428797554011,-0.0002125327408655231
2021-06-17,138.02365112304688,0.0073454746615161,0.0101221515753345,2.969915248758321,0.0101221515753345,-0.0003076344284073107
2021-06-18,84.50428009033203,0.0076980619906156,0.0084961462146778,3.30619494137014,0.0084961462146778,-0.0005680293494888522
2021-06-21,94.50267791748047,0.0064068327401784,0.0085336382158574,3.026642964485771,0.0085336382158574,-9.232231882227993e-05
2021-06-22,170.60433959960938,0.0057109254600775,0.0090211441142326,2.7278914020149863,0.0090211441142326,-0.0004644319295000754
2021-06-23,41.51087188720703,0.005355802250378,0.003609725592857,2.9603895511539733,0.003609725592857,-6.799100187648843e-05
2021-06-24,76.66112518310547,0.005245475735425,0.0035079840749916,2.8066343442942756,0.0035079840749916,0.00016682476222640297
2021-06-25,54.78801345825195,0.005517833071014,0.0069610001749511,2.773151404010954,0.0069610001749511,0.00010497345125992652
2021-06-28,97.29219818115234,0.0070303931007367,0.0059074839675903,2.986106480488791,0.0059074839675903,7.045753600465332e-05
2021-06-29,95.68627166748047,0.0061522365369981,0.0099634944422234,3.1934937179055174,0.0099634944422234,-0.00010980310569408402
2021-06-30,43.81703186035156,0.0067136807143128,0.0100718781252526,3.041201343447246,0.0100718781252526,-0.0003635709556557565
2021-07-01,64.11421203613281,0.0062568676584937,0.0100948959408832,3.323202731424682,0.0100948959408832,0.0002046440818652684
2021-07-02,78.9751205444336,0.0043964080251215,0.01420502207065,2.82826738834096,0.01420502207065,0.00018109523247122894
2021-07-05,65.9874038696289,0.0045178215187868,0.0140217513978764,2.475228240595536,0.0140217513978764,0.0001848628769776095
2021-07-06,63.3285026550293,0.0055463342406884,0.013845348315943,2.8880100477245128,0.013845348315943,-0.0005859129231156057
2021-07-07,34.77761459350586,0.0048249600931717,0.0148958013168003,2.6810961741376076,0.0148958013168003,1.9453776853417537e-05
2021-07-08,37.85791778564453,0.0047124157847395,0.0149502611315597,2.5279681316458977,0.0149502611315597,0.00015921532398355254
2021-07-09,32.35719299316406,0.0057192372746553,0.0078192656140593,3.451405621117213,0.0078192656140593,-0.00030960301793936384
2021-07-12,69.73827362060547,0.006498591489492,0.0097829914927577,3.4995998949973894,0.0097829914927577,-0.00034278124129660803
2021-07-13,77.247802734375,0.0064368954929398,0.0096944713705591,3.103265752425268,0.0096944713705591,-1.5557603973426204e-05
2021-07-14,56.218509674072266,0.0051702166143458,0.0097909618264389,3.0722723139928503,0.0097909618264389,0.00014757011055954727
2021-07-15,104.51173400878906,0.0053067442464973,0.0106515435091228,2.8949633906790315,0.0106515435091228,0.00019221546771452935
2021-07-16,70.38033294677734,0.0055875699063604,0.0121176441640525,2.8410461106638913,0.0121176441640525,2.551701395980821e-05
2021-07-19,50.573551177978516,0.0056040833357621,0.0105850389171696,3.091399806056965,0.0105850389171696,-6.0620282373302636e-05
2021-07-20,37.430145263671875,0.0056788955686426,0.0104917814403776,2.850893667848287,0.0104917814403776,9.786765943653464e-06
2021-07-21,49.915401458740234,0.0062728491682661,0.0091394454301771,3.123305036940489,0.0091394454301771,-0.00020407806277444873
2021-07-22,95.29304504394531,0.0058731953493089,0.0067949518327216,2.9672636596447632,0.0067949518327216,-0.00018436935975307822
2021-07-23,91.7940444946289,0.0061039548917065,0.00725722991585,3.2555070154649037,0.00725722991585,-0.00012770438595810507
2021-07-26,59.15299606323242,0.007298627694129,0.0155167371207061,3.4248413410477636,0.0155167371207061,-0.00012586481307041986
2021-07-27,79.20344543457031,0.0087593212423216,0.0191372508656125,3.2907656826472738,0.0191372508656125,-0.0004123477101027895
2021-07-28,53.2962646484375,0.0100709284492392,0.0178612118548743,3.37779749054835,0.0178612118548743,-0.00032339217390953134
2021-07-29,30.91729736328125,0.0073976667891544,0.0229064946094082,2.5131219897538637,0.0229064946094082,0.00030316779409345074
2021-07-30,80.90396118164062,0.0060036199250688,0.0229629082116293,2.578201930406393,0.0229629082116293,-0.00015170722583590646
2021-08-02,111.9454574584961,0.0062903718941217,0.024081905124997,2.7411919367681725,0.024081905124997,0.000304121453943873
2021-08-03,50.82042694091797,0.0055376959125222,0.0139583788970451,2.539877925272641,0.0139583788970451,0.0001966153777548385
2021-08-04,89.99213409423828,0.0043465680677776,0.0135845877076921,2.2083047251556964,0.0135845877076921,7.63286712583966e-05
2021-08-05,99.66178131103516,0.0052051279218119,0.0136720738467037,2.882520705383918,0.0136720738467037,0.00034566683377268426
2021-08-06,63.62165832519531,0.0052003663781638,0.0131359806537221,2.8606714370056308,0.0131359806537221,3.047907002273753e-05
2021-08-09,42.60537338256836,0.0041471624730216,0.0085777223175738,2.900006733225315,0.0085777223175738,-0.00011030643126586082
2021-08-10,103.37091064453125,0.004060888511332,0.0093983891460024,2.8684999793797967,0.0093983891460024,0.00011303737372525546
2021-08-11,71.90812683105469,0.0039146144140265,0.0098545448059969,2.682602704768721,0.0098545448059969,0.0
2021-08-12,76.1509780883789,0.0055278035505225,0.0103400378869676,3.15999399204439,0.0103400378869676,-7.439099909123392e-05
2021-08-13,95.29304504394531,0.0052369579517059,0.0103439966626488,3.3123450424300187,0.0103439966626488,-7.480263224413086e-05
2021-08-16,127.20260620117188,0.0056853149916424,0.0078995515545338,3.296459512777157,0.0078995515545338,0.0002186239243400223
2021-08-17,157.74131774902344,0.0058386378951437,0.0075794731292921,3.6257842308983808,0.0075794731292921,0.0001364555465044326
2021-08-18,83.16069793701172,0.0063511145155797,0.0118689692271888,3.389797932265701,0.0118689692271888,7.764831850520792e-05
2021-08-19,49.64338684082031,0.0062754495896187,0.0117604828133068,3.0799619020540376,0.0117604828133068,3.2908403572395883e-05
2021-08-20,68.60346984863281,0.00537375068736,0.0135055053490148,3.2091439615301196,0.0135055053490148,0.00013421045457517877
2021-08-23,189.92799377441406,0.0050405680479015,0.0165350456015061,2.7208807538933018,0.0165350456015061,-0.00015093216116235375
2021-08-24,133.26422119140625,0.0055287045965364,0.0144486560667069,2.7189114197497912,0.0144486560667069,-0.0006235382627609587
2021-08-25,47.52607727050781,0.0057508360397848,0.0134586699308034,2.5724261842697387,0.0134586699308034,0.0003226741930082433
2021-08-26,114.39083099365234,0.0061938523971887,0.0161368721844873,2.920335766511532,0.0161368721844873,-0.00018115640252536203
2021-08-27,103.81266021728516,0.0054641823533472,0.0132548275003843,2.9880843083171005,0.0132548275003843,-5.593177152496409e-05
2021-08-30,107.77188873291016,0.0062516741193195,0.011648366407273,3.1811465819897475,0.011648366407273,0.00042192865041035255
2021-08-31,203.01235961914062,0.0057167060607998,0.0096746959954384,2.98376572271073,0.0096746959954384,0.0006413286330329004
2021-09-01,80.03519439697266,0.0063655698023811,0.0122227576098895,3.569420231437321,0.0122227576098895,0.0005301137484383656
2021-09-02,106.2608871459961,0.0064950744204247,0.0066206181500392,2.9700996790335887,0.0066206181500392,-2.8750089844042925e-05
2021-09-03,98.69049072265625,0.0065004329107289,0.0073168501130123,3.148602710847843,0.0073168501130123,0.0004399980995386521
2021-09-06,81.71419525146484,0.0067265069360928,0.01041508383138,3.2069782506846627,0.01041508383138,-0.00027557754772467025
2021-09-07,117.78018951416016,0.0068663107298595,0.0100293108582416,2.971539778418647,0.0100293108582416,6.810228963916032e-05
2021-09-08,85.30216979980469,0.0062706255255692,0.0106200569521605,3.1444163236216527,0.0106200569521605,4.223720413842891e-05
2021-09-09,73.61261749267578,0.006120807342324,0.0106631013963369,3.180753269870035,0.0106631013963369,8.451401423448246e-05
2021-09-10,65.9410400390625,0.0060902910381425,0.0092822888965126,3.375085531932512,0.0092822888965126,-1.99460260519313e-06
2021-09-13,104.92296600341797,0.0063893873985733,0.0075608012754257,3.3074777739777224,0.0075608012754257,-0.00019028123566622313
2021-09-14,69.78723907470703,0.0068012807326982,0.0085169887523238,3.2647383260054488,0.0085169887523238,7.118436547259854e-05
2021-09-15,65.9686279296875,0.0057621061137608,0.0091151268376098,3.207012883969848,0.0091151268376098,6.163936042979934e-05
2021-09-16,119.12415313720703,0.0067509534945562,0.0094140127491218,3.2514896003761553,0.0094140127491218,-0.0005176510699160808
2021-09-17,151.90768432617188,0.0064371652982525,0.0099379293913387,3.481547364227467,0.0099379293913387,0.00034608776620936865
2021-09-22,54.23030090332031,0.0052711361905976,0.0098773884747994,2.514247089061657,0.0098773884747994,-0.0002550279908769548
2021-09-23,68.83257293701172,0.0055248952743702,0.0101530220569702,2.3683510111153345,0.0101530220569702,-0.0002513173561414783
2021-09-24,92.75189971923828,0.006156120431124,0.0092312220156418,2.251802315786294,0.0092312220156418,0.0002392606022354471
2021-09-27,57.03129577636719,0.0043638757974327,0.0067902691890486,2.7863212334875587,0.0067902691890486,0.00014764233643993485
2021-09-28,96.15580749511719,0.0040945257420775,0.0054966039074197,2.2316609553336733,0.0054966039074197,-0.0003888876380806483
2021-09-29,59.39776611328125,0.0054189423157058,0.0067281875082811,2.8748256397273426,0.0067281875082811,-0.0011860312789920835
2021-09-30,102.68067169189453,0.0060092221879277,0.0067719685310608,2.3952971828244696,0.0067719685310608,0.00012947644248062495
2021-10-08,94.39959716796875,0.0060927108763766,0.0086545325545773,2.401166141025114,0.0086545325545773,0.0003591596880787584
2021-10-11,50.806251525878906,0.005513893045271,0.0085716439370925,2.4253940476134392,0.0085716439370925,-0.0006094104308390635
2021-10-12,81.5680160522461,0.0057208493293265,0.0104177828869806,2.8143241728295205,0.0104177828869806,0.00044656940466980544
2021-10-13,94.00530242919922,0.0051376891922167,0.0095662508745671,2.9352895237933616,0.0095662508745671,-0.00013560611887197815
2021-10-14,55.363250732421875,0.0048919694032592,0.0103279861839833,2.7726815749365894,0.0103279861839833,-0.00022381788549075132
2021-10-15,107.1450424194336,0.0054707716851636,0.0085104627154882,2.725611614221525,0.0085104627154882,0.0002697342002684344
2021-10-18,126.71024322509766,0.0065649595697955,0.009912056991729,2.7008445692894103,0.009912056991729,2.666858133415495e-05
2021-10-19,133.84112548828125,0.0053149629070717,0.0099284625006916,2.449698596852729,0.0099284625006916,-2.0313560113782714e-05
2021-10-20,76.40929412841797,0.004932521414822,0.0082797810651103,2.5656018343805456,0.0082797810651103,-0.00016290027652310357
2021-10-21,94.00530242919922,0.0050042121075327,0.0081212308259667,2.6876208330221303,0.0081212308259667,0.0008977171175563736
2021-10-22,86.04071807861328,0.0055522521745219,0.0084609697604022,2.669461678709702,0.0084609697604022,4.032493835293138e-06
2021-10-25,79.62903594970703,0.0056845201024626,0.0045444270325971,2.8624042937867857,0.0045444270325971,-0.0003091711402793962
2021-10-26,144.6536102294922,0.0063160759797989,0.0043127075930191,3.1653806545225396,0.0043127075930191,4.6344151670485445e-05
2021-10-27,102.93289184570312,0.0048583258640372,0.0079297772480737,2.6934738809655765,0.0079297772480737,0.0004943072957306338
2021-10-28,96.13255310058594,0.0049872818116122,0.0079741499481653,2.8139069741633937,0.0079741499481653,-1.644662453592627e-05
2021-10-29,55.781578063964844,0.0055280706181017,0.0088001815430399,2.6817810001325273,0.0088001815430399,0.0006584392340089895
2021-11-01,124.33229064941406,0.0046306214312145,0.0081309699211693,2.6031922903699893,0.0081309699211693,-9.609172466251703e-05
2021-11-02,62.866249084472656,0.0051346806535961,0.0086736147639947,3.177685672713026,0.0086736147639947,0.0010465811338238318
2021-11-03,73.80557250976562,0.0049547961848371,0.0074097590936526,2.880404181706698,0.0074097590936526,-0.0004229600986906945
2021-11-04,122.68769073486328,0.0057062564354569,0.0089186086345782,2.738655981463139,0.0089186086345782,3.902599336558232e-05
2021-11-05,76.9422836303711,0.0060009013666524,0.0075365833457801,2.813971140342211,0.0075365833457801,-0.00044999205289253386
2021-11-08,46.36564636230469,0.0068426314919396,0.0076922154659144,2.8874597952626617,0.0076922154659144,-0.00016498315109558792
2021-11-09,84.5761947631836,0.0056219453687788,0.0059805368693542,3.1471442613073437,0.0059805368693542,-0.00013203008635598312
2021-11-10,135.30206298828125,0.0064752220942669,0.0062511803085111,3.5116635843279846,0.0062511803085111,3.5262247408018865e-05
2021-11-11,83.04486846923828,0.006612218850947,0.008788485319653,3.0442329681317153,0.008788485319653,0.0003920984003611405
2021-11-12,101.21734619140625,0.0063088657520536,0.0082677223962383,2.9571603185728375,0.0082677223962383,0.00023121434592932033
2021-11-15,141.16055297851562,0.0058866511864286,0.0083908354007292,2.9620476828644677,0.0083908354007292,0.0001290520817329721
2021-11-16,122.86271667480469,0.0058407300820681,0.0083684014307563,3.143087494930126,0.0083684014307563,0.000118785763731033
2021-11-17,126.06885528564453,0.0062769732217922,0.007553752018132,3.1103823597380926,0.007553752018132,4.0937049052836016e-05
2021-11-18,158.1717071533203,0.0045866385342569,0.004244404198852,2.9892278195858495,0.004244404198852,-0.00020460421484680413
2021-11-19,108.7573471069336,0.0046945732970255,0.0073534962517903,2.720943433552061,0.0073534962517903,-6.747928079353649e-05
2021-11-22,128.9940643310547,0.0052765161591529,0.0075481737169869,2.3983944049399324,0.0075481737169869,-0.0004008652177186489
2021-11-23,80.91041564941406,0.0047291688129854,0.0075481436513023,2.4147573012113366,0.0075481436513023,-4.680904757825566e-05
2021-11-24,87.68561553955078,0.004948467465296,0.0075441677343753,2.565877904888813,0.0075441677343753,-8.134942424953273e-05
2021-11-25,118.09510040283203,0.0054591067563161,0.0056168001641787,2.8451836386364775,0.0056168001641787,-4.084583556385191e-06
2021-11-26,58.97747039794922,0.0054013133025831,0.0046325483314271,2.8731387312700853,0.0046325483314271,-0.00015017918639903538
2021-11-29,60.78105545043945,0.0040703477728485,0.0033388074989937,3.129419851343682,0.0033388074989937,0.0009532062391681695
2021-11-30,92.78900909423828,0.0042729115160855,0.0030059714782149,3.0511887711596386,0.0030059714782149,-0.0007114096458049612
2021-12-01,86.94403076171875,0.0042151048073795,0.0036347355224907,2.8221404345756107,0.0036347355224907,9.70396706432286e-05
2021-12-02,93.12439727783203,0.0043674828530758,0.0042753822217086,2.691197800740073,0.0042753822217086,0.0003089814734709151
2021-12-03,106.17205047607422,0.005267998790781,0.0050677837304919,3.0194268648764657,0.0050677837304919,0.0007534717897303977
2021-12-06,120.544677734375,0.0063332933715565,0.005054463652186,3.045158962942943,0.005054463652186,-0.00010218429141328755
2021-12-07,202.4346923828125,0.004630496851493,0.0041321618059447,2.9983611692565946,0.0041321618059447,-0.0001361022351237251
2021-12-08,145.55889892578125,0.0049315100370042,0.0063778384528953,2.7527631328904154,0.0063778384528953,0.00012211429898401072
2021-12-09,104.557373046875,0.007103439260116,0.0073641583606429,3.4104462758197283,0.0073641583606429,0.00011618518737299688
2021-12-10,164.97715759277344,0.0054058946370691,0.0095531928309154,2.5941479486477297,0.0095531928309154,0.0020675205017552933
2021-12-13,110.41893005371094,0.0051119363944955,0.0085306770266662,2.8981060501813625,0.0085306770266662,-0.0006958449798912802
2021-12-14,129.9046173095703,0.0052823537957855,0.0107710839028208,2.432961071987573,0.0107710839028208,2.3764352678812273e-05
2021-12-15,72.01234436035156,0.0055022027907051,0.010575742947397,2.5194997603301243,0.010575742947397,-0.0006787375481605018
2021-12-16,136.24957275390625,0.0038387888412252,0.0069347806189538,2.6137690274014043,0.0069347806189538,0.0008329125700221596
2021-12-17,95.44012451171875,0.0044830230813546,0.0094764061266285,2.755782339078887,0.0094764061266285,-0.00044382040605528417
2021-12-20,53.08602523803711,0.0069236531655663,0.0086975994840825,3.520652015297832,0.0086975994840825,0.0007320298963469085
2021-12-21,101.40513610839844,0.007607839093365,0.0110186338490979,3.117233245190339,0.0110186338490979,-0.0003031548449841104
2021-12-22,141.3362274169922,0.0073271010418896,0.0110746494618914,3.0523242524466565,0.0110746494618914,-0.00016886118390002647
2021-12-23,135.30911254882812,0.0072802453305728,0.0113430306503313,3.003454954010193,0.0113430306503313,0.00034363983311225255
2021-12-24,135.7197723388672,0.0075253577807143,0.0092427710462981,3.349065058564215,0.0092427710462981,-0.00012799752944447906
2021-12-27,78.87065887451172,0.0056686531511307,0.0053069785248972,3.1834309403546497,0.0053069785248972,4.2690649324717e-05
2021-12-28,58.89009475708008,0.005532519742386,0.0054766550150225,3.368453036858579,0.0054766550150225,-6.859956015581314e-05
2021-12-29,37.88884735107422,0.0067636300536002,0.0092373284158918,3.1788631460694705,0.0092373284158918,-0.0002272452754480403
2021-12-30,147.22523498535156,0.0064758474642781,0.0094225042919975,3.2991571303022185,0.0094225042919975,-0.00035748597984675
2021-12-31,76.59115600585938,0.0065177549067227,0.0092413083410773,3.244128863053477,0.0092413083410773,2.024143989531879e-06
2022-01-04,88.9631118774414,0.0058764640493919,0.0095605182327117,3.501224757437011,0.0095605182327117,3.863689050320751e-05
2022-01-05,96.48255157470703,0.0065248979358245,0.0093486023856658,3.5060383435248395,0.0093486023856658,0.0003575553080523708
2022-01-06,70.01464080810547,0.0057481930943613,0.0081829178656022,3.489397947519376,0.0081829178656022,-0.0004149179603463171
2022-01-07,118.95960998535156,0.0059334801395721,0.0063536937647318,3.3522995611656317,0.0063536937647318,4.354894901870132e-05
2022-01-10,130.00657653808594,0.0055032780827336,0.0065628596216611,2.989753252078682,0.0065628596216611,0.0007292604926742996
2022-01-11,188.9130096435547,0.0054246029534371,0.0070482398362208,2.937332838215038,0.0070482398362208,0.0003294281502610463
2022-01-12,78.2134017944336,0.0047373686299661,0.008839403713895,2.763560133990976,0.008839403713895,-0.00020014236931431562
2022-01-13,170.64743041992188,0.0055945233277161,0.0107122533683518,3.1142149111840185,0.0107122533683518,-5.455102409057666e-05
2022-01-14,133.57127380371094,0.0049614425175071,0.0108468284960384,3.153966584224686,0.0108468284960384,0.0003026262882779296
2022-01-17,109.26873016357422,0.0051977949386951,0.0117572580130579,2.946079396167047,0.0117572580130579,-0.00038162336709246514
2022-01-18,138.8214874267578,0.0058906688828921,0.0122643416441328,2.861620835048061,0.0122643416441328,-6.647734472864375e-05
2022-01-19,153.562744140625,0.0060910384470176,0.0113640752311528,3.1569923120616954,0.0113640752311528,0.00020504665857656867
2022-01-20,136.3739776611328,0.0061923155095849,0.0091267854066096,3.2367354124636414,0.0091267854066096,0.00046045767833935436
2022-01-21,185.75144958496094,0.0075154020687243,0.0094068363362034,2.9552413587631436,0.0094068363362034,0.00042073974839351713
2022-01-24,185.8010711669922,0.0060827056581498,0.0087252549634544,2.7629163436399615,0.0087252549634544,0.00016088692574323105
2022-01-25,291.5824279785156,0.0061648954997227,0.0119272676918894,3.0046996193931577,0.0119272676918894,-1.2824595865046362e-05
2022-01-26,260.3373107910156,0.0049042610411313,0.0131616941850644,2.7875498729359616,0.0131616941850644,0.0006179131099504076
2022-01-27,265.0054016113281,0.0063221943355021,0.0129633211038771,2.836080478810731,0.0129633211038771,0.00046126360240372755
2022-01-28,182.23171997070312,0.0076611107086451,0.0130683863103053,3.3932264054524928,0.0130683863103053,-0.0002322101808828192
2022-02-07,195.15126037597656,0.0061480872059617,0.0168254680578717,2.502584883530478,0.0168254680578717,-0.00023515807368867936
2022-02-08,158.38780212402344,0.0064119434134625,0.0142248703902697,2.726509420837421,0.0142248703902697,-3.254558551668563e-05
2022-02-09,117.17926788330078,0.0072162883267775,0.0146362135659238,2.3262651576262936,0.0146362135659238,-0.00042758457687386286
2022-02-10,108.53760528564453,0.005851766482157,0.011243976656774,2.3009327672445528,0.011243976656774,0.0002975112536864888
2022-02-11,179.2779541015625,0.0042508988914474,0.0102088711089079,2.3465083221382437,0.0102088711089079,0.0003978632785237579
2022-02-14,191.8865509033203,0.0060710646192587,0.0078598830339642,3.3789645359496903,0.0078598830339642,0.00044178931265470567
2022-02-15,229.06053161621094,0.0060560795727009,0.0099130072400493,3.141897322701321,0.0099130072400493,-0.00023037668761782815
2022-02-16,223.4668731689453,0.0057426657036306,0.0088062037996316,3.051638581675948,0.0088062037996316,-0.00011908525204940013
2022-02-17,228.45294189453125,0.0059459885852343,0.0089244900617042,3.052163503046915,0.0089244900617042,-9.504060826004412e-05
2022-02-18,226.35154724121094,0.0071438968637669,0.0079016837167562,3.0066632602901655,0.0079016837167562,0.0001419177822981066
2022-02-21,152.3668212890625,0.0060086318641126,0.0051176620666826,3.0447798094655036,0.0051176620666826,-0.00030631637304134873
2022-02-22,279.43438720703125,0.0050888448365598,0.0074051646481709,2.805859441998571,0.0074051646481709,0.0005074554390691599
2022-02-23,431.0212097167969,0.0051341941986809,0.0090046982889715,2.228742481394179,0.0090046982889715,-0.00040433131816330903
2022-02-24,370.7033996582031,0.0063170859726706,0.0126289621842481,2.956624914124115,0.0126289621842481,-0.0001876309277577537
2022-02-25,515.8916625976562,0.004922271327993,0.013671734537921,2.2217953499878194,0.013671734537921,8.309570876274819e-05
2022-02-28,452.6180725097656,0.0051337509833498,0.0138525224910164,2.240018444416356,0.0138525224910164,0.0006224338254563477
2022-03-01,540.827392578125,0.0060946270356132,0.01295456958644,2.252042701665927,0.01295456958644,-0.00011254899669077556
2022-03-02,523.524658203125,0.0054571329780903,0.0126464487604416,2.2360096222389743,0.0126464487604416,-0.0002882146413036857
2022-03-03,436.8221435546875,0.0037606129684651,0.0083017390797784,2.3550190886687528,0.0083017390797784,-4.833199688047962e-05
2022-03-04,350.0732116699219,0.0050836975511127,0.0083147861306896,2.581600204856241,0.0083147861306896,0.00015792798483893478
2022-03-07,362.3121032714844,0.0054270360329398,0.0144849811156541,2.4414903797377914,0.0144849811156541,-4.3648359625891864e-05
2022-03-08,352.1051025390625,0.0083320790271609,0.0104690749044974,3.2761946909744677,0.0104690749044974,-0.00029531365356882944
2022-03-09,295.3064270019531,0.0105493259684196,0.0104271275285675,3.530476899985363,0.0104271275285675,-0.00022945979958921559
2022-03-10,352.40081787109375,0.0080928827873013,0.0176008721832758,2.270907591989503,0.0176008721832758,-0.0006425179253189972
2022-03-11,410.3309631347656,0.0077785667088136,0.018761707294407,2.6775112068647395,0.018761707294407,0.0002159982720137954
2022-03-14,350.1087951660156,0.0062351172555031,0.0183434700136338,2.408616591105193,0.0183434700136338,-0.0004740539272254374
2022-03-15,311.88226318359375,0.0074200400412717,0.0249164297945737,2.591792807669417,0.0249164297945737,-0.0007324298359808745
2022-03-16,473.2239685058594,0.0070545935006245,0.0357615443278271,2.886513295914714,0.0357615443278271,0.00019011910119393072
2022-03-17,290.32562255859375,0.0066956184091375,0.0363070982595445,2.3006340102177893,0.0363070982595445,-0.0005848808305308761
2022-03-18,285.3160400390625,0.006611376988402,0.0364650027679516,2.127218636232337,0.0364650027679516,-0.0018975154480219691
2022-03-21,227.73902893066406,0.0068693434925231,0.0327753469437743,2.053969897447604,0.0327753469437743,-0.00011973910961060596
2022-03-22,244.8419647216797,0.0064372120911223,0.0187364169014699,2.421888400302637,0.0187364169014699,0.0002632704775067385
2022-03-23,267.4743957519531,0.0041939505635097,0.0085509930515049,2.2123571891278235,0.0085509930515049,-0.00015664490003930442
2022-03-24,317.01409912109375,0.005464020858996,0.0051293543888192,2.944249466425549,0.0051293543888192,0.0003129426491421672
2022-03-25,350.7424621582031,0.005683450332411,0.008615950019077,2.7760169639316303,0.008615950019077,-0.0005003998410213484
2022-03-28,281.920654296875,0.0049275349530073,0.0085114081072906,3.0533405864612315,0.0085114081072906,0.00046786107902274665
2022-03-29,233.35958862304688,0.0050897634903928,0.0082482052292544,2.8989577050449173,0.0082482052292544,-7.73982575716925e-05
2022-03-30,233.50888061523438,0.0041487963199598,0.0176726590274727,2.631346574249546,0.0176726590274727,0.000851668517438231
2022-03-31,254.8129119873047,0.0040788898311123,0.0177912493930978,2.5737696972141633,0.0177912493930978,-0.00042846219945491537
2022-04-01,188.15780639648438,0.0044682667885867,0.0157145218957575,2.725127494053979,0.0157145218957575,0.0006388311028844296
2022-04-06,175.74716186523438,0.0049026212339336,0.0151786507016061,2.9431053958194897,0.0151786507016061,0.0005843218698300401
2022-04-07,243.41552734375,0.0043445653351461,0.01704255606354,3.212741859474148,0.01704255606354,-0.00017102869006258015
2022-04-08,219.47674560546875,0.0059680459257008,0.0101210338730564,3.2639127449399696,0.0101210338730564,0.00034284471262546745
2022-04-11,195.2273712158203,0.0057802811655515,0.0169500806357359,2.8556768016398246,0.0169500806357359,-0.0006166821040317627
2022-04-12,226.25242614746094,0.0056612949088864,0.0189549271360818,2.767157357651119,0.0189549271360818,0.0006271918800195841
2022-04-13,258.87689208984375,0.0049882729054324,0.0190598709188349,2.660595562612611,0.0190598709188349,-0.0014207731997308848
2022-04-14,265.656005859375,0.0052125870169032,0.0200483885415431,2.6978934368684406,0.0200483885415431,-0.0004554689661092626
2022-04-15,168.43563842773438,0.0048951250384656,0.0197932740732649,2.7167209189710624,0.0197932740732649,-0.00046531605698330036
2022-04-18,218.6294708251953,0.0043518261697592,0.0122935387234806,2.7031780475987177,0.0122935387234806,-4.320110594835391e-05
2022-04-19,213.5172576904297,0.0031705341520197,0.0088411243290356,2.527954264217256,0.0088411243290356,3.627788862670123e-05
2022-04-20,189.60824584960938,0.0035934540121376,0.0103489710250193,2.7604138351727654,0.0103489710250193,-0.0001473698171877702
2022-04-21,128.264404296875,0.0054093235114177,0.0073232212794189,2.9978885501583927,0.0073232212794189,0.0005634042638433812
2022-04-22,246.79725646972656,0.0057890426247897,0.008994385057718,2.967946462322649,0.008994385057718,0.0005310237539639662
2022-04-25,246.8994598388672,0.0069585802762375,0.0200020542966439,3.0457630792133568,0.0200020542966439,-0.00022800056607041874
2022-04-26,160.5444793701172,0.006182942939122,0.0199404881212902,3.060122703445884,0.0199404881212902,-0.0005467237513173684
2022-04-27,186.6986541748047,0.0058588001828998,0.0290607846037048,3.013264934747194,0.0290607846037048,0.00010012451381835596
2022-04-28,176.37631225585938,0.0056497547327773,0.0290602780838326,2.648149831053626,0.0290602780838326,0.001501827478845419
2022-04-29,148.93714904785156,0.0059439074227911,0.0316413412471787,2.50408734960548,0.0316413412471787,-0.00012696832015934856
2022-05-05,144.69874572753906,0.0075995867369704,0.0162172773809547,2.608126333076034,0.0162172773809547,-0.00028170137659733197
2022-05-06,174.06805419921875,0.0050257895527171,0.0218853480494008,2.129358820323791,0.0218853480494008,-0.0005062902730899044
2022-05-09,150.86941528320312,0.0042692077338739,0.0182649379676031,2.0329285725778465,0.0182649379676031,4.3845282892363e-05
2022-05-10,143.2461700439453,0.0042173160870259,0.0188031962335431,2.5209826825934423,0.0188031962335431,0.0002245476513080824
2022-05-11,176.37631225585938,0.0041636721316254,0.015937106056689,2.4453990968621326,0.015937106056689,0.0005283922784273809
2022-05-12,158.2610626220703,0.0042023958469351,0.0159735905109701,2.509694245850767,0.0159735905109701,-0.00032323069075412825
2022-05-13,162.08282470703125,0.0044622613284438,0.0098162937643609,2.6017076754163195,0.0098162937643609,0.000393776821343117
2022-05-16,168.75344848632812,0.0038785050443906,0.0098193520397781,2.6463041100804583,0.0098193520397781,-0.0004926120818796731
2022-05-17,174.62417602539062,0.0044211554146013,0.0101061637527297,3.167129483819565,0.0101061637527297,0.0006669630947087057
2022-05-18,165.89596557617188,0.0040736739716322,0.0087429784382037,3.0997186952086375,0.0087429784382037,-0.00011021077811312896
2022-05-19,162.38076782226562,0.0030631757942463,0.0082352299318992,2.818578639764574,0.0082352299318992,0.00023007592505530639
2022-05-20,140.9603271484375,0.0040294108635159,0.0113609507547169,2.5444114916314335,0.0113609507547169,0.00030910081102164533
2022-05-23,150.3084716796875,0.0037504344070821,0.0107718269649633,2.4303472566467046,0.0107718269649633,-0.00032549996301145523
2022-05-24,222.35826110839844,0.0045248760714351,0.0154244441890356,2.7087228591323407,0.0154244441890356,-0.0003181488785251041
2022-05-25,155.10350036621094,0.0046740190293506,0.0158195988919172,2.508899261309571,0.0158195988919172,-0.00011045230217743285
2022-05-26,134.57305908203125,0.0057187135342081,0.0158411299458891,2.9758000942468907,0.0158411299458891,0.0003582514323794417
2022-05-27,155.51962280273438,0.0054340996227236,0.0118216049272651,2.6189122017820092,0.0118216049272651,2.499250224952121e-05
2022-05-30,115.82404327392578,0.0050451159691614,0.0126052648652233,2.7053668432020452,0.0126052648652233,0.0001886670671704671
2022-05-31,190.30909729003906,0.0050630232098264,0.0054167800116881,2.644087368937347,0.0054167800116881,-2.6884151304029658e-05
2022-06-01,168.34361267089844,0.0053328713989133,0.0066845455150442,2.654655310431201,0.0066845455150442,-4.897903207645715e-05
2022-06-02,142.59397888183594,0.004784772187733,0.0067818333359573,2.564785847565369,0.0067818333359573,-7.335680751063833e-06
2022-06-06,190.12530517578125,0.0047313831566633,0.0088656522749221,3.391634288028318,0.0088656522749221,-6.720478498067894e-05
2022-06-07,139.0311279296875,0.0052880743024652,0.0091530205870605,3.3054283408892244,0.0091530205870605,0.00025849379495213043
2022-06-08,152.3668212890625,0.0062671264197933,0.0081821768679884,3.4533058419138523,0.0081821768679884,0.0004907841640311439
2022-06-09,115.55469512939453,0.0065681847588845,0.0107661568780019,3.5133827816654004,0.0107661568780019,0.0005223446084692274
2022-06-10,94.34528350830078,0.0066636875080804,0.0115193543512247,3.2980608684826223,0.0115193543512247,0.00041300469173322085
2022-06-13,147.22523498535156,0.0059252994284926,0.0119810530741797,3.1693275896387236,0.0119810530741797,-0.00027920162652850244
2022-06-14,136.36642456054688,0.0050778833592967,0.0123561212434097,3.4560798612902905,0.0123561212434097,0.00034353188686675473
2022-06-15,110.05207824707031,0.0054582639262712,0.0129803332956608,3.165924959141932,0.0129803332956608,-0.00046960093266001923
2022-06-16,132.2822265625,0.005093948769088,0.0120725088918795,2.772981117950947,0.0120725088918795,-0.00037632360066408577
2022-06-17,114.04771423339844,0.0055969179144254,0.0117743364964185,2.999890415106817,0.0117743364964185,-0.001050174217643307
2022-06-20,115.72289276123047,0.0055774961586775,0.0082930336501734,3.1051362819088943,0.0082930336501734,-0.0005146953603558657
2022-06-21,116.76954650878906,0.006986024309564,0.0089202840812616,2.8800456495268447,0.0089202840812616,-0.00011326703744296562
2022-06-22,121.32015991210938,0.0063272002760394,0.0102798122950909,3.0399460290064133,0.0102798122950909,-0.0005382735927655924
2022-06-23,143.56231689453125,0.006153607649435,0.0119982906454656,3.179271077999437,0.0119982906454656,0.0005274565309023593
2022-06-24,149.3589324951172,0.0061605566162661,0.0116053869998295,3.2107457508042136,0.0116053869998295,8.874972123495972e-05
2022-06-27,131.99984741210938,0.0055523156546799,0.0120683865763033,3.064547589026052,0.0120683865763033,0.00045022128376093207
2022-06-28,200.76168823242188,0.0049115848708242,0.0116377038197779,3.0653931438736732,0.0116377038197779,0.0002561606639686076
2022-06-29,181.88807678222656,0.0055928823801957,0.0128154244083128,3.369288527140285,0.0128154244083128,0.000708428488331414
2022-06-30,173.20616149902344,0.0056018106159339,0.0123203123727226,3.089591597189602,0.0123203123727226,-0.00023851558599041756
2022-07-01,119.07923889160156,0.0057126227171944,0.0126610788057651,2.956901292996654,0.0126610788057651,-0.00014549947732100943
2022-07-04,80.43762969970703,0.0056136394443249,0.0120853059727302,2.8413207648684455,0.0120853059727302,0.00030925724863384296
2022-07-05,109.64945220947266,0.0060926923138686,0.0112496484673241,3.2127443651638905,0.0112496484673241,0.00024507401235185355
2022-07-06,138.9888458251953,0.0059277250659338,0.0109793791505934,2.9062471548828466,0.0109793791505934,0.000402515495716127
2022-07-07,88.63056945800781,0.0059607023064652,0.0083327475634973,2.8731918795499025,0.0083327475634973,-0.00027898333074594106
2022-07-08,110.41893005371094,0.0055827921307708,0.0082877397182992,3.0374931829653313,0.0082877397182992,7.677647207593452e-05
2022-07-11,112.85301208496094,0.0049182774223945,0.0090176491453265,2.783442244323102,0.0090176491453265,-0.0005691859264190802
2022-07-12,113.63867950439453,0.0050671221194533,0.0086323528358225,2.874694814777678,0.0086323528358225,8.578218280885785e-05
2022-07-13,182.87045288085938,0.0052640145700143,0.0085830675818395,2.7423099554339228,0.0085830675818395,-0.00042560081419285023
2022-07-14,165.35279846191406,0.0053447903186027,0.0076151505319971,2.752961545689215,0.0076151505319971,0.00029392705054598345
2022-07-15,192.0329132080078,0.0055700449555421,0.0089737697637435,2.9820955476846613,0.0089737697637435,-0.0007549850178986128
2022-07-18,128.70916748046875,0.0072072300942019,0.0105979206169039,3.2080929618925476,0.0105979206169039,0.0003915253407786867
2022-07-19,151.07994079589844,0.0066001804868628,0.0101157043866423,3.2009735020812196,0.0101157043866423,-0.00016393289055838256
2022-07-20,149.56410217285156,0.0055107332958306,0.0102874576047684,3.016963662864723,0.0102874576047684,-4.435117729029159e-05
2022-07-21,117.50662994384766,0.0054395011466015,0.0109944638618072,3.071916158368395,0.0109944638618072,-0.00023837227140433015
2022-07-22,125.4760513305664,0.0047537008119815,0.0082426732002738,3.1662061452069903,0.0082426732002738,-3.3031566380570254e-05
2022-07-25,109.55962371826172,0.004751845079846,0.0057399747557919,3.143792726876075,0.0057399747557919,-0.00027291345795577016
2022-07-26,160.8621063232422,0.005111389422284,0.0075706143880145,2.9149083600608634,0.0075706143880145,-2.590618663300681e-05
2022-07-27,145.54339599609375,0.005461563664904,0.0072526385909089,2.985013966298926,0.0072526385909089,5.20732244213562e-05
2022-07-28,106.68494415283203,0.0060692786836922,0.0055351677827255,3.235755799596614,0.0055351677827255,-0.00014196915956632417
2022-07-29,68.24624633789062,0.0058016108300469,0.0078231958469698,3.219370837990706,0.0078231958469698,5.515759484109317e-05
2022-08-01,130.93153381347656,0.0053135775252518,0.0082701131083474,3.0446801873554756,0.0082701131083474,1.1937077278201258e-05
2022-08-02,204.4794921875,0.0051104206380927,0.0097437116508773,2.9660304739071104,0.0097437116508773,0.00019969801763197736
2022-08-03,210.2315673828125,0.004289296743574,0.0097762991829362,2.608348477891135,0.0097762991829362,-4.425692620890764e-05
2022-08-04,212.0501708984375,0.0033944985722716,0.0119032779086373,2.4609536890185963,0.0119032779086373,-7.801338904778188e-05
2022-08-05,163.9325408935547,0.0035748785689709,0.0136735681309042,2.3542964046563695,0.0136735681309042,0.0001419524964392238
2022-08-08,149.09796142578125,0.0041234138383752,0.0133839642811069,2.060867081415422,0.0133839642811069,-0.00020246281553470968
2022-08-09,212.57118225097656,0.0056165803337687,0.0090643900011558,2.732840077207787,0.0090643900011558,-0.000382406418655723
2022-08-10,80.65382385253906,0.0057448568316381,0.0095609453358053,3.304506570334753,0.0095609453358053,2.433249872924037e-06
2022-08-11,130.26951599121094,0.0053209719834799,0.0125523610827889,3.4534651007900106,0.0125523610827889,0.0001502536424584644
2022-08-12,182.54019165039062,0.0053908924238747,0.0115717288621727,3.196690515739399,0.0115717288621727,-1.1929757587347822e-05
2022-08-15,110.41893005371094,0.0052454751880961,0.0115095690835013,3.29125176772377,0.0115095690835013,-0.00014332533896432853
2022-08-16,96.5411376953125,0.0052145198592462,0.0116278295286198,3.22993667864869,0.0116278295286198,-6.94090418440485e-05
2022-08-17,156.08956909179688,0.005444077494407,0.0096660099583627,3.379590150326628,0.0096660099583627,0.00021109706432764774
2022-08-18,100.73998260498047,0.0055224182474958,0.0064742744007616,3.160368403663626,0.0064742744007616,-0.00014351663596989805
2022-08-19,117.67557525634766,0.005489129880452,0.0070617499922857,3.191523104443754,0.0070617499922857,-0.00013729514119731334
2022-08-22,101.72952270507812,0.0055606730421716,0.0082013476617881,3.168004311583391,0.0082013476617881,0.00022246302449224764
2022-08-23,145.3411865234375,0.0055469318308497,0.0084603575803843,3.089945896870331,0.0084603575803843,-0.00023786240981049644
2022-08-24,102.45054626464844,0.0065439770631247,0.0093856073163084,3.5165961684636105,0.0093856073163084,-0.00019592380523203445
2022-08-25,149.11880493164062,0.0068840785166065,0.0112417361665907,3.5279703500440505,0.0112417361665907,0.00023084642880566442
2022-08-26,108.25385284423828,0.0069859988917996,0.0110259811199081,3.017474211580519,0.0110259811199081,-0.00012414619065936883
2022-08-29,120.45700073242188,0.0048727828805866,0.0097043840374181,2.978100422544552,0.0097043840374181,0.00039629149441022804
2022-08-30,115.27250671386719,0.0045125670437487,0.0097096931686901,2.885244551223339,0.0097096931686901,-9.813952004833482e-06
2022-08-31,97.74789428710938,0.0050165538007749,0.0051002389442034,3.2485387227642164,0.0051002389442034,0.0014239978001688858
2022-09-01,187.71217346191406,0.0047010421050071,0.0034221480286812,3.0278627184141844,0.0034221480286812,-0.0005709272006031441
2022-09-02,84.12870788574219,0.0045743393031026,0.0033619079380927,2.897488033965124,0.0033619079380927,-0.0005936413313462063
2022-09-05,83.9590835571289,0.006418618385625,0.0034772495912767,3.3887633391921392,0.0034772495912767,0.00017684919496252505
2022-09-06,119.15711212158203,0.0074152058795117,0.0067317992756215,3.1795016658287607,0.0067317992756215,-9.376557618934189e-05
2022-09-07,124.28883361816406,0.0057814323637051,0.0067261498414759,3.075655142774157,0.0067261498414759,7.892153719435413e-05
2022-09-08,99.42936706542969,0.0056240778156241,0.0057307906183752,2.96705832140939,0.0057307906183752,0.00023038335294467416
2022-09-09,94.32772064208984,0.0054361856973333,0.0077343106637385,3.0040714553873737,0.0077343106637385,2.1985001343649557e-05
2022-09-13,132.26222229003906,0.0042790223580401,0.0070975338872156,2.954080261007043,0.0070975338872156,0.0003990782266325432
2022-09-14,202.9320831298828,0.0032168736580091,0.0093700460661863,2.5974620216686732,0.0093700460661863,-0.00022133360877074626
2022-09-15,95.6089096069336,0.0049601572719077,0.0103998636259193,3.1051384418840366,0.0103998636259193,0.0003875237234074458
2022-09-16,127.40645599365234,0.0055781075105494,0.0144875256927821,3.0557544207192557,0.0144875256927821,-0.0010033963059775663
2022-09-19,122.18487548828125,0.0054228422876357,0.010562758800072,2.9574818640791154,0.010562758800072,0.00025719444154437276
2022-09-20,109.77320098876953,0.0055772545261694,0.0097339159638624,2.745843077666941,0.0097339159638624,-0.00020083231010536995
2022-09-21,189.75428771972656,0.0059076081971352,0.0096523114059698,3.1059463511196306,0.0096523114059698,-5.379181032494351e-05
2022-09-22,225.8568878173828,0.0054283134757647,0.0096349190639765,2.830804264283964,0.0096349190639765,9.304778003516034e-05
2022-09-23,187.7991180419922,0.0060847782111552,0.0041909404180764,2.960377380492264,0.0041909404180764,2.59335427021945e-06
2022-09-26,163.0200653076172,0.0058150183966259,0.0039070043697485,2.6042249303412173,0.0039070043697485,-0.0003647657161914841
2022-09-27,155.8855438232422,0.0062017728591967,0.0094718655289292,2.7580023704518943,0.0094718655289292,-1.0276594542113493e-05
2022-09-28,202.5867919921875,0.0061206944923434,0.0113870675340883,2.7103044500885916,0.0113870675340883,0.0001332218797347462
2022-09-29,156.9405975341797,0.0055177381360749,0.0110827590560482,2.9403147815984076,0.0110827590560482,0.0004391628719160323
2022-09-30,162.7410430908203,0.0051180971014419,0.0112024273089172,3.046474977803176,0.0112024273089172,0.00010251018530693656
2022-10-10,193.3405303955078,0.0051521721957324,0.0142855389663928,2.9889841136603046,0.0142855389663928,-0.0004029614983720453
2022-10-11,228.25112915039062,0.0049930564685451,0.0103007581809472,2.9011650923541143,0.0103007581809472,-0.0005147991344939262
2022-10-12,181.95040893554688,0.0062252447218232,0.0135028236083712,3.305607461871701,0.0135028236083712,3.43535455502586e-05
2022-10-13,133.84112548828125,0.0063429757581255,0.0136977140514126,3.147525973954117,0.0136977140514126,-7.993669014128013e-05
2022-10-14,147.22523498535156,0.0057319281409621,0.0183115490290258,2.857945559145755,0.0183115490290258,-0.00039022156780621486
2022-10-17,171.66856384277344,0.005708048375617,0.0127654260224132,2.6876888425787655,0.0127654260224132,-0.0002209364586746032
2022-10-18,128.9849395751953,0.0063027257636153,0.0132546390869391,2.767576066266761,0.0132546390869391,-0.00017713176780109752
2022-10-19,160.19326782226562,0.0049698824088893,0.0150522680641047,2.6596916399665167,0.0150522680641047,-0.00046846465341554566
2022-10-20,159.91705322265625,0.0045958426341679,0.0147427576063814,3.1709403464072823,0.0147427576063814,-0.0006573694576037514
2022-10-21,174.34567260742188,0.0048743639675616,0.0065383144571377,2.9019418982401217,0.0065383144571377,-0.00022704568159115368
2022-10-24,93.57535552978516,0.006215777394324,0.0114725352552565,3.4985603934549534,0.0114725352552565,-0.0009019289730933799
2022-10-25,139.72164916992188,0.006248016057876,0.0115713833846832,3.2666055144662205,0.0115713833846832,0.0006040946028698091
2022-10-26,133.39198303222656,0.0062252147789674,0.0138456726630088,2.8232207222732573,0.0138456726630088,-2.734549113814211e-06
2022-10-27,180.4924774169922,0.0062806345586277,0.0138435176809821,2.9203373023529857,0.0138435176809821,-0.0004569478088527479
2022-10-28,203.68539428710938,0.0061950819056083,0.0157400746250964,2.859392846857774,0.0157400746250964,-0.00033874095632224765
2022-10-31,113.79048919677734,0.0067874132468245,0.0120077183959237,2.922381827424311,0.0120077183959237,-3.134965985618354e-05
2022-11-01,136.88296508789062,0.0067100492003944,0.022854187759808,3.073354972429573,0.022854187759808,0.0002917610532022774
2022-11-02,150.81610107421875,0.006256144818733,0.0232380284810779,2.872056888946466,0.0232380284810779,-0.0001005932281725741
2022-11-03,186.55252075195312,0.0061122749678857,0.0233412427648612,2.8280086910144706,0.0233412427648612,-0.00015897031092393377
2022-11-04,115.8915786743164,0.0049795511289657,0.0214839488535449,2.8417783301690873,0.0214839488535449,0.00013805370820230145
2022-11-07,139.72164916992188,0.0047868112645735,0.0190592726091727,3.086117958903846,0.0190592726091727,-2.6487259628060755e-05
2022-11-08,225.73756408691406,0.0049535040917266,0.0167959895711642,2.810274145603501,0.0167959895711642,0.0002774598550272511
2022-11-09,137.41021728515625,0.0045148282128106,0.0176956294364323,2.7740385034471253,0.0176956294364323,0.00040940004040135314
2022-11-10,98.15015411376953,0.004783656038109,0.0176333087018168,2.733389011083962,0.0176333087018168,1.627944204929399e-05
2022-11-11,111.09221649169922,0.0043849503560944,0.0155591088635523,2.5065010322870336,0.0155591088635523,-0.00016362897394073261
2022-11-14,188.92971801757812,0.0040330614041457,0.0155518218496608,2.188489596008475,0.0155518218496608,0.00010280391076622486
2022-11-15,196.5082550048828,0.0045003502389671,0.0165082297633843,2.2242861187598426,0.0165082297633843,0.00015004954221953248
2022-11-16,170.58071899414062,0.0043812121679115,0.0162350379367255,2.003495862116383,0.0162350379367255,-0.00014341814995810775
2022-11-17,153.21286010742188,0.004939893356278,0.0155138330864435,2.1436427580170525,0.0155138330864435,0.0005109112298287144
2022-11-18,77.71419525146484,0.0053795272720586,0.0107548486863652,2.591958516600717,0.0107548486863652,-0.000788525378689342
2022-11-21,107.62855529785156,0.0046930861704567,0.0114897937695572,2.6467808702199696,0.0114897937695572,4.5105281032409295e-05
2022-11-22,105.24880981445312,0.0033367971996627,0.003527809248007,2.698708687554049,0.003527809248007,0.0006344268126292629
2022-11-23,105.60198974609375,0.0038298072942905,0.0038714383310249,2.8642239615070726,0.0038714383310249,5.8304247464446846e-05
2022-11-24,46.46888732910156,0.0033592595134822,0.0038935438798173,2.4950328155180053,0.0038935438798173,-0.0001756501049907655
2022-11-25,80.51380157470703,0.0034847707693751,0.0052430698199786,2.5539329581124983,0.0052430698199786,-5.296638223717398e-05
2022-11-28,87.9999008178711,0.0039223816368223,0.0062290785915721,2.3085309671207623,0.0062290785915721,-6.428318887474749e-05
2022-11-29,100.55011749267578,0.003938547392901,0.0160833184750049,2.082816162736609,0.0160833184750049,0.0010977576608917072
2022-11-30,81.59033203125,0.002941077973817,0.0160759955565611,1.9834251902453752,0.0160759955565611,0.0016325427112686697
2022-12-01,65.94698333740234,0.0028541819229578,0.0154447935206507,1.89919569837188,0.0154447935206507,0.00015664482198984864
2022-12-02,109.09654235839844,0.002895258094172,0.0166200034021404,1.586463647280934,0.0166200034021404,-0.00014206379956094306
2022-12-05,98.96951293945312,0.0030522165511123,0.0146370979465043,2.2060775097156826,0.0146370979465043,-3.5469797467380104e-05
2022-12-06,139.096923828125,0.00383643040029,0.0097304246359156,2.529582845458429,0.0097304246359156,0.00047399100425571383
2022-12-07,127.40645599365234,0.0037393109544602,0.0103191427391737,2.449698104675309,0.0103191427391737,-0.0002298357053556188
2022-12-08,140.9603271484375,0.004463261832778,0.0100265515236902,2.8684376558481226,0.0100265515236902,0.0003436235099119056
2022-12-09,117.3084716796875,0.0045712885106829,0.0087274279204127,2.7578518367901306,0.0087274279204127,0.0006707445264242384
2022-12-12,158.36978149414062,0.0053840491554827,0.0080234726004936,2.9063541833062985,0.0080234726004936,0.0002099878308257086
2022-12-13,152.62684631347656,0.0052983706111725,0.0075266813905233,2.8858617659954304,0.0075266813905233,-0.0001292385820247377
2022-12-14,133.39198303222656,0.004992838389074,0.007617353681999,3.1493490568113893,0.007617353681999,0.0005059589313134438
2022-12-15,73.61261749267578,0.0049443305997855,0.0076181071890531,2.90938465743468,0.0076181071890531,0.0003391846911267038
2022-12-16,98.7958755493164,0.0034408895823492,0.0052799256992114,2.9838262268822175,0.0052799256992114,0.0026065239163783893
2022-12-19,171.4579620361328,0.0050843398977732,0.0071038838968062,3.313010011636993,0.0071038838968062,0.0004985506054562272
2022-12-20,132.74404907226562,0.006204021904209,0.0092094953139019,3.428189554444057,0.0092094953139019,-0.0003942013246209797
2022-12-21,169.54087829589844,0.0057368803833181,0.0088057300931134,3.287483646391503,0.0088057300931134,0.0001227131619003785
2022-12-22,159.0032501220703,0.0049382586932769,0.0091951419616004,3.186276931786445,0.0091951419616004,3.128331999446843e-05
2022-12-23,114.92581939697266,0.0049285406435605,0.0088024962524427,2.9365082030089367,0.0088024962524427,-9.664132226228084e-05
2022-12-26,64.6985855102539,0.0059221143981771,0.0080916586511899,2.603781548748036,0.0080916586511899,-0.0006474292638027901
2022-12-27,146.81739807128906,0.005082373226193,0.0052083330519802,2.6385110874871227,0.0052083330519802,2.5721223095853674e-06
2022-12-28,151.88629150390625,0.005120924014078,0.006139978146614,2.583301603043572,0.006139978146614,1.8082295108357016e-05
2022-12-29,116.48590087890625,0.0058405478487994,0.0067015304604825,2.59127794526289,0.0067015304604825,6.223323981058293e-05
2022-12-30,150.22982788085938,0.0035536866686864,0.0065304701123924,2.455142157318248,0.0065304701123924,-0.0013181178000071236
2023-01-03,198.44876098632812,0.0037200176768437,0.0065451661879037,2.6517822540670433,0.0065451661879037,-0.00012601616607377242
2023-01-04,94.28560638427734,0.003978460295646,0.0040720281969366,2.5510846121658033,0.0040720281969366,-0.00013869304916669378
2023-01-05,100.73998260498047,0.0042370797694283,0.0086676827058375,2.7677674891104003,0.0086676827058375,0.00016129276148335592
2023-01-06,88.7294921875,0.0040312351410225,0.0073796225186809,2.47198312512092,0.0073796225186809,-0.00016827575121314275
2023-01-09,86.12676239013672,0.0038234659109861,0.0072614284673038,2.6048172051365555,0.0072614284673038,-2.7409343596129787e-05
2023-01-10,114.62171936035156,0.0046975187914383,0.0077062777460619,2.7436454743528573,0.0077062777460619,1.7424204709515223e-05
2023-01-11,129.44314575195312,0.0047618412974645,0.0083502244602899,2.964136197634004,0.0083502244602899,-9.226012367835601e-05
2023-01-12,114.44572448730469,0.0052085524857842,0.0036372413012283,3.0518236642201497,0.0036372413012283,0.00027385187600970085
2023-01-13,103.69776916503906,0.004410868050589,0.0063789551949296,3.265561568187745,0.0063789551949296,0.0008155124218263143
2023-01-16,107.10379791259766,0.0062109917740171,0.0080518034840872,3.758735256334981,0.0080518034840872,0.0006867998993984603
2023-01-17,127.40645599365234,0.0062951837086385,0.0082672753694108,3.553986609034689,0.0082672753694108,0.0007522743600225645
2023-01-18,76.7813720703125,0.0067736932441921,0.0082259812170999,3.3509057443396246,0.0082259812170999,0.0004771893787818282
2023-01-19,115.06175994873047,0.0067855883541064,0.0079230130149805,3.4670357884358003,0.0079230130149805,0.0006043096183940833
2023-01-20,152.3668212890625,0.007073507891361,0.0068251953620469,3.392594195647022,0.0068251953620469,0.0011012873091000852
2023-01-30,155.17120361328125,0.0031974911179525,0.0037145144769367,2.289263466959716,0.0037145144769367,0.0002190251950395794
2023-01-31,148.3239288330078,0.0046510113946342,0.0072310080131531,2.1220602755372973,0.0072310080131531,-0.0009493343844109159
2023-02-01,108.70256805419922,0.0044840442090319,0.0078855278773039,2.3583038145542603,0.0078855278773039,0.00014778407316740072
2023-02-02,130.60302734375,0.0036969931285186,0.0081463025186667,2.3975828669292554,0.0081463025186667,-0.0003036519526973258
2023-02-03,116.32762908935547,0.0033504846347073,0.0087596163842282,2.4174268689234277,0.0087596163842282,-0.00042718540329189647
2023-02-06,112.52884674072266,0.0046797642256246,0.0090415138716148,2.409774851115412,0.0090415138716148,0.0012592668812811958
2023-02-07,138.02365112304688,0.0036687913934952,0.0089874304340023,2.286940895951989,0.0089874304340023,-0.00013675915004185413
2023-02-08,134.977294921875,0.0039384511590769,0.0057708313773038,2.325981521448385,0.0057708313773038,1.71734047746952e-05
2023-02-09,169.5853729248047,0.0039896413858498,0.0104749831634341,2.2833671475236,0.0104749831634341,0.00020338884557435932
2023-02-10,147.8824920654297,0.0030874295003665,0.0099884340048219,2.306272346855896,0.0099884340048219,-0.00037002504972205585
2023-02-13,110.41893005371094,0.0054888318134498,0.0083932923237327,3.0701553682435923,0.0083932923237327,-7.963512633024639e-05
2023-02-14,82.66657257080078,0.0060410765691057,0.0084565875567339,2.6640970196190485,0.0084565875567339,0.00043683087646151364
2023-02-15,119.27412414550781,0.0061074071552667,0.0086246356065203,2.898688306319282,0.0086246356065203,-6.304635119247504e-05
2023-02-16,134.74850463867188,0.0073012065686302,0.0067537889831585,3.3284550383703535,0.0067537889831585,-0.00025643906275185646
2023-02-17,106.09647369384766,0.0082094244525099,0.008802909462184,3.2889158121016555,0.008802909462184,-0.00011648137041564421
2023-02-20,146.02967834472656,0.0087660586061007,0.0149134601040256,3.2462022847926795,0.0149134601040256,0.0003848108618311752
2023-02-21,174.98080444335938,0.0080855491817737,0.0149763264764797,3.055672252187854,0.0149763264764797,0.0003379234603364534
2023-02-22,150.3084716796875,0.0064243721801469,0.0154018857944097,2.991359930287654,0.0154018857944097,-0.00038213273879661447
2023-02-23,127.8748550415039,0.0063645768869088,0.014972964146794,3.073743044655863,0.014972964146794,-2.6804686434012126e-05
2023-02-24,110.97380065917969,0.0059753895239523,0.0140443177902111,3.0330481268047285,0.0140443177902111,-0.0007750602824663222
2023-02-27,125.6263198852539,0.0052793238922158,0.0054656781895705,2.9297657702968074,0.0054656781895705,-0.00012610184578476513
2023-02-28,146.95309448242188,0.0041876413253788,0.0067517675509655,2.804077163291513,0.0067517675509655,-0.0010874127676495648
2023-03-01,92.77371978759766,0.004208041504791,0.0094992231885625,3.000470771401771,0.0094992231885625,0.0004969829498482348
2023-03-02,121.40300750732422,0.0049944751654379,0.0095881629561421,2.7542124654893976,0.0095881629561421,0.0003401079599838486
2023-03-03,154.6261444091797,0.005240697084879,0.00730998345469,2.7307087370081646,0.00730998345469,-0.0001815409193232087
2023-03-06,106.85701751708984,0.0052920904046574,0.0075741624098861,3.00954472722276,0.0075741624098861,-9.977077057099493e-05
2023-03-07,161.43118286132812,0.0058944080091426,0.0106184378469802,3.4648248831502064,0.0106184378469802,-0.00019261018907901217
2023-03-08,125.93231964111328,0.0060089558984444,0.0064646988643535,3.2486634243263417,0.0064646988643535,0.0001239584392145332
2023-03-09,147.4773406982422,0.0059338474922847,0.0063746321861424,3.411399637728832,0.0063746321861424,-0.0008326705110359711
2023-03-10,113.44409942626953,0.0053273005032268,0.0054068329182801,3.180798489953375,0.0054068329182801,-0.00031750831569399285
2023-03-13,144.29745483398438,0.0047825754728886,0.0100265422763915,3.119185725634566,0.0100265422763915,0.00023204982334257274
2023-03-14,117.3084716796875,0.0050657733280523,0.0085626149529741,3.2992367810444665,0.0085626149529741,-0.0005493003318376433
2023-03-15,101.751220703125,0.0035970551638066,0.0087078219266105,2.70662199874663,0.0087078219266105,-0.0005264477312609817
2023-03-16,112.81190490722656,0.0043916171738317,0.0097571429603111,2.6055219307813946,0.0097571429603111,7.108637756525482e-05
2023-03-17,85.22901153564453,0.0047346375570469,0.0088520664832789,2.7460120690285983,0.0088520664832789,-0.0009791303908950333
2023-03-20,94.06885528564453,0.0043321011668549,0.0064960251825539,2.615988027045113,0.0064960251825539,-0.00011422682401207584
2023-03-21,129.9046173095703,0.0043212451327022,0.008864846052784,2.6582413964986875,0.008864846052784,1.2555463761110275e-05
2023-03-22,114.43415832519531,0.0048714166186791,0.0090862258086701,2.411010577302595,0.0090862258086701,4.0007201296266004e-05
2023-03-23,100.5713119506836,0.0049641286812746,0.0063302309911272,2.8218270885443917,0.0063302309911272,0.0003021394943374389
2023-03-24,72.6195297241211,0.0058816693285121,0.0072782703262363,2.762381784770977,0.0072782703262363,-0.00010924918497612346
2023-03-27,120.9456787109375,0.0057707474542407,0.0068977999257386,2.9585564614162747,0.0068977999257386,-0.00029150523837406794
2023-03-28,76.7618179321289,0.0048250741973827,0.0060259399781207,3.1521715722382293,0.0060259399781207,0.00013503477145371257
2023-03-29,79.95852661132812,0.0043499901874248,0.0057630654795967,3.182685426246352,0.0057630654795967,-0.00010482808194567372
2023-03-30,129.30096435546875,0.0049230232110851,0.00501346522534,3.30000155852483,0.00501346522534,4.95254226375863e-05
2023-03-31,90.4455337524414,0.0044470190158653,0.0048469552615629,3.012586196280756,0.0048469552615629,-0.0003158770152583701
2023-04-03,84.60388946533203,0.0053644015504576,0.0052138480447798,3.3222456003708443,0.0052138480447798,-0.0002370745489472803
2023-04-04,119.4284439086914,0.005254550071015,0.0035695177537708,3.467271678943777,0.0035695177537708,0.00027303820828428194
2023-04-06,173.69268798828125,0.0050500840724704,0.0045226311930259,2.890276430177158,0.0045226311930259,6.835336737998077e-05
2023-04-07,169.00856018066406,0.0054374869514028,0.0042552991768767,2.852046918298387,0.0042552991768767,8.003977734394319e-05
2023-04-10,142.78309631347656,0.0056218855220354,0.0058014288958937,3.072628530977628,0.0058014288958937,-8.525855265062443e-05
2023-04-11,92.75189971923828,0.0052334469741576,0.0043126595382549,3.026641947301983,0.0043126595382549,4.877894115518089e-06
2023-04-12,119.4284439086914,0.0052073652354765,0.0040691064261908,2.8541209705380313,0.0040691064261908,-0.00021472998923910414
2023-04-13,126.19306182861328,0.0054860670825234,0.0050705118371273,3.027324007741414,0.0050705118371273,-0.000312020146182701
2023-04-14,119.80353546142578,0.0044220398733098,0.0047472164143877,2.9432657610724946,0.0047472164143877,-0.00022477839781864795
2023-04-17,91.62421417236328,0.004633559503716,0.0079722301704585,2.8915476187586178,0.0079722301704585,0.00037368937492621157
2023-04-18,106.85701751708984,0.0043176056377635,0.0077528282289167,2.9014257445635123,0.0077528282289167,0.00015860161437220022
2023-04-19,158.03074645996094,0.0044516359319671,0.0094529049312269,2.943128595486483,0.0094529049312269,-0.00012605816129618308
2023-04-20,95.6698226928711,0.0047871304025215,0.0087023850808947,3.2368105041673068,0.0087023850808947,3.4039407908803554e-05
2023-04-21,140.05340576171875,0.0071649604879366,0.0126150005581991,3.772516542336706,0.0126150005581991,-0.0003743108713758492
2023-04-24,159.4671630859375,0.0072552091120317,0.0087016254920405,3.523395751382049,0.0087016254920405,-0.00035140209435646774
2023-04-25,180.23350524902344,0.0081008610370329,0.0066044717772644,3.5165943596717435,0.0066044717772644,-0.00015139013996012807
2023-04-26,105.3466796875,0.007310496516932,0.0077393857896562,2.96463847967618,0.0077393857896562,4.29394856356069e-05
2023-04-27,117.88497161865234,0.0067246810107665,0.0103765364228223,2.887570880444681,0.0103765364228223,0.0003285587806707291
2023-04-28,117.88497161865234,0.0060921090035137,0.0091847859532491,2.736166445619051,0.0091847859532491,8.439342227739566e-05
2023-05-04,118.08403015136719,0.0068778836113958,0.0062376541351053,2.67746635277108,0.0062376541351053,2.4812418120134794e-06
2023-05-05,69.73827362060547,0.0046738875053848,0.0057617663233501,2.987391449686716,0.0057617663233501,-0.0001045478306325176
2023-05-08,51.75886917114258,0.0047573528719602,0.0064180685560673,2.9247817197472035,0.0064180685560673,-0.0002633048947642269
2023-05-09,116.35051727294922,0.0054903492499271,0.0086346912975872,3.298072806036124,0.0086346912975872,-3.2274001305898636e-05
2023-05-10,118.51763153076172,0.0061109212896724,0.0080789973819442,3.085019206374614,0.0080789973819442,-0.0001300848803844623
2023-05-11,137.27757263183594,0.0057148924934574,0.0080143581352426,2.992721886945621,0.0080143581352426,-0.00034568791895872586
2023-05-12,146.2168426513672,0.0064971517846917,0.0095286851227385,3.2643209131447395,0.0095286851227385,-4.570917789503692e-05
2023-05-15,135.86703491210938,0.0067464500557986,0.0112178433282527,3.276440392197824,0.0112178433282527,0.00020009554562294696
2023-05-16,137.52537536621094,0.0070137804057474,0.0109040510219037,3.109414065821833,0.0109040510219037,-1.0054672280546129e-05
2023-05-17,89.37788391113281,0.0069241314688873,0.0106097540510584,3.073086510264851,0.0106097540510584,1.5151094287846334e-05
2023-05-18,125.21733856201172,0.0066532990249702,0.0106152739124259,3.1352033970554256,0.0106152739124259,-0.00032597489235242083
2023-05-19,160.85305786132812,0.0058218903211837,0.0086193357956665,3.1168411871913446,0.0086193357956665,-0.0002737212402613709
2023-05-22,78.2496337890625,0.0053749307552471,0.0046233884268151,3.3135080058716717,0.0046233884268151,-0.0001889130697617647
2023-05-23,183.6913604736328,0.0054510319879447,0.0073525941581256,3.0572062325062572,0.0073525941581256,-0.0007839111805651999
2023-05-24,115.21974182128906,0.0055428641963926,0.0087865613390995,3.000545014927358,0.0087865613390995,-0.0006603412021835009
2023-05-25,106.28559112548828,0.0053671590197899,0.0086632288786615,3.0389350091115017,0.0086632288786615,-0.00021031804762539075
2023-05-26,61.34384536743164,0.0052293672556273,0.008977936432092,2.909225562038995,0.008977936432092,-0.0003218948182722725
2023-05-29,44.966983795166016,0.0050142127674379,0.0066646828820545,2.850966653198244,0.0066646828820545,0.00015652146691924607
2023-05-30,111.29180908203125,0.0052491723249257,0.0059509733414237,3.1254835833887986,0.0059509733414237,0.0003544999335312049
2023-05-31,219.58306884765625,0.0056618367547959,0.0044789510604864,3.156754393430205,0.0044789510604864,-0.0004920521733181582
2023-06-01,182.39715576171875,0.0059790316454209,0.0050997713506732,3.159357548127754,0.0050997713506732,0.00017077310297364257
2023-06-02,129.57322692871094,0.005096555943257,0.009169701645275,2.802494302607327,0.009169701645275,0.00016316171138508473
2023-06-05,107.08731079101562,0.0057687804098769,0.0091883612891149,2.5538744641960607,0.0091883612891149,-0.00034585160105882196
2023-06-06,133.4734344482422,0.0049636649454457,0.0101876121339904,2.9579818632751587,0.0101876121339904,-0.00041997396161452816
2023-06-07,142.2924346923828,0.0049709634218975,0.0092938822491547,2.903905646848732,0.0092938822491547,-0.0009412298209026115
2023-06-08,78.73674774169922,0.0050591458728249,0.0100655173976656,2.9039102510590347,0.0100655173976656,0.00031945786429332657
2023-06-09,96.3266830444336,0.0057969278190272,0.0072456597225567,2.762005245842839,0.0072456597225567,0.0006389776357826893
2023-06-12,65.72555541992188,0.0046748243989266,0.0070987971725751,3.1607938688508677,0.0070987971725751,-0.000241849917823167
2023-06-13,77.17451477050781,0.0051779886729197,0.0049405987829215,3.053439754419313,0.0049405987829215,-0.00018884324458567914
2023-06-14,72.13296508789062,0.0057407140620799,0.0031943415347998,3.127979257470167,0.0031943415347998,-0.0003078746044846703
2023-06-15,158.32125854492188,0.0050426367252125,0.006220588898593,2.8687852115300423,0.006220588898593,0.00043325347877054554
2023-06-16,111.43194580078125,0.0045781319442884,0.0064269296505313,2.997379638475045,0.0064269296505313,0.00037103597282084344
2023-06-19,107.78419494628906,0.0042017302242127,0.0092279204781981,2.722843690499911,0.0092279204781981,-0.00023398773599059286
2023-06-20,142.78309631347656,0.004271659560823,0.0095964617041545,2.7637344900581344,0.0095964617041545,-5.096268512205793e-05
2023-06-21,127.8748550415039,0.0053249212488707,0.0127611584872515,3.0643060838492864,0.0127611584872515,-0.0007370283018868218
2023-06-26,169.5130615234375,0.0064677871785473,0.0102494552911559,3.3149161427735407,0.0102494552911559,-0.00026504247240022316
2023-06-27,118.30599212646484,0.0068831831366651,0.0101496108593175,2.8293482588971317,0.0101496108593175,-0.00040811021575259954
2023-06-28,82.5390625,0.0063992166085123,0.0102503430996827,2.934095140525139,0.0102503430996827,0.00016405523713802772
2023-06-29,120.89662170410156,0.005218099782625,0.0101237349145901,2.6025874809489675,0.0101237349145901,-0.0011238480557428376
2023-06-30,102.67338562011719,0.0051965557387398,0.009146851952837,2.6700926527527264,0.009146851952837,-0.0008736781068228172
2023-07-03,45.37763977050781,0.0058442079905054,0.0074238042086898,2.822433621557207,0.0074238042086898,0.00041888853196270226
2023-07-04,109.93034362792969,0.0055288592157807,0.006904749495543,2.599392523010822,0.006904749495543,0.00018726207455599386
2023-07-05,89.85264587402344,0.0053243096428642,0.0083245575695509,2.6995381446097,0.0083245575695509,-0.00022999198904305462
2023-07-06,172.6627960205078,0.0048822169756982,0.0087017630544865,2.652178162464069,0.0087017630544865,-0.00010408128748551349
2023-07-07,120.56138610839844,0.004554862514678,0.0086055589609813,2.7912295823577735,0.0086055589609813,-0.0004807265240860392
2023-07-10,138.2980499267578,0.0035921564565523,0.0054800959029322,2.8950646954970276,0.0054800959029322,-0.00010663920057008003
2023-07-11,141.3526153564453,0.0037722097152001,0.0067144931211084,2.7838290238494423,0.0067144931211084,0.00017059421065268587
2023-07-12,203.18724060058594,0.003617156272535,0.0064904228883487,2.990514581731049,0.0064904228883487,-2.3415974377716253e-05
2023-07-13,80.51380157470703,0.0033998834595023,0.0085709324638378,2.739175703182517,0.0085709324638378,0.0002771120815736605
2023-07-14,151.36514282226562,0.004624213682796,0.0077957717781287,2.5114471523395503,0.0077957717781287,3.0777280211724545e-05
2023-07-17,110.8536376953125,0.0038759995595206,0.0093865255701779,2.1080313718733077,0.0093865255701779,0.00015776297277159124
2023-07-18,151.43167114257812,0.0039842384705194,0.0090061966234006,2.170519364471909,0.0090061966234006,-0.0001219066195293772
2023-07-19,188.8271484375,0.0044309093033791,0.0083961134642672,2.263348619882096,0.0083961134642672,0.00019479912314412928
2023-07-20,127.64022827148438,0.006361245167189,0.0036604529806673,2.749320284105895,0.0036604529806673,-3.138231240562561e-05
2023-07-21,112.39069366455078,0.006284490839807,0.0034914866733266,2.7217480171958344,0.0034914866733266,-0.0001360391164783037
2023-07-24,143.43077087402344,0.0044574358237839,0.0026608770586705,2.853638676710278,0.0026608770586705,-0.0001261265995743388
2023-07-25,61.7248649597168,0.0028487372955953,0.0146079434901359,2.012206649011689,0.0146079434901359,0.0002554852687193243
2023-07-26,84.0753173828125,0.0040361343781001,0.0146885316401836,1.7092700751798688,0.0146885316401836,0.00012543133018660946
2023-07-27,132.50270080566406,0.0036181211728468,0.0138990392177776,1.9711183664188376,0.0138990392177776,9.994976883409556e-05
2023-07-28,130.33053588867188,0.0041287488375427,0.0158187668298725,2.6429935477055073,0.0158187668298725,0.000511188513293348
2023-07-31,154.3993377685547,0.0052601476212022,0.0142963424701037,2.620324856860204,0.0142963424701037,-0.000597456329676449
2023-08-01,116.9141616821289,0.0055313173846349,0.0111717815744925,2.4771168315747096,0.0111717815744925,0.0008010413537598016
2023-08-02,132.7555694580078,0.0052297204805881,0.0120575947062098,2.589892778428831,0.0120575947062098,0.0001511601541832608
2023-08-03,88.7294921875,0.0046256242195033,0.0119662934731974,2.5523860456405596,0.0119662934731974,9.738824698657389e-05
2023-08-04,119.37181091308594,0.0044367232903431,0.0067072860930686,2.85739004949248,0.0067072860930686,-1.7410120254246486e-05
2023-08-07,117.56503295898438,0.0044561405041743,0.0072436061944515,2.3667964268487003,0.0072436061944515,0.00034847922662684105
2023-08-08,108.29548645019531,0.004331419381636,0.0071195164906436,2.515730261137621,0.0071195164906436,-0.00026125598816306717
2023-08-09,105.72024536132812,0.0035926988722437,0.0064545277420036,2.2876127281465086,0.0064545277420036,-0.00014364412545919691
2023-08-10,131.0054931640625,0.0034348590856248,0.0045335620856581,2.4666036012245716,0.0045335620856581,0.0001232633080350265
2023-08-11,142.3582763671875,0.0049055300843091,0.0096594120098092,2.9137747549833746,0.0096594120098092,-0.0007666127293728398
2023-08-14,114.96981048583984,0.005005641534567,0.0096550261386111,2.8471711443844754,0.0096550261386111,-9.335445910174656e-05
2023-08-15,114.6426010131836,0.0049909657270517,0.0096749408135543,2.5464113433819535,0.0096749408135543,0.0002106232106777739
2023-08-16,100.02424621582031,0.0049635843915317,0.009453501012361,2.6442430723742074,0.009453501012361,8.381329540774196e-05
2023-08-17,116.02689361572266,0.0040063013567427,0.0097944573197429,2.7636503439645694,0.0097944573197429,3.9154778840755355e-05
2023-08-18,77.42227935791016,0.0039676942110921,0.0059150870774513,2.560948470587761,0.0059150870774513,-0.0006681579176713859
2023-08-21,97.22421264648438,0.0049393855758587,0.0072442364473343,3.0904937793509735,0.0072442364473343,-0.0013602418445736175
2023-08-22,81.09864044189453,0.0051520549066197,0.0097039210521857,3.3497150193602123,0.0097039210521857,-0.0006009855098669803
2023-08-23,126.71024322509766,0.0049668716308341,0.0110890314172976,3.012128653506581,0.0110890314172976,-0.00024070187585190084
2023-08-24,61.5718879699707,0.0051296614109084,0.0120441227389145,3.351295074912776,0.0120441227389145,-0.0007219305873134019
2023-08-25,40.256900787353516,0.0047877841809203,0.011453072890488,3.149174629042696,0.011453072890488,-0.0002614470690974757
2023-08-28,75.4415054321289,0.0032334337975013,0.0114469558734823,2.209980213715547,0.0114469558734823,-0.0006923695549129194
2023-08-29,115.63378143310547,0.0041425280392469,0.0118091584259819,1.8801796757712683,0.0118091584259819,-0.0008383224061434547
2023-08-30,163.29559326171875,0.0042746077406213,0.0067557691976351,1.730600069423049,0.0067557691976351,-0.0009414358346869767
2023-08-31,117.42311096191406,0.0045619170914302,0.0081248625192132,1.6628075630879229,0.0081248625192132,-0.0008730125034496217
2023-09-01,73.48699951171875,0.0043343774302814,0.0075104012139385,1.7138772547664365,0.0075104012139385,-4.747248573855334e-05
2023-09-04,100.61537170410156,0.0065572224836004,0.0084438666459416,2.7704882957175725,0.0084438666459416,0.00025467974022674866
2023-09-05,121.78558349609375,0.0045159895184187,0.0094618316152776,2.624680755618174,0.0094618316152776,-0.00028785111293705423
2023-09-06,76.62522888183594,0.004755377151219,0.0095878072366424,2.5836826955578225,0.0095878072366424,-0.00037236623005409974
2023-09-07,80.34212493896484,0.0051268824583229,0.0115665464665466,2.526364786516529,0.0115665464665466,-0.0004893213591432577
2023-09-08,80.14276123046875,0.0049121449230366,0.0109004094592151,2.755234150510512,0.0109004094592151,-0.00026730892090065517
2023-09-11,93.49989318847656,0.0050400061255382,0.0078409328789803,2.764605858376851,0.0078409328789803,-6.635189328496605e-05
2023-09-12,164.96852111816406,0.005662885432547,0.0076680852018237,2.539179892134424,0.0076680852018237,-0.00013559826753273274
2023-09-13,134.78366088867188,0.0058365736530289,0.0077669495651223,2.8154718133785925,0.0077669495651223,2.6762010791880897e-06
2023-09-14,119.93779754638672,0.0056324288481701,0.0053474670223577,3.0054502106082177,0.0053474670223577,0.000350999410535513
2023-09-15,106.68494415283203,0.0059845792850744,0.0056786969437674,3.2409625984115276,0.0056786969437674,-0.0009132124875745884
2023-09-18,114.6917495727539,0.0060943080933707,0.0048020215605984,3.273054494582289,0.0048020215605984,0.00032470146249830023
2023-09-19,207.41676330566406,0.004900308489098,0.0048008932839423,3.2265566160660253,0.0048008932839423,0.0002204490708879181
2023-09-20,190.11257934570312,0.0055841972601542,0.0043739189274204,2.837772102278735,0.0043739189274204,-0.00018346792144330326
2023-09-21,162.9131622314453,0.0057157322522098,0.0053894116281054,3.0751345004651016,0.0053894116281054,-0.0003266514955193589
2023-09-22,131.62521362304688,0.006544647914822,0.0104891968068455,3.3608009171580795,0.0104891968068455,0.0002782318366778558
2023-09-25,109.96076202392578,0.0064188321935888,0.0108174728598263,3.0222405151109593,0.0108174728598263,-0.00031218377936148567
2023-09-26,81.25166320800781,0.0063486976708479,0.011071185858748,3.1510540866992187,0.011071185858748,-0.0006711100647567303
2023-09-27,101.4660415649414,0.0066420223192726,0.0110542406429182,3.390584019275587,0.0110542406429182,-0.001508328184151031
2023-09-28,64.37852478027344,0.0059542205372608,0.0101568909070084,3.1279829964202848,0.0101568909070084,-0.0004226405279755818
2023-10-09,227.07118225097656,0.0043815881879596,0.0034950031660914,2.827682407384379,0.0034950031660914,-0.0005289311792723295
2023-10-10,259.08349609375,0.0043052999156441,0.003765110631667,2.6144066825641827,0.003765110631667,-0.0007077044145452627
2023-10-11,265.9303894042969,0.004021529050304,0.0041709336367325,2.5195892605334516,0.0041709336367325,-0.0006512368049613748
2023-10-12,218.0117645263672,0.0036812430884179,0.0064193645914671,2.3500755802763815,0.0064193645914671,0.00021612392545899972
2023-10-13,287.3145446777344,0.00393412322983,0.0080183656360905,2.140630316182215,0.0080183656360905,-8.461345299315415e-05
2023-10-16,290.3445739746094,0.0026378335104058,0.0088987921285921,2.394714199872393,0.0088987921285921,-0.00020676251257800704
2023-10-17,274.5221862792969,0.0042812803958344,0.008917709778494,2.428756310643018,0.008917709778494,-5.220368228286976e-05
2023-10-18,333.0094299316406,0.004220859670887,0.0090728472784813,2.4043835635216553,0.0090728472784813,0.00010248711293803225
2023-10-19,338.8517150878906,0.0064265785611261,0.0088523040344742,2.9546624311038574,0.0088523040344742,-0.0005826450955990214
2023-10-20,298.6288146972656,0.0066078341075806,0.0088916845664999,3.109332824341315,0.0088916845664999,-0.00018227230913381298
2023-10-23,312.774658203125,0.0064846375799851,0.0089064593034353,3.146267605425956,0.0089064593034353,-0.00066157731537686
2023-10-24,250.00511169433594,0.0059185308360228,0.0089677035423826,3.3980906899577628,0.0089677035423826,-0.0007450433128064482
2023-10-25,208.08998107910156,0.0043337184249016,0.0108283323229578,2.551697730681889,0.0108283323229578,-0.00020541027850207172
2023-10-26,168.43563842773438,0.0038540864002209,0.0068855358201578,2.5786059861599515,0.0068855358201578,-0.0002190667755361808
2023-10-27,251.86463928222656,0.0041913723815778,0.0086300596317634,2.767897897619857,0.0086300596317634,-0.0002581869104849588
2023-10-30,205.43055725097656,0.0048023259926718,0.0043666153038022,2.6506691690958437,0.0043666153038022,-0.0010285828970915123
2023-10-31,172.08143615722656,0.0042443547358015,0.006091557073179,2.505260769744719,0.006091557073179,-0.0005679052409539587
2023-11-01,251.7322540283203,0.0056314979003145,0.0065284700843824,3.2783215447261043,0.0065284700843824,-0.0005429656560227425
2023-11-02,219.58306884765625,0.0060952119701842,0.007592008300247,3.247349558322357,0.007592008300247,-0.00029533871131059986
2023-11-03,174.9210662841797,0.0068492996000765,0.0057386703474885,3.355181257407232,0.0057386703474885,-2.7900617999288002e-06
2023-11-06,182.9025115966797,0.0054263841825875,0.0078859984044183,2.8351521192818763,0.0078859984044183,6.056618369720823e-05
2023-11-07,140.21450805664062,0.004749099261837,0.0079613076257244,2.556095056475999,0.0079613076257244,-0.00030931707209291837
2023-11-08,132.50270080566406,0.0049227727733643,0.0081988781707057,2.777664233807459,0.0081988781707057,-0.0003820122077813348
2023-11-09,201.47996520996094,0.0051975700597878,0.0073817513920833,2.7671516360278288,0.0073817513920833,-0.00043437361664455665
2023-11-10,180.9846649169922,0.0052245947653521,0.0079754323359438,2.540566097987213,0.0079754323359438,-0.00018120285241174372
2023-11-13,131.046630859375,0.0054422741217885,0.0028397241876623,2.834764872758778,0.0028397241876623,-3.073037725731531e-05
2023-11-14,148.2277374267578,0.0048330256732041,0.0032330656697899,2.776523465494128,0.0032330656697899,-0.00030699159401192944
2023-11-15,130.60302734375,0.0034496917146222,0.0051741559931147,2.3839540837816235,0.0051741559931147,-2.4949131493090526e-05
2023-11-16,170.8645477294922,0.0034044049327425,0.0066271159935683,2.3797217152122947,0.0066271159935683,-0.0006210519837295259
2023-11-17,149.48410034179688,0.0034211557525248,0.0059946020575122,2.748910813766125,0.0059946020575122,-0.0004482207038745134
2023-11-20,204.90109252929688,0.0033312631822016,0.0061281339111714,2.678485539634962,0.0061281339111714,-0.00011462984346033434
2023-11-21,96.48255157470703,0.0032395222093354,0.0061552477114543,2.7336863579577972,0.0061552477114543,-0.0005832840286227325
2023-11-22,191.44436645507812,0.0047432542272675,0.0060379232278795,2.6489864290290024,0.0060379232278795,-0.00044275364566725983
2023-11-23,175.45379638671875,0.004616845306167,0.0058052923143587,2.7846977444060537,0.0058052923143587,-4.4922620785703415e-05
2023-11-24,152.79371643066406,0.0044831641473081,0.0064165681986401,2.7871435505892856,0.0064165681986401,-0.00034470774716532926
2023-11-27,166.35165405273438,0.0038869882637267,0.0063734196385988,2.670196177920502,0.0063734196385988,-0.0006231983449673795
2023-11-28,184.384765625,0.0054044647725701,0.0064828049744558,2.6986756900503135,0.0064828049744558,9.379823147703803e-05
2023-11-29,88.7790298461914,0.0052307315640074,0.0060844706710066,2.7876318268575675,0.0060844706710066,-0.0011854142507408127
2023-11-30,178.9017333984375,0.0053174116710156,0.0052998832833975,2.8857640783773872,0.0052998832833975,-0.0005745795706948442
2023-12-01,94.81410217285156,0.0060043404843389,0.0050572556786485,3.1999114683340735,0.0050572556786485,-0.0006943448196712332
2023-12-04,194.85691833496094,0.0063365407444509,0.0048924373300313,3.032969885150438,0.0048924373300313,-0.00044198320463828544
2023-12-05,89.69046020507812,0.0049417740503353,0.0078030649943765,3.145791617172693,0.0078030649943765,-8.543105860858713e-05
2023-12-06,131.24276733398438,0.0054569318457154,0.0086132204892814,2.9843191212813625,0.0086132204892814,-0.000211744776962286
2023-12-07,194.16470336914062,0.0057479340966699,0.007827401339061,3.078959458323791,0.007827401339061,-0.00022110653502471767
2023-12-08,153.5236358642578,0.0061119799980846,0.008716729718832,2.8126440079594177,0.008716729718832,0.0003648969166212268
2023-12-11,153.77490234375,0.0038183522876985,0.0098025471322939,2.661932353475028,0.0098025471322939,0.00010236611973901688
2023-12-12,167.4221954345703,0.0044158237724837,0.0029653361912801,2.32992566213621,0.0029653361912801,-0.00015463932565573657
2023-12-13,192.79495239257812,0.004650621256379,0.0088658250859554,2.411049498027838,0.0088658250859554,-0.0005161137229892088
2023-12-14,148.67898559570312,0.0049686851019802,0.0090082689658835,2.295444165317588,0.0090082689658835,-0.00028631759779540467
2023-12-15,169.25527954101562,0.0049493555821701,0.0086166242139225,2.4280560341457385,0.0086166242139225,-0.0010194441787045871
2023-12-18,144.02468872070312,0.0044718080469293,0.0069419494595373,2.6236977849393037,0.0069419494595373,3.0036614633299763e-05
2023-12-19,187.75686645507812,0.003847013956777,0.0067467371692449,2.8409778013363156,0.0067467371692449,-6.898061644677878e-05
2023-12-20,143.77462768554688,0.0037503722050471,0.0044611270001646,2.7356759899910505,0.0044611270001646,-0.00016979678962780742
2023-12-21,114.01953887939453,0.0064737626085118,0.0077421780498235,3.208746924250641,0.0077421780498235,-0.00034213582792375075
2023-12-22,89.36782836914062,0.0056803414013824,0.0077644860079676,3.26149251597818,0.0077644860079676,-0.000416339685259115
2023-12-25,136.3998565673828,0.0073585320843687,0.0076057540023387,2.766533328539996,0.0076057540023387,-0.0003195441568215607
2023-12-26,139.57447814941406,0.0079701243313486,0.0083663249072825,2.832131845992905,0.0083663249072825,-0.00030969805942604456
2023-12-27,180.18150329589844,0.0078072448906337,0.0060313689979423,2.9068003478517763,0.0060313689979423,-8.091997014947339e-05
2023-12-28,122.68769073486328,0.0070309956413772,0.0111118900745466,3.251077584437197,0.0111118900745466,0.0001757500131811529
2023-12-29,221.28489685058594,0.006885516197445,0.0109829196639735,3.0590172321512226,0.0109829196639735,0.0011204252947680793
2024-01-02,131.12246704101562,0.006865187562779,0.0138941759364481,2.540544560677382,0.0138941759364481,-0.00041325363441813145
2024-01-03,142.89508056640625,0.0063672821208362,0.0132962941846177,2.676074193812905,0.0132962941846177,-0.00010063220704181752
2024-01-04,180.68551635742188,0.0068136561752437,0.01441726381442,2.8558676115793675,0.01441726381442,-0.0006359765673984441
2024-01-05,167.4893798828125,0.006015449592038,0.0068350431232916,2.9129137691889904,0.0068350431232916,0.0003305278529812661
2024-01-08,106.6277084350586,0.0065815930678724,0.0046948318414916,3.0553923852893496,0.0046948318414916,-0.0005565879637092763
2024-01-09,241.2696990966797,0.007051844953941,0.0058023169987972,3.503164943723732,0.0058023169987972,-0.00035522684421940287
2024-01-10,118.09510040283203,0.0068318382426835,0.0055708438826982,3.3292872957720725,0.0055708438826982,-0.0008689077372422416
2024-01-11,165.3104705810547,0.0068765397704004,0.007185246540004,3.2041430917440232,0.007185246540004,-0.0002578476696637466
2024-01-12,210.59278869628906,0.0065211861227202,0.0070840956089337,2.997560960611831,0.0070840956089337,-0.00022527253410287162
2024-01-15,106.3993911743164,0.0067857235773836,0.00419303003925,2.879381402209523,0.00419303003925,-6.400234065706556e-05
2024-01-16,193.38906860351562,0.0067876575437456,0.0050650448535892,3.1758951336536887,0.0050650448535892,0.0003000100003334172
2024-01-17,176.20040893554688,0.006974288730157,0.0113283000455148,3.2376086289134207,0.0113283000455148,-0.0009591050003403545
2024-01-18,167.4893798828125,0.0095336563826223,0.013378538501885,3.721490361487357,0.013378538501885,4.275344394266689e-05
2024-01-19,207.4058380126953,0.0093322394037525,0.0133231217461422,3.1463847251999124,0.0133231217461422,-0.0005685222090449082
2024-01-22,186.62353515625,0.0082325517540741,0.0148762682986697,3.46083960840291,0.0148762682986697,0.00015846432533050958
2024-01-23,169.07244873046875,0.0077738580637106,0.0145654692088939,3.190430488362816,0.0145654692088939,-0.0005782670542396895
2024-01-24,159.14471435546875,0.0070661340077992,0.0123544536016619,3.293318258740107,0.0123544536016619,-0.00015560071027143074
2024-01-25,202.29420471191406,0.0062992187338089,0.0138833746838098,3.186109050712813,0.0138833746838098,0.0010211078870852042
2024-01-26,141.32115173339844,0.0063060173806599,0.0140179473627522,3.1050761390371955,0.0140179473627522,-0.0009858829945671443
2024-01-29,140.53317260742188,0.005506271073811,0.01186385182132,3.3834158354908315,0.01186385182132,-0.0005203165460661019
2024-01-30,206.27711486816406,0.0055536462347653,0.0158130501287295,3.3908082200974925,0.0158130501287295,-0.0006282567722384336
2024-01-31,205.60765075683594,0.0061565803695985,0.0143492074885883,3.5073221911630323,0.0143492074885883,-0.001257998384792236
2024-02-01,147.4983673095703,0.0065958487508643,0.0071099531180854,3.43374396635083,0.0071099531180854,-0.0012012739090756508
2024-02-02,171.52455139160156,0.0061406436793262,0.0067082285298001,3.2122213179060335,0.0067082285298001,-0.0024408532319343257
2024-02-05,125.87757110595703,0.0080322345314752,0.0098242865295354,3.55047799297294,0.0098242865295354,-0.0026022432271555207
2024-02-06,118.75242614746094,0.0078910561136577,0.0186222459776333,3.1333387331436557,0.0186222459776333,-0.00015095752357197068
2024-02-07,100.38084411621094,0.0079523389196026,0.0170845532176105,2.8358323873526907,0.0170845532176105,0.0005955159741923843
2024-02-08,116.2304458618164,0.0084731249393241,0.0166686333050394,2.9042026392728943,0.0166686333050394,-0.00025848238160330883
2024-02-19,167.8173065185547,0.0088718220644895,0.0119359136576936,2.826285554066584,0.0119359136576936,0.00024096456351618833
2024-02-20,170.2109832763672,0.0069407977138998,0.0127529260975055,2.766644816653553,0.0127529260975055,0.0004076891941831029
2024-02-21,193.75396728515625,0.0070236800630436,0.0045107019726368,3.430701970984734,0.0045107019726368,-0.00020245432485832549
2024-02-22,219.58306884765625,0.0061029376773914,0.0044760020883158,2.84716139179312,0.0044760020883158,6.023301572377626e-05
2024-02-23,167.06863403320312,0.005650287161865,0.0056295306229435,3.027714607452417,0.0056295306229435,0.0003439834429301847
2024-02-26,200.9716796875,0.0058891238802125,0.0090448567845546,3.053876388707754,0.0090448567845546,-1.4478443046028744e-05
2024-02-27,166.86441040039062,0.0059146686448507,0.0098620839722169,3.36781794837988,0.0098620839722169,0.0002890851742238798
2024-02-28,177.458984375,0.008324763553197,0.011062226859872,3.888881511056112,0.011062226859872,-0.0011088304010608008
2024-02-29,153.25045776367188,0.007704253358348,0.013822225154526,3.2928281375732498,0.013822225154526,0.0003129463041040559
2024-03-01,155.183349609375,0.0072089649676351,0.0139406759967347,3.188508888582004,0.0139406759967347,1.130658948023111e-05
2024-03-04,170.75091552734375,0.0073380876988497,0.0120449205019971,3.2080438788247383,0.0120449205019971,0.00017795403701437174
2024-03-05,83.45616912841797,0.0071248477030662,0.0115204395366084,3.2716329670372457,0.0115204395366084,-0.00066986182348161
2024-03-06,108.01850891113281,0.005645659557593,0.0086489471184472,3.0622968436375553,0.0086489471184472,-0.000776631277417672
2024-03-07,122.2349624633789,0.0059224778986508,0.0058471494336552,3.3952722381769873,0.0058471494336552,-0.0006709908297920508
2024-03-08,183.7222442626953,0.0047590396823531,0.0054628084254796,3.3206030467311316,0.0054628084254796,-8.744168203944636e-05
2024-03-11,155.80584716796875,0.004998448000397,0.0077200384571034,3.4169239906744124,0.0077200384571034,0.00038462824843632504
2024-03-12,199.55227661132812,0.0060625021781436,0.0073563657659688,3.3848502311027544,0.0073563657659688,3.8917536519855744e-05
2024-03-13,149.75440979003906,0.0057448007420655,0.0080264726529156,3.2917697068760945,0.0080264726529156,-0.000386150083665715
2024-03-14,187.1507110595703,0.005928035723263,0.0074147917099558,3.4274421324657713,0.0074147917099558,-0.00034517111226484154
2024-03-15,138.02365112304688,0.0069881255586403,0.0072995615402559,3.214024381660733,0.0072995615402559,-0.0002996309219112092
2024-03-18,147.65321350097656,0.0075210833720923,0.006161600369147,3.223221313869839,0.006161600369147,-0.0001331849800638718
2024-03-19,183.30413818359375,0.0067627817910811,0.0069933390529059,3.3385253329327034,0.0069933390529059,-0.0004581939892771558
2024-03-20,116.02689361572266,0.0065985978008907,0.0062182991138935,3.293181053951447,0.0062182991138935,0.0001004178498307251
2024-03-21,130.513916015625,0.0057192361975791,0.0060221185745139,3.364061661770525,0.0060221185745139,-0.00046333123996922243
2024-03-22,125.00255584716797,0.0060165622040367,0.0077150781860993,3.616973673610172,0.0077150781860993,-0.0005046816980988078
2024-03-25,187.99307250976562,0.0058758364125258,0.0048586626870644,3.549230560206849,0.0048586626870644,-0.0004252592663994692
2024-03-26,165.62838745117188,0.0060743214565422,0.0060287533948185,3.4360654126186,0.0060287533948185,-0.00020877474615521585
2024-03-27,126.7417221069336,0.0056277597535278,0.006797563120964,3.3834221130399498,0.006797563120964,-0.0005934599571453258
2024-03-28,99.6260986328125,0.0065052264333824,0.0080821894209987,3.565271776248042,0.0080821894209987,-0.0008314674975665737
2024-03-29,126.19306182861328,0.0069682780167787,0.0077007464943743,3.469408424614852,0.0077007464943743,-3.3921302577955004e-05
2024-04-01,123.22461700439453,0.0062936877883744,0.0100001779749861,2.6760722229632643,0.0100001779749861,2.503087140803828e-05
2024-04-02,197.96221923828125,0.0060888077206216,0.0105803593838215,2.560997989398864,0.0105803593838215,0.00011730991603942087
2024-04-03,181.86647033691406,0.0061460379751672,0.0083767871384311,2.366192232835874,0.0083767871384311,-0.000280206231786595
2024-04-08,126.32672882080078,0.0049157265844308,0.0099486901783743,2.3831088625218424,0.0099486901783743,-0.00022616695078891969
2024-04-09,171.76275634765625,0.0045462597359574,0.0097286550085435,2.225323947485425,0.0097286550085435,-0.0004017075399374015
2024-04-10,208.5249481201172,0.0049830405529854,0.0033299148933902,3.01741541137312,0.0033299148933902,0.0004396018463277418
2024-04-11,123.34028625488281,0.0050470345819417,0.004029151213401,3.016227070091053,0.004029151213401,-0.00023394749305294393
2024-04-12,161.3263397216797,0.0042224996906374,0.0043258789465427,3.0125554435125013,0.0043258789465427,-0.00025023657423250967
2024-04-15,230.79364013671875,0.0057033496001562,0.0119763616678375,3.140548956865656,0.0119763616678375,0.00026492753949969305
2024-04-16,340.5443420410156,0.0062389569386365,0.0130696876019905,2.8983313189722564,0.0130696876019905,-0.00012814817346129548
2024-04-17,227.49627685546875,0.0064999450843219,0.0141537174732957,2.5859091779011036,0.0141537174732957,-0.00015143272180684342
2024-04-18,149.43914794921875,0.0066977667303913,0.0140784533127086,2.9129082459648457,0.0140784533127086,-7.282790765417158e-05
2024-04-19,208.1194305419922,0.0062719303951447,0.0140318926039687,2.6559436314774674,0.0140318926039687,-7.058338580034906e-05
2024-04-22,162.9131622314453,0.006398980588883,0.0102662971239219,3.223756853029621,0.0102662971239219,-8.212528920847895e-05
2024-04-23,148.3239288330078,0.0060031320255655,0.0094939070668972,3.1156861889186467,0.0094939070668972,-0.00023381541128708605
2024-04-24,139.23226928710938,0.0061843639024942,0.0052644575838366,3.075500256810748,0.0052644575838366,-2.8395941652492596e-06
2024-04-25,172.4012908935547,0.0059123610711033,0.0055023065695785,3.2258443702893924,0.0055023065695785,-0.00021806544795455185
2024-04-26,150.83494567871094,0.0055704526603657,0.0084845373233846,3.016221589071483,0.0084845373233846,-6.137553738461143e-05
2024-04-29,191.10968017578125,0.0055649518718838,0.0085579635344753,3.096386573818979,0.0085579635344753,-0.0002786268386613111
2024-04-30,167.80361938476562,0.0053053512324727,0.0079966706795035,2.8040483709559716,0.0079966706795035,-0.0005628850771679517
2024-05-06,93.61604309082031,0.0047713642839624,0.0089252419321993,2.462551030867407,0.0089252419321993,-0.0004891151387966808
2024-05-07,176.26507568359375,0.0048520436079329,0.0092827068270711,2.335120186579408,0.0092827068270711,-0.00034969906756010527
2024-05-08,163.58358764648438,0.0047919211947318,0.0100000200492448,2.050806904541278,0.0100000200492448,0.00015703993497995228
2024-05-09,145.39895629882812,0.0031232657712059,0.0096818203929136,2.2136626017785836,0.0096818203929136,-0.000458235140089025
2024-05-10,185.2792205810547,0.0034868647482283,0.0088417244626225,2.18433090034185,0.0088417244626225,-0.00026995558003628517
2024-05-13,177.1075897216797,0.0039729416256157,0.0061470613375183,2.787989231349729,0.0061470613375183,7.913983189600238e-05
2024-05-14,154.67242431640625,0.0038010848539941,0.0062470755206074,2.667353027059378,0.0062470755206074,-0.00019684124480212617
2024-05-15,129.21363830566406,0.0039652754288627,0.0064385468626985,2.7301316141160044,0.0064385468626985,9.101615398821039e-05
2024-05-16,124.90009307861328,0.0047965171811495,0.0045677879771408,2.6844985114820408,0.0045677879771408,-0.00047774635512476404
2024-05-17,181.6569366455078,0.0044356986274542,0.0070085474531623,2.922608667985482,0.0070085474531623,0.00035630164333921854
2024-05-20,135.07557678222656,0.0061887961204139,0.0070783618107744,2.8317331946126925,0.0070783618107744,-0.00013815634422054135
2024-05-21,165.28404235839844,0.005017654643751,0.0073652064564723,2.8360314204244013,0.0073652064564723,0.0005988089146315989
2024-05-22,140.05340576171875,0.0048455978251595,0.0051086567146699,2.844898253906919,0.0051086567146699,-0.0004910125710070323
2024-05-23,101.83300018310547,0.0045461227653162,0.0082821850983025,2.896234186941657,0.0082821850983025,5.4921064699620104e-05
2024-05-24,116.63970947265625,0.0048101079493818,0.0071256965928393,2.7910148897578027,0.0071256965928393,-0.00034695911156257253
2024-05-27,145.42979431152344,0.0060546753410972,0.008995655154038,3.0968200355916764,0.008995655154038,-0.0005030872512742368
2024-05-28,143.45765686035156,0.0061288490181934,0.0092076882638156,2.9277552981621877,0.0092076882638156,-0.00022714744362162254
2024-05-29,135.4371795654297,0.0060324741811378,0.0090503545258419,2.854491693235719,0.0090503545258419,-0.0003070853725001266
2024-05-30,93.57535552978516,0.0061287907069504,0.0080960198238835,3.363393224051725,0.0080960198238835,-0.000189152125597003
2024-05-31,156.499267578125,0.0060496690705921,0.0067523821561263,3.1318229676911455,0.0067523821561263,-0.0017567243504301722
2024-06-03,111.1133804321289,0.0059674128990234,0.0042303930202214,3.4184532033709094,0.0042303930202214,9.753650652100099e-05
2024-06-04,110.2148208618164,0.0062647817447195,0.0051818820497496,3.248572476324991,0.0051818820497496,-0.0002986106310913783
2024-06-05,119.32062530517578,0.0061243810778378,0.0058037515443928,3.0854428087092924,0.0058037515443928,-6.11959354772651e-05
2024-06-06,115.90936279296875,0.006935596105921,0.0052956418538402,3.4616093257277214,0.0052956418538402,-4.175481572210593e-05
2024-06-07,122.68769073486328,0.007368713767643,0.0055048066782352,3.4454802712672414,0.0055048066782352,-0.0005285234899328195
2024-06-11,121.78558349609375,0.0064635523648535,0.006311953896669,2.9301531110116588,0.006311953896669,-0.000905222371682668
2024-06-12,117.67557525634766,0.0060860183030349,0.003757228270739,2.752931038116323,0.003757228270739,-0.000465343211770719
2024-06-13,133.4734344482422,0.0058755122859788,0.0036862722664053,2.727397910510402,0.0036862722664053,-0.0002863509812481846
2024-06-14,90.13789367675781,0.0059660654593587,0.0051669465296086,3.226382736841036,0.0051669465296086,5.929992206299417e-05
2024-06-17,120.9456787109375,0.004962046738562,0.0050274052572067,2.774125722069665,0.0050274052572067,-6.786485844523238e-05
2024-06-18,142.94383239746094,0.0045450102436444,0.00367944610215,2.8948042338037334,0.00367944610215,7.333590949221147e-05
2024-06-19,114.8867416381836,0.0048011770637867,0.0042720928858258,3.0047064472172327,0.0042720928858258,-0.00024931791717552887
2024-06-20,177.00743103027344,0.0053923623767493,0.0048663763333816,3.202856076898952,0.0048663763333816,-0.00020262614904709153
2024-06-21,128.30368041992188,0.0054675533901003,0.0037058847871084,3.5081718436437934,0.0037058847871084,-0.002365928348616264
2024-06-24,212.60784912109375,0.0064522523307847,0.0038229298343052,3.0922170429893567,0.0038229298343052,0.0002157615231037635
2024-06-25,109.98760223388672,0.0064505847988402,0.0018189912062285,3.083485218408995,0.0018189912062285,0.00019379676793263023
2024-06-26,128.58396911621094,0.0054067029403908,0.0054628924027367,3.146197908580676,0.0054628924027367,-0.0003733958340512711
2024-06-27,120.6764144897461,0.0050393288590534,0.005524025579302,2.986085934807468,0.005524025579302,-0.00012157913933552589
2024-06-28,121.46080780029297,0.0052672843509689,0.0059745955929447,3.114172508890672,0.0059745955929447,-0.0009495086509184736
2024-07-01,71.44754028320312,0.0055215014462956,0.00623106279534,3.040513342889424,0.00623106279534,-0.0003822377288756895
2024-07-02,79.59959411621094,0.0049061255370812,0.0056085677961708,2.89207672045921,0.0056085677961708,-7.200377875826725e-05
2024-07-03,107.82317352294922,0.0047477453931287,0.0047046339216644,2.7906206008380465,0.0047046339216644,-0.0008740956139440259
2024-07-04,90.27962493896484,0.0053005450593132,0.0039189992450296,3.3852563330726055,0.0039189992450296,-0.0007597660384580651
2024-07-05,73.11270141601562,0.0060479828650095,0.0038887831265966,3.4468017950341134,0.0038887831265966,-0.0005971262208318562
2024-07-08,89.18451690673828,0.0056225614346792,0.0026516136976497,3.320970892838851,0.0026516136976497,-0.0006463060670512943
2024-07-09,90.05038452148438,0.0055486899659101,0.0076049152142209,3.4337046861273164,0.0076049152142209,4.070157893054649e-05
2024-07-10,124.6665267944336,0.0059513202166321,0.0076262890386108,2.7829347564425504,0.0076262890386108,-0.00019244058396983288
2024-07-11,127.8534927368164,0.0065416309742714,0.0093293836780078,3.083881749336536,0.0093293836780078,-0.0004323177708542847
2024-07-12,86.32097625732422,0.005918394560287,0.0088125194696421,2.7851088819416447,0.0088125194696421,-0.0002879023435250483
2024-07-15,67.88048553466797,0.0058283391205991,0.0065850532402091,2.8416744255000808,0.0065850532402091,-0.0005520144213767564
2024-07-16,68.23641204833984,0.0043376839957604,0.0056139095921343,3.3030453854297765,0.0056139095921343,-0.00024291752521343746
2024-07-17,105.25916290283203,0.00460632804199,0.0046344845553036,3.4534892138423645,0.0046344845553036,-0.0007847434459654634
2024-07-18,133.52000427246094,0.0053119892899207,0.0026688616675971,3.080124796588418,0.0026688616675971,-2.8400780453519126e-05
2024-07-19,143.77462768554688,0.0057805612196673,0.0025792402949995,3.2363273945875957,0.0025792402949995,-0.0009795369923414343
2024-07-22,130.038818359375,0.0057267866817473,0.0054672411903278,2.9009326852511004,0.0054672411903278,-0.0007050662421106413
2024-07-23,36.46863555908203,0.0065535842801441,0.011238181761674,2.7294865622896753,0.011238181761674,-0.000493959169916125
2024-07-24,78.87065887451172,0.0071513220752757,0.0110178661510485,3.0469204438772737,0.0110178661510485,-0.0004854042452402396
2024-07-25,91.53900146484375,0.0071795479039154,0.0094325320036081,3.2443208526426965,0.0094325320036081,-0.0006937850383492705
2024-07-26,95.77151489257812,0.0061591866269694,0.0087561674421606,3.093607371885401,0.0087561674421606,-0.0007034636792909721
2024-07-29,124.38494873046875,0.0059464475823786,0.0088009191446495,2.822425822682452,0.0088009191446495,-0.0002683059867617521
2024-07-30,107.0728988647461,0.0058113568112353,0.0039760247958094,2.8231445987115444,0.0039760247958094,-0.0005309729263134333
2024-07-31,112.86431121826172,0.0061217976184139,0.0118698903466704,3.229737995979548,0.0118698903466704,-0.00035721442449276886
2024-08-01,133.19764709472656,0.0060475569448596,0.0120401704190924,2.6836319738985535,0.0120401704190924,-0.0004472637979420213
2024-08-02,191.2178192138672,0.0054440030486901,0.012971503377955,2.8142635094134074,0.012971503377955,-0.0009770640847772682
2024-08-05,186.99978637695312,0.0067823132320963,0.0138113432440595,3.470123065167291,0.0138113432440595,-0.0006665570683445088
2024-08-06,131.50079345703125,0.0066221344156347,0.0136892797349198,2.9736124579251606,0.0136892797349198,-0.0008249296119841043
2024-08-07,172.7223358154297,0.0065826118144639,0.005506208092602,2.999691717583844,0.005506208092602,-7.481132583619932e-05
2024-08-08,174.67401123046875,0.006486658542047,0.0061425204828138,2.833786879981817,0.0061425204828138,-0.0002452329114530638
2024-08-09,151.33558654785156,0.0065551277035493,0.0052496205837744,2.802530321035002,0.0052496205837744,-0.0006089403238481728
2024-08-12,118.30599212646484,0.0046394766610973,0.0015309677619336,2.5659534755746836,0.0015309677619336,3.006750154188609e-06
2024-08-13,151.6049346923828,0.0042881722903555,0.0022415272115931,2.7647282938782953,0.0022415272115931,-5.998062625800493e-06
2024-08-14,175.76889038085938,0.0045003775421623,0.0038549815039639,2.5201211330891247,0.0038549815039639,-0.00011179564963859079
2024-08-15,139.61013793945312,0.0054941402825619,0.0066258630823533,3.312109578967014,0.0066258630823533,-0.000875965654971278
2024-08-16,118.94318389892578,0.0063666171101167,0.0063585871192974,3.210355882137499,0.0063585871192974,-0.0004929375492938037
2024-08-19,136.52664184570312,0.0067283340535202,0.0062492151105233,2.538758024702977,0.0062492151105233,0.00022048548520214872
2024-08-20,151.46929931640625,0.0068032511903583,0.0074083046944947,2.7886749586001036,0.0074083046944947,-0.0012945682075624632
2024-08-21,140.68820190429688,0.0059106312142141,0.0065337022601873,2.475717265953066,0.0065337022601873,-0.0005115335776659791
2024-08-22,184.3729705810547,0.0060831117731706,0.0041134678934516,2.7343069171287793,0.0041134678934516,-5.734412207658579e-05
2024-08-23,143.7642364501953,0.0063456130430191,0.004829674302185,2.531160348193666,0.004829674302185,-0.0002674214562149446
2024-08-26,176.03016662597656,0.0051496948155645,0.0041701984061443,2.7719793482345296,0.0041701984061443,4.512540349610461e-05
2024-08-27,174.34567260742188,0.0051910339836452,0.003712998883103,2.7339860850255597,0.003712998883103,-0.0010607947195996337
2024-08-28,156.19180297851562,0.0062644210704014,0.004112269634519,3.435456159177102,0.004112269634519,-0.0008390945075792411
2024-08-29,132.50270080566406,0.005112932172783,0.0041159895870918,3.3299614397909907,0.0041159895870918,-0.0002836567935803336
2024-08-30,166.55368041992188,0.0058952006297962,0.0079119009662334,3.5511130892916496,0.0079119009662334,-0.0013199752241553897
2024-09-02,145.5133056640625,0.0059641715086659,0.0109085753298752,2.894375032723299,0.0109085753298752,-7.962588086118938e-05
2024-09-03,171.22616577148438,0.0057649797820853,0.0111264796994157,2.9685700937911452,0.0111264796994157,-0.0002931843793806399
2024-09-04,180.32122802734375,0.0057796758469745,0.0112005393853582,2.8945577709867005,0.0112005393853582,-0.0001998272263058487
2024-09-05,141.96719360351562,0.0059695182873415,0.0113108042927602,2.8911157567377885,0.0113108042927602,-5.218037219945071e-05
2024-09-06,100.38084411621094,0.0043954341418428,0.0080179450246681,2.807828049061503,0.0080179450246681,-6.188980520194232e-05
2024-09-09,146.7593231201172,0.0046783062601844,0.0063308854109717,2.9561250473318355,0.0063308854109717,-0.0001440466460617129
2024-09-10,97.6078872680664,0.0057040772542643,0.0058904700921175,3.175695056860122,0.0058904700921175,-0.00011889341518200869
2024-09-11,212.9060516357422,0.00575971706511,0.0058419450023275,2.915259560386649,0.0058419450023275,-0.0003357178714858966
2024-09-12,103.11494445800781,0.0060797289821048,0.0048904856387695,2.754496352613689,0.0048904856387695,-0.0001323714342444937
2024-09-13,185.6430206298828,0.0054197897071566,0.0046321774911735,2.5368712057655536,0.0046321774911735,-0.000212030684321185
2024-09-18,122.00985717773438,0.0052819493753164,0.003536614235414,2.8394187896315843,0.003536614235414,0.00012300433353740203
2024-09-19,93.75191497802734,0.0059321175381493,0.005499630548692,3.2483141592153526,0.005499630548692,-0.00010011387953801076
2024-09-20,175.53778076171875,0.0059648329513314,0.0052414803564463,3.187724732497225,0.0052414803564463,-0.0017837263040380025
2024-09-23,158.09982299804688,0.0057454758858711,0.0043942520010931,3.14255319013831,0.0043942520010931,4.0465288564162094e-05
2024-09-24,161.11709594726562,0.0056849091903386,0.0176367558977525,3.203116559118159,0.0176367558977525,0.00021484905361979223
2024-09-25,175.30010986328125,0.0067123890009431,0.0170170829621199,2.826326689843446,0.0170170829621199,0.00045294250865457464
2024-09-26,234.46485900878906,0.0083469530101613,0.0204144251979722,2.9057735290276576,0.0204144251979722,0.00017208742040963898
2024-09-27,134.84788513183594,0.0075514921411998,0.019153531496598,2.7087671651048293,0.019153531496598,0.0006862750395824069
2024-09-30,160.4926300048828,0.0059677802318974,0.0250180504590985,2.348927156761351,0.0250180504590985,-6.470703888150631e-05
2024-10-08,98.58832550048828,0.0069413022628329,0.0256069641652629,2.81837982861746,0.0256069641652629,-0.0004884716005428835
2024-10-09,137.03067016601562,0.0097884282646389,0.0598145143114472,2.440411476522818,0.0598145143114472,-0.0010000151517447486
2024-10-10,119.58728790283203,0.0092932074191183,0.0601473591898472,2.083876638778322,0.0601473591898472,0.00023268265588471948
2024-10-11,157.45294189453125,0.0071126361610926,0.0630929659297483,1.8342288149088748,0.0630929659297483,0.0003525657522260861
2024-10-14,151.46929931640625,0.0060966594627431,0.04927725311339,1.7854478843375232,0.04927725311339,-0.0002195744294218871
2024-10-15,125.71414947509766,0.0089407104056975,0.0357460669896159,2.3175820785737007,0.0357460669896159,-0.0007566903607495457
2024-10-16,117.64259338378906,0.0065569737284063,0.0211968972354538,3.375656858987967,0.0211968972354538,0.00012006901358074806
2024-10-17,104.24164581298828,0.0055714449597475,0.0190192527384371,3.3024122511317775,0.0190192527384371,-0.0004538330422118042
2024-10-18,124.89034271240234,0.0067353177936724,0.0251165070530328,3.608672382991143,0.0251165070530328,9.681898671298761e-05
2024-10-21,119.05634307861328,0.0067729124320028,0.0233657742631721,3.3643375176872423,0.0233657742631721,6.353320880814195e-05
2024-10-22,214.1457977294922,0.0068838252339763,0.0185201666987536,3.014591353931029,0.0185201666987536,0.00021734075998502966
2024-10-23,215.39117431640625,0.0070381533200177,0.0174399472020997,2.975741052079549,0.0174399472020997,-1.0067325237561597e-05
2024-10-24,136.4728240966797,0.008407595823327,0.017399969052611,2.8379328607428995,0.017399969052611,-3.054251135792274e-05
2024-10-25,170.02560424804688,0.0072603080642635,0.0073443996517383,2.867035592201436,0.0073443996517383,-0.0005633233551842753
2024-10-28,145.1722869873047,0.0065330650913154,0.0073304657798333,3.2644835267338737,0.0073304657798333,0.000333094447416471
2024-10-29,160.8042449951172,0.0063802503171312,0.0083486574067711,3.3974837012082406,0.0083486574067711,9.428481148132661e-05
2024-10-30,133.96414184570312,0.0054825611268977,0.0081917255583961,3.3912351003795997,0.0081917255583961,-0.0002750275027503246
2024-10-31,133.89991760253906,0.0065696475837914,0.0073289613126419,3.499343066809894,0.0073289613126419,-0.00015160742413855566
2024-11-01,131.0728302001953,0.0067104482991631,0.0056385667834224,3.4284706359111183,0.0056385667834224,-0.00022616875273073767
2024-11-04,114.6917495727539,0.006862460020649,0.0096641514086384,3.0796761524903866,0.0096641514086384,0.0003601008282319018
2024-11-05,57.4433708190918,0.006770975361677,0.0135296381230652,3.539431680239102,0.0135296381230652,0.0001038537146249574
2024-11-06,120.14494323730469,0.0078285934253009,0.0125050416438017,3.680909671523672,0.0125050416438017,-0.00039991157234786634
2024-11-07,98.7958755493164,0.0069343278724439,0.015392642253581,3.4767336586284197,0.015392642253581,0.00027988630825137584
2024-11-08,108.89063262939453,0.0068215664008491,0.0178953698999439,3.546427440341413,0.0178953698999439,-0.0008131684597761923
2024-11-11,154.22886657714844,0.0045255884375359,0.0178759415858613,3.525074624239288,0.0178759415858613,-0.0003194231025177574
2024-11-12,106.85701751708984,0.0045847191018028,0.0171589421927311,3.5514757519756848,0.0171589421927311,-0.0007312784165254271
2024-11-13,116.55330657958984,0.0043616933858525,0.0167150622601322,3.457428240459583,0.0167150622601322,-0.00038419733153072233
2024-11-14,58.6295166015625,0.0042737459325257,0.010867456324246,3.2860011849567874,0.010867456324246,9.902019516783156e-06
2024-11-15,97.5879135131836,0.0052601465589157,0.0121527807430452,3.3037567005258692,0.0121527807430452,-0.0007905397069967179
2024-11-18,245.9111328125,0.0053100375641806,0.0099328737140741,3.5764137883296776,0.0099328737140741,-2.7844647119690258e-05
2024-11-19,197.47999572753906,0.0055436268005976,0.0119396256969162,3.477500099777152,0.0119396256969162,-0.00017598596134849043
2024-11-20,195.1946258544922,0.0060537053899259,0.0110953966436426,3.1577314500310605,0.0110953966436426,-0.0002458142597353552
2024-11-21,193.78823852539062,0.0072851655583196,0.0093411895082006,2.9469276321456688,0.0093411895082006,6.267156340489244e-05
2024-11-22,102.09968566894531,0.0069517158233576,0.0149933484628612,3.2653286196864464,0.0149933484628612,-0.0007470422040072311
2024-11-25,123.70584869384766,0.0069881275010734,0.0149942023646883,3.6384895734749554,0.0149942023646883,8.836332921835499e-05
2024-11-26,169.25527954101562,0.0065828285860722,0.0137202099623896,3.3382718236265627,0.0137202099623896,0.00020576185279441717
2024-11-27,199.62742614746094,0.0069474286547201,0.0174237742042641,3.3766132961044653,0.0174237742042641,2.3035871971721633e-05
2024-11-28,176.27854919433594,0.0064949467309143,0.017303523371489,3.2411757204269955,0.017303523371489,0.0004624414843596991
2024-11-29,226.97222900390625,0.0070643370987739,0.01117705966459,3.2529599105347535,0.01117705966459,-0.0005460966846316806
2024-12-02,197.0029296875,0.0067940879416093,0.0105358805959194,3.0341336161272294,0.0105358805959194,-7.345640235867368e-05
2024-12-03,164.99378967285156,0.0064556430330785,0.0100823063986298,3.1584675149390664,0.0100823063986298,0.0004151635972406975
2024-12-04,136.60072326660156,0.0061363953413463,0.0085553748620346,3.1036758258370947,0.0085553748620346,0.0006950402639624986
2024-12-05,127.66488647460938,0.0063302648940641,0.0069889761188019,2.8520519193745213,0.0069889761188019,-3.0598896909705964e-05
2024-12-06,150.84552001953125,0.0054842988253702,0.0075706622219947,3.5023722859622763,0.0075706622219947,-0.0002767824791658491
2024-12-09,170.9712371826172,0.0062398776470136,0.0071807052106284,3.127216762236559,0.0071807052106284,-0.0002218049376803144
2024-12-10,194.4993896484375,0.0026282605834773,0.0077258888613778,2.346960139005125,0.0077258888613778,-4.5047074192616776e-05
