Date,China,Hongkong,Japan,US
1900-01-01,0.23303987085819244,0.0,0.09062661975622177,2.7187986373901367
1900-02-01,0.0975881814956665,0.0,0.041823506355285645,2.732469081878662
1900-03-01,0.14171604812145233,0.0,0.10306622087955475,2.1515073776245117
1900-04-01,0.10683760792016983,0.0,0.1469017118215561,1.7761752605438232
1900-05-01,0.10869564861059189,0.0,0.0679347813129425,1.9701087474822998
1900-06-01,1.494378924369812,0.0,0.726624608039856,2.7282698154449463
1900-07-01,2.8013808727264404,0.01327668596059084,1.0355814695358276,3.544875144958496
1900-08-01,2.6454312801361084,0.013497098349034786,1.26872718334198,3.549736738204956
1900-09-01,0.9090909361839294,0.0,0.2985074520111084,2.008141040802002
1900-10-01,0.4391382038593292,0.027446137741208076,0.06861533969640732,1.2625223398208618
1900-11-01,0.4508812725543976,0.0,0.08197841048240662,1.5985790491104126
1900-12-01,0.32705390453338623,0.0,0.11773940175771713,1.6091052293777466
1901-01-01,0.32107412815093994,0.0,0.10215995460748672,1.4448336362838745
1901-02-01,0.3246753215789795,0.0,0.09276437759399414,1.6542980670928955
1901-03-01,0.5859653949737549,0.0,0.38587966561317444,1.6864370107650757
1901-04-01,0.34949758648872375,0.0,0.14562399685382843,1.2960536479949951
1901-05-01,0.15779659152030945,0.0,0.10041601210832596,1.23368239402771
1901-06-01,0.19262520968914032,0.0,0.09631260484457016,1.073197603225708
1901-07-01,0.11687362939119339,0.0,0.043827611953020096,1.2125638723373413
1901-08-01,0.3596583306789398,0.0,0.014985763467848301,2.023077964782715
1901-09-01,0.20283976197242737,0.0,0.06241223216056824,1.435481309890747
1901-10-01,0.15060241520404816,0.0,0.0602409653365612,1.2650601863861084
1901-11-01,0.09906595200300217,0.0,0.08491367101669312,1.4859892129898071
1901-12-01,0.1265111118555069,0.014056789688766003,0.028113579377532005,1.7711554765701294
1902-01-01,0.10561056435108185,0.0,0.026402641087770462,1.2013201713562012
1902-02-01,0.17660044133663177,0.0,0.17660044133663177,1.4275202751159668
1902-03-01,0.14411109685897827,0.0,0.09170705825090408,1.270797848701477
1902-04-01,0.12811388075351715,0.0,0.02846975065767765,1.4804270267486572
1902-05-01,0.09470978379249573,0.0,0.013529968447983265,1.2988770008087158
1902-06-01,0.11892177909612656,0.013213531114161015,0.05285412445664406,1.2420718669891357
1902-07-01,0.07841087132692337,0.0,0.013068478554487228,1.2937793731689453
1902-08-01,0.11889035999774933,0.0,0.09247028082609177,1.8758256435394287
1902-09-01,0.09838369488716125,0.0,0.04216444119811058,1.7287421226501465
1902-10-01,0.06578081846237183,0.0,0.0263123270124197,1.6971451044082642
1902-11-01,0.14933478832244873,0.0,0.04072766751050949,0.8824328184127808
1902-12-01,0.10890280455350876,0.0,0.02722570113837719,1.8241219520568848
1903-01-01,0.13700507581233978,0.0,0.041101519018411636,1.7947664260864258
1903-02-01,0.1774098128080368,0.0,0.0443524532020092,1.7593140602111816
1903-03-01,0.03785966709256172,0.0,0.0,1.0095911026000977
1903-04-01,0.14380212128162384,0.0,0.08628127723932266,1.0928962230682373
1903-05-01,0.21384656429290771,0.0,0.12028869241476059,1.202886939048767
1903-06-01,0.08324084430932999,0.0,0.05549389496445656,0.9988901019096375
1903-07-01,0.19682271778583527,0.0,0.2671165466308594,1.138759970664978
1903-08-01,0.09377092868089676,0.0,0.08037508279085159,1.9691895246505737
1903-09-01,0.028789404779672623,0.0,0.04318410903215408,2.130415916442871
1903-10-01,0.38033527135849,0.0,0.6479786038398743,1.5636005401611328
1903-11-01,0.23239918053150177,0.0,0.2870813310146332,2.214627504348755
1903-12-01,0.3698435425758362,0.0,0.682788074016571,2.1906116008758545
1904-01-01,0.7469118237495422,0.014363688416779041,1.5943694114685059,3.030738353729248
1904-02-01,1.413482427597046,0.0,3.3861448764801025,4.426840782165527
1904-03-01,1.0280095338821411,0.0,2.249701976776123,2.786054849624634
1904-04-01,0.514605700969696,0.0,1.2713788747787476,1.8465263843536377
1904-05-01,0.9605438113212585,0.014777597039937973,1.861977219581604,2.5713019371032715
1904-06-01,0.5079267621040344,0.0,1.4314298629760742,2.0778820514678955
1904-07-01,0.4913659989833832,0.0,1.572371244430542,2.13393235206604
1904-08-01,0.7231881618499756,0.0,1.8002769947052002,2.6927218437194824
1904-09-01,0.542870819568634,0.0,1.1975091695785522,2.219383716583252
1904-10-01,0.3294892907142639,0.0,1.213119626045227,1.917028546333313
1904-11-01,0.21874473989009857,0.0,0.7067137956619263,1.4470806121826172
1904-12-01,0.20527395606040955,0.0,0.9632086157798767,1.4053370952606201
1905-01-01,0.4361558258533478,0.0,1.0678297281265259,2.0905399322509766
1905-02-01,0.21673890948295593,0.0,0.5835278630256653,2.000666856765747
1905-03-01,0.31880977749824524,0.0,1.2600576877593994,2.277212619781494
1905-04-01,0.2447451800107956,0.0,0.4894903600215912,1.3245033025741577
1905-05-01,0.46882325410842896,0.0,0.7657446265220642,1.562744140625
1905-06-01,0.3572538197040558,0.0,1.304753065109253,2.2988505363464355
1905-07-01,0.191938579082489,0.0,0.7529898285865784,1.9489147663116455
1905-08-01,0.36866360902786255,0.0,0.8448540568351746,1.7665131092071533
1905-09-01,0.2863506078720093,0.015908367931842804,0.6681514382362366,1.6862870454788208
1905-10-01,0.1695154756307602,0.0,0.31077834963798523,1.3985025882720947
1905-11-01,0.14119862020015717,0.0,0.2980859875679016,1.3178538084030151
1905-12-01,0.10306242853403091,0.0,0.10306242853403091,1.5017668008804321
1906-01-01,0.11749155819416046,0.0,0.16155089437961578,1.3070935010910034
1906-02-01,0.2802865207195282,0.0,0.2491435706615448,1.3391467332839966
1906-03-01,0.2203553169965744,0.0,0.19281090795993805,1.115548849105835
1906-04-01,0.12044564634561539,0.0,0.12044564634561539,0.9334537982940674
1906-05-01,0.12393493205308914,0.0,0.10844306647777557,1.239349365234375
1906-06-01,0.03265305981040001,0.0,0.1469387710094452,1.436734676361084
1906-07-01,0.045126352459192276,0.0,0.1504211723804474,1.609506607055664
1906-08-01,0.03219575062394142,0.0,0.09658724814653397,1.6580811738967896
1906-09-01,0.12638230621814728,0.0,0.14218010008335114,2.3064770698547363
1906-10-01,0.10149340331554413,0.0,0.08699434250593185,1.4064085483551025
1906-11-01,0.0,0.0,0.04430006071925163,1.033668041229248
1906-12-01,0.08553100377321243,0.0,0.1995723396539688,0.9836065769195557
1907-01-01,0.05291705206036568,0.0,0.06614631414413452,1.0318825244903564
1907-02-01,0.11517420411109924,0.0,0.2879354953765869,1.4252806901931763
1907-03-01,0.023977940902113914,0.0,0.09591176360845566,1.1389521360397339
1907-04-01,0.07816570997238159,0.0,0.06513809412717819,0.9640437960624695
1907-05-01,0.1036672294139862,0.0,0.1036672294139862,1.0107554197311401
1907-06-01,0.2396266907453537,0.0,0.5549249649047852,1.563879370689392
1907-07-01,0.13065063953399658,0.0,0.6532531976699829,1.5939377546310425
1907-08-01,0.13962934911251068,0.0,0.19040365517139435,1.2820513248443604
1907-09-01,0.026099439710378647,0.0,0.11744747310876846,0.8221323490142822
1907-10-01,0.09240923821926117,0.0,0.25082507729530334,0.9108911156654358
1907-11-01,0.05504334717988968,0.0,0.11008669435977936,0.7155635356903076
1907-12-01,0.05081946402788162,0.0,0.1143437922000885,0.9274551868438721
1908-01-01,0.14450867474079132,0.0,0.39411455392837524,1.300577998161316
1908-02-01,0.04254715517163277,0.0,0.1843710094690323,0.7658488154411316
1908-03-01,0.13957619667053223,0.0,0.3045298755168915,1.0150996446609497
1908-04-01,0.0547570139169693,0.0,0.17796030640602112,0.8624230027198792
1908-05-01,0.09221446514129639,0.0,0.07904096692800522,0.8562771677970886
1908-06-01,0.028555111959576607,0.0,0.08566533774137497,1.1707595586776733
1908-07-01,0.10713807493448257,0.0,0.12053033709526062,1.1115574836730957
1908-08-01,0.06583278626203537,0.0,0.11849901080131531,0.921658992767334
1908-09-01,0.04141358286142349,0.0,0.1380452811717987,0.6764218807220459
1908-10-01,0.04014989361166954,0.0,0.08029978722333908,1.2847965955734253
1908-11-01,0.09712779521942139,0.0,0.15262939035892487,1.0822811126708984
1908-12-01,0.10014306008815765,0.0,0.14306151866912842,1.2446352243423462
1909-01-01,0.1734856218099594,0.0,0.13011421263217926,0.8240566849708557
1909-02-01,0.09570904821157455,0.0,0.414739191532135,1.2282661199569702
1909-03-01,0.01462629809975624,0.0,0.02925259619951248,1.1701037883758545
1909-04-01,0.0444115474820137,0.0,0.07401924580335617,1.199111819267273
1909-05-01,0.04128250852227211,0.0,0.09632585942745209,0.990780234336853
1909-06-01,0.029244041070342064,0.0,0.13159818947315216,0.8773212432861328
1909-07-01,0.05788711830973625,0.0,0.05788711830973625,1.0998553037643433
1909-08-01,0.10828370600938797,0.0,0.10828370600938797,1.0557661056518555
1909-09-01,0.08498583734035492,0.0,0.08498583734035492,0.779036819934845
1909-10-01,0.05219206586480141,0.0,0.05219206586480141,0.900313138961792
1909-11-01,0.014186409302055836,0.0,0.04255922883749008,1.007235050201416
1909-12-01,0.06623394042253494,0.0,0.052987150847911835,1.059743046760559
1910-01-01,0.06027001142501831,0.0,0.07232401520013809,0.9040501713752747
1910-02-01,0.04092211276292801,0.0,0.05456281453371048,0.94120854139328
1910-03-01,0.07470119744539261,0.0,0.17430278658866882,1.1080677509307861
1910-04-01,0.040655914694070816,0.0,0.040655914694070816,0.8673262000083923
1910-05-01,0.05091649666428566,0.0,0.012729124166071415,1.0565173625946045
1910-06-01,0.09269067645072937,0.0,0.07944915443658829,0.9533898234367371
1910-07-01,0.0890132263302803,0.0,0.06358087807893753,1.1190234422683716
1910-08-01,0.05382855609059334,0.0,0.05382855609059334,1.0631139278411865
1910-09-01,0.055983204394578934,0.0,0.027991602197289467,0.8257522583007812
1910-10-01,0.025967281311750412,0.0,0.03895092010498047,0.9218384623527527
1910-11-01,0.026709401980042458,0.0,0.08012820780277252,1.0817307233810425
1910-12-01,0.0655393898487091,0.013107878156006336,0.1310787796974182,1.1797089576721191
1911-01-01,0.1016131117939949,0.0,0.19052457809448242,1.435285210609436
1911-02-01,0.11481056362390518,0.0,0.1578645259141922,1.0189437866210938
1911-03-01,0.3298152983188629,0.0,0.4353561997413635,2.7176780700683594
1911-04-01,0.07806400954723358,0.0,0.18214936554431915,1.717408299446106
1911-05-01,0.17541491985321045,0.0,0.14842800796031952,1.7136688232421875
1911-06-01,0.027781635522842407,0.0,0.055563271045684814,0.9167940020561218
1911-07-01,0.07740936428308487,0.0,0.12901560962200165,1.3804670572280884
1911-08-01,0.05402485281229019,0.0,0.13506212830543518,1.4991896152496338
1911-09-01,0.2778935730457306,0.013894678093492985,0.20842017233371735,2.2648324966430664
1911-10-01,0.7123429775238037,0.0,0.2978888750076294,2.434917688369751
1911-11-01,0.5819592475891113,0.0,0.20784258842468262,2.023001194000244
1911-12-01,0.25539523363113403,0.0,0.1660068929195404,1.6217596530914307
1912-01-01,0.4009401500225067,0.0,0.09677865356206894,1.437854290008545
1912-02-01,0.08497379720211029,0.0,0.05664920061826706,1.6569890975952148
1912-03-01,0.28735631704330444,0.012493752874433994,0.1374312788248062,1.4867565631866455
1912-04-01,0.09953078627586365,0.0,0.11374946683645248,1.1801507472991943
1912-05-01,0.059084195643663406,0.0,0.11816839128732681,1.831610083580017
1912-06-01,0.08204567432403564,0.0,0.06837139278650284,1.3400793075561523
1912-07-01,0.04453681781888008,0.0,0.04453681781888008,1.1728028059005737
1912-08-01,0.13748854398727417,0.0,0.06110601872205734,1.8179041147232056
1912-09-01,0.0829072818160057,0.013817880302667618,0.09672516584396362,1.8101422786712646
1912-10-01,0.17998062074184418,0.0,0.1384466290473938,3.4888551235198975
1912-11-01,0.06970584392547607,0.0,0.01394116785377264,3.025233507156372
1912-12-01,0.040355123579502106,0.0,0.10761366784572601,1.614205002784729
1913-01-01,0.09619348496198654,0.0,0.04122577980160713,1.4429023265838623
1913-02-01,0.07107320427894592,0.0,0.02842928282916546,2.2174839973449707
1913-03-01,0.04959087446331978,0.0,0.0,1.586907982826233
1913-04-01,0.09462016820907593,0.0,0.18924033641815186,1.5815085172653198
1913-05-01,0.09324630349874496,0.0,0.2930597960948944,1.4919408559799194
1913-06-01,0.027948575094342232,0.0,0.055897150188684464,0.8524315357208252
1913-07-01,0.41020965576171875,0.0,0.37982377409935,2.354907274246216
1913-08-01,0.24702121317386627,0.014530659653246403,0.18889857828617096,2.3539669513702393
1913-09-01,0.16025641560554504,0.0,0.21853147447109222,1.325757622718811
1913-10-01,0.02789011225104332,0.0,0.08367034047842026,0.9482638239860535
1913-11-01,0.1435469090938568,0.0,0.15659663081169128,2.1532037258148193
1913-12-01,0.052805282175540924,0.0,0.09240923821926117,1.5445544719696045
1914-01-01,0.07961783558130264,0.0,0.2653927803039551,1.8444797992706299
1914-02-01,0.0722961276769638,0.0,0.1445922553539276,2.356853723526001
1914-03-01,0.06397952884435654,0.0,0.16634677350521088,1.9961612224578857
1914-04-01,0.1579778790473938,0.0,0.32912057638168335,5.068457126617432
1914-05-01,0.10253781080245972,0.0,0.16662395000457764,3.5119199752807617
1914-06-01,0.08242890238761902,0.0,0.09616705775260925,2.486605405807495
1914-07-01,0.10993541032075882,0.0,0.32980623841285706,4.466125965118408
1914-08-01,1.2861310243606567,0.0397772490978241,2.2275259494781494,15.977194786071777
1914-09-01,0.6331846117973328,0.014390559867024422,1.3814936876296997,12.980284690856934
1914-10-01,0.3570011854171753,0.0,0.7933359742164612,10.696813583374023
1914-11-01,0.26301947236061096,0.0,0.5917937755584717,10.270910263061523
1914-12-01,0.43045467138290405,0.0,0.8071025013923645,9.496906280517578
1915-01-01,0.18513621389865875,0.0,0.3570483922958374,7.603808403015137
1915-02-01,0.48622366786003113,0.0,0.5893620252609253,10.358036994934082
1915-03-01,0.2937249541282654,0.0,0.48064085841178894,8.53137493133545
1915-04-01,0.3736322522163391,0.0,0.4270082712173462,7.619429111480713
1915-05-01,0.5887623429298401,0.012799181044101715,0.5247663855552673,10.047356605529785
1915-06-01,0.3164556920528412,0.0,0.33021464943885803,10.66318130493164
1915-07-01,0.20531070232391357,0.0,0.30112236738204956,9.93703842163086
1915-08-01,0.23952095210552216,0.0,0.4524284899234772,10.592148780822754
1915-09-01,0.15775132179260254,0.0,0.22945646941661835,9.006166458129883
1915-10-01,0.1632140576839447,0.0,0.25109854340553284,8.851223945617676
1915-11-01,0.1618996262550354,0.0,0.43173232674598694,7.892606735229492
1915-12-01,0.4532504677772522,0.0,0.46620047092437744,7.0577569007873535
1916-01-01,0.3109452724456787,0.0,0.6094527244567871,7.139303684234619
1916-02-01,0.3299458920955658,0.0,0.42233073711395264,6.73089599609375
1916-03-01,0.21628499031066895,0.0,0.4580152630805969,8.040712356567383
1916-04-01,0.17610062658786774,0.0,0.23899370431900024,7.635220050811768
1916-05-01,0.16205266118049622,0.013504388742148876,0.2970965504646301,7.481431484222412
1916-06-01,0.20361070334911346,0.0,0.38007330894470215,10.492737770080566
1916-07-01,0.21496708691120148,0.0,0.41649872064590454,10.063146591186523
1916-08-01,0.3579952120780945,0.0,0.5220763683319092,9.680788040161133
1916-09-01,0.32437440752983093,0.0,0.33982083201408386,9.360519409179688
1916-10-01,0.27913469076156616,0.0,0.3768318295478821,8.5136079788208
1916-11-01,0.22019964456558228,0.0,0.2055196762084961,7.413388252258301
1916-12-01,0.284252405166626,0.0,0.49744173884391785,8.044342994689941
1917-01-01,0.15622781217098236,0.0,0.2982530891895294,6.675188064575195
1917-02-01,0.23724792897701263,0.0,0.5931198000907898,12.09964370727539
1917-03-01,0.4951176047325134,0.0,1.1002613306045532,11.181406021118164
1917-04-01,0.21379703283309937,0.0,0.3990877866744995,11.259977340698242
1917-05-01,0.2908587157726288,0.0,0.3878116309642792,9.681440353393555
1917-06-01,0.5159198045730591,0.0,0.3537735939025879,8.446344375610352
1917-07-01,0.41245344281196594,0.0,0.4922831356525421,9.872272491455078
1917-08-01,0.493513822555542,0.0,0.40891143679618835,10.631697654724121
1917-09-01,0.17791159451007843,0.013685506768524647,0.4242507219314575,9.40194320678711
1917-10-01,0.20202019810676575,0.0,0.2693602740764618,8.592592239379883
1917-11-01,0.2620689570903778,0.0,0.38620689511299133,9.917241096496582
1917-12-01,0.25513458251953125,0.0,0.34443169832229614,9.618574142456055
1918-01-01,0.218848317861557,0.0,0.24620434641838074,9.000136375427246
1918-02-01,0.2616279125213623,0.0,0.31976744532585144,9.694766998291016
1918-03-01,0.45911404490470886,0.0,1.0050874948501587,10.944286346435547
1918-04-01,0.19564002752304077,0.0,0.5310229063034058,11.55673599243164
1918-05-01,0.29251429438591003,0.0,0.38558703660964966,9.613083839416504
1918-06-01,0.28482651710510254,0.012946659699082375,0.6084930300712585,12.51941967010498
1918-07-01,0.40879616141319275,0.0,0.7612066268920898,14.0118408203125
1918-08-01,0.3849855661392212,0.0,0.9143407344818115,13.089509010314941
1918-09-01,0.34411561489105225,0.0,0.5161734223365784,13.747419357299805
1918-10-01,0.10491344332695007,0.0,0.1573701649904251,13.149151802062988
1918-11-01,0.21164020895957947,0.0,0.21164020895957947,9.100528717041016
1918-12-01,0.1741332858800888,0.0,0.31660598516464233,6.759537696838379
1919-01-01,0.4570923149585724,0.0,0.5455617904663086,6.1633734703063965
1919-02-01,0.36152154207229614,0.015718327835202217,0.6916064023971558,6.97893762588501
1919-03-01,0.487058162689209,0.0,0.8071249723434448,6.345672130584717
1919-04-01,0.44766902923583984,0.0,0.6946588158607483,6.576103687286377
1919-05-01,0.36199095845222473,0.0,0.4675716459751129,5.248868942260742
1919-06-01,0.14669209718704224,0.0,0.3227226138114929,5.7649993896484375
1919-07-01,0.6423000693321228,0.0,0.6728857755661011,5.795993328094482
1919-08-01,0.6846256852149963,0.0,0.7888078689575195,5.372823238372803
1919-09-01,0.4898088276386261,0.0,0.568810224533081,4.8348870277404785
1919-10-01,0.24868343770503998,0.0,0.36571094393730164,4.885898113250732
1919-11-01,0.2207157462835312,0.0,0.47296231985092163,5.328708648681641
1919-12-01,0.15422578155994415,0.0,0.3547193109989166,4.31832218170166
1920-01-01,0.14480161666870117,0.0,0.34752389788627625,3.547639846801758
1920-02-01,0.20554985105991364,0.0,0.29364264011383057,3.1272940635681152
1920-03-01,0.13144442439079285,0.0,0.30670365691185,4.235431671142578
1920-04-01,0.078125,0.0,0.1875,4.5625
1920-05-01,0.10790812224149704,0.0,0.231231689453125,3.052258253097534
1920-06-01,0.0622180737555027,0.0,0.1555451899766922,2.706486225128174
1920-07-01,0.3251277208328247,0.0,0.3251277208328247,3.5144758224487305
1920-08-01,0.15487068891525269,0.0,0.26328015327453613,3.577512741088867
1920-09-01,0.13251614570617676,0.0,0.19877421855926514,2.567500352859497
1920-10-01,0.15861572325229645,0.0,0.23071376979351044,3.172314405441284
1920-11-01,0.10318396240472794,0.0,0.2358490526676178,2.535377264022827
1920-12-01,0.1217038556933403,0.0,0.31102097034454346,2.5557808876037598
1921-01-01,0.08181074261665344,0.0,0.28633761405944824,1.8543769121170044
1921-02-01,0.047080978751182556,0.0,0.2667922079563141,2.4325172901153564
1921-03-01,0.18281535804271698,0.0,0.25312894582748413,2.7562930583953857
1921-04-01,0.12394987046718597,0.0,0.2754441499710083,2.396364212036133
1921-05-01,0.06828735023736954,0.0,0.2321770042181015,2.799781560897827
1921-06-01,0.18450184166431427,0.0,0.3294675946235657,2.5962045192718506
1921-07-01,0.18550416827201843,0.0,0.31800714135169983,2.358553171157837
1921-08-01,0.24533188343048096,0.0,0.36799782514572144,2.3988006114959717
1921-09-01,0.16190756857395172,0.0,0.23550191521644592,2.0017662048339844
1921-10-01,0.3161478638648987,0.0,0.41342413425445557,2.456225633621216
1921-11-01,0.5379630923271179,0.0,0.8069446086883545,2.5186452865600586
1921-12-01,0.29154518246650696,0.0,0.6195335388183594,2.2959184646606445
1922-01-01,0.3289860188961029,0.0,0.45823052525520325,1.9151686429977417
1922-02-01,0.24752475321292877,0.0,0.2866075932979584,1.8629494905471802
1922-03-01,0.23721978068351746,0.0,0.37955164909362793,2.004507064819336
1922-04-01,0.2701433002948761,0.0,0.3523608148097992,2.3608174324035645
1922-05-01,0.3990142047405243,0.011735712178051472,0.3168642222881317,1.9950710535049438
1922-06-01,0.27574631571769714,0.011988970451056957,0.20381249487400055,2.074091911315918
1922-07-01,0.21407882869243622,0.0,0.13852159678936005,2.7956175804138184
1922-08-01,0.13760320842266083,0.0,0.150112584233284,2.014010429382324
1922-09-01,0.1256456822156906,0.0,0.1954488307237625,2.736283779144287
1922-10-01,0.026514649391174316,0.0,0.07954394817352295,2.0283706188201904
1922-11-01,0.0933457762002945,0.0,0.10668089240789413,1.8402453660964966
1922-12-01,0.09808729588985443,0.012260911986231804,0.1348700374364853,1.7533104419708252
1923-01-01,0.07151370495557785,0.0,0.1430274099111557,2.741358757019043
1923-02-01,0.06569439172744751,0.0,0.013138878159224987,2.207331418991089
1923-03-01,0.08743442595005035,0.0,0.06245316192507744,1.773669719696045
1923-04-01,0.07217610627412796,0.01202935166656971,0.1202935129404068,1.5758450031280518
1923-05-01,0.6540977358818054,0.0,0.1282544583082199,2.270103931427002
1923-06-01,0.13065063953399658,0.013065064325928688,0.09145544469356537,1.5939377546310425
1923-07-01,0.0487092062830925,0.0,0.12177301198244095,1.9361909627914429
1923-08-01,0.08883249014616013,0.0,0.10152284055948257,1.3578680753707886
1923-09-01,0.13885031640529633,0.013885032385587692,0.3471257984638214,2.6936962604522705
1923-10-01,0.0634920671582222,0.0,0.05079365149140358,1.5873016119003296
1923-11-01,0.04991888254880905,0.0,0.04991888254880905,1.397728681564331
1923-12-01,0.07228915393352509,0.0,0.07228915393352509,1.9036144018173218
1924-01-01,0.044888339936733246,0.0,0.044888339936733246,1.9975311756134033
1924-02-01,0.059894584119319916,0.0,0.059894584119319916,1.4135122299194336
1924-03-01,0.031638894230127335,0.0,0.05273149162530899,1.0546298027038574
1924-04-01,0.0438692681491375,0.0,0.17547707259655,1.4476858377456665
1924-05-01,0.04335103556513786,0.0,0.15172861516475677,1.2571799755096436
1924-06-01,0.03244295343756676,0.0,0.08651454746723175,1.1030604839324951
1924-07-01,0.04826837033033371,0.0,0.09653674066066742,1.9066007137298584
1924-08-01,0.17257247865200043,0.0,0.1610676497220993,2.105384349822998
1924-09-01,0.8071316480636597,0.0,0.6987109780311584,2.481628656387329
1924-10-01,0.466386079788208,0.0,0.3753839135169983,1.6835399866104126
1924-11-01,0.22398924827575684,0.0,0.23518870770931244,1.556725263595581
1924-12-01,0.06779661029577255,0.0,0.23728813230991364,1.5028249025344849
1925-01-01,0.1783723533153534,0.0,0.23411370813846588,1.2597547769546509
1925-02-01,0.07036472111940384,0.0,0.14072944223880768,1.3252023458480835
1925-03-01,0.13675573468208313,0.0,0.19987376034259796,1.2623605728149414
1925-04-01,0.04339336231350899,0.0,0.075938381254673,1.6923410892486572
1925-05-01,0.02137208729982376,0.0,0.11754648387432098,1.4426159858703613
1925-06-01,0.2850694954395294,0.023755790665745735,0.21380211412906647,1.7104169130325317
1925-07-01,0.25842827558517456,0.011746739968657494,0.1879478394985199,1.7150241136550903
1925-08-01,0.24688586592674255,0.0,0.12344293296337128,1.6833127737045288
1925-09-01,0.22274325788021088,0.0,0.1289566308259964,1.5123095512390137
1925-10-01,0.16069789230823517,0.0,0.09182736277580261,1.8939393758773804
1925-11-01,0.13930562138557434,0.0,0.07501071691513062,1.2001714706420898
1925-12-01,0.11100011318922043,0.0,0.11100011318922043,1.2654012441635132
1926-01-01,0.09193993359804153,0.0,0.09193993359804153,0.8274593949317932
1926-02-01,0.03483916074037552,0.0,0.08129137009382248,1.0684008598327637
1926-03-01,0.22626760601997375,0.0,0.1337035894393921,0.9256402254104614
1926-04-01,0.11812714487314224,0.0,0.09664948284626007,1.363831639289856
1926-05-01,0.1715092808008194,0.010088780894875526,0.15133172273635864,1.8260693550109863
1926-06-01,0.09982253611087799,0.011091393418610096,0.07763975113630295,1.2422360181808472
1926-07-01,0.10298661142587662,0.0,0.05721478536725044,1.2243963479995728
1926-08-01,0.13803355395793915,0.0,0.10617965459823608,1.274155855178833
1926-09-01,0.36567002534866333,0.0,0.15057002007961273,1.5164551734924316
1926-10-01,0.19704432785511017,0.0,0.04926108196377754,1.123152732849121
1926-11-01,0.18134193122386932,0.0,0.11082006990909576,1.1686480045318604
1926-12-01,0.14974543452262878,0.0,0.13976240158081055,1.3177597522735596
1927-01-01,0.44048550724983215,0.0,0.22513704001903534,2.241581916809082
1927-02-01,0.46714088320732117,0.021233676001429558,0.2548041045665741,1.8048624992370605
1927-03-01,0.6227843165397644,0.0,0.29702022671699524,2.117466688156128
1927-04-01,0.9449135661125183,0.010052272118628025,0.6634499430656433,1.9601930379867554
1927-05-01,0.32676687836647034,0.0,0.16805154085159302,1.204369306564331
1927-06-01,0.2894500494003296,0.0,0.2096017599105835,1.337458848953247
1927-07-01,0.18798759579658508,0.0,0.21618573367595673,1.1937211751937866
1927-08-01,0.16977928578853607,0.0,0.1298312246799469,1.30829918384552
1927-09-01,0.08638894557952881,0.0,0.04799385741353035,1.0846611261367798
1927-10-01,0.24271844327449799,0.0,0.09888529032468796,1.4203523397445679
1927-11-01,0.17014840245246887,0.0,0.11343227326869965,1.5218830108642578
1927-12-01,0.2530933618545532,0.018747655674815178,0.19685038924217224,1.443569540977478
1928-01-01,0.08648274838924408,0.0,0.1556689441204071,1.5826342105865479
1928-02-01,0.056872036308050156,0.0,0.056872036308050156,1.2227487564086914
1928-03-01,0.14150525629520416,0.0,0.14150525629520416,1.388520359992981
1928-04-01,0.12411347776651382,0.0,0.23049645125865936,1.258865237236023
1928-05-01,0.5792903900146484,0.0,0.5611875653266907,1.3848659992218018
1928-06-01,0.184859961271286,0.0,0.12940198183059692,1.1091598272323608
1928-07-01,0.14385730028152466,0.0,0.15344777703285217,1.1892203092575073
1928-08-01,0.2370370328426361,0.009876543655991554,0.28641974925994873,1.224691390991211
1928-09-01,0.09306654334068298,0.0,0.10237319767475128,0.9771987199783325
1928-10-01,0.09056330472230911,0.0,0.05433798208832741,0.8694077134132385
1928-11-01,0.04701899737119675,0.0,0.06582659482955933,0.9685913324356079
1928-12-01,0.02642473392188549,0.0,0.05284946784377098,1.5766757726669312
1929-01-01,0.05383097007870674,0.0,0.11663377285003662,1.2829715013504028
1929-02-01,0.27629759907722473,0.0,0.2565620541572571,1.4505624771118164
1929-03-01,0.2616696357727051,0.0,0.15193720161914825,1.5868996381759644
1929-04-01,0.17224186658859253,0.0,0.13598041236400604,1.550176739692688
1929-05-01,0.24800220131874084,0.0,0.10103793442249298,1.3043079376220703
1929-06-01,0.09165062755346298,0.0,0.07332050055265427,0.9714966416358948
1929-07-01,1.0573441982269287,0.0,0.7239474058151245,1.9813297986984253
1929-08-01,0.41879943013191223,0.0,0.30711957812309265,1.4611446857452393
1929-09-01,0.33124440908432007,0.0,0.22381378710269928,1.1369740962982178
1929-10-01,0.17908309400081635,0.0,0.12535816431045532,1.1640400886535645
1929-11-01,0.38382574915885925,0.0,0.258859246969223,1.1871819496154785
1929-12-01,0.4851424992084503,0.008663259446620941,0.32920384407043457,1.2821623086929321
1930-01-01,0.13545240461826324,0.0,0.19866353273391724,1.1919811964035034
1930-02-01,0.20755089819431305,0.0,0.22731764614582062,1.1860051155090332
1930-03-01,0.199318990111351,0.0,0.28236857056617737,1.469977617263794
1930-04-01,0.16208915412425995,0.009004952386021614,0.18009905517101288,1.2877082824707031
1930-05-01,0.24241335690021515,0.0,0.25139161944389343,1.2120667695999146
1930-06-01,0.47415396571159363,0.0,0.24172554910182953,1.3759762048721313
1930-07-01,0.18580089509487152,0.0,0.3324858248233795,1.3495012521743774
1930-08-01,0.3630298376083374,0.0,0.19623233377933502,1.4226844310760498
1930-09-01,0.303326815366745,0.0,0.14677104353904724,1.5459882020950317
1930-10-01,0.11529933661222458,0.008869179524481297,0.06208425760269165,2.1818182468414307
1930-11-01,0.1388406753540039,0.0,0.14751821756362915,1.4057618379592896
1930-12-01,0.13918530941009521,0.0,0.07423216104507446,1.3268998861312866
1931-01-01,0.06132281944155693,0.0,0.052562419325113297,1.1914148330688477
1931-02-01,0.03941275179386139,0.0,0.06897231191396713,1.1528229713439941
1931-03-01,0.059076715260744095,0.0,0.05063718557357788,1.3081272840499878
1931-04-01,0.09810041636228561,0.0,0.05350932106375694,1.3109782934188843
1931-05-01,0.2830738425254822,0.0,0.0749313160777092,1.548580527305603
1931-06-01,0.2024291455745697,0.0,0.11041589826345444,1.1409642696380615
1931-07-01,0.09148293733596802,0.0,0.07318635284900665,1.2716128826141357
1931-08-01,0.10954902321100235,0.0,0.06390359997749329,1.4515246152877808
1931-09-01,0.48067861795425415,0.0,0.48067861795425415,1.5174363851547241
1931-10-01,0.8234994411468506,0.0,0.8404788374900818,1.7234060764312744
1931-11-01,1.4028897285461426,0.008400538004934788,1.453292965888977,2.3857526779174805
1931-12-01,0.6889334321022034,0.0,0.7325368523597717,1.5871632099151611
1932-01-01,1.0884919166564941,0.00830909889191389,1.1798919439315796,2.127129316329956
1932-02-01,2.6866490840911865,0.009138261899352074,2.924243927001953,3.847208261489868
1932-03-01,1.2249540090560913,0.0,1.3474494218826294,2.187417984008789
1932-04-01,0.5601228475570679,0.0,0.6323967576026917,1.7436082363128662
1932-05-01,0.5366883873939514,0.0,0.6774590611457825,1.4868906736373901
1932-06-01,0.21016430854797363,0.0,0.2770347595214844,1.3183033466339111
1932-07-01,0.2636916935443878,0.0,0.2434077113866806,1.8661257028579712
1932-08-01,0.43797218799591064,0.0,0.5146173238754272,2.5073907375335693
1932-09-01,0.31786394119262695,0.0,0.4450095295906067,2.3310022354125977
1932-10-01,0.22787348926067352,0.0,0.2734481692314148,1.5313098430633545
1932-11-01,0.2622123062610626,0.0,0.3981742262840271,1.5247159004211426
1932-12-01,0.30496522784233093,0.0,0.3907366693019867,1.5057657957077026
1933-01-01,0.5578182935714722,0.0,0.5932353734970093,1.6026208400726318
1933-02-01,1.0585675239562988,0.0,1.3157894611358643,2.987732410430908
1933-03-01,0.7500228881835938,0.0,1.0610079765319824,2.423854351043701
1933-04-01,0.37224143743515015,0.0,0.4520074427127838,1.7016750574111938
1933-05-01,0.5376869440078735,0.0,0.6843288540840149,2.453807830810547
1933-06-01,0.2153906375169754,0.009790483862161636,0.2153906375169754,1.321715235710144
1933-07-01,0.2459326535463333,0.01891789585351944,0.198637917637825,1.021566390991211
1933-08-01,0.12461656332015991,0.0,0.2204754650592804,1.6008435487747192
1933-09-01,0.22157995402812958,0.0,0.28901734948158264,1.5510597229003906
1933-10-01,0.116793192923069,0.0,0.21690164506435394,1.6935012340545654
1933-11-01,0.22707423567771912,0.0,0.235807865858078,1.2663755416870117
1933-12-01,0.2524018883705139,0.016283992677927017,0.24425989389419556,1.2701514959335327
1934-01-01,0.2860858142375946,0.0,0.346770703792572,1.3003901243209839
1934-02-01,0.14311611652374268,0.0,0.20036256313323975,1.5361130237579346
1934-03-01,0.07769337296485901,0.0,0.23308010399341583,1.476173996925354
1934-04-01,0.1825423240661621,0.008297378197312355,0.2821108400821686,1.3441752195358276
1934-05-01,0.2340354323387146,0.0,0.40120360255241394,2.0478100776672363
1934-06-01,0.06088544800877571,0.0,0.173958420753479,1.5569279193878174
1934-07-01,0.09519688785076141,0.008654261939227581,0.14712245762348175,2.371267795562744
1934-08-01,0.10798164457082748,0.00899847038090229,0.16197246313095093,1.5387383699417114
1934-09-01,0.13731548190116882,0.008582217618823051,0.24030210077762604,1.9653278589248657
1934-10-01,0.14223560690879822,0.0,0.18406961858272552,1.3888888359069824
1934-11-01,0.191938579082489,0.0,0.27918338775634766,1.535508632659912
1934-12-01,0.2049880474805832,0.0,0.24769388139247894,2.007174491882324
1935-01-01,0.20935101807117462,0.0,0.31402650475502014,1.421842336654663
1935-02-01,0.10217350721359253,0.0,0.2693665325641632,1.541891098022461
1935-03-01,0.113406240940094,0.0,0.2916160523891449,2.2276225090026855
1935-04-01,0.0958438590168953,0.0,0.17426156997680664,1.8733118772506714
1935-05-01,0.13591572642326355,0.0,0.263336718082428,1.410125732421875
1935-06-01,0.45412495732307434,0.0,0.546631932258606,1.44647216796875
1935-07-01,0.28331202268600464,0.0,0.5300676226615906,2.3121914863586426
1935-08-01,0.16806723177433014,0.009337068535387516,0.4108310043811798,3.0065360069274902
1935-09-01,0.26158446073532104,0.0,0.5698804259300232,4.297459125518799
1935-10-01,0.34769171476364136,0.0,0.8112806677818298,6.258450984954834
1935-11-01,0.40620383620262146,0.0,0.6370014548301697,3.212702989578247
1935-12-01,0.5546548366546631,0.008533150888979435,0.6911852359771729,3.2937963008880615
1936-01-01,0.22448627650737762,0.0,0.44033846259117126,2.521153450012207
1936-02-01,0.22325581312179565,0.009302325546741486,0.6511628031730652,2.548837184906006
1936-03-01,0.18738797307014465,0.0,0.3503340482711792,3.071533441543579
1936-04-01,0.24969863891601562,0.0,0.4477354884147644,2.1525745391845703
1936-05-01,0.19956760108470917,0.0,0.37418925762176514,2.087144613265991
1936-06-01,0.7886011004447937,0.01792275346815586,0.8782148957252502,2.312035083770752
1936-07-01,0.3269805610179901,0.00934230163693428,0.35500746965408325,2.643871545791626
1936-08-01,0.35274964570999146,0.027134587988257408,0.4070188105106354,4.368668556213379
1936-09-01,0.27452415227890015,0.0,0.3477306067943573,3.6511712074279785
1936-10-01,0.17664872109889984,0.0,0.2775908410549164,2.893674373626709
1936-11-01,0.38464686274528503,0.0,0.6629020571708679,3.3554301261901855
1936-12-01,0.5968621969223022,0.0,0.6821282505989075,3.026944160461426
1937-01-01,0.28660333156585693,0.0,0.3930560052394867,2.751392126083374
1937-02-01,0.12229538708925247,0.009407337754964828,0.24459077417850494,2.210724353790283
1937-03-01,0.1940890997648239,0.0,0.2999558746814728,2.434936046600342
1937-04-01,0.08907099068164825,0.0,0.1514206826686859,2.4227309226989746
1937-05-01,0.04224400222301483,0.0,0.06759040057659149,1.951672911643982
1937-06-01,0.05626406520605087,0.0,0.1594148576259613,2.363090753555298
1937-07-01,1.3469622135162354,0.0,1.595338225364685,3.19067645072937
1937-08-01,1.935784101486206,0.22335970401763916,1.8706375360488892,3.220102310180664
1937-09-01,2.221578359603882,0.2414758950471878,2.173283100128174,4.1823625564575195
1937-10-01,1.6461617946624756,0.1386241614818573,1.7068098783493042,3.552243947982788
1937-11-01,1.3100839853286743,0.15684103965759277,1.4946027994155884,2.832364559173584
1937-12-01,1.5115951299667358,0.24410852789878845,1.614871859550476,2.966857671737671
1938-01-01,1.0718398094177246,0.1683054268360138,1.1338471174240112,2.6308796405792236
1938-02-01,0.9958506226539612,0.07261411100625992,1.2655601501464844,3.008298873901367
1938-03-01,0.6697282791137695,0.08610792458057404,0.8897818326950073,3.539992332458496
1938-04-01,0.6775999069213867,0.03928115591406822,0.7758027911186218,2.6612982749938965
1938-05-01,0.7813218235969543,0.07353617250919342,0.8456659913063049,3.272359609603882
1938-06-01,0.7690002918243408,0.09987016767263412,0.7190651893615723,2.746429681777954
1938-07-01,0.7213438749313354,0.0988142266869545,0.8498023748397827,2.529644250869751
1938-08-01,0.9528796076774597,0.11518324911594391,1.3298429250717163,3.4136126041412354
1938-09-01,0.7684426307678223,0.12295082211494446,1.0040984153747559,6.84426212310791
1938-10-01,0.743187427520752,0.19267822802066803,0.7798880338668823,4.477475166320801
1938-11-01,0.5608364939689636,0.10456273704767227,0.6368821263313293,2.3193917274475098
1938-12-01,0.4427279531955719,0.037678975611925125,0.5557648539543152,2.4585530757904053
1939-01-01,0.7102010846138,0.05534034222364426,0.9684560298919678,3.827707052230835
1939-02-01,0.5764303803443909,0.09607173502445221,0.8112724423408508,3.223740339279175
1939-03-01,0.5042773485183716,0.06303466856479645,0.6573615670204163,3.638000965118408
1939-04-01,0.6048745512962341,0.11563778668642044,0.8984166383743286,4.847891807556152
1939-05-01,0.3312172293663025,0.06440334767103195,0.49682584404945374,2.8521482944488525
1939-06-01,1.3814880847930908,0.17761988937854767,1.7169922590255737,3.463587999343872
1939-07-01,1.1858909130096436,0.1114940196275711,1.642002820968628,4.105007171630859
1939-08-01,0.7764444947242737,0.10083694756031036,1.2402944564819336,5.979630947113037
1939-09-01,0.7392804622650146,0.08871365338563919,1.3602759838104248,16.136028289794922
1939-10-01,0.7128853797912598,0.11584387719631195,0.7841739654541016,11.682409286499023
1939-11-01,0.7421838641166687,0.1020502820611,1.2895444631576538,9.017534255981445
1939-12-01,0.6904696822166443,0.04542563855648041,0.8630871176719666,7.431634426116943
1940-01-01,0.738916277885437,0.08796621859073639,0.8884588479995728,6.465517044067383
1940-02-01,0.7785466909408569,0.12495194375514984,0.7785466909408569,6.199538707733154
1940-03-01,0.2722322940826416,0.04124731943011284,0.37947532534599304,5.32090425491333
1940-04-01,0.3497757911682129,0.09865470975637436,0.6457399129867554,6.385650157928467
1940-05-01,0.2982194423675537,0.08771160244941711,0.6139812469482422,8.543109893798828
1940-06-01,0.5639256238937378,0.09258479624986649,0.816429615020752,8.576719284057617
1940-07-01,0.5622189044952393,0.18740630149841309,0.7964767813682556,6.877810955047607
1940-08-01,0.4843517243862152,0.1210879310965538,0.8848733305931091,6.995156288146973
1940-09-01,0.9700888991355896,0.15269918739795685,1.2485404014587402,6.260666370391846
1940-10-01,0.9062912464141846,0.2199736088514328,1.487021565437317,6.097668170928955
1940-11-01,0.45884445309638977,0.0561850368976593,0.7210413217544556,5.665324687957764
1940-12-01,0.5093231797218323,0.06042817607522011,0.7337707281112671,6.120511054992676
1941-01-01,0.7024444937705994,0.018731852993369102,1.0021541118621826,7.118104457855225
1941-02-01,0.9529728889465332,0.08286720514297485,1.2430081367492676,7.1162214279174805
1941-03-01,0.6415396928787231,0.07128218561410904,1.0870534181594849,7.217321395874023
1941-04-01,0.5050995349884033,0.058280717581510544,0.7673627734184265,7.965031623840332
1941-05-01,0.5346590280532837,0.028139948844909668,0.9661382436752319,7.869805812835693
1941-06-01,0.5552984476089478,0.055529847741127014,0.971772313117981,8.542341232299805
1941-07-01,1.1153924465179443,0.05069965496659279,1.4804298877716064,8.85215950012207
1941-08-01,1.078360915184021,0.020540207624435425,1.4994351863861084,7.784738540649414
1941-09-01,0.49049049615859985,0.0200200192630291,0.8308308124542236,7.477477550506592
1941-10-01,0.6171667575836182,0.028484618291258812,0.9210026860237122,7.073680400848389
1941-11-01,0.9537037014961243,0.0555555559694767,1.314814805984497,6.94444465637207
1941-12-01,2.446263074874878,0.5036424398422241,7.680546760559082,15.316125869750977
1942-01-01,1.7457032203674316,0.14397552609443665,5.08413553237915,11.680014610290527
1942-02-01,1.488214135169983,0.06991609930992126,4.9740309715271,11.286456108093262
1942-03-01,1.360603928565979,0.07900281250476837,4.231039524078369,9.55933952331543
1942-04-01,1.1763581037521362,0.019127773120999336,3.7490437030792236,9.659525871276855
1942-05-01,1.28696608543396,0.01825483702123165,3.121577262878418,9.200438499450684
1942-06-01,1.224328637123108,0.029620852321386337,2.962085247039795,10.001975059509277
1942-07-01,0.9910094141960144,0.07151614129543304,2.2783000469207764,9.756845474243164
1942-08-01,0.9298228621482849,0.019575217738747597,2.975433111190796,11.382988929748535
1942-09-01,0.6669936180114746,0.019617458805441856,2.363903760910034,9.867582321166992
1942-10-01,0.786381721496582,0.04625774919986725,2.7199556827545166,10.121194839477539
1942-11-01,0.5265137553215027,0.02820609323680401,2.4351260662078857,10.417449951171875
1942-12-01,0.7590315341949463,0.0,2.9304380416870117,11.308609008789062
1943-01-01,0.7418546080589294,0.02005012519657612,2.8471179008483887,11.147870063781738
1943-02-01,0.8241425156593323,0.04847897216677666,2.6905829906463623,11.392558097839355
1943-03-01,1.1566017866134644,0.01023541484028101,2.6407370567321777,11.258955955505371
1943-04-01,1.0118385553359985,0.0,2.8230295181274414,10.340989112854004
1943-05-01,1.2925240993499756,0.0,3.2985212802886963,11.49829387664795
1943-06-01,1.0348706245422363,0.0,2.778402805328369,11.979752540588379
1943-07-01,0.8559689521789551,0.03423875942826271,3.2526819705963135,13.923761367797852
1943-08-01,0.8518475890159607,0.06906872242689133,2.762748956680298,12.605042457580566
1943-09-01,1.0722347497940063,0.045146726071834564,2.968397378921509,13.758464813232422
1943-10-01,1.033402919769287,0.020876826718449593,2.5991649627685547,10.939456939697266
1943-11-01,1.1572498083114624,0.04538234695792198,2.5300657749176025,10.664851188659668
1943-12-01,1.2708406448364258,0.04663635417819023,3.0430219173431396,11.60079288482666
1944-01-01,0.7903245091438293,0.01197461411356926,2.8978564739227295,12.537420272827148
1944-02-01,1.3147194385528564,0.013553808443248272,3.91705060005188,11.886690139770508
1944-03-01,1.1537526845932007,0.0,2.963322877883911,11.34321117401123
1944-04-01,1.7726305723190308,0.04727014899253845,3.5452611446380615,12.01843547821045
1944-05-01,2.2755532264709473,0.03730415180325508,3.7677195072174072,13.342452049255371
1944-06-01,2.307591438293457,0.039333947002887726,4.234954833984375,16.310476303100586
1944-07-01,2.3228347301483154,0.0,3.8188977241516113,13.727034568786621
1944-08-01,1.604498028755188,0.013713658787310123,3.01700496673584,14.262205123901367
1944-09-01,1.4416083097457886,0.013225764036178589,2.922893762588501,13.278666496276855
1944-10-01,1.6913319826126099,0.03523608297109604,3.1595020294189453,12.144702911376953
1944-11-01,2.1467125415802,0.07360157370567322,3.2507359981536865,11.665848731994629
1944-12-01,1.2595373392105103,0.13322030007839203,3.1003997325897217,12.353155136108398
1945-01-01,1.7302348613739014,0.21470068395137787,3.2962870597839355,10.98762321472168
1945-02-01,1.5588992834091187,0.09488952159881592,3.361800193786621,10.50562572479248
1945-03-01,1.5640274286270142,0.25659823417663574,3.3113391399383545,10.911534309387207
1945-04-01,1.4305261373519897,0.19902972877025604,3.483020305633545,9.379276275634766
1945-05-01,1.6419172286987305,0.13280212879180908,3.3441989421844482,7.774960994720459
1945-06-01,2.0237793922424316,0.4553503692150116,4.14874792098999,8.01922607421875
1945-07-01,2.054708242416382,0.3151392936706543,4.601033687591553,8.483550071716309
1945-08-01,2.6587154865264893,0.2112063616514206,6.236799716949463,9.218536376953125
1945-09-01,0.9539320468902588,0.10469985753297806,2.3615634441375732,5.130293369293213
1945-10-01,0.9006003737449646,0.02223704755306244,1.578830361366272,5.837224960327148
1945-11-01,0.9923213124275208,0.03544004634022713,1.901949167251587,5.883048057556152
1945-12-01,0.9146341681480408,0.03387533873319626,1.490514874458313,4.550587177276611
1946-01-01,0.8893830180168152,0.01111728698015213,1.3896609544754028,4.580322265625
1946-02-01,0.5822243094444275,0.01188212912529707,1.164448618888855,4.123098850250244
1946-03-01,0.8288689255714417,0.010108157061040401,0.8591933846473694,4.437480926513672
1946-04-01,0.81089848279953,0.02162395976483822,0.583846926689148,3.89231276512146
1946-05-01,0.5266962647438049,0.0,0.46473199129104614,4.18258810043335
1946-06-01,0.6352843046188354,0.0,0.4478233754634857,4.228285789489746
1946-07-01,0.7096844911575317,0.0,0.7533573508262634,4.432798385620117
1946-08-01,0.9018798470497131,0.0,0.5758991837501526,4.0856242179870605
1946-09-01,0.8439781069755554,0.02281021885573864,0.4904197156429291,4.425182342529297
1946-10-01,0.5561277270317078,0.0,0.35015448927879333,3.9031925201416016
1946-11-01,0.5100414156913757,0.010625863447785378,0.36127936840057373,3.4959089756011963
1946-12-01,0.7067489624023438,0.009954210370779037,0.46784791350364685,3.683058023452759
1947-01-01,0.4725401699542999,0.0,0.3780321180820465,3.3392839431762695
1947-02-01,0.3185800313949585,0.0,0.3640914857387543,3.2085561752319336
1947-03-01,0.51015305519104,0.0,0.37011101841926575,3.9211764335632324
1947-04-01,0.4549994468688965,0.011097547598183155,0.2885362207889557,3.4957275390625
1947-05-01,0.3625975251197815,0.021975606679916382,0.27469509840011597,3.0546092987060547
1947-06-01,0.37837299704551697,0.0,0.1991436779499054,3.0269839763641357
1947-07-01,0.509356677532196,0.03321891278028488,0.4872107207775116,3.7980289459228516
1947-08-01,0.32800760865211487,0.01058089081197977,0.20103693008422852,3.7456352710723877
1947-09-01,0.22990907728672028,0.0,0.344863623380661,3.3963842391967773
1947-10-01,0.3552047312259674,0.0,0.18746916949748993,3.0488407611846924
1947-11-01,0.32986804842948914,0.009996001608669758,0.24990004301071167,2.83886456489563
1947-12-01,0.35432273149490356,0.020247014239430428,0.2530876696109772,3.0168049335479736
1948-01-01,0.20659023523330688,0.010329511016607285,0.23757876455783844,3.0368764400482178
1948-02-01,0.3310551047325134,0.0,0.24562153220176697,3.4387013912200928
1948-03-01,0.8399832248687744,0.0,0.2729945480823517,4.766904830932617
1948-04-01,0.2963903844356537,0.0,0.2540489137172699,4.287075042724609
1948-05-01,0.2730858623981476,0.0,0.2326287031173706,4.349145412445068
1948-06-01,0.2891068756580353,0.010325245559215546,0.17552916705608368,3.551884412765503
1948-07-01,0.41832026839256287,0.0,0.20379705727100372,4.8053202629089355
1948-08-01,0.30001071095466614,0.0,0.19286403059959412,3.5679845809936523
1948-09-01,0.24410952627658844,0.0106134582310915,0.22288261353969574,4.096794605255127
1948-10-01,0.5195541381835938,0.009446438401937485,0.1889287680387497,4.430379867553711
1948-11-01,0.5482789874076843,0.0,0.263986200094223,3.3607473373413086
1948-12-01,0.5414451956748962,0.009844457730650902,0.2461114376783371,2.8745815753936768
1949-01-01,0.5522276163101196,0.02807937189936638,0.24335454404354095,3.0419318675994873
1949-02-01,0.20202019810676575,0.0,0.3296118974685669,3.0834662914276123
1949-03-01,0.23320895433425903,0.018656715750694275,0.20522387325763702,2.5932836532592773
1949-04-01,0.5995203852653503,0.0,0.13988809287548065,3.107513904571533
1949-05-01,0.5053239464759827,0.03609456866979599,0.16242554783821106,3.11315655708313
1949-06-01,0.4086219370365143,0.0817243829369545,0.20431096851825714,2.6969046592712402
1949-07-01,0.3763222098350525,0.03051261231303215,0.20341740548610687,2.7156224250793457
1949-08-01,0.6368750929832458,0.09553126245737076,0.24413543939590454,2.9614691734313965
1949-09-01,0.48006269335746765,0.09797198325395584,0.29391592741012573,3.203683853149414
1949-10-01,0.6060066223144531,0.11585420370101929,0.17823722958564758,2.8517956733703613
1949-11-01,0.42650267481803894,0.09918666630983353,0.2281293421983719,2.20194411277771
1949-12-01,0.4978935420513153,0.11489850282669067,0.2393718808889389,2.2979700565338135
1950-01-01,0.713045060634613,0.15540726482868195,0.38394734263420105,2.5413658618927
1950-02-01,0.7111771702766418,0.09553126245737076,0.3184375464916229,3.481583595275879
1950-03-01,0.48391687870025635,0.13283993303775787,0.25619128346443176,2.523958683013916
1950-04-01,0.5052360892295837,0.13779166340827942,0.11941944062709808,2.5996692180633545
1950-05-01,0.66404789686203,0.14964459836483002,0.2899363934993744,2.8713057041168213
1950-06-01,0.9455558657646179,0.04976610094308853,0.7564446926116943,3.4836268424987793
1950-07-01,1.5122684240341187,0.22033049166202545,2.1231846809387207,8.332498550415039
1950-08-01,1.063410758972168,0.08861756324768066,1.9791256189346313,7.916502475738525
1950-09-01,1.010668158531189,0.112296462059021,1.5440763235092163,6.550626754760742
1950-10-01,1.0476782321929932,0.12430080771446228,1.0387996435165405,4.687916278839111
1950-11-01,2.5475170612335205,0.1691710650920868,1.2240023612976074,5.333864212036133
1950-12-01,3.8219642639160156,0.3096274733543396,1.799709677696228,8.166424751281738
1951-01-01,3.0052013397216797,0.09632055461406708,1.4544403553009033,7.474474906921387
1951-02-01,1.9450678825378418,0.07481030374765396,1.3893342018127441,6.198567867279053
1951-03-01,1.6003085374832153,0.07712329924106598,1.2050515413284302,5.157620906829834
1951-04-01,2.271228075027466,0.13193854689598083,1.4795966148376465,5.202148914337158
1951-05-01,3.4196290969848633,0.23183925449848175,1.8933539390563965,6.423879623413086
1951-06-01,2.1883628368377686,0.1738419085741043,1.5441251993179321,4.949381351470947
1951-07-01,1.6917095184326172,0.09456761926412582,1.4815592765808105,5.0330986976623535
1951-08-01,1.3223140239715576,0.07231404632329941,1.5909091234207153,4.834710597991943
1951-09-01,1.2307692766189575,0.08653846383094788,1.365384578704834,4.038461685180664
1951-10-01,1.3707822561264038,0.08627300709486008,0.9969325065612793,5.224309921264648
1951-11-01,1.2778040170669556,0.009465215727686882,0.9843823909759521,5.063889980316162
1951-12-01,0.9920061826705933,0.048155639320611954,1.0594240427017212,4.054704666137695
1952-01-01,1.412858009338379,0.06637587398290634,0.9292622804641724,4.665276050567627
1952-02-01,0.8701958060264587,0.010359473526477814,0.7251631617546082,3.7190511226654053
1952-03-01,0.9849949479103088,0.03682224079966545,0.7364448308944702,3.406057357788086
1952-04-01,0.6391013860702515,0.06778348237276077,0.6391013860702515,3.4279074668884277
1952-05-01,0.9255725145339966,0.038167938590049744,0.8683205842971802,3.7404580116271973
1952-06-01,1.1849769353866577,0.0,0.7732476592063904,3.906406879425049
1952-07-01,0.8827238082885742,0.010508617386221886,0.6935687065124512,3.194619655609131
1952-08-01,0.9906098246574402,0.02063770592212677,0.742957353591919,3.033742666244507
1952-09-01,0.8953380584716797,0.02058248408138752,0.7306782007217407,3.2931973934173584
1952-10-01,1.6165157556533813,0.05842828005552292,1.0322328805923462,3.7199337482452393
1952-11-01,1.5830875635147095,0.03933136537671089,0.8062930107116699,3.40216326713562
1952-12-01,1.3726695775985718,0.030731407925486565,0.8195042014122009,3.237041473388672
1953-01-01,1.1573410034179688,0.01912960223853588,0.8225729465484619,3.127690076828003
1953-02-01,2.3569023609161377,0.24980992078781128,0.9449331760406494,4.550885200500488
1953-03-01,1.329055905342102,0.06416132301092148,0.824931263923645,3.767186164855957
1953-04-01,1.5036144256591797,0.0,0.800000011920929,3.4313251972198486
1953-05-01,1.6958374977111816,0.05441189929842949,0.680148720741272,3.6909403800964355
1953-06-01,1.6086336374282837,0.030543677508831024,0.9366727471351624,4.113215446472168
1953-07-01,1.628835678100586,0.06305170059204102,0.8511979579925537,3.804119348526001
1953-08-01,0.9044193029403687,0.04110996797680855,0.4522096514701843,3.442960023880005
1953-09-01,0.984009861946106,0.06150061637163162,0.2665026783943176,2.9827797412872314
1953-10-01,0.6668571829795837,0.019053062424063683,0.24768981337547302,3.3819186687469482
1953-11-01,0.3729603588581085,0.0279720276594162,0.139860138297081,2.0326340198516846
1953-12-01,1.098659634590149,0.01098659634590149,0.4065040647983551,3.3948583602905273
1954-01-01,0.7646147608757019,0.019357336685061455,0.26132404804229736,2.8455283641815186
1954-02-01,0.9594762325286865,0.06772773712873459,0.23704707622528076,2.675245523452759
1954-03-01,0.9818655252456665,0.010019036009907722,0.5811040997505188,3.4265103340148926
1954-04-01,1.6388728618621826,0.03833620995283127,0.5175387859344482,4.37991189956665
1954-05-01,1.0173604488372803,0.0466679111123085,0.2426731437444687,2.790741205215454
1954-06-01,0.8880804777145386,0.01069976482540369,0.23539482057094574,4.076610088348389
1954-07-01,1.202886939048767,0.0,0.24057738482952118,3.7919578552246094
1954-08-01,0.7312015891075134,0.021826911717653275,0.3164902329444885,2.782931327819824
1954-09-01,0.8469259738922119,0.07319113612174988,0.4391467869281769,2.634880781173706
1954-10-01,0.3755163252353668,0.0281637255102396,0.12204281240701675,2.084115743637085
1954-11-01,0.8081624507904053,0.07071421295404434,0.3131629526615143,2.899282693862915
1954-12-01,0.8792086839675903,0.029973024502396584,0.21980217099189758,2.8474373817443848
1955-01-01,1.1802361011505127,0.040008001029491425,0.5301060080528259,3.3706741333007812
1955-02-01,1.6983016729354858,0.06660006940364838,0.4440004527568817,3.840603828430176
1955-03-01,1.2498769760131836,0.09841550886631012,0.4920775592327118,3.956303596496582
1955-04-01,1.1453560590744019,0.06247396767139435,0.43731778860092163,3.352769613265991
1955-05-01,0.7389635443687439,0.028790786862373352,0.191938579082489,2.783109426498413
1955-06-01,0.6953223943710327,0.07374631613492966,0.29498526453971863,2.833965539932251
1955-07-01,0.49504950642585754,0.05266484245657921,0.3475879430770874,2.791236639022827
1955-08-01,0.5418879389762878,0.054188795387744904,0.22759293019771576,2.7636284828186035
1955-09-01,0.2095557451248169,0.031433362513780594,0.25146690011024475,2.5984911918640137
1955-10-01,0.24368230998516083,0.0,0.17148014903068542,2.590252637863159
1955-11-01,0.32163742184638977,0.0,0.12670564651489258,2.680311918258667
1955-12-01,0.34979012608528137,0.009994003921747208,0.2398560792207718,2.618428945541382
1956-01-01,0.7429001331329346,0.03761519491672516,0.23509497940540314,3.4511942863464355
1956-02-01,0.5538060665130615,0.0,0.30405038595199585,3.941796064376831
1956-03-01,0.32626426219940186,0.009596007876098156,0.23030419647693634,3.2242586612701416
1956-04-01,0.37379685044288635,0.0,0.18689842522144318,2.9623398780822754
1956-05-01,0.4353715181350708,0.029024768620729446,0.18382352590560913,2.64125394821167
1956-06-01,0.3407496511936188,0.010022048838436604,0.30066144466400146,2.7460412979125977
1956-07-01,0.38306450843811035,0.02016128972172737,0.29233869910240173,2.9435484409332275
1956-08-01,0.47349458932876587,0.07205352187156677,0.33968091011047363,3.088008165359497
1956-09-01,0.3344162106513977,0.019109496846795082,0.21975922584533691,3.0097458362579346
1956-10-01,0.15154385566711426,0.018942981958389282,0.10418640077114105,3.741238832473755
1956-11-01,0.5447768568992615,0.00955748837441206,0.14336232841014862,5.648475646972656
1956-12-01,0.28985506296157837,0.028985507786273956,0.15458936989307404,3.4879226684570312
1957-01-01,0.32085561752319336,0.019445795565843582,0.29168692231178284,3.821098804473877
1957-02-01,0.27047494053840637,0.03245699405670166,0.15146596729755402,4.186952114105225
1957-03-01,0.24965326488018036,0.0,0.24965326488018036,2.6814608573913574
1957-04-01,0.2929401397705078,0.02929401397705078,0.4394102096557617,3.3102235794067383
1957-05-01,0.5492424368858337,0.028409091755747795,0.39772728085517883,3.4753787517547607
1957-06-01,0.5524317026138306,0.029594555497169495,0.5622965097427368,3.4231035709381104
1957-07-01,0.4148924648761749,0.06550933420658112,0.2729555666446686,3.2208757400512695
1957-08-01,0.28062599897384644,0.010793307796120644,0.21586616337299347,2.8170533180236816
1957-09-01,0.16286644339561462,0.0,0.14370569586753845,2.7495689392089844
1957-10-01,0.31052976846694946,0.028229979798197746,0.3199397623538971,3.8016374111175537
1957-11-01,0.21868787705898285,0.019880715757608414,0.2584493160247803,3.4990060329437256
1957-12-01,0.20814748108386993,0.009911784902215004,0.11894141882658005,3.6178016662597656
1958-01-01,0.2073664516210556,0.01974918507039547,0.11849511414766312,3.5054802894592285
1958-02-01,0.31149181723594666,0.022249415516853333,0.37824007868766785,3.793525457382202
1958-03-01,0.18724745512008667,0.00985512975603342,0.1971025913953781,3.705528736114502
1958-04-01,0.2556498646736145,0.0,0.2863278388977051,4.622149467468262
1958-05-01,0.39381706714630127,0.009845427237451077,0.11814512312412262,3.9381706714630127
1958-06-01,0.19228823482990265,0.010120432823896408,0.11132476478815079,3.279020309448242
1958-07-01,0.632635235786438,0.010907504707574844,0.3926701545715332,5.431937217712402
1958-08-01,1.1857707500457764,0.052007488906383514,0.33284792304039,4.1710004806518555
1958-09-01,2.5741350650787354,0.14415156841278076,0.3191927373409271,4.664332866668701
1958-10-01,1.2208119630813599,0.04844491928815842,0.23253560066223145,3.4783451557159424
1958-11-01,0.4682926833629608,0.009756097570061684,0.17560975253582,3.326829195022583
1958-12-01,0.33035099506378174,0.04129387438297272,0.16517549753189087,3.1658637523651123
1959-01-01,0.2813222110271454,0.0,0.02009444311261177,2.6223249435424805
1959-02-01,0.15428698062896729,0.0,0.1432664692401886,2.556755542755127
1959-03-01,0.2758226990699768,0.028533384203910828,0.057066768407821655,3.3859615325927734
1959-04-01,0.29378989338874817,0.01013068575412035,0.09117617458105087,2.8264613151550293
1959-05-01,0.244021475315094,0.009760858491063118,0.16593460738658905,3.0161054134368896
1959-06-01,0.25049009919166565,0.0,0.13069048523902893,3.2345893383026123
1959-07-01,0.25857222080230713,0.0,0.15739178657531738,2.878021478652954
1959-08-01,0.605867326259613,0.06377550959587097,0.17006802558898926,3.0824830532073975
1959-09-01,0.6778600215911865,0.05214308202266693,0.23985816538333893,2.680154323577881
1959-10-01,0.5387274026870728,0.01016466785222292,0.15247000753879547,2.3785321712493896
1959-11-01,0.5371618270874023,0.009766578674316406,0.12696552276611328,2.4123449325561523
1959-12-01,0.3057781457901001,0.010544073767960072,0.09489666670560837,2.2986080646514893
1960-01-01,0.1927710771560669,0.00963855441659689,0.17349398136138916,2.1783132553100586
1960-02-01,0.2510460317134857,0.02092050202190876,0.2196652740240097,3.023012638092041
1960-03-01,0.2153695523738861,0.0,0.05873715132474899,2.643171787261963
1960-04-01,0.4193894565105438,0.009753243066370487,0.19506485760211945,3.0332586765289307
1960-05-01,0.4887218177318573,0.028195489197969437,0.29135337471961975,3.411654233932495
1960-06-01,0.8254356384277344,0.020381126552820206,0.7541016936302185,2.904310703277588
1960-07-01,0.3709735870361328,0.009048135951161385,0.24429967999458313,2.4972856044769287
1960-08-01,0.5161290168762207,0.02977667562663555,0.10918114334344864,3.215880870819092
1960-09-01,0.6108735203742981,0.017453530803322792,0.13090147078037262,2.9321930408477783
1960-10-01,0.5864332318305969,0.0,0.13129103183746338,3.0897154808044434
1960-11-01,0.5284396409988403,0.009607993997633457,0.1056879311800003,2.988085985183716
1960-12-01,0.4640600383281708,0.03949446976184845,0.08886256068944931,2.794233798980713
1961-01-01,0.6433823704719543,0.009191176854074001,0.11029411852359772,2.941176414489746
1961-02-01,0.37631434202194214,0.011068068444728851,0.05534034222364426,2.5456557273864746
1961-03-01,0.7137830257415771,0.03015984781086445,0.10053282231092453,3.1667840480804443
1961-04-01,0.5845104455947876,0.00974184088408947,0.06819289177656174,4.43253755569458
1961-05-01,0.6794682145118713,0.029542097821831703,0.13786311447620392,3.8109304904937744
1961-06-01,0.5822267532348633,0.05107252299785614,0.24514810740947723,3.738508701324463
1961-07-01,0.3958333432674408,0.03125,0.2291666716337204,4.75
1961-08-01,0.4170677065849304,0.021388087421655655,0.2994332015514374,5.5822906494140625
1961-09-01,0.5458290576934814,0.030895983800292015,0.3913491368293762,6.168898105621338
1961-10-01,0.4416229724884033,0.027601435780525208,0.4324224889278412,4.407029151916504
1961-11-01,0.36525171995162964,0.009871668182313442,0.2270483672618866,4.412635803222656
1961-12-01,0.6347947120666504,0.03967466950416565,0.1686173379421234,4.691529273986816
1962-01-01,0.43630844354629517,0.04742483049631119,0.12330456078052521,3.4335577487945557
1962-02-01,0.4945286214351654,0.03156565502285957,0.13678450882434845,3.819444417953491
1962-03-01,0.6580184102058411,0.00940026342868805,0.23500658571720123,4.324120998382568
1962-04-01,0.3967887759208679,0.027682937681674957,0.22146350145339966,3.8756113052368164
1962-05-01,0.6488011479377747,0.03761165961623192,0.17865538597106934,3.714151382446289
1962-06-01,0.5634583234786987,0.10160724073648453,0.11084426194429398,3.1128764152526855
1962-07-01,0.5328596830368042,0.09867771714925766,0.1480165719985962,3.1280837059020996
1962-08-01,0.23071521520614624,0.020062193274497986,0.10031096637248993,2.7384893894195557
1962-09-01,0.5855855941772461,0.06306306272745132,0.27927929162979126,3.6396396160125732
1962-10-01,1.1782833337783813,0.08157346397638321,0.29910269379615784,7.921689510345459
1962-11-01,1.6903573274612427,0.12485593557357788,0.1440645456314087,5.839416027069092
1962-12-01,1.2739626169204712,0.08493084460496902,0.26692551374435425,4.574132442474365
1963-01-01,0.9103977084159851,0.03593675047159195,0.15572592616081238,4.024916172027588
1963-02-01,0.5508124232292175,0.041310932487249374,0.12393280118703842,5.1638665199279785
1963-03-01,0.6050129532814026,0.024694407358765602,0.1852080523967743,3.975799560546875
1963-04-01,0.5636448860168457,0.018788162618875504,0.12212306261062622,3.98309063911438
1963-05-01,0.45674368739128113,0.044778794050216675,0.1432921439409256,3.447967052459717
1963-06-01,0.6268126368522644,0.028066236525774002,0.14968658983707428,3.0592198371887207
1963-07-01,1.8396846055984497,0.08086525648832321,0.24259577691555023,5.013646125793457
1963-08-01,1.4893180131912231,0.06162695214152336,0.24650780856609344,5.566967964172363
1963-09-01,1.1382720470428467,0.05598059296607971,0.15861168503761292,4.1518940925598145
1963-10-01,0.6537134647369385,0.01815870776772499,0.20882512629032135,3.840566635131836
1963-11-01,0.5362426042556763,0.04622780904173851,0.14792899787425995,3.3099112510681152
1963-12-01,0.6368250846862793,0.036917395889759064,0.12921088933944702,2.6303646564483643
1964-01-01,0.788469672203064,0.050869014114141464,0.1526070386171341,2.5349724292755127
1964-02-01,0.5771450400352478,0.03847633674740791,0.11542901396751404,2.7510581016540527
1964-03-01,0.5258545279502869,0.052585452795028687,0.1665205955505371,2.5766870975494385
1964-04-01,0.6120819449424744,0.026612259447574615,0.10644903779029846,2.341878890991211
1964-05-01,0.7142857313156128,0.025510204955935478,0.12755101919174194,2.440476179122925
1964-06-01,1.058944821357727,0.11245431751012802,0.28113579750061035,3.373629570007324
1964-07-01,0.9031361937522888,0.07939658313989639,0.16871774196624756,4.009527683258057
1964-08-01,1.2381852865219116,0.056710775941610336,0.25519847869873047,4.2911152839660645
1964-09-01,0.5943956971168518,0.018869705498218536,0.19813190400600433,3.1229360103607178
1964-10-01,1.3129301071166992,0.07243752479553223,0.3169141709804535,3.377399444580078
1964-11-01,0.680759608745575,0.053744178265333176,0.25976353883743286,2.8842709064483643
1964-12-01,0.7685269713401794,0.04574565589427948,0.21043001115322113,3.2387924194335938
1965-01-01,0.634361207485199,0.044052861630916595,0.24669604003429413,2.264317274093628
1965-02-01,1.183194637298584,0.08021658658981323,0.2607038915157318,3.018148899078369
1965-03-01,0.8615038990974426,0.0561850368976593,0.14046259224414825,2.5657832622528076
1965-04-01,1.01616632938385,0.03695150092244148,0.24942263960838318,2.8822171688079834
1965-05-01,0.8768821954727173,0.03542958199977875,0.17714792490005493,3.658104419708252
1965-06-01,1.0381313562393188,0.0998203232884407,0.18965861201286316,3.3439807891845703
1965-07-01,1.0395010709762573,0.00990001019090414,0.22770023345947266,3.623403549194336
1965-08-01,0.9873197078704834,0.08711644262075424,0.27102893590927124,3.4846577644348145
1965-09-01,2.305600881576538,0.13050571084022522,0.3480152189731598,5.046220779418945
1965-10-01,1.014824390411377,0.05969555303454399,0.24873146414756775,3.6115808486938477
1965-11-01,0.7712330222129822,0.03856164962053299,0.17352741956710815,3.1716957092285156
1965-12-01,1.087267518043518,0.08583690971136093,0.30519789457321167,4.196471214294434
1966-01-01,1.0489805936813354,0.13535234332084656,0.23686659336090088,3.4430251121520996
1966-02-01,1.3229881525039673,0.09947279095649719,0.328260213136673,3.8396499156951904
1966-03-01,1.0495678186416626,0.08819897472858429,0.27341681718826294,2.919386148452759
1966-04-01,0.8446986079216003,0.087989442050457,0.2639683187007904,2.8772547245025635
1966-05-01,0.8681991100311279,0.09095419198274612,0.28113114833831787,3.026293992996216
1966-06-01,0.7488213181495667,0.10169178247451782,0.13867060840129852,2.939816951751709
1966-07-01,1.040912389755249,0.08146271109580994,0.307748019695282,3.4395365715026855
1966-08-01,0.9013374447822571,0.0969180092215538,0.3392130136489868,3.0626089572906494
1966-09-01,0.8536025881767273,0.07342817634344101,0.24782009422779083,2.7810921669006348
1966-10-01,0.7822005748748779,0.06952894479036331,0.21727794408798218,2.9897444248199463
1966-11-01,0.7607192397117615,0.10373444110155106,0.1815352737903595,2.9132089614868164
1966-12-01,0.8749672174453735,0.07874704897403717,0.22749146819114685,3.027386426925659
1967-01-01,0.98931884765625,0.2976711690425873,0.3939765393733978,2.6965506076812744
1967-02-01,0.9307737350463867,0.14543339610099792,0.5235602259635925,3.160752296447754
1967-03-01,0.7735396027565002,0.20449897646903992,0.27562904357910156,3.5831778049468994
1967-04-01,0.7487170696258545,0.09253806620836258,0.16825103759765625,2.9612181186676025
1967-05-01,0.7927107214927673,0.10022778809070587,0.31890660524368286,4.273348331451416
1967-06-01,1.1813628673553467,0.21737076342105865,0.4536433219909668,6.256497383117676
1967-07-01,0.9640583992004395,0.33695244789123535,0.280793696641922,4.77349328994751
1967-08-01,1.308266282081604,0.3585618734359741,0.2519623935222626,4.176761150360107
1967-09-01,1.2338755130767822,0.2710787057876587,0.17760328948497772,3.3183772563934326
1967-10-01,1.0332950353622437,0.1766316294670105,0.2384527027606964,3.5679590702056885
1967-11-01,0.6471607089042664,0.08203445374965668,0.24610336124897003,3.354297637939453
1967-12-01,0.771943211555481,0.08577146381139755,0.19060325622558594,3.6309921741485596
1968-01-01,0.8325986862182617,0.07836222648620605,0.44078755378723145,4.133607387542725
1968-02-01,0.9097067713737488,0.0870995819568634,0.24194328486919403,4.771121501922607
1968-03-01,0.46642613410949707,0.03520197048783302,0.19361084699630737,3.775411367416382
1968-04-01,0.481859415769577,0.06613756716251373,0.1795162558555603,3.5714285373687744
1968-05-01,0.49369171261787415,0.06399707496166229,0.13713659346103668,3.0078625679016113
1968-06-01,0.5684509873390198,0.04737091436982155,0.17053529620170593,2.6148743629455566
1968-07-01,0.49746087193489075,0.03109130449593067,0.16582028567790985,3.513317346572876
1968-08-01,0.35268324613571167,0.03812791779637337,0.23829948902130127,4.146411418914795
1968-09-01,0.5419074892997742,0.10838150233030319,0.17160405218601227,3.829479694366455
1968-10-01,0.35599857568740845,0.05339978635311127,0.10679957270622253,3.11498761177063
1968-11-01,0.38910505175590515,0.06485084444284439,0.21308134496212006,3.0387251377105713
1968-12-01,0.2471482902765274,0.03802281245589256,0.16159695386886597,2.699619770050049
1969-01-01,0.35008975863456726,0.10771992802619934,0.18850988149642944,3.2944345474243164
1969-02-01,0.4702821671962738,0.04002401605248451,0.1500900536775589,3.271963119506836
1969-03-01,0.9955462217330933,0.16592437028884888,0.28818443417549133,4.392629623413086
1969-04-01,0.6253965497016907,0.13595576584339142,0.33535757660865784,3.5620410442352295
1969-05-01,0.42941492795944214,0.00894614402204752,0.1789228916168213,2.737520217895508
1969-06-01,0.4297458827495575,0.0467115081846714,0.2896113693714142,2.9147982597351074
1969-07-01,0.42322835326194763,0.06889763474464417,0.2263779491186142,3.061023712158203
1969-08-01,0.661478579044342,0.10700388997793198,0.22373540699481964,3.1420233249664307
1969-09-01,0.4809052348136902,0.08486562967300415,0.21687883138656616,2.8477132320404053
1969-10-01,0.3963249921798706,0.12610340118408203,0.2612141966819763,2.8463339805603027
1969-11-01,0.3611971139907837,0.060199517756700516,0.4299965500831604,3.4227726459503174
1969-12-01,0.41284865140914917,0.07048635929822922,0.20138958096504211,2.950357437133789
1970-01-01,0.3869152367115021,0.09672880917787552,0.10552233457565308,3.139289379119873
1970-02-01,0.45450150966644287,0.05802146717905998,0.1547239124774933,3.171840190887451
1970-03-01,0.5335366129875183,0.11009485274553299,0.21172086894512177,3.0318427085876465
1970-04-01,0.5529369115829468,0.05438723787665367,0.29912981390953064,2.9731688499450684
1970-05-01,0.7276599407196045,0.1597302407026291,0.17747803032398224,4.090868949890137
1970-06-01,0.37654146552085876,0.09413536638021469,0.1506165862083435,3.1911888122558594
1970-07-01,0.5948180556297302,0.04032664746046066,0.24195986986160278,3.6898880004882812
1970-08-01,0.34908953309059143,0.07547882199287415,0.14152278006076813,3.651287794113159
1970-09-01,0.5717054009437561,0.07751937955617905,0.25193798542022705,5.9980621337890625
1970-10-01,0.4325340986251831,0.01880582980811596,0.19746121764183044,3.732957124710083
1970-11-01,0.2634687125682831,0.06359589099884033,0.18170255422592163,2.3439629077911377
1970-12-01,0.3228330910205841,0.02934846468269825,0.2250048965215683,2.523967981338501
1971-01-01,0.3531208336353302,0.02863141894340515,0.12406948208808899,2.872685670852661
1971-02-01,0.6839799284934998,0.13893342018127441,0.2458052784204483,3.4733355045318604
1971-03-01,0.45697617530822754,0.08750607818365097,0.2139037400484085,3.0821585655212402
1971-04-01,0.5385293364524841,0.08812297880649567,0.18603740632534027,3.1528444290161133
1971-05-01,0.24250654876232147,0.009700261987745762,0.12610340118408203,2.5220680236816406
1971-06-01,0.5520833134651184,0.03125,0.1354166716337204,2.5
1971-07-01,0.9904022812843323,0.07147233188152313,0.3471513092517853,3.328568458557129
1971-08-01,0.7232899069786072,0.061996281147003174,0.2169869840145111,2.696838140487671
1971-09-01,0.46608489751815796,0.00991669949144125,0.20825070142745972,2.6874256134033203
1971-10-01,0.5017654895782471,0.05575171858072281,0.2694666385650635,2.7597100734710693
1971-11-01,0.853705883026123,0.019402405247092247,0.33954209089279175,3.0946836471557617
1971-12-01,0.9622861742973328,0.029160186648368835,0.2430015504360199,3.7227838039398193
1972-01-01,0.6286219358444214,0.01964443549513817,0.23573322594165802,3.0350654125213623
1972-02-01,0.8648536205291748,0.06251953542232513,0.2083984613418579,2.688340187072754
1972-03-01,0.44234737753868103,0.009829942137002945,0.2162587195634842,2.36901593208313
1972-04-01,0.6863418221473694,0.07843906432390213,0.2157074213027954,3.7062456607818604
1972-05-01,1.1894053220748901,0.06996501982212067,0.32983508706092834,4.43778133392334
1972-06-01,0.8976098299026489,0.041749294847249985,0.49055421352386475,3.5591273307800293
1972-07-01,0.5721418857574463,0.020805159583687782,0.22885675728321075,2.7046706676483154
1972-08-01,0.3993344306945801,0.011092623695731163,0.15529672801494598,2.6400444507598877
1972-09-01,0.5843756198883057,0.04100881516933441,0.20504409074783325,3.4857494831085205
1972-10-01,0.4600938856601715,0.03755868598818779,0.24413146078586578,2.4225351810455322
1972-11-01,0.3222341537475586,0.009764671325683594,0.02929401397705078,2.470461845397949
1972-12-01,0.3279004693031311,0.04822065681219101,0.13501784205436707,2.266371011734009
1973-01-01,0.37340620160102844,0.009107467718422413,0.10928961634635925,2.2404372692108154
1973-02-01,0.32258063554763794,0.02016128972172737,0.19153225421905518,1.7338709831237793
1973-03-01,0.32664912939071655,0.018147174268960953,0.2359132617712021,2.2139551639556885
1973-04-01,0.39992889761924744,0.05332385376095772,0.23107002675533295,2.452897310256958
1973-05-01,0.18694916367530823,0.02670702338218689,0.18694916367530823,1.9674174785614014
1973-06-01,0.24007387459278107,0.009233610704541206,0.11080332100391388,1.8374884128570557
1973-07-01,0.39708802103996277,0.018908953294157982,0.3687245845794678,2.3730735778808594
1973-08-01,0.3327628970146179,0.00950751081109047,0.22818025946617126,2.405400276184082
1973-09-01,0.3516441881656647,0.019007792696356773,0.1520623415708542,2.0338339805603027
1973-10-01,0.6855928897857666,0.08690614253282547,0.4731556475162506,5.455774307250977
1973-11-01,0.5684555172920227,0.009634839370846748,0.8285961747169495,3.7961268424987793
1973-12-01,0.18598277866840363,0.009788567200303078,0.4209083914756775,2.926781415939331
1974-01-01,0.26486167311668396,0.03923876956105232,0.28448107838630676,2.6878557205200195
1974-02-01,0.23765240609645844,0.04133085533976555,0.28931596875190735,2.428187608718872
1974-03-01,0.2075999677181244,0.009026085026562214,0.2527303993701935,2.563408136367798
1974-04-01,0.24791748821735382,0.00991669949144125,0.08925029635429382,2.171757221221924
1974-05-01,0.3353271782398224,0.009062896482646465,0.12688055634498596,2.147906541824341
1974-06-01,0.29745808243751526,0.03605552390217781,0.17126373946666718,2.2805120944976807
1974-07-01,0.19381722807884216,0.0,0.13567206263542175,2.868494987487793
1974-08-01,0.32802700996398926,0.01929570734500885,0.16401350498199463,2.4216113090515137
1974-09-01,0.1704341620206833,0.00897021871060133,0.29601722955703735,1.820954442024231
1974-10-01,0.1474798321723938,0.034701135009527206,0.2515832483768463,1.9432636499404907
1974-11-01,0.2786516845226288,0.017977528274059296,0.2966292202472687,2.2471909523010254
1974-12-01,0.22895869612693787,0.03663339093327522,0.20148365199565887,2.4361205101013184
1975-01-01,0.22675736248493195,0.04535147547721863,0.21768707036972046,2.539682626724243
1975-02-01,0.3942051827907562,0.0,0.13797181844711304,2.8974080085754395
1975-03-01,0.49369654059410095,0.052896060049533844,0.17632019519805908,2.926915168762207
1975-04-01,0.5244755148887634,0.018402649089694023,0.31284505128860474,2.880014657974243
1975-05-01,0.3959524929523468,0.07039155066013336,0.22877255082130432,2.446106433868408
1975-06-01,0.34191280603408813,0.02849273383617401,0.30392250418663025,2.545351028442383
1975-07-01,0.23017166554927826,0.00959048606455326,0.29730507731437683,3.049774646759033
1975-08-01,0.41961953043937683,0.02797463722527027,0.33569562435150146,3.1331591606140137
1975-09-01,0.22583983838558197,0.0,0.13173991441726685,2.305448293685913
1975-10-01,0.2677519619464874,0.021420156583189964,0.17136125266551971,2.3669273853302
1975-11-01,0.3865596055984497,0.0,0.19823570549488068,2.349092960357666
1975-12-01,0.4085480868816376,0.03142677620053291,0.20951183140277863,2.4722397327423096
1976-01-01,0.3218570053577423,0.04876621440052986,0.21457134187221527,2.6528820991516113
1976-02-01,0.24142439663410187,0.030178049579262733,0.1810683012008667,1.810683012008667
1976-03-01,0.20233605802059174,0.009197093546390533,0.15635059773921967,2.280879259109497
1976-04-01,0.2871699929237366,0.009263548068702221,0.07410838454961777,2.028717041015625
1976-05-01,0.2541630268096924,0.0,0.1665205955505371,2.2699387073516846
1976-06-01,0.2518421709537506,0.009327488020062447,0.13991232216358185,2.33187198638916
1976-07-01,0.20109164714813232,0.019151585176587105,0.26812219619750977,2.4514029026031494
1976-08-01,0.29870879650115967,0.00963576789945364,0.3372518718242645,3.0256311893463135
1976-09-01,0.2985074520111084,0.019258545711636543,0.16369764506816864,2.3688011169433594
1976-10-01,0.39306771755218506,0.026800071820616722,0.1876004934310913,2.2065391540527344
1976-11-01,0.27032244205474854,0.019308747723698616,0.1448156088590622,1.950183391571045
1976-12-01,0.2440856248140335,0.0375516340136528,0.30980098247528076,2.102891445159912
1977-01-01,0.22492970526218414,0.009372071363031864,0.14995314180850983,1.8931584358215332
1977-02-01,0.2361638844013214,0.010267994366586208,0.15401992201805115,2.1665468215942383
1977-03-01,0.2234337329864502,0.01787469908595085,0.20555903017520905,2.136026382446289
1977-04-01,0.2840128242969513,0.027485111728310585,0.25652772188186646,2.629409074783325
1977-05-01,0.29832935333251953,0.017047392204403877,0.4176611006259918,2.5059666633605957
1977-06-01,0.20295202732086182,0.0,0.20295202732086182,2.2601475715637207
1977-07-01,0.3069767355918884,0.03720930218696594,0.16744185984134674,2.6883721351623535
1977-08-01,0.3886370062828064,0.009253261610865593,0.296104371547699,2.396594762802124
1977-09-01,0.2347629815340042,0.045146726071834564,0.252821683883667,2.121896266937256
1977-10-01,0.12027491629123688,0.025773195549845695,0.36082473397254944,2.697594404220581
1977-11-01,0.1973448097705841,0.00897021871060133,0.08970218896865845,2.33225679397583
1977-12-01,0.2176278531551361,0.06347478926181793,0.13601741194725037,1.8951759338378906
1978-01-01,0.29009920358657837,0.07486430555582047,0.18716077506542206,2.24592924118042
1978-02-01,0.23136505484580994,0.020118700340390205,0.1408309042453766,2.7562620639801025
1978-03-01,0.19555555284023285,0.02666666731238365,0.2222222238779068,3.386666774749756
1978-04-01,0.1837913542985916,0.00875196885317564,0.08751969039440155,2.6080868244171143
1978-05-01,0.4924311637878418,0.045595478266477585,0.20973919332027435,3.7753055095672607
1978-06-01,0.7038992047309875,0.06483282148838043,0.15745113790035248,3.334259510040283
1978-07-01,0.23325246572494507,0.027990296483039856,0.27057287096977234,2.780369520187378
1978-08-01,0.2654632329940796,0.02654632367193699,0.15927794575691223,2.0971596240997314
1978-09-01,0.1747974008321762,0.01589067280292511,0.1589067280292511,2.1452407836914062
1978-10-01,0.22799818217754364,0.04559963569045067,0.16719865798950195,2.097583293914795
1978-11-01,0.3962206542491913,0.08127603679895401,0.24382810294628143,2.468759536743164
1978-12-01,0.6915629506111145,0.0922083929181099,0.2213001400232315,2.637160062789917
1979-01-01,0.8721775412559509,0.09690861403942108,0.2810349762439728,2.800658941268921
1979-02-01,1.3673280477523804,0.2878585457801819,0.4831911027431488,3.258969783782959
1979-03-01,0.723785400390625,0.0995204895734787,0.34379807114601135,3.048945903778076
1979-04-01,0.4103967249393463,0.009119926951825619,0.17327861487865448,3.1190149784088135
1979-05-01,0.32540902495384216,0.018078278750181198,0.1265479475259781,2.6575069427490234
1979-06-01,0.425650030374527,0.08327935636043549,0.33311742544174194,3.405200242996216
1979-07-01,0.3086419701576233,0.037411149591207504,0.17770294845104218,2.777777671813965
1979-08-01,0.337740033864975,0.038598861545324326,0.1543954461812973,2.4027791023254395
1979-09-01,0.26685643196105957,0.06226649880409241,0.15121863782405853,2.517345666885376
1979-10-01,0.37145131826400757,0.00884407851845026,0.19456973671913147,2.8920137882232666
1979-11-01,0.298183798789978,0.009035872295498848,0.3614349067211151,3.0089454650878906
1979-12-01,0.3474697172641754,0.017818959429860115,0.42765501141548157,3.2965075969696045
1980-01-01,1.2434061765670776,0.07535795122385025,0.6876413226127625,5.35983419418335
1980-02-01,0.4265807271003723,0.0,0.48345816135406494,3.6780736446380615
1980-03-01,0.20927798748016357,0.026159748435020447,0.29647713899612427,2.9996511936187744
1980-04-01,0.2310963273048401,0.018487704917788506,0.8504344820976257,4.326123237609863
1980-05-01,0.23074191808700562,0.0,0.27511537075042725,2.928647518157959
1980-06-01,0.3843269646167755,0.009373827837407589,0.32808399200439453,2.952755928039551
1980-07-01,0.20897601544857025,0.00995123852044344,0.19902478158473969,2.3683948516845703
1980-08-01,0.33815518021583557,0.04696599766612053,0.2536163926124573,2.4046590328216553
1980-09-01,0.2777777910232544,0.0,0.4166666567325592,3.759920597076416
1980-10-01,0.48749080300331116,0.018395880237221718,0.31272995471954346,4.369021415710449
1980-11-01,0.2844819724559784,0.0,0.36707350611686707,3.257777452468872
1980-12-01,0.25475209951400757,0.0,0.2743484079837799,3.4881441593170166
1981-01-01,0.25057825446128845,0.009637624956667423,0.28912875056266785,3.845412492752075
1981-02-01,0.28427037596702576,0.021057065576314926,0.22109918296337128,3.3480732440948486
1981-03-01,0.20372256636619568,0.0,0.32410407066345215,2.9910175800323486
1981-04-01,0.37397894263267517,0.009841551072895527,0.2854049801826477,3.7102646827697754
1981-05-01,0.1977401077747345,0.09416195750236511,0.44256120920181274,3.6346516609191895
1981-06-01,0.48271867632865906,0.06758061051368713,0.4054836928844452,4.112762928009033
1981-07-01,0.2216847985982895,0.010076582431793213,0.34260380268096924,3.053204298019409
1981-08-01,0.12189404666423798,0.0,0.1875292956829071,3.1973745822906494
1981-09-01,0.22056002914905548,0.01917913369834423,0.15343306958675385,2.9919447898864746
1981-10-01,0.18374677002429962,0.025056377053260803,0.13363401591777802,3.073582172393799
1981-11-01,0.2857390344142914,0.0,0.2164689600467682,3.7925362586975098
1981-12-01,0.14890076220035553,0.008758868090808392,0.27152490615844727,4.379434108734131
1982-01-01,0.33155277371406555,0.0,0.34076258540153503,3.9049549102783203
1982-02-01,0.19310905039310455,0.010163634084165096,0.29474541544914246,3.7300539016723633
1982-03-01,0.18740630149841309,0.01874062977731228,0.23425787687301636,4.254122734069824
1982-04-01,0.24447578191757202,0.09402915090322495,0.31969910860061646,5.933239459991455
1982-05-01,0.21121183037757874,0.026401478797197342,0.2816157639026642,5.658716678619385
1982-06-01,0.17972001433372498,0.03783579170703888,0.45402950048446655,5.807794094085693
1982-07-01,0.27100270986557007,0.009678668342530727,0.2806813716888428,4.54897403717041
1982-08-01,0.20985309779644012,0.009993004612624645,0.1498950719833374,3.5375237464904785
1982-09-01,0.2154163122177124,0.009365926496684551,0.20605039596557617,3.2312448024749756
1982-10-01,0.21646973490715027,0.009019572287797928,0.2976458966732025,3.391359329223633
1982-11-01,0.22721076011657715,0.009088430553674698,0.29082977771759033,3.5353994369506836
1982-12-01,0.19771726429462433,0.026961445808410645,0.2875887453556061,3.3791677951812744
1983-01-01,0.1797945201396942,0.017123287543654442,0.29965752363204956,3.1763699054718018
1983-02-01,0.17222625017166138,0.009064539335668087,0.2900652587413788,3.018491744995117
1983-03-01,0.12182246148586273,0.008121497929096222,0.13806545734405518,2.923739194869995
1983-04-01,0.3348000645637512,0.019131433218717575,0.23914290964603424,3.9123780727386475
1983-05-01,0.11946479976177216,0.0,0.2309652715921402,3.456514835357666
1983-06-01,0.13475878536701202,0.0,0.12577486038208008,3.512712240219116
1983-07-01,0.10381520539522171,0.008651267737150192,0.12976901233196259,3.0885024070739746
1983-08-01,0.1471550017595291,0.008175278082489967,0.2370830625295639,2.934924840927124
1983-09-01,0.3531016707420349,0.016050076112151146,0.5617526769638062,4.421795845031738
1983-10-01,0.18054792284965515,0.023549729958176613,0.21979747712612152,4.317450523376465
1983-11-01,0.2777152359485626,0.03002326749265194,0.4278315603733063,4.571042537689209
1983-12-01,0.12302960455417633,0.007689350284636021,0.19223375618457794,3.983083486557007
1984-01-01,0.23232401907444,0.02323240227997303,0.23232401907444,3.5003485679626465
1984-02-01,0.15139442682266235,0.007968127727508545,0.15139442682266235,3.0597610473632812
1984-03-01,0.12349266558885574,0.007264274172484875,0.15254975855350494,2.8839168548583984
1984-04-01,0.2824648916721344,0.014866572804749012,0.2527317404747009,2.9733145236968994
1984-05-01,0.28969883918762207,0.013474364764988422,0.34359630942344666,3.166475772857666
1984-06-01,0.2020624279975891,0.013935339637100697,0.3414158225059509,3.128483772277832
1984-07-01,0.151810884475708,0.02168726921081543,0.23133087158203125,2.2410178184509277
1984-08-01,0.0931650698184967,0.0,0.16092148423194885,2.4477005004882812
1984-09-01,0.14038372039794922,0.037435658276081085,0.20589610934257507,3.2475433349609375
1984-10-01,0.1868327409029007,0.035587187856435776,0.08896797150373459,3.247330904006958
1984-11-01,0.14783331751823425,0.00923958234488964,0.11087498813867569,3.1506974697113037
1984-12-01,0.18867924809455872,0.04716981202363968,0.1603773534297943,3.1509432792663574
1985-01-01,0.19288262724876404,0.009644131176173687,0.13501784205436707,2.941460132598877
1985-02-01,0.20580366253852844,0.030870549380779266,0.21609385311603546,3.3443095684051514
1985-03-01,0.13376137614250183,0.008917424827814102,0.16943107545375824,3.433208465576172
1985-04-01,0.20346780121326447,0.008846426382660866,0.1680820882320404,2.397381544113159
1985-05-01,0.13833509385585785,0.008137358352541924,0.2115713208913803,2.75042724609375
1985-06-01,0.10103561729192734,0.0,0.18523195385932922,4.52134370803833
1985-07-01,0.1868285834789276,0.009341428987681866,0.24287715554237366,3.801961660385132
1985-08-01,0.16645090281963348,0.027741815894842148,0.14795635640621185,2.182356119155884
1985-09-01,0.14768482744693756,0.026062028482556343,0.23455825448036194,2.8755104541778564
1985-10-01,0.15604467689990997,0.008212877437472343,0.15604467689990997,3.227660894393921
1985-11-01,0.08582217991352081,0.0,0.12015105038881302,2.9265363216400146
1985-12-01,0.2198917418718338,0.008457374759018421,0.1268606185913086,2.7148172855377197
1986-01-01,0.10195411741733551,0.0,0.17841970920562744,3.5514018535614014
1986-02-01,0.10277492552995682,0.00934317521750927,0.2335793673992157,2.6628048419952393
1986-03-01,0.08420343697071075,0.0,0.12630514800548553,2.7702929973602295
1986-04-01,0.14791612327098846,0.0,0.4437483549118042,4.759418964385986
1986-05-01,0.09307047724723816,0.025382857769727707,0.558422863483429,3.1474742889404297
1986-06-01,0.08668515831232071,0.034674063324928284,0.17337031662464142,2.513869524002075
1986-07-01,0.08042895793914795,0.01787310093641281,0.1429848074913025,2.6541554927825928
1986-08-01,0.1480320394039154,0.026123302057385445,0.26123303174972534,2.821316719055176
1986-09-01,0.10375237464904785,0.051876187324523926,0.23344284296035767,3.268199920654297
1986-10-01,0.2167804092168808,0.08831794559955597,0.17663589119911194,3.09112811088562
1986-11-01,0.19725486636161804,0.00821895245462656,0.31232020258903503,3.2053916454315186
1986-12-01,0.1285347044467926,0.0,0.1542416512966156,2.656383991241455
1987-01-01,0.0736377015709877,0.009204712696373463,0.12886597216129303,2.7061855792999268
1987-02-01,0.08874864131212234,0.019721921533346176,0.1774972826242447,2.7709298133850098
1987-03-01,0.09485211968421936,0.017245840281248093,0.12072087824344635,2.3799257278442383
1987-04-01,0.1438460797071457,0.01798075996339321,0.39557674527168274,3.1466331481933594
1987-05-01,0.2879078686237335,0.0,0.2966323494911194,2.7569360733032227
1987-06-01,0.35550564527511597,0.0,0.2525961399078369,2.563382863998413
1987-07-01,0.25933128595352173,0.01852366328239441,0.2408076375722885,2.787811517715454
1987-08-01,0.22348450124263763,0.0,0.2514200508594513,2.961169481277466
1987-09-01,0.41681769490242004,0.009061253629624844,0.289960116147995,3.4523377418518066
1987-10-01,0.23791316151618958,0.025490695610642433,0.23791316151618958,2.7360012531280518
1987-11-01,0.11050663143396378,0.008500509895384312,0.26351580023765564,2.7796666622161865
1987-12-01,0.2080083191394806,0.017334027215838432,0.25134339928627014,3.2934651374816895
1988-01-01,0.16560620069503784,0.0,0.17432232201099396,2.344635248184204
1988-02-01,0.12765569984912872,0.009118263609707355,0.10030090063810349,2.4619312286376953
1988-03-01,0.31443867087364197,0.008498342707753181,0.22095690667629242,3.127390146255493
1988-04-01,0.3388621509075165,0.026752274483442307,0.24077045917510986,3.2994470596313477
1988-05-01,0.242292582988739,0.033419668674468994,0.19216309487819672,2.9659955501556396
1988-06-01,0.12259194254875183,0.008756567724049091,0.14886164665222168,2.154115676879883
1988-07-01,0.2112223356962204,0.0,0.1469372808933258,2.2958948612213135
1988-08-01,0.1473160833120346,0.009207255207002163,0.10127981007099152,2.384679079055786
1988-09-01,0.14730092883110046,0.017329521477222443,0.1646304428577423,2.2268433570861816
1988-10-01,0.1507032811641693,0.008372404612600803,0.15907569229602814,2.084728717803955
1988-11-01,0.11634150892496109,0.017898693680763245,0.0805441215634346,1.9241095781326294
1988-12-01,0.13362285494804382,0.0,0.13362285494804382,2.380156993865967
1989-01-01,0.1589684784412384,0.01766316406428814,0.15013688802719116,2.596485137939453
1989-02-01,0.16417190432548523,0.009657170623540878,0.1352003812789917,2.887493848800659
1989-03-01,0.1206168681383133,0.017230981960892677,0.12923236191272736,2.5760316848754883
1989-04-01,0.1399090588092804,0.01748863235116005,0.11367610841989517,2.448408603668213
1989-05-01,0.4487461447715759,0.02639683149755001,0.22877255082130432,3.0884294509887695
1989-06-01,0.9129530787467957,0.14462623000144958,0.20790021121501923,2.6936635971069336
1989-07-01,0.37103986740112305,0.0856245830655098,0.1712491661310196,2.492626667022705
1989-08-01,0.2060118019580841,0.0187283456325531,0.1685551106929779,3.2680962085723877
1989-09-01,0.18178513646125793,0.009089256636798382,0.11816033720970154,2.535902500152588
1989-10-01,0.17358240485191345,0.016531657427549362,0.107455775141716,2.0499255657196045
1989-11-01,0.22545959055423737,0.008671523071825504,0.10405827313661575,2.9309747219085693
1989-12-01,0.4138052463531494,0.06163056939840317,0.29934847354888916,3.336855173110962
1990-01-01,0.25228360295295715,0.00869943480938673,0.12179208546876907,2.461940050125122
1990-02-01,0.23633956909179688,0.0,0.19852523505687714,2.420117139816284
1990-03-01,0.11872456222772598,0.00848032534122467,0.1441655308008194,2.0437583923339844
1990-04-01,0.16069993376731873,0.017855549231171608,0.09820551425218582,2.392643451690674
1990-05-01,0.18419437110424042,0.026313481852412224,0.12279624491930008,2.7278308868408203
1990-06-01,0.12783053517341614,0.009130752645432949,0.21000730991363525,2.3922572135925293
1990-07-01,0.2357378602027893,0.028288543224334717,0.24516737461090088,2.489391803741455
1990-08-01,0.5396353006362915,0.046520281583070755,1.0048381090164185,6.540751934051514
1990-09-01,0.28487491607666016,0.00890234112739563,0.8368200659751892,4.940799236297607
1990-10-01,0.25928404927253723,0.058548010885715485,0.2843760550022125,3.964536666870117
1990-11-01,0.5262696146965027,0.017542321234941483,0.3947022259235382,4.438207149505615
1990-12-01,0.22783194482326508,0.036453112959861755,0.5012302994728088,4.292354106903076
1991-01-01,0.2009260058403015,0.017471827566623688,0.7687603831291199,8.430156707763672
1991-02-01,0.26567986607551575,0.018977131694555283,0.5313597321510315,7.932441234588623
1991-03-01,0.25299376249313354,0.0,0.3204587697982788,4.1996965408325195
1991-04-01,0.29636281728744507,0.01796138286590576,0.2334979772567749,2.9097440242767334
1991-05-01,0.31781479716300964,0.025768768042325974,0.19756056368350983,2.6198248863220215
1991-06-01,0.37000271677970886,0.036097824573516846,0.19853803515434265,2.472701072692871
1991-07-01,0.30919140577316284,0.02810830995440483,0.25297480821609497,3.260564088821411
1991-08-01,0.206864133477211,0.03761165961623192,0.13164080679416656,2.990126848220825
1991-09-01,0.24399060010910034,0.027110066264867783,0.33435750007629395,3.316464900970459
1991-10-01,0.26130127906799316,0.0348401702940464,0.209041029214859,3.013674736022949
1991-11-01,0.3288271725177765,0.05480452999472618,0.27402263879776,2.557544708251953
1991-12-01,0.29056569933891296,0.03632071241736412,0.29964587092399597,3.0600199699401855
1992-01-01,0.3540304899215698,0.036310821771621704,0.33587509393692017,2.8413217067718506
1992-02-01,0.3654765188694,0.0,0.14056789875030518,2.633305311203003
1992-03-01,0.33321940898895264,0.008544087409973145,0.20505809783935547,2.3154478073120117
1992-04-01,0.19889701902866364,0.0180815476924181,0.2441008985042572,2.7122321128845215
1992-05-01,0.2531645596027374,0.02618943713605404,0.17459625005722046,2.470536947250366
1992-06-01,0.19686885178089142,0.009374707005918026,0.21561826765537262,2.9342832565307617
1992-07-01,0.12788891792297363,0.009134923107922077,0.16442860662937164,2.3659451007843018
1992-08-01,0.196218341588974,0.008919015526771545,0.11594720184803009,2.3100249767303467
1992-09-01,0.3569793999195099,0.018306635320186615,0.22883294522762299,2.407322645187378
1992-10-01,0.16720935702323914,0.008800492621958256,0.09680542349815369,1.9889113903045654
1992-11-01,0.2961234748363495,0.04486719146370888,0.2871500253677368,2.9253408908843994
1992-12-01,0.1898794323205948,0.03797588497400284,0.08544573932886124,2.5538783073425293
1993-01-01,0.23280802369117737,0.017908308655023575,0.22385387122631073,3.617478609085083
1993-02-01,0.19136925041675568,0.009568462148308754,0.21050617098808289,2.6313271522521973
1993-03-01,0.230946883559227,0.017765143886208534,0.2042991667985916,2.780245065689087
1993-04-01,0.24171888828277588,0.008952551521360874,0.32229185104370117,3.2318711280822754
1993-05-01,0.2627430260181427,0.008758101612329483,0.20143632590770721,3.0828516483306885
1993-06-01,0.2130681872367859,0.0,0.26633521914482117,2.840909004211426
1993-07-01,0.2993451952934265,0.037418149411678314,0.5612722039222717,3.7324602603912354
1993-08-01,0.30956849455833435,0.01876172609627247,0.11257035285234451,2.495309591293335
1993-09-01,0.24653030931949615,0.027392257004976273,0.17348429560661316,2.702702760696411
1993-10-01,0.273337185382843,0.008282945491373539,0.2319224774837494,3.106104612350464
1993-11-01,0.36347901821136475,0.034617047756910324,0.2942449152469635,2.4491562843322754
1993-12-01,0.235807865858078,0.008733624592423439,0.235807865858078,2.3231441974639893
1994-01-01,0.1943119615316391,0.017664723098278046,0.20314432680606842,2.420067071914673
1994-02-01,0.23339492082595825,0.02917436510324478,0.33064281940460205,3.8996400833129883
1994-03-01,0.4271222651004791,0.026695141568779945,0.4004271328449249,2.88307523727417
1994-04-01,0.3725782334804535,0.0,0.3260059654712677,2.887481451034546
1994-05-01,0.49011027812957764,0.03500787541270256,0.24505513906478882,3.395764112472534
1994-06-01,0.48793959617614746,0.009206407703459263,0.6352421045303345,3.682563066482544
1994-07-01,0.24972252547740936,0.0,0.2774694859981537,3.301886796951294
1994-08-01,0.17319349944591522,0.009621860459446907,0.1539497673511505,2.6075243949890137
1994-09-01,0.1457194834947586,0.0,0.1457194834947586,2.8142075538635254
1994-10-01,0.3251754343509674,0.008557247929275036,0.19681669771671295,2.8238918781280518
1994-11-01,0.18084818124771118,0.009042409248650074,0.23510263860225677,2.5590016841888428
1994-12-01,0.11277135461568832,0.009397612884640694,0.20674748718738556,2.988440990447998
1995-01-01,0.18897950649261475,0.0,0.10940919071435928,2.3572707176208496
1995-02-01,0.24769195914268494,0.0,0.1013285294175148,2.5444719791412354
1995-03-01,0.16753719747066498,0.01971025951206684,0.33507439494132996,2.473637580871582
1995-04-01,0.25355958938598633,0.009752292186021805,0.29256874322891235,3.257265567779541
1995-05-01,0.34584981203079224,0.01976284570991993,0.44466403126716614,2.648221254348755
1995-06-01,0.24860779941082,0.009944312274456024,0.42760542035102844,3.052903652191162
1995-07-01,0.17529387772083282,0.01031140424311161,0.17529387772083282,3.1037328243255615
1995-08-01,0.20253704488277435,0.021319689229130745,0.17055751383304596,3.219273090362549
1995-09-01,0.18233387172222137,0.0,0.12155591696500778,1.863857388496399
1995-10-01,0.17594018578529358,0.0,0.16127850115299225,1.781394362449646
1995-11-01,0.1565435230731964,0.0,0.13567104935646057,2.055938243865967
1995-12-01,0.23490960896015167,0.010213461704552174,0.15320192277431488,2.144826889038086
1996-01-01,0.20056156814098358,0.0,0.11030886322259903,2.075812339782715
1996-02-01,0.42407944798469543,0.0206868015229702,0.09309060871601105,2.3996689319610596
1996-03-01,0.3797588646411896,0.0474698580801487,0.1424095630645752,2.2975411415100098
1996-04-01,0.332929790019989,0.040355123579502106,0.27239710092544556,2.1489105224609375
1996-05-01,0.33927878737449646,0.07754943519830704,0.09693679958581924,1.7933307886123657
1996-06-01,0.31411489844322205,0.010132739320397377,0.13172560930252075,1.7833620309829712
1996-07-01,0.13067953288555145,0.010052272118628025,0.09047044813632965,2.1310815811157227
1996-08-01,0.17536620795726776,0.0,0.06189395487308502,2.2075510025024414
1996-09-01,0.19367991387844086,0.0,0.13251784443855286,2.6197757720947266
1996-10-01,0.13693270087242126,0.02934272214770317,0.07824726402759552,1.4964789152145386
1996-11-01,0.2240782231092453,0.07129761576652527,0.09166836738586426,1.6194744110107422
1996-12-01,0.17121455073356628,0.03210273012518883,0.3959336578845978,2.0759763717651367
1997-01-01,0.08438818901777267,0.03164556995034218,0.24261602759361267,1.4767932891845703
1997-02-01,0.1598806232213974,0.010658708401024342,0.2664676904678345,1.311021089553833
1997-03-01,0.18473504483699799,0.05833738297224045,0.19445794820785522,1.594555139541626
1997-04-01,0.22206521034240723,0.040375493466854095,0.33309781551361084,1.6755828857421875
1997-05-01,0.24281273782253265,0.07770007848739624,0.13597513735294342,1.5248640775680542
1997-06-01,0.15556636452674866,0.05833738297224045,0.029168691486120224,0.952843964099884
1997-07-01,0.13970661163330078,0.03991617634892464,0.11974852532148361,1.077736735343933
1997-08-01,0.10508215427398682,0.0,0.0955292284488678,1.2705388069152832
1997-09-01,0.18896447122097015,0.018896447494626045,0.09448223561048508,1.1715797185897827
1997-10-01,0.28438469767570496,0.025853153318166733,0.14650121331214905,1.301275372505188
1997-11-01,0.46948355436325073,0.00902852974832058,0.08125676959753036,1.8418201208114624
1997-12-01,0.16335420310497284,0.02722570113837719,0.07260186970233917,1.2614574432373047
1998-01-01,0.26737967133522034,0.0,0.05848930403590202,1.2784091234207153
1998-02-01,0.26483049988746643,0.04413841664791107,0.07944915443658829,2.012711763381958
1998-03-01,0.19887042045593262,0.007954816333949566,0.09545779973268509,1.5830085277557373
1998-04-01,0.158982515335083,0.008367500267922878,0.05857250466942787,1.2300225496292114
1998-05-01,0.7684466242790222,0.015682583674788475,0.3763820230960846,2.360229015350342
1998-06-01,0.6452693939208984,0.05028073489665985,0.26816391944885254,2.069890260696411
1998-07-01,0.46705162525177,0.042459238320589066,0.14436140656471252,1.63892662525177
1998-08-01,0.2881355881690979,0.033898305147886276,0.18644067645072937,2.6016948223114014
1998-09-01,0.21332068741321564,0.007900766097009182,0.21332068741321564,1.809275507926941
1998-10-01,0.19187965989112854,0.007675186265259981,0.053726304322481155,1.3815335035324097
1998-11-01,0.27723416686058044,0.0163078922778368,0.1630789339542389,1.8754076957702637
1998-12-01,0.33772653341293335,0.024711696431040764,0.14003294706344604,1.8863261938095093
1999-01-01,0.34276604652404785,0.007971303537487984,0.11956954747438431,1.6739736795425415
1999-02-01,0.19355973601341248,0.03519267961382866,0.07038535922765732,1.3725144863128662
1999-03-01,0.536658525466919,0.031568147242069244,0.16573277115821838,2.4938836097717285
1999-04-01,0.43082424998283386,0.032515037804841995,0.15444643795490265,2.999512195587158
1999-05-01,0.8887478113174438,0.07141723483800888,0.1587049663066864,2.388509750366211
1999-06-01,0.5431651473045349,0.0,0.18928483128547668,2.065673589706421
1999-07-01,0.3701471984386444,0.04304037243127823,0.09468881785869598,1.540845274925232
1999-08-01,0.28447121381759644,0.016733601689338684,0.14223560690879822,1.4056224822998047
1999-09-01,0.39877045154571533,0.024923153221607208,0.21600066125392914,1.910775065422058
1999-10-01,0.390774667263031,0.0,0.19921845197677612,1.9462109804153442
1999-11-01,0.3979109525680542,0.016579624265432358,0.09947773814201355,1.483876347541809
1999-12-01,0.47827163338661194,0.03298424929380417,0.13193699717521667,2.3831119537353516
2000-01-01,0.2649325728416443,0.016056519001722336,0.06422607600688934,1.742132306098938
2000-02-01,0.2636502683162689,0.04252423718571663,0.06803878396749496,1.8285422325134277
2000-03-01,0.36092767119407654,0.02303793653845787,0.19198280572891235,1.3285210132598877
2000-04-01,0.207952082157135,0.008318083360791206,0.06654466688632965,1.3808019161224365
2000-05-01,0.38753432035446167,0.01614726334810257,0.08880994468927383,2.0264816284179688
2000-06-01,0.4777594804763794,0.016474464908242226,0.1729818731546402,1.7051070928573608
2000-07-01,0.39522504806518555,0.016131633892655373,0.17744797468185425,1.2905306816101074
2000-08-01,0.21171489357948303,0.023523876443505287,0.0627303346991539,1.1213047504425049
2000-09-01,0.37824344635009766,0.037824343889951706,0.13616763055324554,1.5054088830947876
2000-10-01,0.206332266330719,0.014229811728000641,0.09249377250671387,2.0277481079101562
2000-11-01,0.14220492541790009,0.007484469562768936,0.09729810804128647,1.2499064207077026
2000-12-01,0.1712862104177475,0.0,0.08564310520887375,1.3469324111938477
2001-01-01,0.29351335763931274,0.014675667509436607,0.07337833940982819,1.3281478881835938
2001-02-01,0.25760746002197266,0.0,0.09660280495882034,1.1672838926315308
2001-03-01,0.27391335368156433,0.03604122996330261,0.17299790680408478,1.4128162860870361
2001-04-01,0.3814755380153656,0.007629510946571827,0.1602197289466858,1.3275349140167236
2001-05-01,0.3472478687763214,0.0,0.17731806635856628,1.595862627029419
2001-06-01,0.2826633155345917,0.0,0.13347989320755005,1.79020094871521
2001-07-01,0.3145643174648285,0.007864108309149742,0.1887385994195938,1.769424319267273
2001-08-01,0.19312475621700287,0.007724990136921406,0.054074931889772415,1.6299729347229004
2001-09-01,0.6883136034011841,0.11222504824399948,0.710758626461029,10.257369041442871
2001-10-01,0.5041663646697998,0.06302079558372498,0.5951964259147644,10.853581428527832
2001-11-01,0.3549695611000061,0.03622138500213623,0.41292378306388855,7.6064910888671875
2001-12-01,0.4013631343841553,0.04543733596801758,0.3332071304321289,6.368799686431885
2002-01-01,0.32101529836654663,0.02239641733467579,0.283687949180603,4.6285929679870605
2002-02-01,0.33520424365997314,0.062363579869270325,0.18709073960781097,3.7028374671936035
2002-03-01,0.2829054296016693,0.042435817420482635,0.11316217482089996,3.9677488803863525
2002-04-01,0.14677481353282928,0.023174971342086792,0.13132484257221222,4.016994953155518
2002-05-01,0.23579691350460052,0.02210596203804016,0.15474173426628113,4.133814811706543
2002-06-01,0.1606610119342804,0.02295157127082348,0.24481676518917084,3.7717082500457764
2002-07-01,0.137975811958313,0.008116224780678749,0.16232448816299438,3.124746322631836
2002-08-01,0.21753142774105072,0.008056718856096268,0.18530453741550446,3.0373830795288086
2002-09-01,0.3750656247138977,0.0,0.23254069685935974,3.8706774711608887
2002-10-01,0.5685757994651794,0.05547080934047699,0.5131049752235413,4.188045978546143
2002-11-01,0.2790219485759735,0.0073426831513643265,0.26433658599853516,3.994419574737549
2002-12-01,0.4157078266143799,0.007423353847116232,0.4305545389652252,4.090268135070801
2003-01-01,0.7462151050567627,0.05740116164088249,0.6385879516601562,4.800172328948975
2003-02-01,0.6986027956008911,0.015353907831013203,0.4682941734790802,4.92092752456665
2003-03-01,0.7669113874435425,0.06554798036813736,0.5637126564979553,8.51468276977539
2003-04-01,0.8545212745666504,0.21012817323207855,0.5323247313499451,7.361490726470947
2003-05-01,0.41158103942871094,0.11353959888219833,0.28384900093078613,4.548680305480957
2003-06-01,0.4372859001159668,0.06559288501739502,0.320676326751709,4.321842193603516
2003-07-01,0.3581770956516266,0.01524157915264368,0.31245237588882446,4.039018630981445
2003-08-01,0.389791876077652,0.007354563567787409,0.3603736162185669,3.8317275047302246
2003-09-01,0.30540037155151367,0.02979515865445137,0.21601489186286926,3.530726194381714
2003-10-01,0.29441285133361816,0.026764804497361183,0.24757443368434906,3.245232582092285
2003-11-01,0.22543814778327942,0.0072721983306109905,0.24725474417209625,3.279761552810669
2003-12-01,0.4507550001144409,0.04507550224661827,0.4432424306869507,3.748779296875
2004-01-01,0.37516552209854126,0.029424745589494705,0.25011032819747925,3.3764896392822266
2004-02-01,0.33190736174583435,0.02212715707719326,0.25077444314956665,3.33382511138916
2004-03-01,0.21778585016727448,0.029038112610578537,0.17422866821289062,3.637023687362671
2004-04-01,0.464225172996521,0.051580578088760376,0.5305430889129639,4.214869976043701
2004-05-01,0.3326343297958374,0.014462362043559551,0.25309133529663086,3.5938968658447266
2004-06-01,0.40227705240249634,0.01518026553094387,0.26565465331077576,4.303605079650879
2004-07-01,0.28618767857551575,0.03012501820921898,0.18075011670589447,4.127127647399902
2004-08-01,0.16553908586502075,0.014394702389836311,0.16553908586502075,4.102490425109863
2004-09-01,0.4075987935066223,0.0,0.2765848934650421,4.439915657043457
2004-10-01,0.33412888646125793,0.0,0.28639617562294006,3.5458574295043945
2004-11-01,0.35668209195137024,0.015177961438894272,0.18972451984882355,3.7186005115509033
2004-12-01,0.2868140935897827,0.04528643563389778,0.12831157445907593,2.9134273529052734
2005-01-01,0.3158513307571411,0.014690759591758251,0.14690759778022766,2.7471721172332764
2005-02-01,0.5244207978248596,0.00782717578113079,0.3130870461463928,3.0995616912841797
2005-03-01,0.4135417342185974,0.014018364250659943,0.1471928209066391,2.5233054161071777
2005-04-01,0.28826963901519775,0.007391529157757759,0.11826446652412415,2.6092097759246826
2005-05-01,0.36069831252098083,0.021641898900270462,0.33184245228767395,2.8278746604919434
2005-06-01,0.36974045634269714,0.014789617620408535,0.19226503372192383,2.42549729347229
2005-07-01,0.609167218208313,0.05943094938993454,0.45316097140312195,4.100735664367676
2005-08-01,0.3742690086364746,0.015594542026519775,0.23391813039779663,3.0955166816711426
2005-09-01,0.37760046124458313,0.014249074272811413,0.23510971665382385,2.8355658054351807
2005-10-01,0.25901293754577637,0.021001050248742104,0.11900594830513,2.632131576538086
2005-11-01,0.39396923780441284,0.04545798897743225,0.1742556244134903,2.318357467651367
2005-12-01,0.1875879317522049,0.03126465529203415,0.08597780019044876,2.860715866088867
2006-01-01,0.6576460599899292,0.04535490274429321,0.12094640731811523,2.728853225708008
2006-02-01,0.35290342569351196,0.024061597883701324,0.1042669266462326,2.6547963619232178
2006-03-01,0.5779929161071777,0.021674733608961105,0.15172314643859863,2.7960407733917236
2006-04-01,0.47777947783470154,0.007583801168948412,0.10617321729660034,2.4344000816345215
2006-05-01,0.6160632967948914,0.022817159071564674,0.09887435287237167,2.6467905044555664
2006-06-01,0.5448545813560486,0.015348016284406185,0.2302202433347702,2.8010129928588867
2006-07-01,0.6765899658203125,0.0159197635948658,0.49351269006729126,3.589906930923462
2006-08-01,0.3884880542755127,0.023784983903169632,0.11099658906459808,3.4805359840393066
2006-09-01,0.4614674746990204,0.015382248908281326,0.19227811694145203,3.430241584777832
2006-10-01,0.9803204536437988,0.043894946575164795,0.7096349596977234,3.1165411472320557
2006-11-01,0.43199875950813293,0.030857054516673088,0.23142790794372559,2.514849901199341
2006-12-01,0.43326884508132935,0.03868471831083298,0.23984526097774506,2.669245719909668
2007-01-01,0.39909225702285767,0.0313013531267643,0.16433210670948029,3.153611421585083
2007-02-01,0.5853332281112671,0.01672380603849888,0.30939042568206787,3.0102851390838623
2007-03-01,0.4371090531349182,0.030145451426506042,0.2034817934036255,2.547290563583374
2007-04-01,0.3882511854171753,0.02532072924077511,0.16036461293697357,2.5067522525787354
2007-05-01,0.3606237769126892,0.00974658876657486,0.11695906519889832,2.9239766597747803
2007-06-01,0.37037035822868347,0.008818342350423336,0.1499118208885193,3.095238208770752
2007-07-01,0.2884044349193573,0.01696496643126011,0.16964967548847198,3.163966417312622
2007-08-01,0.21488261222839355,0.023875845596194267,0.13529646396636963,2.4035017490386963
2007-09-01,0.552987813949585,0.016507098451256752,0.23109936714172363,2.9795312881469727
2007-10-01,0.5122367739677429,0.01626148447394371,0.18700706958770752,3.227904796600342
2007-11-01,0.38699689507484436,0.017199862748384476,0.1461988240480423,2.545579671859741
2007-12-01,0.3476749360561371,0.05215124040842056,0.11299435049295425,2.7900912761688232
2008-01-01,0.3205699026584625,0.03561887890100479,0.16028495132923126,2.689225196838379
2008-02-01,0.2998364567756653,0.00908595323562622,0.09994548559188843,2.6985280513763428
2008-03-01,0.32626426219940186,0.01717180386185646,0.10303082317113876,2.3181934356689453
2008-04-01,0.2697599232196808,0.0,0.12588796019554138,2.292959213256836
2008-05-01,0.4724549949169159,0.01782849058508873,0.10697093605995178,2.192904233932495
2008-06-01,0.30265772342681885,0.009458053857088089,0.14187079668045044,2.4590938091278076
2008-07-01,0.5517908930778503,0.0,0.2613746225833893,2.778315544128418
2008-08-01,0.39557674527168274,0.008990379981696606,0.15283647179603577,2.5352871417999268
2008-09-01,0.414861261844635,0.06453397125005722,0.19360192120075226,2.6551120281219482
2008-10-01,0.2531645596027374,0.02712477371096611,0.15370705723762512,1.8354430198669434
2008-11-01,0.2799227833747864,0.028957528993487358,0.11583011597394943,2.2779922485351562
2008-12-01,0.25802457332611084,0.030962947756052017,0.07224687933921814,2.5492827892303467
2009-01-01,0.26149049401283264,0.020114652812480927,0.09051594138145447,2.1422104835510254
2009-02-01,0.3557184338569641,0.0,0.18324889242649078,2.198986768722534
2009-03-01,0.24845954775810242,0.009938381612300873,0.12919896841049194,1.9976147413253784
2009-04-01,0.44420942664146423,0.021152829751372337,0.29613959789276123,2.4114224910736084
2009-05-01,0.3298288881778717,0.08245722204446793,0.3504432141780853,2.7107813358306885
2009-06-01,0.4700615704059601,0.03357582539319992,0.1790710687637329,2.5069949626922607
2009-07-01,0.45238882303237915,0.06620324403047562,0.2537791132926941,2.39435076713562
2009-08-01,0.3789989948272705,0.03344108909368515,0.14491137862205505,2.1067886352539062
2009-09-01,0.6193934082984924,0.07475437968969345,0.11747116595506668,2.616403341293335
2009-10-01,0.4599815905094147,0.010221813805401325,0.19421444833278656,2.7803332805633545
2009-11-01,0.37626317143440247,0.010750376619398594,0.12900450825691223,2.3220813274383545
2009-12-01,0.43649062514305115,0.010912265628576279,0.19642077386379242,2.9681360721588135
2010-01-01,0.467899888753891,0.0435255728662014,0.18498367071151733,2.807399272918701
2010-02-01,0.5832263827323914,0.023329056799411774,0.08165169507265091,2.4728798866271973
2010-03-01,0.3930130898952484,0.0,0.15283842384815216,2.1069869995117188
2010-04-01,0.62576824426651,0.011174432933330536,0.08939546346664429,2.5477707386016846
2010-05-01,0.669980525970459,0.021612275391817093,0.2701534330844879,2.939269542694092
2010-06-01,0.44368600845336914,0.03412969410419464,0.15927189588546753,3.2650740146636963
2010-07-01,0.24455572664737701,0.011645510792732239,0.046582043170928955,2.3174567222595215
2010-08-01,0.39360687136650085,0.04770992323756218,0.15505725145339966,2.5882632732391357
2010-09-01,0.37529852986335754,0.056863412261009216,0.23882633447647095,2.2176730632781982
2010-10-01,0.3281812369823456,0.0,0.16938386857509613,2.0114333629608154
2010-11-01,0.7007958292961121,0.05938947573304176,0.26131370663642883,2.87445068359375
2010-12-01,0.555949866771698,0.02365744113922119,0.23657439649105072,2.7915780544281006
2011-01-01,0.4805438220500946,0.011720580980181694,0.11720581352710724,2.297234058380127
2011-02-01,0.36900368332862854,0.012724265456199646,0.07634559273719788,2.4176104068756104
2011-03-01,0.440722793340683,0.07712648808956146,0.48479506373405457,3.5147643089294434
2011-04-01,0.2698896825313568,0.0,0.21121802926063538,2.628490924835205
2011-05-01,0.23858213424682617,0.0,0.1363326460123062,3.169734239578247
2011-06-01,0.37356993556022644,0.023348120972514153,0.09339248389005661,2.7434041500091553
2011-07-01,0.3525678813457489,0.023504525423049927,0.18803620338439941,2.3269479274749756
2011-08-01,0.37358400225639343,0.012051096186041832,0.10845986753702164,2.4704747200012207
2011-09-01,0.2814919054508209,0.011728829704225063,0.08210180699825287,2.43959641456604
2011-10-01,0.374663382768631,0.011708230711519718,0.04683292284607887,2.2011473178863525
2011-11-01,0.534635066986084,0.0,0.17433752119541168,2.522082805633545
2011-12-01,0.5992329716682434,0.035953979939222336,0.22770853340625763,2.5767018795013428
2012-01-01,0.6937218308448792,0.11562030017375946,0.24280263483524323,2.3933403491973877
2012-02-01,0.8308895230293274,0.012218964286148548,0.09775171428918839,2.6026391983032227
2012-03-01,0.6735518574714661,0.0336775928735733,0.15716210007667542,2.62685227394104
2012-04-01,0.9163534045219421,0.03524436056613922,0.18796992301940918,2.6785714626312256
2012-05-01,0.5774216651916504,0.011784114874899387,0.17676173150539398,2.427527666091919
2012-06-01,0.5549389719963074,0.012331976555287838,0.08632383495569229,2.0594401359558105
2012-07-01,0.5569681525230408,0.012108003720641136,0.10897202789783478,2.361060619354248
2012-08-01,0.4512322247028351,0.011570056900382042,0.17355084419250488,2.302441358566284
2012-09-01,0.3937893807888031,0.011251125484704971,0.10126012563705444,2.1039605140686035
2012-10-01,0.3561887741088867,0.02226179838180542,0.07791629433631897,2.3708815574645996
2012-11-01,0.3265128433704376,0.021767523139715195,0.10883761197328568,2.3182411193847656
2012-12-01,0.2987819015979767,0.0,0.13789933919906616,2.275338888168335
2013-01-01,0.4585578441619873,0.0,0.22927892208099365,2.453284502029419
2013-02-01,0.5248382687568665,0.0,0.2319052815437317,2.5509581565856934
2013-03-01,0.3822212517261505,0.02184121496975422,0.12012667953968048,1.9329475164413452
2013-04-01,0.5787706971168518,0.0,0.3935640752315521,2.731797695159912
2013-05-01,0.3266550600528717,0.04355400800704956,0.18510453402996063,2.5370209217071533
2013-06-01,0.4565167725086212,0.09130335599184036,0.13695503771305084,2.5222551822662354
2013-07-01,0.3965393006801605,0.048065368086099625,0.10814707726240158,2.03076171875
2013-08-01,0.2954733371734619,0.023637868463993073,0.07091360539197922,2.446519374847412
2013-09-01,0.4838528335094452,0.0,0.1350286900997162,3.0156407356262207
2013-10-01,0.44247788190841675,0.044247787445783615,0.1548672616481781,2.289823055267334
2013-11-01,0.6432748436927795,0.05847953259944916,0.17543859779834747,2.4210526943206787
2013-12-01,0.41801026463508606,0.0238863006234169,0.1910904049873352,2.4364027976989746
2014-01-01,0.28456249833106995,0.011856770142912865,0.0829973891377449,2.5136353969573975
2014-02-01,0.4082137644290924,0.012370114214718342,0.0742206797003746,2.2018802165985107
2014-03-01,0.7417396903038025,0.033715441823005676,0.20229265093803406,3.236682415008545
2014-04-01,0.39821407198905945,0.012067092582583427,0.217207670211792,2.66682767868042
2014-05-01,0.47754406929016113,0.022740192711353302,0.18192154169082642,2.512791395187378
2014-06-01,0.2634730637073517,0.011976048350334167,0.05988023802638054,2.85029935836792
2014-07-01,0.5165785551071167,0.012013454921543598,0.12013454735279083,3.5920231342315674
2014-08-01,0.2544529139995575,0.0,0.13328486680984497,3.1988368034362793
2014-09-01,0.38282090425491333,0.07177892327308655,0.17944730818271637,3.62483549118042
2014-10-01,0.2460024654865265,0.04472772032022476,0.0559096485376358,2.3929331302642822
2014-11-01,0.46544933319091797,0.035803794860839844,0.17901897430419922,2.4107887744903564
2014-12-01,0.2785162627696991,0.03797949105501175,0.13925813138484955,2.430687427520752
2015-01-01,0.3355271518230438,0.02580978162586689,0.2193831503391266,3.1875081062316895
2015-02-01,0.44780296087265015,0.0,0.22390148043632507,3.37251615524292
2015-03-01,0.5593385100364685,0.0,0.08511672914028168,3.343871593475342
2015-04-01,0.4661123752593994,0.02519526332616806,0.17636683583259583,3.174603223800659
2015-05-01,0.3356539011001587,0.012431626208126545,0.14917951822280884,2.2998507022857666
2015-06-01,0.3891555368900299,0.012971851043403149,0.07783110439777374,2.685173273086548
2015-07-01,0.8151459097862244,0.0,0.06573757529258728,3.352616310119629
2015-08-01,0.5364511609077454,0.02751031704246998,0.192572221159935,2.9023382663726807
2015-09-01,0.530152440071106,0.026507621631026268,0.11928429454565048,3.3267064094543457
2015-10-01,0.32902753353118896,0.036558616906404495,0.08530343323945999,3.144041061401367
2015-11-01,0.5914826393127441,0.06572029739618301,0.15772870182991028,4.140378475189209
2015-12-01,0.5183467268943787,0.10912562906742096,0.15004774928092957,4.610558032989502
2016-01-01,0.5681818127632141,0.05411255359649658,0.28409090638160706,3.3955628871917725
2016-02-01,0.5451936721801758,0.028694404289126396,0.22955523431301117,2.998565196990967
2016-03-01,0.5083612203598022,0.02675585262477398,0.3745819330215454,3.2775919437408447
2016-04-01,0.3796934187412262,0.02812543883919716,0.3796934187412262,3.051610231399536
2016-05-01,0.5294790863990784,0.0,0.2718946635723114,2.704636573791504
2016-06-01,0.3059975504875183,0.03059975430369377,0.18359853327274323,2.5703794956207275
2016-07-01,0.390352725982666,0.041823506355285645,0.2927645444869995,3.164645195007324
2016-08-01,0.2977519631385803,0.014887598343193531,0.17865118384361267,2.7690932750701904
2016-09-01,0.7349823117256165,0.04240282624959946,0.42402827739715576,3.307420492172241
2016-10-01,0.25724342465400696,0.013539128005504608,0.06769564002752304,2.7078256607055664
2016-11-01,0.45832139253616333,0.07161271572113037,0.2864508628845215,2.5207676887512207
2016-12-01,0.5978647470474243,0.014234875328838825,0.1992882490158081,3.0462634563446045
2017-01-01,0.6883116960525513,0.03896103799343109,0.20779220759868622,3.103896141052246
2017-02-01,0.8460739254951477,0.04453020542860031,0.5343624949455261,3.5475730895996094
2017-03-01,0.7586658000946045,0.06540222465991974,0.457815557718277,2.864617347717285
2017-04-01,1.0282423496246338,0.054839592427015305,0.3153276741504669,3.3040854930877686
2017-05-01,0.6946336030960083,0.027240533381700516,0.25878506898880005,2.8330154418945312
2017-06-01,0.5773361921310425,0.053705692291259766,0.24167561531066895,3.772825002670288
2017-07-01,0.9431345462799072,0.027739251032471657,0.5547850131988525,3.1206657886505127
2017-08-01,1.2072148323059082,0.08521516621112823,0.7243289351463318,3.8630876541137695
2017-09-01,1.2751953601837158,0.15082956850528717,0.7815713882446289,3.4005210399627686
2017-10-01,0.6529850959777832,0.0,0.2798507511615753,2.7452025413513184
2017-11-01,0.5712653398513794,0.014281634241342545,0.34275922179222107,2.1850900650024414
2017-12-01,0.6537846922874451,0.0726427435874939,0.3632137179374695,2.28098201751709
2018-01-01,0.5726341009140015,0.015069318935275078,0.15069319307804108,2.456299066543579
2018-02-01,0.3832004964351654,0.0,0.13795217871665955,2.0846107006073
2018-03-01,0.7768067717552185,0.055486198514699936,0.3745318353176117,2.7326953411102295
2018-04-01,0.6782106757164001,0.028860028833150864,0.18759018182754517,2.7561328411102295
2018-05-01,1.3966082334518433,0.0570044182240963,0.44178423285484314,2.992732048034668
2018-06-01,0.8385446071624756,0.014212620444595814,0.4832291007041931,2.771461009979248
2018-07-01,0.5824111700057983,0.014560279436409473,0.29120558500289917,2.475247621536255
2018-08-01,0.6636500954627991,0.04524886980652809,0.25641027092933655,2.6696832180023193
2018-09-01,0.5688447952270508,0.04375729337334633,0.16044341027736664,1.8669778108596802
2018-10-01,0.7131650447845459,0.04278990253806114,0.17115961015224457,2.1537582874298096
2018-11-01,0.5520046353340149,0.04357931390404701,0.17431725561618805,1.8739105463027954
2018-12-01,0.5407910943031311,0.061804696917533875,0.046353522688150406,2.30222487449646
2019-01-01,0.8722649216651917,0.07392075657844543,0.1330573558807373,2.365464210510254
2019-02-01,0.9983633160591125,0.04909983649849892,0.19639934599399567,2.716857671737671
2019-03-01,0.5782017707824707,0.04336513578891754,0.08673027157783508,2.2983522415161133
2019-04-01,0.41487398743629456,0.030731407925486565,0.27658265829086304,2.1665642261505127
2019-05-01,0.8356961607933044,0.10446202009916306,0.40292492508888245,2.745858907699585
2019-06-01,0.9513742327690125,0.09060706943273544,0.6946541666984558,2.6276049613952637
2019-07-01,0.6628788113594055,0.14204545319080353,0.41035354137420654,2.5410354137420654
2019-08-01,1.1367127895355225,0.41474655270576477,0.599078357219696,3.3794162273406982
2019-09-01,0.49642282724380493,0.11680537462234497,0.24821141362190247,2.4091107845306396
2019-10-01,0.517092764377594,0.10054582357406616,0.2154553234577179,2.599827527999878
2019-11-01,0.4441041350364685,0.21439510583877563,0.16845329105854034,2.3277182579040527
2019-12-01,0.5560851693153381,0.14299333095550537,0.17476962506771088,1.8271369934082031
2020-01-01,0.89552241563797,0.10997643321752548,0.2513746917247772,3.770620584487915
2020-02-01,1.0351626873016357,0.18074268102645874,0.4272100031375885,2.2674992084503174
2020-03-01,0.9335943460464478,0.10540581494569778,0.31621742248535156,2.845957040786743
2020-04-01,0.9231234788894653,0.09079903364181519,0.18159806728363037,2.406174421310425
2020-05-01,1.084441900253296,0.4193175137042999,0.08675535023212433,2.7038750648498535
2020-06-01,0.6881785988807678,0.2752714455127716,0.10705000907182693,2.3398072719573975
2020-07-01,0.8861320614814758,0.36922168731689453,0.1919952780008316,2.215330123901367
2020-08-01,0.5569837093353271,0.19994287192821503,0.24278777837753296,1.9851471185684204
2020-09-01,0.6860551834106445,0.1342281848192215,0.19388516247272491,2.147650957107544
2020-10-01,0.2679452896118164,0.028204767033457756,0.07051191478967667,1.9602313041687012
2020-11-01,0.4027446210384369,0.10441527515649796,0.08949880301952362,1.819809079170227
2020-12-01,0.4795050323009491,0.13921113312244415,0.0773395225405693,2.0262954235076904
2021-01-01,0.5164251923561096,0.05738057568669319,0.14345143735408783,2.2234973907470703
2021-02-01,0.5529354214668274,0.09757684171199799,0.13010245561599731,1.870222806930542
2021-03-01,0.7567888498306274,0.11871197819709778,0.22258494794368744,1.9439085721969604
2021-04-01,0.5830903649330139,0.0,0.07672242075204849,2.132883310317993
2021-05-01,0.4451698958873749,0.014838997274637222,0.08903398364782333,2.522629499435425
2021-06-01,0.5518763661384583,0.11037527769804001,0.07883948087692261,2.1286659240722656
2021-07-01,0.46118369698524475,0.07686395198106766,0.07686395198106766,1.6756341457366943
2021-08-01,0.48566505312919617,0.046999841928482056,0.046999841928482056,2.130659580230713
2021-09-01,0.6832298040390015,0.13975155353546143,0.32608696818351746,2.329192638397217
2021-10-01,0.5788067579269409,0.04452359676361084,0.16325318813323975,1.9293558597564697
2021-11-01,0.5034919381141663,0.03248335048556328,0.08120837807655334,1.9002760648727417
2021-12-01,0.6255012154579163,0.12830793857574463,0.25661587715148926,2.502004861831665
2022-01-01,0.5946640968322754,0.0,0.16072002053260803,3.0697524547576904
2022-02-01,1.2469236850738525,0.11484823375940323,0.6234618425369263,4.331418991088867
2022-03-01,1.8261394500732422,0.10564443469047546,0.45276185870170593,6.006640434265137
2022-04-01,1.0752688646316528,0.09629272669553757,0.27282941341400146,4.525758266448975
2022-05-01,1.0244989395141602,0.13363029062747955,0.6087601780891418,3.563474416732788
2022-06-01,0.9876543283462524,0.06172839552164078,0.5092592835426331,3.564814805984497
2022-07-01,0.8302004933357239,0.06265664100646973,0.23496240377426147,3.4774436950683594
2022-08-01,1.3558781147003174,0.30307865142822266,0.7497208714485168,4.290955543518066
2022-09-01,1.2601120471954346,0.155569389462471,0.35780957341194153,4.029246807098389
2022-10-01,1.3505311012268066,0.09104704111814499,0.5311077237129211,4.643399238586426
2022-11-01,1.1409188508987427,0.13876040279865265,0.30835646390914917,3.6077706813812256
2022-12-01,0.746640145778656,0.016592003405094147,0.19910402595996857,3.434544563293457
2023-01-01,0.5522088408470154,0.0,0.2175368070602417,2.928380250930786
2023-02-01,1.4616755247116089,0.017825311049818993,0.3921568691730499,3.6185383796691895
2023-03-01,1.4299967288970947,0.09976720809936523,0.3325573801994324,3.4253408908843994
2023-04-01,1.1246145963668823,0.0362778902053833,0.34463992714881897,3.1743152141571045
2023-05-01,0.8981497883796692,0.07185198366641998,0.3772229254245758,3.125561237335205
2023-06-01,1.094619631767273,0.09276437759399414,0.18552875518798828,3.5992579460144043
2023-07-01,1.229966402053833,0.11181513220071793,0.2981736958026886,3.391725778579712
2023-08-01,0.8068953156471252,0.09169264882802963,0.16504676640033722,2.6407482624053955
2023-09-01,0.7795100212097168,0.09279881417751312,0.22271715104579926,2.505568027496338
2023-10-01,0.9753502607345581,0.07093456387519836,0.1950700432062149,4.965419292449951
2023-11-01,0.8242284655570984,0.057504311203956604,0.2875215709209442,5.002875328063965
2023-12-01,0.7623403668403625,0.05717552825808525,0.15246807038784027,4.478749752044678
2024-01-01,0.7966805100440979,0.04979253187775612,0.3153527081012726,4.049792766571045
2024-02-01,0.6699879765510559,0.017179178074002266,0.12025424838066101,3.762240171432495
2024-03-01,0.7568590641021729,0.0,0.1734468638896942,3.3585619926452637
2024-04-01,0.6323847770690918,0.03328340873122215,0.2662672698497772,3.844233751296997
2024-05-01,0.8587943911552429,0.016515277326107025,0.14863748848438263,3.7489678859710693
2024-06-01,0.6829918622970581,0.03331667557358742,0.1999000459909439,3.0817923545837402
2024-07-01,0.47161865234375,0.0505305714905262,0.1347481906414032,2.4759979248046875
2024-08-01,0.5922026634216309,0.04935022071003914,0.08225037157535553,3.65191650390625
2024-09-01,0.6975585222244263,0.01660853624343872,0.1660853624343872,3.30509877204895
2024-10-01,0.7274490594863892,0.03233107179403305,0.2586485743522644,3.1522793769836426
2024-11-01,0.8202099800109863,0.09842519462108612,0.16404199600219727,3.34645676612854
2024-12-01,0.7962610125541687,0.0,0.15579020977020264,4.0332350730896
2025-01-01,0.7106263637542725,0.09915716201066971,0.24789291620254517,3.2391340732574463
2025-02-01,0.7028641700744629,0.017571603879332542,0.19328764081001282,3.0398874282836914
2025-03-01,0.8789829015731812,0.047088369727134705,0.1412651091814041,3.9711191654205322
2025-04-01,0.9311286211013794,0.0160539411008358,0.288970947265625,3.933215618133545
2025-05-01,0.9197999238967896,0.08068419992923737,0.12909471988677979,4.550589084625244
2025-06-01,1.137675166130066,0.0,0.39571312069892883,4.9793901443481445
2025-07-01,0.7002456784248352,0.03685503825545311,0.24570024013519287,2.690417766571045
2025-08-01,0.5463786721229553,0.02541295997798443,0.2541296184062958,2.9606099128723145
2025-09-01,0.5961992144584656,0.012420817278325558,0.19873307645320892,2.670475721359253
