Date,CSI_300_cum,AMBE_cum,CEA_cum
2018-01-01,0.9842155409504916,1.007524355097564,0.9771584205350798
2018-01-02,0.9994316920443235,1.0478599606991938,1.000701937403577
2018-01-03,1.0041736730771496,1.044707969973884,1.0224450234488072
2018-01-04,0.9819870374795107,1.017914956393985,1.0126501794333547
2018-01-05,0.9739553617885182,0.9844497920705506,1.0325210524201764
2018-01-08,0.998568721518801,0.9989376411337396,1.06025349273028
2018-01-09,0.962719916035392,0.9415671759919807,1.0418929137032906
2018-01-10,0.9570074350428256,0.9412035202487777,1.0174314419741017
2018-01-11,0.9756585949384194,0.9498671655533006,1.0499731849379976
2018-01-12,0.9634617833901338,0.9225002272171007,1.033182046362546
2018-01-15,0.954132301346419,0.908775267367522,1.0205335346874678
2018-01-16,0.9532538941997437,0.8919862482743963,1.0400500709099787
2018-01-17,0.9750556156799248,0.916583804473476,1.0783430919672554
2018-01-18,0.9661986687917176,0.9122352591264734,1.0654459984537101
2018-01-19,0.96024714645045,0.9024169793971423,1.0987145680641917
2018-01-22,0.9544710014291283,0.8872551396227244,1.1121487165193165
2018-01-23,0.986530681356967,0.8994391406136992,1.1418013881839006
2018-01-24,1.0193839202527042,0.9369255788337056,1.1384392819615994
2018-01-25,1.035246358191302,0.9547924809774067,1.160393133304778
2018-01-26,1.0417609523203295,0.967502737853022,1.1605288061246388
2018-01-29,1.0538042596440411,0.9743677572835253,1.1627332267739416
2018-01-30,1.0778952581926597,0.9935773065072122,1.1803342877648486
2018-01-31,1.0633032424836506,1.0015748537408193,1.166572270857453
2018-02-01,1.0825888366437415,1.0108791705916582,1.209980286264589
2018-02-02,1.0627685728612362,0.9877647712159434,1.1698026735483813
2018-02-05,1.053133223336129,0.989857533891569,1.1575242357478956
2018-02-06,1.067989329229169,1.0083885796068128,1.1699472506407727
2018-02-07,1.0456360877530286,0.956634129243082,1.1307419451675038
2018-02-08,1.0439619921679852,0.9311402340646437,1.13320005035565
2018-02-09,1.0309893827964363,0.9104952316011532,1.1483992824933156
2018-02-12,1.0275517646320222,0.9199007750123878,1.154597070609901
2018-02-13,0.9849301129073964,0.8910435411026548,1.1074726418920093
2018-02-14,0.959250033454189,0.874798808049363,1.0709756232802978
2018-02-15,0.949659299560388,0.8743230874652687,1.060593622445098
2018-02-16,0.9633457290598547,0.8743892085066155,1.0485071410234221
2018-02-19,0.9613183340229594,0.8804679904607977,1.044959591161416
2018-02-20,0.9618400306569012,0.8689484116624326,1.042131504590607
2018-02-21,0.9722503529754106,0.8907060670324353,1.0603687042194323
2018-02-22,0.9599095353527195,0.8727142499488689,1.0613830153630444
2018-02-23,0.9644733387095337,0.8806137139170918,1.077725156683059
2018-02-26,0.9533042573604342,0.8459091164983001,1.0627216828419215
2018-02-27,0.9290759892282606,0.8074942506201312,1.0271619957237936
2018-02-28,0.9240928930342925,0.8163674518189157,1.0117163818354338
2018-03-01,0.9325086882722586,0.8322988931558782,1.0088325659918296
2018-03-02,0.9377110010935624,0.821922243009761,1.004885625928481
2018-03-05,0.9380134528217917,0.8380145147886372,1.002988398618526
2018-03-06,0.9721435216009001,0.854970696656021,1.0209794918098913
2018-03-07,0.9786507415862168,0.861034207513002,1.0341146030051311
2018-03-08,0.9935076777274257,0.8680331297516382,1.0477513415789712
2018-03-09,1.0273586204260725,0.8857533572105484,1.0700973435289476
2018-03-12,1.007929954051537,0.884506216746044,1.039306941637856
2018-03-13,0.9927285327338454,0.893462166723465,1.0361326765233954
2018-03-14,1.0191903901815575,0.9197415113478904,1.0772141892760891
2018-03-15,1.007499317318853,0.9301965889224375,1.1025221237853742
2018-03-16,1.0084516544915088,0.9272721531115817,1.1123901451632439
2018-03-19,1.0251311821968572,0.9441990458148611,1.1192341520203843
2018-03-20,1.0393401112264056,0.9592314042525781,1.122367312002636
2018-03-21,1.0672186352755677,0.968525681324202,1.158501350207404
2018-03-22,1.0916949340149469,0.9980439571884652,1.1984346886431085
2018-03-23,1.1097525398818116,1.0252070045833501,1.242761526766204
2018-03-26,1.097444684278383,1.0112904119703634,1.2124164787978617
2018-03-27,1.111078173763037,0.9984640269572361,1.2288194774910803
2018-03-28,1.116871424155742,1.009241305443521,1.2136242040777958
2018-03-29,1.095210839972036,0.9669876848361887,1.1964391685545486
2018-03-30,1.119042064579774,0.9764376019172006,1.2040640000538272
2018-04-02,1.1331515601859492,0.990759686994636,1.2447112123980073
2018-04-03,1.1344913433036439,0.9806691426508082,1.231367235393629
2018-04-04,1.1310919750946014,0.981536414034504,1.2383004947124414
2018-04-05,1.1113266889543827,0.9611753400245763,1.218950729154545
2018-04-06,1.115208398719379,0.9412784615301215,1.223620594571365
2018-04-09,1.1236021115231563,0.9508139218646511,1.1996805580205705
2018-04-10,1.1101556001494368,0.9478413716199651,1.1832402463707228
2018-04-11,1.1300640879538744,0.9792327310842994,1.1868461093701654
2018-04-12,1.1120304735974904,0.9583565230977359,1.1571698452685082
2018-04-13,1.0771722045179988,0.9275341995850293,1.1288172231173201
2018-04-16,1.0945102674591674,0.9218945625200154,1.1919469943206646
2018-04-17,1.0884351985391907,0.9438608460385868,1.2183542198435395
2018-04-18,1.0869217905877806,0.9638094809529489,1.225502928003533
2018-04-19,1.073810523842771,0.9518234383705269,1.2172342173884485
2018-04-20,1.0484799334043233,0.9276960295836825,1.181727442766003
2018-04-23,1.0687455413568876,0.9052172182115976,1.1866020460960298
2018-04-24,1.0582365293015843,0.9103709305112998,1.1822528311255767
2018-04-25,1.0851308565121227,0.9412342208301379,1.2040632605607589
2018-04-26,1.0988139472939602,0.9645970523384393,1.250074381315561
2018-04-27,1.094175444643044,0.9547980929240382,1.2840224754384622
2018-04-30,1.0769000162264866,0.9331413055468517,1.3039266620729075
2018-05-01,1.0656066413538317,0.9062727130140611,1.2774823268166244
2018-05-02,1.0467583541551562,0.900840028419874,1.2447996481376278
2018-05-03,1.0800522835105002,0.9463907873213478,1.26160051110297
2018-05-04,1.0832563865454503,0.9651420435450715,1.2769600559253038
2018-05-07,1.1024875272357773,0.9850666161781534,1.282978694861402
2018-05-08,1.082080173599638,0.9621377866508108,1.2472677701137291
2018-05-09,1.085559631553367,0.9502478162446774,1.2344099819896703
2018-05-10,1.1052820019538503,0.9576719238970374,1.2461844439887113
2018-05-11,1.100280422470446,0.9601066193630109,1.2705619575594316
2018-05-14,1.1178482884688485,0.9714626043119572,1.2439713630246325
2018-05-15,1.1002214768506249,0.9800011480474011,1.2335548882486607
2018-05-16,1.0782697774420893,0.9773737624869441,1.193741863559443
2018-05-17,1.0849453555340136,0.9747593061343292,1.242084944362988
2018-05-18,1.0793170425375191,0.9521448458800874,1.2503799347091578
2018-05-21,1.0744783933092799,0.944475141490338,1.151204863032111
2018-05-22,1.0942598577058948,0.9495130431422611,1.1399427924002947
2018-05-23,1.0814184409099736,0.9476467642571069,1.1247984954348502
2018-05-24,1.0953132145032187,0.9136916330873434,1.1691259535512946
2018-05-25,1.1006370824070562,0.8985831829050442,1.1167636100486247
2018-05-28,1.1123326216190301,0.9672659476306736,1.1311431870569948
2018-05-29,1.1299962055719692,0.9754271677943961,1.1325818948280182
2018-05-30,1.1158988328469341,0.9276516743249869,1.162458614962072
2018-05-31,1.1409326729020224,0.9411020723438227,1.1436194070206989
2018-06-01,1.18957112461514,0.9662455722643665,1.158673857719006
2018-06-04,1.1791213395474056,0.9823763418511444,1.1213093634883189
2018-06-05,1.0943749313279623,0.9370072259012558,1.1310828310815786
2018-06-06,1.1115937521879868,0.9405963093986024,1.1310603992932333
2018-06-07,1.1078841332921592,0.8924736278064591,1.1105626285402261
2018-06-08,1.1194731302985617,0.8826899530916011,1.1421740615388425
2018-06-11,1.0882432715135755,0.8079494512916501,1.1419156943727116
2018-06-12,1.0687853147523279,0.7617065967592427,1.1601231112889323
2018-06-13,1.0663293692034825,0.7661174524455894,1.206952804550656
2018-06-14,1.056473841109832,0.7876359422324664,1.2473432575777141
2018-06-15,1.0505180522703017,0.7819590076736982,1.280473206908268
2018-06-18,1.0307839384645927,0.7944465559567321,1.2677981200286528
2018-06-19,1.0226228152177312,0.8347978431471944,1.2752395418788098
2018-06-20,1.039509545606914,0.8070353839748705,1.2901740337974898
2018-06-21,1.052118539604444,0.8187258697889442,1.316270746841815
2018-06-22,1.0080140429593785,0.8453184735306422,1.332613185519334
2018-06-25,1.010442538067837,0.8465191970688103,1.3062640450665635
2018-06-26,0.9843018269826883,0.8531646750402997,1.2920165624131394
2018-06-27,0.9913959823839379,0.8621348947633173,1.2795536349978804
2018-06-28,1.0228811370896518,0.8478132675440837,1.260644569174662
2018-06-29,1.043987740772734,0.8755784711518618,1.2831228637426257
2018-07-02,1.0191934723197305,0.8397687079654783,1.2128288200006399
2018-07-03,1.0179594338493319,0.8267137964042703,1.1867119642596942
2018-07-04,1.0256110567591574,0.8267435637003425,1.171452933186073
2018-07-05,1.0355196682610521,0.8461215797303865,1.2087584354390184
2018-07-06,1.0047962482264705,0.8157186115007807,1.1699547139839608
2018-07-09,1.016731065037244,0.834672142525763,1.182546203924631
2018-07-10,1.0224020314862394,0.8285204415475532,1.181710254663645
2018-07-11,0.9889902519293167,0.8496267738170039,1.1546979240842765
2018-07-12,0.995756536602086,0.899720841582404,1.2182866418126577
2018-07-13,0.978448140557419,0.9210020048497144,1.2380527686831062
2018-07-16,0.948183399492592,0.9264007102900009,1.215414905804763
2018-07-17,0.9330095213910014,0.9322599730668496,1.251349571205108
2018-07-18,0.9026719468192205,0.9460784626551318,1.247706409852884
2018-07-19,0.8796098687613979,0.9591122996546566,1.200487652214761
2018-07-20,0.9151670353977724,0.9318706882962012,1.094295587762436
2018-07-23,0.875935615049057,0.9349792918011681,1.1101601224493058
2018-07-24,0.8929419810835718,0.9465345759341679,1.1187304732185521
2018-07-25,0.9018805494888762,0.9168512440416343,1.0861171154986715
2018-07-26,0.9394837241939548,0.9104556255055919,1.0356870576481498
2018-07-27,0.9921316475775246,0.8702765441854655,1.0094402367824533
2018-07-30,0.9964050037872358,0.8666401747534944,1.004176991945171
2018-07-31,1.001143786752003,0.8812369749578287,0.9989668240637595
2018-08-01,0.9804418020074344,0.8544985817397163,1.00918098487653
2018-08-02,0.9533296156019939,0.8502007135670263,0.988503773520126
2018-08-03,0.9392252697576668,0.843825545030765,0.9898192252811282
2018-08-06,0.942060917108081,0.8426376826218539,0.9968024713480607
2018-08-07,0.9503584412819993,0.8481257128455013,1.0458072485601093
2018-08-08,0.9432686547908232,0.877908828405575,1.006488083949145
2018-08-09,0.9632271463156913,0.9029650293540114,1.0201780402883474
2018-08-10,0.9616400951112815,0.9035929816648287,1.0114482802626683
2018-08-13,0.9624139653359565,0.902626419184082,1.0066482861969972
2018-08-14,0.9600950692517669,0.9144916438522314,1.0174565775780195
2018-08-15,0.9625052937293482,0.8961911165371421,1.0209740954695385
2018-08-16,0.9731574467596436,0.9037803992930497,1.04170676207821
2018-08-17,0.9833608094840065,0.8751886477322406,1.0682939319276485
2018-08-20,0.9706003812366958,0.8569644615282153,1.057580476583078
2018-08-21,0.9932687110622133,0.8878923363130773,1.0932726650874656
2018-08-22,0.9774505126485326,0.8921283005421807,1.068314046005355
2018-08-23,0.9791008451879342,0.9017796367025045,1.0595068143454978
2018-08-24,0.975560466854742,0.9072088453613543,1.041368083152092
2018-08-27,0.9606979249313959,0.870284681863326,1.0263995665133312
2018-08-28,0.9600957509990703,0.8610304115022499,1.0108636164253897
2018-08-29,0.9499070165342756,0.8708955760991932,0.9837363476698489
2018-08-30,0.9514207965717041,0.8655735857222839,0.9944061470695171
2018-08-31,0.957649072464643,0.869573502883618,0.9868366561693441
2018-09-03,0.9792717739248362,0.8788579676217103,1.0170226343866153
2018-09-04,0.9842766001475751,0.8712108767290957,1.0169764565172457
2018-09-05,0.9757445164494597,0.8576422675712982,0.9990561354121693
2018-09-06,0.970500575465045,0.8446720875750904,1.0067339831839783
2018-09-07,0.9730235582408279,0.8590039886858042,1.023745387370031
2018-09-10,0.9748741638525392,0.8634810188846069,1.02854038550026
2018-09-11,0.9967053389459504,0.89601367983739,1.0726380436235121
2018-09-12,1.018065027337463,0.8967855247690103,1.0685137930730761
2018-09-13,1.0130927581476983,0.9088707668383367,1.0799726407569208
2018-09-14,1.0052619240235694,0.9022278591168053,1.058357084027694
2018-09-17,0.9672069105188025,0.8928910978531307,1.0142650685295733
2018-09-18,0.9597267197177105,0.8853736647606575,1.011409396731836
2018-09-19,0.9461265613682459,0.8532154882987398,0.9863012117014425
2018-09-20,0.941563991982531,0.8655132980167425,0.9805395073949894
2018-09-21,0.9475652983148917,0.8693570898856573,0.980215637081071
2018-09-24,0.9505576004981973,0.8443129429683306,0.9796273367650803
2018-09-25,0.950605584545384,0.846267397764666,1.0098084887756722
2018-09-26,0.9539267453782982,0.8522251172985705,0.9851963041952444
2018-09-27,0.9525991019966984,0.8647897100196672,0.9803119179303628
2018-09-28,0.9558906024209557,0.8216389447477517,0.9890179432186265
2018-10-01,0.9100405209525376,0.7963762551849259,0.9246303363161558
2018-10-02,0.9068195213974853,0.7880063979107036,0.9186962827264485
2018-10-03,0.9057651071910062,0.809786342190216,0.9213894938740652
2018-10-04,0.9015814454202011,0.7853952966657065,0.9216739782365446
2018-10-05,0.8990847915527507,0.789681451291529,0.9299903183211876
2018-10-08,0.9090193654085051,0.8033312753209316,0.9550028923768995
2018-10-09,0.9013185351600662,0.7915543394733724,0.9418694326724184
2018-10-10,0.9315221983134971,0.8090332756004466,0.9742869555612633
2018-10-11,0.9416054174556475,0.8133669584682924,0.9639889738836573
2018-10-12,0.9419871360399291,0.8095768511921316,0.9632564086931326
2018-10-15,0.9395380311412017,0.7924339034463362,0.9396912343233775
2018-10-16,0.9387884354778128,0.8036062030606244,0.9387278982080245
2018-10-17,0.9263686343129344,0.7799782315966699,0.9373843786975543
2018-10-18,0.9255089289359574,0.7912243268698678,0.9418832586677126
2018-10-19,0.9298405446465977,0.773917159927711,0.9471973513287221
2018-10-22,0.9383886842909708,0.7790667755219965,0.9668504182531346
2018-10-23,0.9470174935703389,0.784425154050196,0.9906937665115296
2018-10-24,0.9435862946393095,0.7814776502056773,0.9745703160880486
2018-10-25,0.9240151507032043,0.7764828675293997,0.9710862277382162
2018-10-26,0.9152032438183308,0.766815230941831,0.9505770352540436
2018-10-29,0.9377931099768887,0.7805877793865795,0.9674030616450626
2018-10-30,0.9508667662186775,0.7892303375788869,0.9909048842049051
2018-10-31,0.9566140843131888,0.8056165444045468,0.9991139682919821
2018-11-01,0.9461684194026839,0.7824292959342224,0.9874739157317326
2018-11-02,0.9466932375701854,0.7710431363627163,0.9901626437769365
2018-11-05,0.9293355883887908,0.7345042745895047,0.9908698096689088
2018-11-06,0.9221062374660579,0.7510511268123962,0.983774525694088
2018-11-07,0.9191757376225593,0.7357617681287999,0.991120052403298
2018-11-08,0.914649165724481,0.7115430181566192,0.9964167837824304
2018-11-09,0.9282308176799055,0.7136046411732271,1.041612964554418
2018-11-12,0.9089413563600135,0.6923352936665481,1.0408879241598872
2018-11-13,0.8975964192975628,0.6988811688699037,1.0383446542282164
2018-11-14,0.879536492500597,0.6800488707129146,1.028107226632567
2018-11-15,0.8636518011767699,0.6707920657971808,1.011710630683017
2018-11-16,0.8656907435535495,0.6545449353573131,1.0112769820929475
2018-11-19,0.8453412905992055,0.6412532954476841,0.9869260278422193
2018-11-20,0.855323107341181,0.6331362685348004,0.9985528981778128
2018-11-21,0.8525841603357406,0.628214370317986,0.9883287060943677
2018-11-22,0.8538901700568219,0.6221274210794497,0.9834086013523158
2018-11-23,0.8584487917268223,0.6260517150941728,0.9873527129344399
2018-11-26,0.8532873702519125,0.6282686629422239,0.9762945540826847
2018-11-27,0.8669290424594431,0.6258707573789697,0.9887261249703785
2018-11-28,0.8648352866708087,0.6138247420120007,0.9835145871854023
2018-11-29,0.8729742981065284,0.6214340178445771,1.0055742472686429
2018-11-30,0.8708034853668541,0.6263152808395454,1.0144753223440341
2018-12-03,0.8750383035651412,0.6426514447697735,1.034399113250872
2018-12-04,0.8791465559439067,0.6412149382358024,1.0579147696260724
2018-12-05,0.8828825323923063,0.6297548131030287,1.0507191977199144
2018-12-06,0.8704209829344571,0.6226808221599491,1.0359297124194728
2018-12-07,0.8765471246754826,0.6197535441580712,1.04743856366563
2018-12-10,0.8727916857624644,0.6086244748251058,1.049399864499369
2018-12-11,0.881482352270111,0.6275162543839614,1.0674047922404795
2018-12-12,0.8534623186768477,0.6134174981622079,1.0554964727404172
2018-12-13,0.8351327275160949,0.5936506482143643,1.0238429941995355
2018-12-14,0.8401031731339946,0.5970782964258322,1.0330360855530134
2018-12-17,0.8639989953540479,0.6133596020165989,1.0434132537504806
2018-12-18,0.8752533436263228,0.622919898093841,1.0630393247547414
2018-12-19,0.8667312083678443,0.6131498364859715,1.0272232002181538
2018-12-20,0.8451662544529943,0.5805972505073324,1.0067468639957398
2018-12-21,0.855004237556816,0.5789678864705343,1.0365631306476628
2018-12-24,0.8543982547307538,0.5740266667051372,1.0449661438161537
2018-12-25,0.862395903650585,0.5796982765468187,1.0378897196420123
2018-12-26,0.8643185987883713,0.5717009102007586,1.0278983600275715
2018-12-27,0.8651350720603275,0.5738855252928428,1.037857024613637
2018-12-28,0.9039617991713423,0.5964388836513246,1.0823063661923429
2018-12-31,0.9043306613116938,0.589993071620716,1.0474353224845552
2019-01-01,0.9026226717614287,0.5777714674415368,1.067015959655868
2019-01-02,0.9014296481791835,0.5809098976418149,1.0681226230280596
2019-01-03,0.8939901035446518,0.5798463338034261,1.0362940802686171
2019-01-04,0.9077146337324669,0.5957203521941441,1.055396009672804
2019-01-07,0.9033518712665389,0.597792890304601,1.0845038128893243
2019-01-08,0.9124207476996075,0.6094138105755029,1.092618034899782
2019-01-09,0.9167721237123582,0.6158510380875071,1.094792035209781
2019-01-10,0.9339934936382517,0.6113463645674807,1.1045350484614027
2019-01-11,0.9403471655312708,0.6130243809943646,1.1221969017611668
2019-01-14,0.923702295022093,0.5891517988116668,1.106072117505778
2019-01-15,0.9057849489990075,0.5898027578928426,1.097477603585128
2019-01-16,0.9253730351007727,0.6024939557938497,1.108996891922966
2019-01-17,0.9173864531655914,0.6087536666564651,1.1109586077756701
2019-01-18,0.8996726026414559,0.5877152159898542,1.0697067361343953
2019-01-21,0.8910858763149474,0.5813607423730538,1.0669417670339663
2019-01-22,0.9084347652338238,0.5950195929130803,1.0747958384361354
2019-01-23,0.8895364196822135,0.5797676513441103,1.0526300953396723
2019-01-24,0.8784195022736927,0.5742028093899711,1.0147840882458892
2019-01-25,0.8700726612249886,0.5814854745244284,1.0062183664297832
2019-01-28,0.8541783060119424,0.5619810606049,0.9871517250732389
2019-01-29,0.8394309943683456,0.5302465580722495,0.9473947573609689
2019-01-30,0.8207355065570184,0.5311366542425975,0.9502009074204585
2019-01-31,0.8154681810332196,0.5215163817090037,0.9524858406197723
2019-02-01,0.8115346622319605,0.5277759231626105,0.9321607792127525
2019-02-04,0.8036318790065994,0.5278162461075203,0.9088217851292909
2019-02-05,0.784099230421522,0.5133365917209176,0.8830303772130574
2019-02-06,0.7992323763075739,0.5262049864732462,0.8923121658582094
2019-02-07,0.7836983500316375,0.5070883922762386,0.8733956688487816
2019-02-08,0.7873586176271358,0.5101569560700696,0.849114124898111
2019-02-11,0.7750588958505008,0.5067545489025734,0.8567875910726146
2019-02-12,0.7832161992906504,0.5062924704202579,0.8563752127907663
2019-02-13,0.7948371581558916,0.5109868718004775,0.8841115900657688
2019-02-14,0.7847711783976578,0.5069472167571755,0.8703732005012198
2019-02-15,0.7625184140854087,0.5026189055294062,0.8768867557994069
2019-02-18,0.7708579329394174,0.5081430735385633,0.8972839713699783
2019-02-19,0.7929329978865817,0.5194854073881304,0.9367396867411649
2019-02-20,0.7982737331513549,0.5219035022621868,0.959262850385967
2019-02-21,0.800595245937999,0.5324959272041574,0.9628655069400673
2019-02-22,0.8108399902638853,0.5342738465005722,0.9769606237068316
2019-02-25,0.8205504662172107,0.5383361045951527,0.9864673361705073
2019-02-26,0.8107573338398475,0.5268940116914254,0.9795894719355894
2019-02-27,0.8031465361179057,0.5203970817202912,0.971112002957813
2019-02-28,0.8109104358214768,0.527137204097755,0.9853268587319945
2019-03-01,0.8095641621438473,0.5344357090183985,0.9717345641234442
2019-03-04,0.8259570948162568,0.5283933136761492,0.9850426972367448
2019-03-05,0.8176437274596782,0.5275017125288649,0.9828275590719584
2019-03-06,0.8272585216778563,0.5267502469255253,0.9943085423287157
2019-03-07,0.8319239037877681,0.5344288320137626,1.006661896444519
2019-03-08,0.830762069265861,0.5436076277833833,1.0148617078283497
2019-03-11,0.8458309812917141,0.5615869026774363,1.0462135002201187
2019-03-12,0.8548822803622672,0.5689749291460647,1.0646511911894374
2019-03-13,0.8424227923258614,0.5678145005631344,1.0450612037040434
2019-03-14,0.8509340258489013,0.5656271799273003,1.0418316066746267
2019-03-15,0.868909887565254,0.57706142215649,1.0812887770119655
2019-03-18,0.8676441723084499,0.5893438368206888,1.0682089420118632
2019-03-19,0.8648418224021504,0.580569226459635,1.0643459017327752
2019-03-20,0.856587160420335,0.5767929540557859,1.0792566100218617
2019-03-21,0.8568406602935252,0.5738491149726317,1.0664906667162866
2019-03-22,0.8660885503576436,0.5784323674355175,1.0732866648348374
2019-03-25,0.8558989973489891,0.575185280707065,1.0621249275811675
2019-03-26,0.8390417555530401,0.5616050243269638,1.0127106763796372
2019-03-27,0.8347322284564289,0.5587486567102068,0.9910940148347361
2019-03-28,0.8178740809792648,0.5433198185148858,0.9890484614752113
2019-03-29,0.8247019200469861,0.5331360058896821,1.003539052205115
2019-04-01,0.8198358929183351,0.5315780341287117,1.0094891588712924
2019-04-02,0.7986586892849273,0.5213813264207435,0.9868429615436096
2019-04-03,0.7948817423176308,0.5297058245963053,0.9532711694095305
2019-04-04,0.7929825911562222,0.5274529569025478,0.9362533760650058
2019-04-05,0.7987214332887382,0.5203623239185216,0.9118181439963093
2019-04-08,0.7973792193423417,0.5136942921035865,0.9185918282641328
2019-04-09,0.8201291636018023,0.5325385038117272,0.9812898347957842
2019-04-10,0.8141581658448075,0.5280443678671483,0.9510013791008141
2019-04-11,0.8138032106097526,0.5300648883065476,0.9652936124823561
2019-04-12,0.8129538773906657,0.5267765843909349,0.9794760168080353
2019-04-15,0.8099138967148959,0.5395360050083506,0.978139926617048
2019-04-16,0.8120491405714994,0.5549043486997475,0.9604987340894072
2019-04-17,0.8190477612878817,0.5520402989191947,0.9560835629524389
2019-04-18,0.8359213578140703,0.5709460275228174,0.946825787071835
2019-04-19,0.8166626978014329,0.5604364261466283,0.9228848883449848
2019-04-22,0.8108193593284398,0.5565962370674457,0.9188942021432455
2019-04-23,0.8057788429046587,0.5460626774123306,0.9240046204248078
2019-04-24,0.8175172312374998,0.567266032711456,0.9343142833362754
2019-04-25,0.813552316880518,0.5744211685849334,0.9176971074098997
2019-04-26,0.7908317256192819,0.5459658035529018,0.8823385922682261
2019-04-29,0.7922678419940264,0.5582669280771029,0.8818794228352961
2019-04-30,0.7922636124934528,0.5580010763836595,0.8854660028704858
2019-05-01,0.7947959036724396,0.5548707794635686,0.9061809240167028
2019-05-02,0.7827925436699565,0.5384729684494693,0.9195899629691194
2019-05-03,0.8033686529017366,0.5602619048389903,0.9432966860982517
2019-05-06,0.7877174533868436,0.5565873234814178,0.9457972962153749
2019-05-07,0.7954371450112995,0.5810882501246107,0.9942058327986635
2019-05-08,0.7988857632184235,0.564611984443348,0.9563147239670584
2019-05-09,0.7858409126150714,0.5689201419468637,0.9864337085516203
2019-05-10,0.7415921182744364,0.5445876000349803,0.9570253189740445
2019-05-13,0.7112031296357784,0.5408743265791437,0.937356979124588
2019-05-14,0.7424025299000988,0.5427824739290318,0.9308357138504323
2019-05-15,0.7295318555013717,0.5434313316107697,0.9684578324431298
2019-05-16,0.7537634676712688,0.5521093790355316,0.9403353565650303
2019-05-17,0.7712645222110688,0.5372286103092568,0.9644916182996603
2019-05-20,0.7298795243790568,0.5224823356200838,0.9878520567586175
2019-05-21,0.7439178698685665,0.5012298906741297,1.018181378098069
2019-05-22,0.7176464031210005,0.487194829496745,0.9961407271198319
2019-05-23,0.6946333189813728,0.47561346072530675,1.015745446021836
2019-05-24,0.708436494346157,0.46203659344252146,1.012366770230433
2019-05-27,0.6941651444743269,0.4418232174909938,1.0221586099275544
2019-05-28,0.6591932105353584,0.44427062305702647,1.0057358480645502
2019-05-29,0.6336368786810402,0.43897472728500553,0.9460770578594165
2019-05-30,0.6234281904032084,0.43918522870847565,0.9476310899128539
2019-05-31,0.6334180524830917,0.4324370444357875,0.9652057994808207
2019-06-03,0.6025548584287576,0.4578083489467773,0.9867137716179055
2019-06-04,0.6007684952050292,0.42978542512279316,0.9930737094979155
2019-06-05,0.6278744631542272,0.42069442559684306,0.9789704471076761
2019-06-06,0.6003876822324509,0.40051855439594064,0.954111983466912
2019-06-07,0.5884480161469232,0.4071144948972129,0.9725849093516111
2019-06-10,0.5775646412310494,0.3980533417848917,0.9938011998885475
2019-06-11,0.5586781328907992,0.3995993494314299,0.9886369391530686
2019-06-12,0.5700571604223634,0.3836702497567725,0.9918955768626935
2019-06-13,0.56586431638682,0.38252146272001597,0.9931433810864705
2019-06-14,0.5620752294344382,0.3793312660355055,0.9751152984119259
2019-06-17,0.5846932514588374,0.3718462417821813,0.9957476172898664
2019-06-18,0.5871623202174845,0.40317407995829135,1.0332515357988983
2019-06-19,0.5835164446949096,0.4049135736199726,0.9799488364030892
2019-06-20,0.5799611777871869,0.38129301916549263,0.9906598752788883
2019-06-21,0.5640061682806714,0.4038930602266114,0.9983642722491957
2019-06-24,0.5822090533251777,0.4003182108102817,0.9896762224539288
2019-06-25,0.5719391354205663,0.38560286592717213,0.9580363815669617
2019-06-26,0.5700751957394236,0.37608874004751036,1.0017909048111686
2019-06-27,0.5327333886799999,0.3848925398380883,0.9926378386393874
2019-06-28,0.5408271191745139,0.39541093037684744,1.0378954473425903
2019-07-01,0.5617158059492351,0.39935967533497263,1.059763386105035
2019-07-02,0.5804765090659076,0.38930379079828237,1.0572150375035596
2019-07-03,0.5599776757137072,0.395587543386457,1.047727237079384
2019-07-04,0.5677918951600732,0.39715271443366557,1.0490106891597004
2019-07-05,0.5664001562639921,0.3976548090136077,1.0605761761420547
2019-07-08,0.5536022250027351,0.39707501763815084,1.0617614518638616
2019-07-09,0.560099133306402,0.39266736180300715,1.0451274395586623
2019-07-10,0.5690509787905527,0.3928752297163093,1.073612462095763
2019-07-11,0.5744252545798455,0.38537416538404384,1.1201400336021763
2019-07-12,0.5806471252350465,0.3912664236496816,1.114879771171305
2019-07-15,0.5942989255426934,0.40131567774319954,1.1237105097140458
2019-07-16,0.589872164313746,0.3985198498076468,1.1144886862438115
2019-07-17,0.5858229371518753,0.3946579462006213,1.099278163689246
2019-07-18,0.5746117625758198,0.39486162466547375,1.0659209299540597
2019-07-19,0.574824422366221,0.4020337250848755,1.033069803828713
2019-07-22,0.5835342739535229,0.4090388980643891,1.0614624452653956
2019-07-23,0.568498897617637,0.3933198716382993,1.0478216129077684
2019-07-24,0.5631050627906226,0.38273094210388664,1.0195339108004946
2019-07-25,0.5636901895058058,0.38480749549995197,1.018711447700248
2019-07-26,0.5711599544332586,0.3862872289182412,1.0134772687788915
2019-07-29,0.5747257366346218,0.3914771655108243,1.0141818997785323
2019-07-30,0.5778188843547604,0.39136800472326694,1.0097716556087417
2019-07-31,0.5761636113408946,0.39479842901389234,1.0267639277207565
2019-08-01,0.5806162693286067,0.3991094568220992,1.0135654523826383
2019-08-02,0.5897403975156117,0.41135673501697206,1.0023684567476645
2019-08-05,0.574917345369574,0.38736678080946507,0.9716303265643793
2019-08-06,0.5814875186220971,0.3905222505118797,0.9782305482748049
2019-08-07,0.5809168484646127,0.4030774283464056,1.0053828198732013
2019-08-08,0.5765891149780324,0.3850816470797584,0.9862382526365122
2019-08-09,0.5557476459574553,0.3760362128232572,0.9717775586175432
2019-08-12,0.544518614799707,0.37081831615631905,0.9590605980945992
2019-08-13,0.5586602450617068,0.3875899822681328,1.0070912393944251
2019-08-14,0.5531696048059931,0.38281728451042923,1.0009785700510778
2019-08-15,0.5444452729208968,0.3836080760512437,0.9609500282744761
2019-08-16,0.5409900112434456,0.3881678230577035,0.9413330322637082
2019-08-19,0.5352137481900978,0.38520058314357297,0.9385568359816118
2019-08-20,0.5364797318124493,0.37946978776872303,0.9281477685602159
2019-08-21,0.5489553561594399,0.39349474010854474,0.9822506007896986
2019-08-22,0.5443994443140864,0.3845614317855068,0.9471646698548816
2019-08-23,0.5459315753029979,0.3848953870993582,0.9406755130455967
2019-08-26,0.5368098463941985,0.38393366496731335,0.9311740426739942
2019-08-27,0.5493188560324131,0.39916633726175443,0.9528161849650256
2019-08-28,0.5511511923733396,0.39846860596518485,0.9489986267771945
2019-08-29,0.5424830794735177,0.3959645195386852,0.9540705956325801
2019-08-30,0.5501128833595399,0.39247281077242313,0.9682126882994863
2019-09-02,0.5602898697815839,0.39701070114485176,1.0012032396552994
2019-09-03,0.5619269501889108,0.4069001197097267,0.9975452133138196
2019-09-04,0.5483895935922183,0.4052832993076132,0.988526751606762
2019-09-05,0.5633483083910815,0.42042054305316506,1.0185359393898081
2019-09-06,0.5662505875061111,0.4217404406293685,0.998978201306786
2019-09-09,0.5764752693028138,0.43472243756258777,0.998723769864039
2019-09-10,0.5719998623058102,0.4312409488531728,1.0072828372336455
2019-09-11,0.5688656697860692,0.43000251677028156,1.0014152995391814
2019-09-12,0.5700925973509102,0.43153963290000225,1.0201671677475388
2019-09-13,0.5798987744674807,0.4340195782739052,1.048318188905111
2019-09-16,0.5814325199861425,0.4399057934117075,1.0333366218780147
2019-09-17,0.5707617754837568,0.4248637622274992,0.9957766506213921
2019-09-18,0.5732901576582031,0.43170019916399544,0.998300352240903
2019-09-19,0.5875897414662399,0.4363327748140869,1.025320535731786
2019-09-20,0.5884635427844609,0.43233122446537453,1.015891102484595
2019-09-23,0.5898998545114511,0.4151301152281336,1.0256598688142302
2019-09-24,0.579023188885969,0.4065523506534955,1.0030980080972618
2019-09-25,0.5671272522472296,0.3993868838442705,0.9708651768163814
2019-09-26,0.561986027016381,0.4007284100349725,0.965351528499158
2019-09-27,0.5595145447052793,0.40683360899540516,0.9515440325099629
2019-09-30,0.5606676543991965,0.39867972642238764,0.9327050852002766
2019-10-01,0.5623436888405405,0.40576197273310927,0.95683386351698
2019-10-02,0.576137200549782,0.41295023685450694,0.9520671788166603
2019-10-03,0.5769324493974964,0.4131185478926225,0.9296555874493413
2019-10-04,0.5864324154544828,0.41931483351049104,0.9560136588302129
2019-10-07,0.5863796717114994,0.4165109830506082,0.9592840074175946
2019-10-08,0.5994169759092559,0.4202907557474016,0.9721837629947853
2019-10-09,0.5828994643903264,0.4105002224029413,0.9729414508167806
2019-10-10,0.5779559077308666,0.41202155693361614,0.9586334947950081
2019-10-11,0.5867671350677035,0.4106107408184641,0.9712808370080162
2019-10-14,0.5855502151893341,0.40968156576056963,0.9691129832116713
2019-10-15,0.5940248507805472,0.41181257661125037,0.9915464672369357
2019-10-16,0.5977529457195813,0.4211632719647112,1.0075177456215905
2019-10-17,0.6065328334919833,0.43048928225444927,1.0422396209689195
2019-10-18,0.6124137855017867,0.44438405046300256,1.0447284487902722
2019-10-21,0.6189082707993794,0.43888662037412346,1.0546926813074062
2019-10-22,0.6330731196783868,0.4557386929827024,1.0737451870974857
2019-10-23,0.6427573090057361,0.46386077257089425,1.0686355591777934
2019-10-24,0.6526603355315018,0.46604230142640063,1.079478110240138
2019-10-25,0.6531865634086697,0.4698621608580049,1.0852452860808428
2019-10-28,0.6478123056058406,0.4770074056687266,1.0777353641585423
2019-10-29,0.6417271446366045,0.4839794961245427,1.0899718590313396
2019-10-30,0.6492765311909451,0.49565123566265085,1.1055764215541057
2019-10-31,0.6258526412095046,0.4704965129087977,1.0490526199234436
2019-11-01,0.6138940537048839,0.4637261896682087,1.0205958777585618
2019-11-04,0.6053309650821819,0.4596705595317386,0.9936318130704581
2019-11-05,0.6033852372426292,0.46674612723176173,0.9812170336404332
2019-11-06,0.5798703668993174,0.44745679570558505,0.9413130352583797
2019-11-07,0.5911087298361141,0.45627787166950484,0.9698116970301293
2019-11-08,0.5967258165254203,0.45621687406963546,0.991051260052732
2019-11-11,0.6147879527164155,0.4746134558346189,1.0072727400353187
2019-11-12,0.6248908965731956,0.48093747439923873,1.0297021000023956
2019-11-13,0.6348614619822934,0.48999243854434144,1.04469130733604
2019-11-14,0.656611904845916,0.5034009890411764,1.0746465397238638
2019-11-15,0.6513167426433595,0.49974653180051243,1.0549397908618097
2019-11-18,0.6369539866051974,0.4807316440352007,1.019780557793445
2019-11-19,0.6350524490483012,0.4804974572565562,1.0083134338396789
2019-11-20,0.6275112769092099,0.4705260366628441,1.0115206932564964
2019-11-21,0.6254074321406946,0.4738988994278977,1.0218157892272444
2019-11-22,0.6158679144285244,0.4797632736059167,1.018381987850882
2019-11-25,0.621421935077565,0.4901837872235258,0.9928859823216921
2019-11-26,0.6265143279709924,0.48607058794144625,1.018911360286494
2019-11-27,0.626574574303921,0.4835642164059694,1.0231938005527748
2019-11-28,0.6298162973087195,0.4745168418980036,1.0412029973790198
2019-11-29,0.6287892175125162,0.4738868727655052,1.0364616474322073
2019-12-02,0.6361966720484652,0.4669897051910019,1.0511033034755184
2019-12-03,0.6371793485804126,0.4593988132941783,1.073079156711033
2019-12-04,0.6349608911993836,0.4653496393041555,1.0850219130000214
2019-12-05,0.6441321183971822,0.47808820500417754,1.0853845308420957
2019-12-06,0.6566362165823897,0.4765869194354659,1.0932648987727909
2019-12-09,0.6701378439895211,0.4832571893166092,1.1225829410512704
2019-12-10,0.6605186047326467,0.47970660477027177,1.1093213392960044
2019-12-11,0.6555536791726286,0.4789546201507743,1.0859539539879888
2019-12-12,0.6391501256370693,0.45540620947167826,1.0574255305508795
2019-12-13,0.6371825177795262,0.45581454251264475,1.0430947488642592
2019-12-16,0.6414783113356691,0.45480528651949786,1.058735895174496
2019-12-17,0.640521214393797,0.46229552023770476,1.0923881676826885
2019-12-18,0.6593927391336202,0.4745838206545174,1.1094742475605497
2019-12-19,0.6557082828815783,0.47452055790008724,1.110119150584975
2019-12-20,0.6453299758856959,0.46628641163437473,1.0990325658072988
2019-12-23,0.6511557329633371,0.47517315514757885,1.1052636110914715
2019-12-24,0.6529457649096945,0.47108939295184776,1.1017101835977456
2019-12-25,0.6586555398692768,0.47994708838679634,1.1052891305734196
2019-12-26,0.6619862416925777,0.4910681011175199,1.0865032857351273
2019-12-27,0.6647377785084314,0.5065894407771059,1.0588341788114526
2019-12-30,0.6439085637250157,0.5027216039195795,1.011734887222976
2019-12-31,0.637217252398489,0.4935323758515845,0.9917897708455957
2020-01-01,0.631893382691084,0.49370295193624414,0.9940757365826917
2020-01-02,0.628911183944126,0.49736287537379814,0.9727971245873039
2020-01-03,0.6249956617928714,0.49868922256882314,0.9588243835082364
2020-01-06,0.6291783086511905,0.5076756404425082,0.9800884065944993
2020-01-07,0.63516383141327,0.5157634024131704,1.000574547123069
2020-01-08,0.6246997525266869,0.5031282544605868,0.9907834529831808
2020-01-09,0.6314478005473333,0.5101665051093465,1.0172954347533663
2020-01-10,0.6373117544894873,0.521392519939437,1.0663204095967231
2020-01-13,0.6420830214363645,0.5289346906548509,1.072307732294887
2020-01-14,0.6287479732928019,0.5093624574745615,1.0593065284033896
2020-01-15,0.6332175757050791,0.5063741236750801,1.0644028761158726
2020-01-16,0.6343186975627781,0.5042180824022394,1.0629563422009511
2020-01-17,0.6437784198789145,0.5102497638500642,1.0642635970431795
2020-01-20,0.6613312650615432,0.5254091255491858,1.119514179209162
2020-01-21,0.677415514850829,0.5305913807471543,1.1495058869264478
2020-01-22,0.6788988262572472,0.5380915394450801,1.1776735465270136
2020-01-23,0.6792191847801925,0.5235066419704341,1.1844587585817956
2020-01-24,0.6859972653469035,0.5329076931884085,1.1806445039370248
2020-01-27,0.6748665485976029,0.528336791783853,1.1613416525727944
2020-01-28,0.6605187189986482,0.5222280501064841,1.1473380620946247
2020-01-29,0.6561672488381671,0.49497552247542637,1.1430381582499034
2020-01-30,0.668508792654528,0.4943841726273849,1.1333671701610222
2020-01-31,0.6655226143673768,0.48962763855057806,1.1281498940786654
2020-02-03,0.6808553992655524,0.502185158612394,1.1472321401864183
2020-02-04,0.6527213013120311,0.48087570509294225,1.0923577111387572
2020-02-05,0.6375076102975326,0.46388542633703594,1.044338550804279
2020-02-06,0.6366435764751278,0.4721718071555053,1.071712379610987
2020-02-07,0.6454438485044395,0.48102593673418403,1.1017096657134176
2020-02-10,0.6450925034169512,0.4779833375320591,1.0871963345168754
2020-02-11,0.6444894766426015,0.47055134612070454,1.0821648312401764
2020-02-12,0.6436348046924638,0.47045310505423643,1.1009996953605723
2020-02-13,0.6269366870101997,0.46711859758164653,1.0455241848280796
2020-02-14,0.6381406933057691,0.47575850646004303,1.0881962679884958
2020-02-17,0.6319242643771958,0.47094477628961345,1.0830204531710172
2020-02-18,0.6425677583532621,0.47938955236362213,1.1084569650180434
2020-02-19,0.6422093011135666,0.4800320738354098,1.104775463380656
2020-02-20,0.6528201438014805,0.4863439635506401,1.129808345488439
2020-02-21,0.6565078397409229,0.48209054316090827,1.16849131624813
2020-02-24,0.6557856040705154,0.492591999380112,1.16865754588716
2020-02-25,0.6583391838360648,0.49923880442785434,1.1608768206292923
2020-02-26,0.6441225702731131,0.5042569478266032,1.1263735217117894
2020-02-27,0.6445028859439661,0.5083439449526841,1.1440103250186828
2020-02-28,0.6614150314869003,0.5199826425730009,1.1782955432385893
2020-03-02,0.674724622312392,0.5231706055562764,1.2056692916298328
2020-03-03,0.6650926896514769,0.5131825855113332,1.1781943392849747
2020-03-04,0.6704701554410781,0.5085677416227713,1.2119027684424133
2020-03-05,0.6732993371968928,0.5266618139944212,1.218887900084001
2020-03-06,0.6818891717760132,0.5333003953801103,1.2194095594201344
2020-03-09,0.6831931438588371,0.5406202113009816,1.1896884400872647
2020-03-10,0.6811418155232143,0.5468004403744269,1.1640937834279317
2020-03-11,0.6950776103729962,0.5668494597127128,1.1944808044899813
2020-03-12,0.6976813353216941,0.5905495342987809,1.1829217131538727
2020-03-13,0.7111688863581187,0.6011860951973228,1.1697741459572626
2020-03-16,0.721918768068026,0.6087051381489016,1.17244457600096
2020-03-17,0.7187659260072933,0.607599981320315,1.1643053924991595
2020-03-18,0.71732479736767,0.6132198135628629,1.1717232369564565
2020-03-19,0.7384482096614324,0.632973905680858,1.1618543039040734
2020-03-20,0.7409384304723069,0.6326367310993792,1.1644465605307177
2020-03-23,0.7328774453878022,0.6190692494623641,1.166836988978809
2020-03-24,0.7200516143316291,0.6011549388112574,1.1309785877650502
2020-03-25,0.7309330246274971,0.6127140032574094,1.1379733775708196
2020-03-26,0.7330559507556562,0.605436238817439,1.1442197759133308
2020-03-27,0.7247127629628202,0.5822422797109578,1.1139484239907118
2020-03-30,0.7324083228977761,0.5894835147099245,1.1102658180006488
2020-03-31,0.7345295461666903,0.6014620448970431,1.1111409366414975
2020-04-01,0.7166017909375444,0.5927738191274321,1.0865000577551343
2020-04-02,0.7232878886750855,0.5982064253647646,1.1054594435067489
2020-04-03,0.7381137429493341,0.6141208420789785,1.1279549795029227
2020-04-06,0.7668247093476365,0.622998999947055,1.1714368028033888
2020-04-07,0.7676095839304453,0.6172978524841662,1.1765046814004854
2020-04-08,0.770672150332519,0.6352574757209595,1.1655237128193507
2020-04-09,0.7896298776268003,0.662156365457862,1.1575594737097443
2020-04-10,0.7920231147105232,0.6572096382512571,1.1451700293992755
2020-04-13,0.79569028306798,0.6774979274239867,1.141780066510817
2020-04-14,0.7885614743137349,0.6642495337837002,1.1172771197775289
2020-04-15,0.7724624976314793,0.642608136318904,1.0752153042061148
2020-04-16,0.7834239869172179,0.6664980297965802,1.106964719543797
2020-04-17,0.7688495168225382,0.6671530234171931,1.0723264569478215
2020-04-20,0.782388836599711,0.6731182206204054,1.0849625192003736
2020-04-21,0.7735302519980197,0.6650724781808238,1.0814942099463694
2020-04-22,0.7769945144841928,0.6647320577925153,1.0929500909128762
2020-04-23,0.773044215343991,0.6664128688806216,1.0751907579009097
2020-04-24,0.787051006241082,0.6941183900846946,1.0801156748346854
2020-04-27,0.790996253697913,0.7031716127755107,1.0840378684148007
2020-04-28,0.8146363080918142,0.723064492631944,1.1048992343539012
2020-04-29,0.8018015784877351,0.6972409170519879,1.0849218025096832
2020-04-30,0.8071800203577766,0.710070542239093,1.0779427955797098
2020-05-01,0.8081568116738714,0.6980626681565406,1.0854622735543946
2020-05-04,0.8119544646396423,0.6994670561989265,1.067439912544731
2020-05-05,0.8317976716794926,0.7266186147667247,1.0897392434247264
2020-05-06,0.8395165631346742,0.7422176599800705,1.104128905507075
2020-05-07,0.8254858226082055,0.739163369327335,1.090032046785555
2020-05-08,0.832504649770724,0.7532204489554779,1.1378826222290657
2020-05-11,0.8277308261478423,0.7506142919730607,1.1270532918992244
2020-05-12,0.822267534054348,0.7491151239226375,1.121581202494857
2020-05-13,0.8355782857127952,0.7623450008971279,1.1377568810265886
2020-05-14,0.8284465416991517,0.7613968493749775,1.1596855787170395
2020-05-15,0.8241419708200705,0.7635896980623273,1.1704992090312618
2020-05-18,0.8249546644831797,0.7659367201426217,1.2046585322776746
2020-05-19,0.8370755488502458,0.7831316813800661,1.2116316152568023
2020-05-20,0.844796605676207,0.7824432925757049,1.225302882910237
2020-05-21,0.8422485101504235,0.7765836432992989,1.2220605707220882
2020-05-22,0.8392310310646505,0.7765469476647772,1.1963801246377097
2020-05-25,0.8250463943999208,0.7857563008085636,1.181783935716472
2020-05-26,0.8160554295943919,0.7834661378714813,1.1511590149361268
2020-05-27,0.8084532887375738,0.7746738332054841,1.1579442713787367
2020-05-28,0.8070470940894259,0.7708626440943676,1.151897234556765
2020-05-29,0.8315017876733454,0.8028461032189701,1.1604279736837315
2020-06-01,0.8234927279415002,0.7940306367283534,1.1391870213390547
2020-06-02,0.8202502780134608,0.7985252522633651,1.1350518488127663
2020-06-03,0.7954081977183208,0.7805088377941642,1.1295676700900625
2020-06-04,0.8029713893930887,0.7735177970935538,1.154373093707971
2020-06-05,0.7843731813426493,0.7611289277531033,1.1287705918845445
2020-06-08,0.7740988003182412,0.7565164238656382,1.1281832169158095
2020-06-09,0.7865889080919919,0.7777793373931465,1.1488171666875264
2020-06-10,0.7621465022205233,0.7439883227438596,1.0975431621778096
2020-06-11,0.7636241565736124,0.7576345658257706,1.1059541180506116
2020-06-12,0.7731801070405411,0.765309122028841,1.1334462640338048
2020-06-15,0.7912583441642904,0.805953095277153,1.2106844799550172
2020-06-16,0.7807335030938656,0.8163586107576366,1.199424275756935
2020-06-17,0.7738159132352316,0.8018115053638842,1.1797778187041783
2020-06-18,0.7951473443138782,0.8076375908911334,1.2280943515461553
2020-06-19,0.7952460203748525,0.8162098369235954,1.2403084481648676
2020-06-22,0.7868609789299376,0.7977140879274911,1.255775741835101
2020-06-23,0.7787859852947235,0.8032474638550887,1.2563469767663489
2020-06-24,0.7678141797668094,0.7983537292055174,1.2063736049988023
2020-06-25,0.7631342885500615,0.7762769403346462,1.1974662817155755
2020-06-26,0.7759727310805481,0.7984606298726673,1.239983458472206
2020-06-29,0.7866939513579623,0.8112060540775098,1.2880119227924933
2020-06-30,0.7732304281662615,0.8023861143921641,1.2496213668995342
2020-07-01,0.7761059106166758,0.8236718543444976,1.2497880333758764
2020-07-02,0.7718121853609569,0.8176036410199407,1.2545070335343143
2020-07-03,0.7812565470267357,0.8369253284568399,1.2617787491552659
2020-07-06,0.7798148193914111,0.8280033518423245,1.2541560343751725
2020-07-07,0.7845505335906638,0.8260361339287855,1.278179526128843
2020-07-08,0.7830763018612159,0.8218824027365875,1.2944658342280708
2020-07-09,0.7577780125758934,0.7878161940295288,1.2740246833689726
2020-07-10,0.7586911628767462,0.7955109041317687,1.284583168583312
2020-07-13,0.7445975608778256,0.765126811568017,1.2410323914675867
2020-07-14,0.753314509553221,0.7836185068360623,1.2525597726579538
2020-07-15,0.7460093035778415,0.7672070053436666,1.2216617644443113
2020-07-16,0.7396121321764385,0.765023207327603,1.2015259126619637
2020-07-17,0.7398831686816806,0.751845428445016,1.211728709028546
2020-07-20,0.7466656105914712,0.7641652333912851,1.2253409649218356
2020-07-21,0.7451378153263502,0.7750213622151118,1.262437119007565
2020-07-22,0.7638651714809362,0.7946908601947167,1.2986001004335506
2020-07-23,0.783139222144247,0.8331607314200435,1.3387246061693203
2020-07-24,0.8036825528385926,0.8533635253669475,1.3727757586575005
2020-07-27,0.8012596260540428,0.856107570749123,1.3837743503592428
2020-07-28,0.7838487536916008,0.8257860649893244,1.3872945084414003
2020-07-29,0.7985860334103202,0.846789738619294,1.4163230300133536
2020-07-30,0.7939980134782758,0.8348419681473247,1.4395843453635273
2020-07-31,0.7948495721236857,0.8268605699437479,1.4384764744042027
2020-08-03,0.8027382963834147,0.8546177096340262,1.4751188887423814
2020-08-04,0.7838205273895603,0.818388865955991,1.4380650666522026
2020-08-05,0.8033665172884336,0.8374800236025771,1.4711730536598262
2020-08-06,0.8143119321334322,0.8578692918629884,1.446613716517775
2020-08-07,0.8190219723889838,0.8659098399523519,1.4158625582356592
2020-08-10,0.83037668928835,0.8541677083947788,1.4324032607231025
2020-08-11,0.8377290837184549,0.8695030100428204,1.4605036786758503
2020-08-12,0.8396160029134377,0.8536835357636512,1.4623010245265302
2020-08-13,0.8361596272225184,0.8446173286074391,1.4374519968651756
2020-08-14,0.8273070931072836,0.832686784624949,1.4012578703875684
2020-08-17,0.8312849628313332,0.8005456935226782,1.4230636824442568
2020-08-18,0.8362045453945017,0.8041009916043488,1.4094075727744997
2020-08-19,0.8502092841028053,0.8256271941142117,1.4498911343026004
2020-08-20,0.8531934337802748,0.8265160709231217,1.469361902972533
2020-08-21,0.8427008415328346,0.8187124345230367,1.4832920364212323
2020-08-24,0.8231978007493082,0.827438351218595,1.5024196957755138
2020-08-25,0.8220342662813018,0.8402277288958894,1.4941286644139897
2020-08-26,0.8221067075164131,0.8411300820634882,1.491152805032565
2020-08-27,0.8213081346476885,0.8728205188695616,1.5210261440434445
2020-08-28,0.8028634483232917,0.8450310866657146,1.4852467545423997
2020-08-31,0.816204611864956,0.8657015034474586,1.4750180025088702
2020-09-01,0.8297449943563817,0.8598136215048509,1.4821533433727017
2020-09-02,0.8199131156895587,0.8548153319657652,1.4725095149037264
2020-09-03,0.8302356018123561,0.8642445296350182,1.4640430154175925
2020-09-04,0.8425168311729861,0.8778989436194041,1.5288725526160845
2020-09-07,0.8434239742263488,0.8837789744163239,1.559361445714797
2020-09-08,0.8318458890006694,0.8754233256228854,1.5158718072625852
2020-09-09,0.8523930839076167,0.8831441591968447,1.5336272543016523
2020-09-10,0.8576897023844648,0.8836766463294706,1.545661639930108
2020-09-11,0.8548888636319345,0.8809599668037377,1.5303089118788036
2020-09-14,0.8652267618948003,0.8729422885733308,1.5458938069081112
2020-09-15,0.8867130482316604,0.9051472053744184,1.5992555287478738
2020-09-16,0.8805438289188294,0.9243349774515404,1.582882621476242
2020-09-17,0.8901165186643071,0.9386576427831921,1.6329125496330623
2020-09-18,0.9165061614192285,0.9592005803486738,1.701639272840729
2020-09-21,0.9016143362469252,0.9108125740581591,1.6990709528700803
2020-09-22,0.8946369197675642,0.8832155258986569,1.6562560745212356
2020-09-23,0.887061289810922,0.8802900066350254,1.606471363118832
2020-09-24,0.8853981323397832,0.895286946838384,1.6023947242102405
2020-09-25,0.883052176102069,0.890069306404484,1.6399977954789995
2020-09-28,0.8874779731995398,0.8748962971437804,1.6770895155700611
2020-09-29,0.8770007341280641,0.8533012815681567,1.6751268388179246
2020-09-30,0.8692480894421788,0.838568868637458,1.6905722283275892
2020-10-01,0.8736111561504343,0.8187160586940382,1.6706626886273406
2020-10-02,0.8760779526617601,0.8173219545272093,1.639112130440298
2020-10-05,0.8880024223831716,0.8393967789350656,1.6923306800792393
2020-10-06,0.8938990474005937,0.8240213304012395,1.6876974344010667
2020-10-07,0.9046952915083009,0.8271855958139318,1.6874045931192925
2020-10-08,0.8896372892251599,0.7885515215515406,1.6738676020489662
2020-10-09,0.8849655861547862,0.7748657335271678,1.6582936015400578
2020-10-12,0.9099443586479184,0.7951058533590712,1.7014645422885968
2020-10-13,0.9157508689263832,0.8123581468647592,1.7202662470389494
2020-10-14,0.9264751306703289,0.8274695671820417,1.7441928545867775
2020-10-15,0.9307285975044328,0.8167609658336669,1.7095320307971715
2020-10-16,0.9371320454870001,0.8236065050520827,1.7087651737571936
2020-10-19,0.9343547977179462,0.8171509102174631,1.7213590278560946
2020-10-20,0.9848788077836941,0.8612630772137896,1.7962788534401968
2020-10-21,0.9795187635991963,0.8541026686318133,1.777246903562026
2020-10-22,0.9794454777036451,0.8581130148885878,1.7687869084526529
2020-10-23,0.9443102758454168,0.8297326424440518,1.6378488197011236
2020-10-26,0.9604523155722174,0.8547115980428428,1.6676730800598996
2020-10-27,0.9529763523654065,0.8496298167678971,1.6389637056019353
2020-10-28,0.9525838103607048,0.8707592791814197,1.6518606773484579
2020-10-29,0.9455150590661255,0.8711222357284616,1.6453077416007107
2020-10-30,0.9440209143977634,0.8890216595757355,1.6227158557729715
2020-11-02,0.940467896768473,0.8953061400360156,1.6271981647374194
2020-11-03,0.9403309395917332,0.8862911518062483,1.6146378315744159
2020-11-04,0.9400563420445931,0.9025354684592095,1.5971119309036674
2020-11-05,0.9383519450000264,0.9169147766456377,1.5590528372930568
2020-11-06,0.9364582021417628,0.8759187230258024,1.5654252456368287
2020-11-09,0.9553070238028518,0.8864795935376073,1.592817094678196
2020-11-10,0.9684150339299237,0.9177894590770239,1.6019029601872554
2020-11-11,0.9817904286908281,0.9449771200125363,1.586284763349752
2020-11-12,0.9714946543904609,0.9145998965445079,1.5948445296264997
2020-11-13,0.990295322512665,0.9440946724874083,1.6184232450869795
2020-11-16,0.9910206956911969,0.9658152735616425,1.6269570628359584
2020-11-17,1.0093954788175592,1.016999372861734,1.668446585038913
2020-11-18,0.9951004589145831,1.0317448882264346,1.716169256593939
2020-11-19,0.9285708862650135,1.0605085929750284,1.740370662145364
2020-11-20,0.9291632045523829,1.0580218213682901,1.6798969925474099
2020-11-23,0.9554934390087994,1.0472446899049743,1.6620871602843383
2020-11-24,0.9145180326085375,1.0491091237878054,1.6514092056135745
2020-11-25,0.8515782472143423,1.0289012267264424,1.5561525602808288
2020-11-26,0.8633991990522776,1.0597381659799352,1.5104351686539277
2020-11-27,0.8339167359452173,1.031479514763047,1.5656793265108204
2020-11-30,0.7954638846882387,1.051637367413303,1.5395178875427518
2020-12-01,0.7640883072033114,1.1110740062707487,1.4682305819299966
2020-12-02,0.768594432553734,1.1047130498440445,1.4827516140606334
2020-12-03,0.795630761108027,1.1419278941374311,1.5267959195845533
2020-12-04,0.7598063729229474,1.150343401329917,1.4441247656519012
2020-12-07,0.7615666752343497,1.1492651008751456,1.4308712925359148
2020-12-08,0.765278268836619,1.1733772675935412,1.3892825971393359
2020-12-09,0.7670344814371001,1.19227416401132,1.3516067872432669
2020-12-10,0.7784731603935668,1.2058456106673974,1.308521533027556
2020-12-11,0.7747857250391289,1.2027307479397327,1.3122059501596903
2020-12-14,0.7384360669194839,1.1747956188456616,1.303480105059075
2020-12-15,0.7407251630745566,1.2277863784694203,1.3497963335116587
2020-12-16,0.7609641274406777,1.234037689579672,1.3040282159238765
2020-12-17,0.7519710128552171,1.2601321521971007,1.3547149446052338
2020-12-18,0.7303121450172166,1.3339182233916602,1.3503111717908338
2020-12-21,0.745071317334298,1.368285153865805,1.3489793274121575
2020-12-22,0.7301372612198793,1.3224750847712676,1.3121074310962337
2020-12-23,0.7216100050414498,1.2756688878779618,1.3226904942848459
2020-12-24,0.7367745345434086,1.3460475747970488,1.369502696667803
2020-12-25,0.7465253969770328,1.2764976853717782,1.3293824796713996
2020-12-28,0.7966593337843143,1.2453887589245807,1.3666929882935916
2020-12-29,0.7840678733515908,1.265759559712183,1.3343131617316322
2020-12-30,0.807661501336003,1.2725763781200532,1.3114306677438843
2020-12-31,0.7833800617153803,1.2141598546648145,1.3159016466532654
2021-01-01,0.8300387883232927,1.213930755332863,1.3091061858014654
2021-01-04,0.8629959430345375,1.2806562663183856,1.2999420143015048
2021-01-05,0.8795047352518959,1.2435124523409709,1.2941038905141276
2021-01-06,0.8406794654808811,1.1828351422322803,1.36357750402264
2021-01-07,0.8510144467393309,1.1562386130986517,1.3641552407918127
2021-01-08,0.8300374081444325,1.1560587503696398,1.316218421276494
2021-01-11,0.8450849748254408,1.1381288525175484,1.2650701486911766
2021-01-12,0.8460802943701697,1.167770735937316,1.2493558901327626
2021-01-13,0.8383995882882026,1.2030611705407186,1.3117888448672061
2021-01-14,0.8843259561217134,1.2464882882065536,1.402555459653566
2021-01-15,0.8588567712569527,1.2764165565674288,1.434842337965112
2021-01-18,0.8422630989778699,1.2629905600932605,1.3789668252158556
2021-01-19,0.8576376339438057,1.2385883997707474,1.336970521879906
2021-01-20,0.8394423004270017,1.2360093635003995,1.2862761486417273
2021-01-21,0.8225559950260964,1.268578950764495,1.2475831534054038
2021-01-22,0.8424767062178422,1.2319536838489018,1.157344922082614
2021-01-25,0.8413667414308932,1.2288824206091808,1.1100923212351825
2021-01-26,0.816438069645482,1.2289650062863642,1.0693939969989925
2021-01-27,0.8055715253891491,1.196273433466361,1.0490650480457377
2021-01-28,0.8080071830895771,1.2042976989796161,1.0538975941523863
2021-01-29,0.7924139587681902,1.1885949907714033,1.0231012177639769
2021-02-01,0.8078632095584117,1.1938422939497164,1.077740196299205
2021-02-02,0.8142677174950905,1.2049821239295602,1.1206973211925786
2021-02-03,0.8083939111160168,1.1929125671743466,1.0851592888206723
2021-02-04,0.8061268617573752,1.1937013373590202,1.0668416419495506
2021-02-05,0.8290397778648239,1.2358196357493458,1.1134571877317376
2021-02-08,0.8410938726147343,1.2796600035773449,1.1157947858209907
2021-02-09,0.8463114194460081,1.293221895327463,1.1154867825159358
2021-02-10,0.8287650296578506,1.2770818579280765,1.0789137723160096
2021-02-11,0.8494378852651052,1.3375963095640426,1.1278990618865463
2021-02-12,0.8632718442836635,1.327940806573686,1.1446275206810748
2021-02-15,0.8617817673164987,1.3206146266382155,1.1634719598246377
2021-02-16,0.8551068615965588,1.3112702949643307,1.1440472411124172
2021-02-17,0.8531242458168216,1.2779700057438748,1.1544535368812547
2021-02-18,0.8381697880739668,1.2571575671622277,1.129263500642157
2021-02-19,0.8326698995010261,1.2049071749140001,1.1246322367010788
2021-02-22,0.8426181462801395,1.2320909478294764,1.1304938915191682
2021-02-23,0.8201924380061795,1.172285491785866,1.0956232047483359
2021-02-24,0.8167385128243071,1.145612708064708,1.0891038472146555
2021-02-25,0.8185405153424407,1.1572063501793757,1.0951167999436262
2021-02-26,0.8202214051197666,1.1309466110880808,1.109640043832365
2021-03-01,0.8061266759475527,1.1462350160413846,1.074500904483693
2021-03-02,0.7922352645743174,1.1285899356609854,1.034549834266058
2021-03-03,0.8055745105806612,1.1460737796348475,1.0708769742595956
2021-03-04,0.7911805564663925,1.1462578423848844,1.083663770931122
2021-03-05,0.8035465221180128,1.1629279486125084,1.1156066488703518
2021-03-08,0.798134250808885,1.1593820542979476,1.1292670812553118
2021-03-09,0.8114606547003935,1.1761641076076224,1.141471007150257
2021-03-10,0.8067410554326004,1.1606478135663572,1.1447949692390291
2021-03-11,0.793028821395429,1.1474565750597618,1.1322433183696985
2021-03-12,0.8036144261295203,1.1718655084224538,1.1498472402061009
2021-03-15,0.8038065957865019,1.1500340496091346,1.1352191008089765
2021-03-16,0.8216741302911805,1.1606145206867227,1.1328031832377738
2021-03-17,0.8330814332913464,1.1654411482984526,1.168936830806467
2021-03-18,0.8306310080348566,1.1616169885168386,1.1785616923004352
2021-03-19,0.825443705740125,1.160462683851895,1.1592534280417248
2021-03-22,0.826145815897818,1.1988475715104943,1.165848980109018
2021-03-23,0.8289160069617102,1.207901525281225,1.1614322665519095
2021-03-24,0.8183670329463475,1.1895136609239194,1.1621937103423023
2021-03-25,0.8291114503172643,1.192580626616702,1.1861217540997677
2021-03-26,0.8245841267274522,1.2036969373326558,1.206397765589057
2021-03-29,0.819764089333535,1.1965688881533434,1.2012031655254367
2021-03-30,0.8135254181407102,1.1936765224305508,1.1901475269452968
2021-03-31,0.8167512571349792,1.198518200021233,1.1951538654497427
2021-04-01,0.8086811102766611,1.196629070651191,1.2323995276262036
2021-04-02,0.8107226675078162,1.2083059536391048,1.2476085279520732
2021-04-05,0.8447722461676554,1.2659062224550037,1.3015990264048887
2021-04-06,0.8445153155307348,1.2657213202190818,1.3181380124642834
2021-04-07,0.8394397184609084,1.260004036391108,1.3051517235153824
2021-04-08,0.8188605696777873,1.2364195187059945,1.2795688918549482
2021-04-09,0.8198868712714655,1.2026452006023987,1.2999459900050996
2021-04-12,0.806655156393425,1.182747218631243,1.2287337241956056
2021-04-13,0.8025142955737141,1.1940795421403227,1.1979285968279656
2021-04-14,0.8047405616397914,1.1889669633664222,1.1787499051823649
2021-04-15,0.7842479705899748,1.1217824244331027,1.142391382357234
2021-04-16,0.7864924422354498,1.1019559125474536,1.1393162529590228
2021-04-19,0.7904781717168463,1.1088862639291481,1.1523453486233677
2021-04-20,0.7754934720215051,1.0760689389694227,1.1415159717151788
2021-04-21,0.7713177204948638,1.0725306193782036,1.159835562508411
2021-04-22,0.7505229982731871,1.0434284491910915,1.1226695914374363
2021-04-23,0.7686350050645835,1.0614203732869745,1.1428121716918376
2021-04-26,0.77283056015328,1.0528504093335822,1.140611884415877
2021-04-27,0.7711351032062251,1.0537136349495442,1.122586508659325
2021-04-28,0.7696302041657187,1.0528459129183243,1.1232944356247612
2021-04-29,0.7830769168939664,1.069403669354063,1.1222209778284966
2021-04-30,0.7823623723012791,1.0824369812424366,1.139942650347382
2021-05-03,0.786635832397015,1.09170599787119,1.1502322963173022
2021-05-04,0.8049482767380258,1.1075352318873097,1.1905128890920682
2021-05-05,0.8011710511376795,1.0965323220088936,1.2130261558118873
2021-05-06,0.7884408197915701,1.0782078027911524,1.1525828953030324
2021-05-07,0.7790839915653054,1.0675001207520478,1.136185498091659
2021-05-10,0.7961692704021874,1.11227482203475,1.1506104868749982
2021-05-11,0.7976592411826448,1.142444988830038,1.1602061949424536
2021-05-12,0.7920477328898837,1.1265406823201756,1.166061006536628
2021-05-13,0.8040113491112422,1.1265592310478207,1.1906692769364948
2021-05-14,0.8164488907460051,1.1349874622843683,1.2110349155369142
2021-05-17,0.8110319838039828,1.134676623918071,1.199522033628214
2021-05-18,0.799613421879181,1.132895669312212,1.1986464519439783
2021-05-19,0.7811759923573155,1.099998786924101,1.1710615523312005
2021-05-20,0.7605464359837439,1.0560773763508124,1.1691079977210868
2021-05-21,0.7579036916787041,1.0585310141768516,1.155802930206526
2021-05-24,0.7481282959397688,1.0548203983967064,1.1717216655115876
2021-05-25,0.7693580194865782,1.1011209730676286,1.1840304739801806
2021-05-26,0.7704182458615818,1.0922867297850785,1.1900040578052427
2021-05-27,0.7483594433198261,1.0664746546801471,1.1568861355716866
2021-05-28,0.7646594148041197,1.0638826747466186,1.1696128348176305
2021-05-31,0.7668965441700275,1.065427149665212,1.1491456212307651
2021-06-01,0.7753896873502463,1.088740319546922,1.1772653749944832
2021-06-02,0.7837100231794841,1.1246022560773004,1.189457991294358
2021-06-03,0.7875880935044063,1.1353439420955305,1.211712283394151
2021-06-04,0.7941645639194613,1.1408492567826676,1.2533711331178086
2021-06-07,0.7974058751726012,1.1217212738145503,1.2705611954609275
2021-06-08,0.7845709987858125,1.1075964547448822,1.2677333496085095
2021-06-09,0.7892791959899587,1.1247809872374737,1.2677467541117222
2021-06-10,0.8017960452942067,1.159720248204958,1.3141815188643389
2021-06-11,0.7996706073026322,1.1609657576867838,1.3399901192686363
2021-06-14,0.8066833452992503,1.1547359871985623,1.3625632328261006
2021-06-15,0.8121638206013944,1.1722210112817693,1.3669105379512456
2021-06-16,0.8346890062684253,1.2343662516035503,1.4053896536560024
2021-06-17,0.8319418323116826,1.22560221728862,1.4034632156816387
2021-06-18,0.8287138460545728,1.20631670080941,1.4071897739817991
2021-06-21,0.827674658696057,1.19900015502649,1.4047622055671514
2021-06-22,0.8268172985533055,1.1976437715366401,1.3968075575230667
2021-06-23,0.7990451126563477,1.1481952463209442,1.3459042076283076
2021-06-24,0.7917425214151449,1.1499016682363905,1.333198873309894
2021-06-25,0.7956998690566779,1.163145225445631,1.3635832749176813
2021-06-28,0.795999173376605,1.1579060365759737,1.3448429302382048
2021-06-29,0.7868530733734662,1.1443764630491813,1.2903574820871786
2021-06-30,0.7794002459448163,1.1074098942676647,1.2486887481294007
2021-07-01,0.7756324716729508,1.1074690936956846,1.2463775624483668
2021-07-02,0.7666944113852813,1.071819298191721,1.2367127007071956
2021-07-05,0.7611774630542024,1.0597859469546662,1.248835828563706
2021-07-06,0.7553994777446119,1.0445632679587042,1.2848209663700894
2021-07-07,0.7659226175322065,1.066481919354567,1.299171502303152
2021-07-08,0.7779827347535406,1.076324606953299,1.3395569297217929
2021-07-09,0.7892664223938521,1.0912909746363688,1.347019906639818
2021-07-12,0.7947127766420098,1.1232438151194915,1.3778395749988657
2021-07-13,0.786666439105137,1.0857180264697677,1.369221864071858
2021-07-14,0.7983857683583084,1.1038317516523173,1.3649374458439876
2021-07-15,0.7950215633028571,1.113505650463665,1.3653191536594864
2021-07-16,0.795693979124229,1.1041447101966233,1.3765739640674868
2021-07-19,0.8120640364137549,1.1273163114819773,1.412315405615503
2021-07-20,0.8134931820986645,1.106547829161796,1.4085747496251557
2021-07-21,0.8169173867793165,1.0847924538320264,1.4447844753119985
2021-07-22,0.8000139835857697,1.0741275315217935,1.4388194456854078
2021-07-23,0.8062582042548083,1.077383926945744,1.4642696532621613
2021-07-26,0.7948092573627576,1.0411211898935033,1.4279382611130553
2021-07-27,0.8072711470930445,1.0502067570425913,1.4415895800779226
2021-07-28,0.8054394588239596,1.0573881240639258,1.4554149265572038
2021-07-29,0.7788256992240726,1.0312408039687115,1.4436286692406222
2021-07-30,0.7750325832229571,1.0424214171511095,1.458215661904154
2021-08-02,0.7727690865554918,1.0316541364744294,1.4496069751231397
2021-08-03,0.7787828748037949,1.0301420298639659,1.4638771846761365
2021-08-04,0.7870050197488933,1.0462006919103082,1.5056951935220797
2021-08-05,0.783529240670421,1.0572756949896815,1.4696994246100532
2021-08-06,0.7958251830049523,1.068073721580758,1.461818814846342
2021-08-09,0.7584167597987747,1.033224808544963,1.415422020462482
2021-08-10,0.75067344984246,1.0176462896693004,1.4034546627010847
2021-08-11,0.7385234516973186,1.0321717002697133,1.360822051485832
2021-08-12,0.7249990543936816,0.986926528054249,1.3317154757870895
2021-08-13,0.7357983470967164,1.02429709419421,1.3442835457035271
2021-08-16,0.745317779406225,1.0147978313216053,1.3713366058909953
2021-08-17,0.7370175104617971,1.022093921807386,1.3531581883984807
2021-08-18,0.7504097488206377,1.0420761139251002,1.386103017223724
2021-08-19,0.7519270798742306,1.0372493839684898,1.4210267792539077
2021-08-20,0.7475469079962889,1.01726680332352,1.4164035330813196
2021-08-23,0.7401507970416616,0.9932370325784203,1.3997879982759676
2021-08-24,0.7318802958603328,0.9923282739643928,1.3731442870296535
2021-08-25,0.7374364550464453,1.0067678371026143,1.373529163783956
2021-08-26,0.7449968921549712,1.0143643693445967,1.38504168391738
2021-08-27,0.7480346305288764,1.0182010795775813,1.4112308173576287
2021-08-30,0.7254041405020654,0.9742815979011089,1.3846133862894652
2021-08-31,0.7289915395149323,0.9772737050141452,1.3607537564932588
2021-09-01,0.7355385749595164,0.9990482884465297,1.4103132010671275
2021-09-02,0.7285229461860224,0.9761099009335663,1.3849651771094853
2021-09-03,0.7293598428531622,0.9849092123906975,1.374933629494622
2021-09-06,0.7093328873800718,0.9511929561908261,1.3332589693698504
2021-09-07,0.6966006912351198,0.9125656264078919,1.3494990533807025
2021-09-08,0.6935610530651292,0.9231116455764462,1.355932775321529
2021-09-09,0.6906853636471827,0.9004796120944109,1.3544732736776464
2021-09-10,0.6946742032504676,0.8995343094227267,1.3501473181513384
2021-09-13,0.6826536436440168,0.8983909663842121,1.329906617258576
2021-09-14,0.6795010870171377,0.8837951982372761,1.368158130170155
2021-09-15,0.6748487491627975,0.890245414065078,1.3759635844106912
2021-09-16,0.6805310816560247,0.8918820852736689,1.378037394874285
2021-09-17,0.6953773037804104,0.9101854040756294,1.4005958234989997
2021-09-20,0.7136753264124575,0.9597855280435077,1.4494879269258578
2021-09-21,0.6972418096399526,0.9540245554688097,1.4362423615073132
2021-09-22,0.6970882680156053,0.9551359137959701,1.4109874574370742
2021-09-23,0.6858038451996863,0.9304633843987874,1.3957667706299641
2021-09-24,0.6854807120719881,0.9304916676192994,1.4095082859404118
2021-09-27,0.6901719975621258,0.9598244310713973,1.4449148690522082
2021-09-28,0.6913607246060258,0.9926378412710608,1.4210871029743222
2021-09-29,0.6911981335144382,0.9833371155290599,1.4687239965969603
2021-09-30,0.7069198412240939,1.0269636580781218,1.4927482961784657
2021-10-01,0.7149185267393197,1.014543736866031,1.499380303189997
2021-10-04,0.712352100113417,1.0198958855827613,1.4823225295927807
2021-10-05,0.7129669813701792,1.0265682442223405,1.4959185160539659
2021-10-06,0.7226372855666925,1.05652019697488,1.4951142977951415
2021-10-07,0.7296084645502043,1.0537150638655304,1.5473923666593392
2021-10-08,0.7253211819324074,1.0499221952205164,1.5271745485226231
2021-10-11,0.7063695239874792,0.9934700865909424,1.489522461175194
2021-10-12,0.6941706195106022,0.9670866322742232,1.4385311450413971
2021-10-13,0.6960377221563072,0.9695404219310977,1.430730712222533
2021-10-14,0.6777333898007388,0.946951398178685,1.3499159918081491
2021-10-15,0.6765230138997244,0.9847493597116846,1.3464074769593497
2021-10-18,0.6722585256153782,0.9711671477698831,1.335342288509252
2021-10-19,0.6826709981195892,0.9866091307592768,1.3206977197976189
2021-10-20,0.6695154792305887,0.9507611534245612,1.291114903564294
2021-10-21,0.6504499984651289,0.8970594269823524,1.2634792893943394
2021-10-22,0.6466808936683185,0.9039594670460747,1.2809970723693942
2021-10-25,0.6531615719532516,0.9253052585606713,1.2761235119913035
2021-10-26,0.6639705984482894,0.9217480897129641,1.2624095986430464
2021-10-27,0.655246087696956,0.8865218053781436,1.243038413213655
2021-10-28,0.6601957879527762,0.8849085892427535,1.284958751821373
2021-10-29,0.649519460343525,0.8926676387921999,1.2575849448399394
2021-11-01,0.6425485499037906,0.8633838980064146,1.2348282542077518
2021-11-02,0.6483404317008753,0.880024465573855,1.2652913844775455
2021-11-03,0.6556486924084899,0.8917564947621176,1.2719613601883255
2021-11-04,0.6461478765325032,0.8749140454310079,1.2462160678335905
2021-11-05,0.651073768614788,0.8737905479650194,1.2426710431288548
2021-11-08,0.6331513372730595,0.8530150426904832,1.2100997877838249
2021-11-09,0.6315432065704635,0.8469844273739711,1.2062416883552916
2021-11-10,0.6211140786403181,0.8280436292301997,1.1887572392940884
2021-11-11,0.6138995342070641,0.815948506387946,1.1762974001796154
2021-11-12,0.6024557345927637,0.814335360324001,1.1267986470493188
2021-11-15,0.6077599934104685,0.8241698434311044,1.1471025117403884
2021-11-16,0.6131132145746722,0.83235917947775,1.1331241109064387
2021-11-17,0.6070630092776581,0.8413764453410398,1.1164604031249814
2021-11-18,0.6107865726600133,0.8432605298763927,1.143552901516513
2021-11-19,0.6134856924552387,0.865075118018673,1.1582390870271517
2021-11-22,0.6126103855996511,0.8552172291264191,1.1824003385666346
2021-11-23,0.6327484529647995,0.8901850412427722,1.2124145070279595
2021-11-24,0.6250838575293856,0.8752063849365448,1.1872975490118571
2021-11-25,0.6255305276774293,0.8750269217829107,1.2083430678959497
2021-11-26,0.6222553715380842,0.8621473092773677,1.204238177326316
2021-11-29,0.619096367556839,0.8540629570267141,1.234675025476611
2021-11-30,0.6208862866307873,0.8477030420922491,1.2209445172635642
2021-12-01,0.6184549359777404,0.8495574112204526,1.2289400796914434
2021-12-02,0.6107821357933335,0.8286629875837919,1.2247855096795675
2021-12-03,0.6122256659091517,0.8373300468606828,1.2487994188013571
2021-12-06,0.6233895854384977,0.8819657854506155,1.2826179699448794
2021-12-07,0.6325169413729191,0.8745328831540516,1.314390106587881
2021-12-08,0.6347596360251693,0.8468119613164491,1.321962894470655
2021-12-09,0.6280750126352657,0.8255111687112793,1.3268427038810326
2021-12-10,0.6301454267459805,0.8374584055916088,1.321606462958927
2021-12-13,0.6407127420715542,0.8427128935622142,1.3615273332730764
2021-12-14,0.6524812505214658,0.8655278897212996,1.4240312351965523
2021-12-15,0.6563278270830605,0.8829593343182489,1.4173353096853094
2021-12-16,0.6530689244545945,0.8753610664625487,1.4247858968760085
2021-12-17,0.6514092861167867,0.8847648265897681,1.4299423330855516
2021-12-20,0.6592787590554993,0.865623893576703,1.4269481314992654
2021-12-21,0.6663958006473684,0.8858195020865632,1.4441776574836662
2021-12-22,0.6491591439427682,0.8735465542532417,1.4256495390087585
2021-12-23,0.655896937732933,0.8814073198176426,1.4561979356377754
2021-12-24,0.6632228638628571,0.9045204513264353,1.4533535658207057
2021-12-27,0.6547283907294901,0.9124471632804106,1.4402540181311203
2021-12-28,0.6475429320974011,0.9288030302469272,1.43411775822766
2021-12-29,0.6405122596608401,0.9456776340505509,1.437618067292085
2021-12-30,0.6342967658185636,0.9373787020229278,1.4243308622224724
2021-12-31,0.6211343189844917,0.9160491986752297,1.382488206962629
2022-01-03,0.6243619682806107,0.9198358122163183,1.4120994942809602
2022-01-04,0.61731554960979,0.8728922394077978,1.3732205278565903
2022-01-05,0.6169724718376898,0.8815755481823407,1.3590336903668458
2022-01-06,0.6126761644438035,0.9063855823876118,1.3645727382819821
2022-01-07,0.6153276203019493,0.9180412917220718,1.376673466903182
2022-01-10,0.6063073754744589,0.8852320340843766,1.3590522629434771
2022-01-11,0.6088411222484196,0.8759008387182875,1.3481121557706723
2022-01-12,0.6127052634772181,0.8693010463859248,1.3744358070218161
2022-01-13,0.6206176894846034,0.9020780067653376,1.4034184014350461
2022-01-14,0.6392464829147984,0.9359989994290773,1.4855972727592592
2022-01-17,0.6195055756782333,0.9160880130065493,1.4545416162049434
2022-01-18,0.6227918762077798,0.9258656709466717,1.4319047133289688
2022-01-19,0.6164783592959672,0.901239949579662,1.4190632455191996
2022-01-20,0.598985243292244,0.8630821856397759,1.376383030292239
2022-01-21,0.6068466007688432,0.883251060027558,1.3907180414314757
2022-01-24,0.6192766386355217,0.9025664500441489,1.414570543108124
2022-01-25,0.6159483885725219,0.872818657422368,1.4098683418675713
2022-01-26,0.6182050660585325,0.8863268462633888,1.3990640078569303
2022-01-27,0.6179199801107811,0.9047173191867386,1.3649597153753763
2022-01-28,0.6222534313173209,0.9112395799871884,1.3822519007912615
2022-01-31,0.6307833039004587,0.9195328905697032,1.4230588861759246
2022-02-01,0.6343624062361185,0.9435559925813166,1.4402758982347377
2022-02-02,0.6379697391060832,0.9462650470052885,1.454199743988885
2022-02-03,0.6503438308796096,0.9560599000277922,1.4653010662446093
2022-02-04,0.649062696889477,0.9323566217116518,1.4805493598935018
2022-02-07,0.6583741299386782,0.9390025270194424,1.4580880952797692
2022-02-08,0.650585559812104,0.9541103911307499,1.4842053291280186
2022-02-09,0.6665940464878893,0.9942287582649029,1.5079824240206139
2022-02-10,0.6743047937196839,1.0075980355223866,1.5407645963245595
2022-02-11,0.6705580912783482,1.0020129707987406,1.5211700774125456
2022-02-14,0.6496244597825582,0.9856083846261962,1.4755193121223575
2022-02-15,0.6499462442707225,0.9876984617394616,1.468200222776832
2022-02-16,0.6387495285927426,0.9521824488652201,1.3988208930692874
2022-02-17,0.6419397752800059,0.9590814258668906,1.4182711607080558
2022-02-18,0.6562341899876742,0.983042733457551,1.426860288784309
2022-02-21,0.658137857709799,0.9861827086518591,1.4061667605650787
2022-02-22,0.656709574029101,0.9879250771613723,1.3924545923368619
2022-02-23,0.6604088722924442,0.9833903282884818,1.3938706207743927
2022-02-24,0.6635687655868359,0.9904670929739791,1.4072544007530705
2022-02-25,0.6403817076742029,0.9322961211084748,1.346891524819067
2022-02-28,0.6430162719348671,0.9234370802522998,1.4053884442247404
2022-03-01,0.6493205065672807,0.9292285868077436,1.3865932019795948
2022-03-02,0.6471192292002704,0.9345146439116109,1.3746631735398402
2022-03-03,0.6569414547604687,0.9446533000730528,1.4048731729706845
2022-03-04,0.6560118046764117,0.9496078207287973,1.4249656240420114
2022-03-07,0.6638872142141401,0.9755737463115834,1.4547835060184144
2022-03-08,0.6868554390783986,1.0446043866983645,1.522778007850946
2022-03-09,0.6862057652291768,1.0391591320559548,1.5051237262464736
2022-03-10,0.6665583337754394,0.9995436692843332,1.474704357565975
2022-03-11,0.6635262426608904,0.9956725046573581,1.495858064750252
2022-03-14,0.6466804061303558,0.9734383044345373,1.4682028295663476
2022-03-15,0.6529328792210917,0.9908694417931787,1.5338631875164324
2022-03-16,0.6660831201814977,1.0229223616132386,1.5628118071617472
2022-03-17,0.6733688671868036,1.0299104643662123,1.571656460217406
2022-03-18,0.6769408352959106,1.0466330321439243,1.5393566436116732
2022-03-21,0.6707306600447525,1.0384152672870657,1.5146085491933738
2022-03-22,0.6869185742864464,1.0825723702269612,1.5620814507514211
2022-03-23,0.6950236248974466,1.0909577600655973,1.600633454211328
2022-03-24,0.6983368326472624,1.0985484451723881,1.6407394221483882
2022-03-25,0.7008319236586573,1.107008023453223,1.6513143752968602
2022-03-28,0.702355819867921,1.128207229945829,1.6403572571169185
2022-03-29,0.7074712503359712,1.1364691703324952,1.6196577908957166
2022-03-30,0.701316315767603,1.109143519473607,1.6005709698234818
2022-03-31,0.7177122138905876,1.1071636428174452,1.6130465276217907
2022-04-01,0.7197111115170134,1.1274167757831102,1.6121398681800303
2022-04-04,0.7265489549055764,1.1489976442194931,1.593715442808075
2022-04-05,0.7221871115959495,1.1706682852924777,1.5751706859666417
2022-04-06,0.7266096251444252,1.1795682839940886,1.5694738556260543
2022-04-07,0.7021037808297333,1.1414269269573534,1.5396086737049688
2022-04-08,0.6906774046602013,1.1260165714571584,1.4873035976155087
2022-04-11,0.6906972980358062,1.1171692336560168,1.449662403826684
2022-04-12,0.6773412176272068,1.0839639321305345,1.4378960486439025
2022-04-13,0.7024646236207509,1.1313594780410121,1.522717717504813
2022-04-14,0.6852393342473988,1.1236371850921623,1.502213748096319
2022-04-15,0.6891373258992985,1.1402515334501788,1.5070151045914897
2022-04-18,0.7065977208114637,1.1610847101070336,1.525461321950617
2022-04-19,0.7120521647604189,1.1775111971880328,1.531913398113191
2022-04-20,0.7090947178284961,1.1758354380822205,1.5160026745343673
2022-04-21,0.7035764283875191,1.1569337134971196,1.476672164131794
2022-04-22,0.7110335169844572,1.1482386799152366,1.4920387142931846
2022-04-25,0.7028537445897309,1.120934522456848,1.5027360208378893
2022-04-26,0.7019454525664427,1.1395659708878174,1.5192149446031205
2022-04-27,0.709574181064287,1.1563721298135696,1.543075715131011
2022-04-28,0.706652023032573,1.1412315685629726,1.5348174335579505
2022-04-29,0.7079329359301211,1.1447173944679903,1.5147582507694033
2022-05-02,0.7050578118701812,1.1506027452519498,1.532460225878261
2022-05-03,0.6951538901318339,1.1252961752378448,1.4777458874639542
2022-05-04,0.7079011058580013,1.1332176970356536,1.457397844800322
2022-05-05,0.7230473533945625,1.1275839921589874,1.486666104296871
2022-05-06,0.7199740411189097,1.141193758635381,1.470458207455774
2022-05-09,0.7174659090366393,1.1473303775080477,1.4570499830377988
2022-05-10,0.7159100913267844,1.156401599227123,1.468961593892098
2022-05-11,0.7220540668848768,1.176124759539747,1.4927216254948548
2022-05-12,0.7126099578442753,1.1253283398231095,1.4872916259269624
2022-05-13,0.7120200026093276,1.126348165573367,1.5094905877929514
2022-05-16,0.7151844942178475,1.1390194427246592,1.4872786008528622
2022-05-17,0.7224297653130973,1.1518738635946104,1.5402683169606248
2022-05-18,0.6926565858977564,1.0641628276160524,1.4567359567751843
2022-05-19,0.697194212538904,1.0692627197698727,1.4723882095315866
2022-05-20,0.701159645057703,1.0713532342101832,1.5210260232253927
2022-05-23,0.7121089004716159,1.104753494079554,1.5808553811737358
2022-05-24,0.7068435955833029,1.0949857467116235,1.6016211232454591
2022-05-25,0.7017010977301767,1.07864303524116,1.5888342110675369
2022-05-26,0.714709056412615,1.0903778849650159,1.5833739092646768
2022-05-27,0.6983083771236669,1.0772105172534097,1.5213676780288568
2022-05-30,0.7157216422756658,1.1149749922731647,1.551583562892236
2022-05-31,0.7435191377944309,1.154836672885676,1.5955316741859578
2022-06-01,0.7492158143375822,1.1569377591579517,1.5901899685460654
2022-06-02,0.7587394540072263,1.132078824257067,1.6042355983941765
2022-06-03,0.7421657575670743,1.0730258245738047,1.5533866832875562
2022-06-06,0.7348046630918074,1.049134221531968,1.5255116358551757
2022-06-07,0.7468319004119367,1.0641631884832852,1.5519773533738213
2022-06-08,0.7512585450099168,1.0580366506005547,1.537816256527383
2022-06-09,0.7495896903039468,1.031923173644901,1.5501484754614405
2022-06-10,0.752582829660975,1.0355815742964105,1.5774505794787819
2022-06-13,0.7586822480329254,1.0437427137110071,1.5789341448807914
2022-06-14,0.7557260915760994,1.0601421132657551,1.5723989860822691
2022-06-15,0.7557758265339236,1.0546525793820574,1.607226620961842
2022-06-16,0.7557421109042215,1.051024436483035,1.6255846610213531
2022-06-17,0.7441912088795989,1.0238367734603535,1.639006203026548
2022-06-20,0.7481755486445562,1.0691439411451158,1.6658463132558314
2022-06-21,0.7687906196367771,1.1089815502298104,1.7365290691842417
2022-06-22,0.7891477585353945,1.1247711614180973,1.7672959512473236
2022-06-23,0.7720658744892924,1.0675227020653162,1.7275788268593801
2022-06-24,0.7790603808033124,1.056801495642362,1.7230426348138754
2022-06-27,0.787343784485512,1.0536701677197973,1.7428329205496735
2022-06-28,0.7828892634571978,1.0264352410555229,1.7463177127798524
2022-06-29,0.7719577802639055,1.0103914036008004,1.7273311394690656
2022-06-30,0.7570495658624063,0.9756714476664621,1.6550225900639322
2022-07-01,0.7523781486046007,0.9464167247974319,1.624821528793884
2022-07-04,0.7567044260718315,0.9609452627619988,1.6052063708657411
2022-07-05,0.7552887284671685,0.9371795189147208,1.6089972114718702
2022-07-06,0.7487449097002101,0.8935001588706187,1.5850840946116962
2022-07-07,0.7350897871179265,0.8897701117057045,1.561889140355961
2022-07-08,0.7393244511072472,0.9187221559453993,1.5223840335333356
2022-07-11,0.7515219269706249,0.9345243369154739,1.5491352387933406
2022-07-12,0.7414486551354886,0.9316512609044787,1.5043672518876283
2022-07-13,0.7468066852489345,0.947797731359467,1.530536838517651
2022-07-14,0.7261260184378765,0.9549079646285623,1.505035824002762
2022-07-15,0.7193280327279452,0.9319743510688456,1.5027398476812368
2022-07-18,0.7275600671837313,0.9364281182447285,1.54030431490024
2022-07-19,0.7157252054279339,0.9151640813504037,1.533122166196493
2022-07-20,0.7095939090451294,0.9081553852068041,1.5076554150786323
2022-07-21,0.7250414153699528,0.9252121324961067,1.507642132537575
2022-07-22,0.717433802527323,0.9144636692485026,1.5071801238435645
2022-07-25,0.7086027862464643,0.9052439534278549,1.4952221832642543
2022-07-26,0.7150778039453807,0.9402868127176647,1.457918908086938
2022-07-27,0.7364021416019446,0.9722613082871717,1.4638369430472034
2022-07-28,0.7341229407357704,0.9813657665484528,1.430701970686438
2022-07-29,0.7429552016625304,1.0030380606785356,1.4456883266839426
2022-08-01,0.7583243724524151,1.0292158795837705,1.4450868506082557
2022-08-02,0.7624066467328954,1.030775399980972,1.4663155161709756
2022-08-03,0.7597010420272267,1.0395813344518,1.44947735384977
2022-08-04,0.7500946975008888,0.9994238980726214,1.46375613205381
2022-08-05,0.7344340970805336,1.0015898204933162,1.4418712724023999
2022-08-08,0.7439879530070023,1.0069935051093057,1.3941622426652407
2022-08-09,0.7272166952299345,1.0472460344533392,1.4225567049182324
2022-08-10,0.7649538665592592,1.0086956399708293,1.4081094778673795
2022-08-11,0.7713532902155443,1.0236064846181732,1.4783808613007376
2022-08-12,0.7850817566091713,0.9861858832534393,1.571963421257223
2022-08-15,0.7394310413256884,0.9665583702589136,1.5559539437363081
2022-08-16,0.7253515288737267,0.9356621602377752,1.4825452478576826
2022-08-17,0.6959690311994305,0.9121453465996484,1.5308516098054468
2022-08-18,0.6588816256388095,0.9252771977152444,1.6023680407456367
2022-08-19,0.6677204776166241,0.9244922373171427,1.6318527932414462
2022-08-22,0.6663345672829218,0.8837410265474154,1.627099455599125
2022-08-23,0.6327300803924668,0.8470891437798214,1.6728928387821005
2022-08-24,0.6550693749261842,0.8771866673927887,1.6121669184321794
2022-08-25,0.6645715953579895,0.8332469417581029,1.656346758856414
2022-08-26,0.6491403550987997,0.8658047659411453,1.6163006286688362
2022-08-29,0.6573796905374862,0.8426554830471276,1.6010315297343773
2022-08-30,0.6579139546434043,0.8406433305539261,1.6538746959010797
2022-08-31,0.6432017043906909,0.8428142932557322,1.7069383388014916
2022-09-01,0.6265717914017481,0.8278041963197325,1.6928537046239025
2022-09-02,0.6373561338538735,0.8381944499493202,1.6551414226858572
2022-09-05,0.6409916357460459,0.8290768456806965,1.6549908060677472
2022-09-06,0.6095442327692426,0.8048122544013407,1.6064109809113205
2022-09-07,0.6210841891756327,0.7831702916519607,1.655365494284907
2022-09-08,0.5951300427107528,0.7727467479258437,1.6170022090591212
2022-09-09,0.5831445759627122,0.805435178480466,1.5638640262490655
2022-09-12,0.5955567051290769,0.8027434594761942,1.596546087771636
2022-09-13,0.5903499792195748,0.7853978935490467,1.6063111599310462
2022-09-14,0.6038359931477015,0.7544108189717704,1.5720982627471782
2022-09-15,0.6360681364174043,0.7506007393096716,1.5415530171313987
2022-09-16,0.6197096317353293,0.7359336435313288,1.5257591784449311
2022-09-19,0.6286723654980029,0.6860649068157845,1.4802311801097572
2022-09-20,0.6426482310759356,0.6936922322286359,1.4816059320645691
2022-09-21,0.6641851669664528,0.7066393462801573,1.4670456997266426
2022-09-22,0.6642076028613827,0.7148448722823759,1.3924692691714629
2022-09-23,0.6436955102049549,0.7500808541389828,1.3702585999291064
2022-09-26,0.6115082634524943,0.7561517858678269,1.420411722916803
2022-09-27,0.6226001554882519,0.746579766883372,1.3769902116778043
2022-09-28,0.639165313152909,0.7557726414590599,1.3481482351586418
2022-09-29,0.6556146904030256,0.7711573993069177,1.3272264936768023
2022-09-30,0.6660183989407267,0.7662930945215765,1.3177259113108564
2022-10-03,0.6425614364744262,0.7694268942020382,1.2604711287339363
2022-10-04,0.6583783794255972,0.7640794660373295,1.2271199840500797
2022-10-05,0.61801615798834,0.7918089154689961,1.2153893756755367
2022-10-06,0.6299768935730748,0.8182860636099323,1.2318998524323095
2022-10-07,0.6074626685230607,0.8099095491618716,1.2445692478278365
2022-10-10,0.5845806956369949,0.7885969115342275,1.2481446438006365
2022-10-11,0.5573631235780571,0.7835626013003127,1.2519091103099194
2022-10-12,0.5240375717600569,0.7431248435853834,1.212147796422769
2022-10-13,0.5363077363632642,0.7571103476318569,1.140915931628497
2022-10-14,0.5123802631490711,0.7739088597723723,1.0902808544354972
2022-10-17,0.5216702444129349,0.7751747710877704,1.1101614767429806
2022-10-18,0.5202670844497063,0.7712183849868889,1.0893973037491487
2022-10-19,0.521876790503671,0.7729576390611401,1.113129057528939
2022-10-20,0.5096562416219992,0.7573157427992039,1.0991967867270724
2022-10-21,0.5085404077903851,0.761879957202249,1.0993228772800616
2022-10-24,0.5100122359652336,0.7696147282177652,1.115171566552255
2022-10-25,0.5190319365940186,0.7863952391037303,1.0809219806367827
2022-10-26,0.5218357838604301,0.7830794838655291,1.087356608905634
2022-10-27,0.5254851645995582,0.7734724483124362,1.0877339741815464
2022-10-28,0.5280949568988403,0.7658393667371978,1.061157416721872
2022-10-31,0.5304898769522745,0.7600611627910303,1.074114587179291
2022-11-01,0.519640622840145,0.7541783996290429,1.0360876710338125
2022-11-02,0.5166519799363186,0.7620030420797587,1.0514425977743413
2022-11-03,0.5280303625080514,0.7698183364911675,1.0719844887294214
2022-11-04,0.5348200127482061,0.7664890776456712,1.0959278339316312
2022-11-07,0.5390523202709395,0.7541014693279569,1.0947896260456038
2022-11-08,0.5398612920645973,0.7483013398175179,1.1093332922371137
2022-11-09,0.5454713259698516,0.7607880025382822,1.1436982995314426
2022-11-10,0.5380129104508912,0.7381330775684066,1.1009725171487545
2022-11-11,0.5255305302514449,0.7341276040472253,1.0850718533744224
2022-11-14,0.5227813232906008,0.7343721997121355,1.0525138184534326
2022-11-15,0.5272609558714265,0.752404536654559,1.0593389692393942
2022-11-16,0.528377403651309,0.7451439386940083,1.0652403799410926
2022-11-17,0.5366778851652018,0.7648312911379829,1.0643423812773387
2022-11-18,0.5397754599073028,0.7566810366591161,1.0648590204801283
2022-11-21,0.5404084183935292,0.7654445879414566,1.0892839955365616
2022-11-22,0.551439383269338,0.7975781902204229,1.1255298758292163
2022-11-23,0.5610816519744984,0.8285533671718869,1.1620042382077174
2022-11-24,0.5605366343604977,0.8212729915895279,1.1884628051965276
2022-11-25,0.5515424048282914,0.7973814502752553,1.1633798608054873
2022-11-28,0.5443114509383976,0.7850385653410749,1.1649236933054614
2022-11-29,0.5432654111138403,0.8019860923829846,1.1518441311362828
2022-11-30,0.5405479047622794,0.7817766053759987,1.166914173026584
2022-12-01,0.5542596780248228,0.7840591061565644,1.176574523786357
2022-12-02,0.5405683486773468,0.740873679967161,1.1325968946597182
2022-12-05,0.54031759696546,0.7416453461816052,1.1609337768088113
2022-12-06,0.5319462417615637,0.7114521293997356,1.1529585043160517
2022-12-07,0.5331441996104298,0.7257504712059657,1.160725173230934
2022-12-08,0.5364678058858064,0.7480911138840443,1.164413031475348
2022-12-09,0.5334778269166449,0.7424718662481691,1.1509057908846532
2022-12-12,0.5379895669069605,0.7753003108069726,1.1589207838479676
2022-12-13,0.5366556733649285,0.776153702289837,1.1540794659378617
2022-12-14,0.5354798961011753,0.7686925212364688,1.1627552141421367
2022-12-15,0.5323910708801883,0.7583650442710611,1.184874600581464
2022-12-16,0.5378546620161181,0.7824160795664477,1.181844496696114
2022-12-19,0.539240994216383,0.7937543391285256,1.187569709155543
2022-12-20,0.5522359442450615,0.7889509518356806,1.2299885893766296
2022-12-21,0.5630323630232016,0.7823522426804657,1.2485289900354677
2022-12-22,0.5679907745929539,0.7721914254104715,1.274242098542148
2022-12-23,0.5498766259814006,0.7408246150621521,1.207139360881901
2022-12-26,0.5379086026332878,0.7104380042705125,1.2215082632160017
2022-12-27,0.5461352469464392,0.7132815409212632,1.2458450754367123
2022-12-28,0.5425118698374605,0.6998767531698316,1.2362785737470217
2022-12-29,0.5446942086638448,0.6910779427929435,1.2277214050272336
2022-12-30,0.5398153112819036,0.706782456534274,1.211430800169624
2023-01-02,0.5442786659274576,0.727643636921526,1.234255246369539
2023-01-03,0.5523720075915765,0.7578352788825535,1.2957886715870148
2023-01-04,0.5426257260510717,0.763492315433482,1.247519609518197
2023-01-05,0.5362750671323536,0.7538278417723556,1.2306304008344282
2023-01-06,0.5231599636676778,0.7367112118074546,1.1796144482850532
2023-01-09,0.5252531840611533,0.7295505648114198,1.1627437830884153
2023-01-10,0.5123954030022504,0.7133783053100795,1.1353759166822506
2023-01-11,0.5098379220399115,0.6992576074581726,1.1208520534223394
2023-01-12,0.5140666030091874,0.6884327279728122,1.1352576920626498
2023-01-13,0.5301935889647754,0.7022314314843511,1.1820932700435074
2023-01-16,0.5333886814063254,0.7156596504637446,1.1668767153299573
2023-01-17,0.5436794938541702,0.7305735742743239,1.1797626330365174
2023-01-18,0.5460648238263582,0.7404150228748781,1.1796540582859978
2023-01-19,0.5488708604562508,0.7444831163501333,1.147384618467852
2023-01-20,0.5474087544006184,0.7323839849787226,1.1395074286214046
2023-01-23,0.5445353773870426,0.7342824175710598,1.1115795944115094
2023-01-24,0.5544000018249171,0.7486961173247136,1.127633375194931
2023-01-25,0.5577929937541782,0.7680335615880874,1.1333207508329408
2023-01-26,0.5608856464260814,0.7878753858867557,1.1076905010664262
2023-01-27,0.556049337637986,0.7776827977541519,1.079453878237899
2023-01-30,0.5534494589135314,0.7755306927812836,1.0802921102582548
2023-01-31,0.5708899559796926,0.7897018817908963,1.1281415042046012
2023-02-01,0.5705973592026562,0.7792602775004615,1.1587774586817268
2023-02-02,0.5822332777721891,0.7885356056551702,1.1879739643273848
2023-02-03,0.5779807765237258,0.7886375369139123,1.1672947526326392
2023-02-06,0.5852189237523309,0.7924806473729494,1.1655709151680493
2023-02-07,0.5880554412411759,0.8146496718032368,1.1487738456357601
2023-02-08,0.5847883836373355,0.8159531360773565,1.1594144131240562
2023-02-09,0.5907698585660588,0.8211165411158089,1.1474759078104284
2023-02-10,0.577387941398926,0.81502758762591,1.1078527744272668
2023-02-13,0.5826533276285529,0.813617545085728,1.1154296380651616
2023-02-14,0.589822031003894,0.8158986479173483,1.1497732016955617
2023-02-15,0.592532910755776,0.8361094608708093,1.1650003362664876
2023-02-16,0.6044806587161761,0.8367752537759685,1.185674990716475
2023-02-17,0.6041654179298536,0.8345576217123356,1.1957081273013543
2023-02-20,0.6031159295714512,0.8284718301206666,1.2271979873605283
2023-02-21,0.6066294374707256,0.8243261477647882,1.2277640317475638
2023-02-22,0.6148283945291231,0.847658865773981,1.2646563080607025
2023-02-23,0.6203911206559648,0.8663078871945369,1.2871237916413165
2023-02-24,0.6185924851261144,0.8726252301819459,1.3066253351941113
2023-02-27,0.609667174378441,0.8604220117069868,1.2901036573646212
2023-02-28,0.6160395308141028,0.8777284500847007,1.2899229597650126
2023-03-01,0.6090514438192971,0.841675429114191,1.2548474630642974
2023-03-02,0.6018803926267372,0.8267747919756829,1.2359740124250491
2023-03-03,0.5962710794456457,0.8196145448546768,1.2054720473322136
2023-03-06,0.597085366372846,0.8136169790267993,1.1810850116948377
2023-03-07,0.590252054564198,0.806639861517026,1.2080572617228391
2023-03-08,0.580492047635635,0.8220176614834118,1.1709995187323654
2023-03-09,0.5750455060183547,0.8157680231925292,1.1511550355374398
2023-03-10,0.5737516667656276,0.8190147623846487,1.1503420718936732
2023-03-13,0.57794823966077,0.8275620264547684,1.189008391777267
2023-03-14,0.5788203656705502,0.8141216876682368,1.202054381833758
2023-03-15,0.5697288738774086,0.7833658589522268,1.207487319859266
2023-03-16,0.5719678695951231,0.7676125250617755,1.2148305133450958
2023-03-17,0.5750229403495146,0.775004863729767,1.221426045612223
2023-03-20,0.5713862377471448,0.7466319450078603,1.2170692819978657
2023-03-21,0.5648474702678978,0.7453148553062231,1.2248057114824178
2023-03-22,0.5583802760941129,0.734611905709817,1.1941394657017752
2023-03-23,0.5542051636075029,0.7341398924956212,1.174319777121943
2023-03-24,0.57288943174035,0.7444518437473384,1.2296501867777645
2023-03-27,0.5655357736504996,0.7521937855684581,1.2388764541909907
2023-03-28,0.5680750222093383,0.7549850337185798,1.2173178708359347
2023-03-29,0.5622741019960286,0.726052711900922,1.1956806205708628
2023-03-30,0.5582877210162265,0.7343229397612069,1.1955440615895554
2023-03-31,0.5526534553245777,0.7130547111581528,1.1937170166353142
2023-04-03,0.5595715910570234,0.7090702332210651,1.2292066402364272
2023-04-04,0.5630334464145541,0.7008749703821224,1.2626946983272267
2023-04-05,0.5622225898458314,0.6966955508223869,1.2526688930263765
2023-04-06,0.5667451219641955,0.7084660714705234,1.28286507665328
2023-04-07,0.57334882786734,0.7226844608905565,1.2808252048568898
2023-04-10,0.5663191551607225,0.7410469116236701,1.2847124836559505
2023-04-11,0.5712511076027051,0.7402504080525527,1.2920429522112125
2023-04-12,0.5653875147378569,0.7276898655839065,1.2868541782610599
2023-04-13,0.5727765802294396,0.7224881771072664,1.3181705307993392
2023-04-14,0.5794224938252652,0.7191365672583869,1.350252698039729
2023-04-17,0.5832209244981718,0.7359315944060756,1.3661355265213069
2023-04-18,0.5816760334383428,0.7285397650603034,1.368641190129063
2023-04-19,0.5773764942151502,0.7281319297578256,1.3325279998191217
2023-04-20,0.5753819872550422,0.7260375991759328,1.3363348597753177
2023-04-21,0.5823080451983867,0.7234890537171503,1.3391439365380922
2023-04-24,0.5766392963602722,0.7076341035267206,1.3158585940068697
2023-04-25,0.5773572518414399,0.6888152628206304,1.3249442147184542
2023-04-26,0.5625108348507973,0.6690891570908026,1.3215256476895527
2023-04-27,0.5649890437663302,0.6728934982529552,1.3461955063039623
2023-04-28,0.5564956051329405,0.6597979315510646,1.3240331977498638
2023-05-01,0.5457707934620494,0.6569147614418134,1.2943207661245872
2023-05-02,0.5502901703492401,0.6494560282691184,1.2908602216529301
2023-05-03,0.5523015155637373,0.6523453652811432,1.2961453954500994
2023-05-04,0.5489044954290276,0.6386418311061284,1.2431333146491121
2023-05-05,0.5466916225595505,0.6397545155511378,1.2353722130012035
2023-05-08,0.5655882953991067,0.6533847216112467,1.26581885807961
2023-05-09,0.5642240034505214,0.6597853456678454,1.259132956661679
2023-05-10,0.5628031517567488,0.6644562346653766,1.2273202126586502
2023-05-11,0.568591345337865,0.6746509553564477,1.2319330043934702
2023-05-12,0.569619463713196,0.6785348393970103,1.2609537087959923
2023-05-15,0.5783411504051436,0.6918816036307973,1.2833340785162748
2023-05-16,0.5810372218692318,0.6986126159192715,1.267576401115793
2023-05-17,0.5879610572947964,0.7125438057749997,1.2736479184638576
2023-05-18,0.5921649530986863,0.7139438925284811,1.284720782234118
2023-05-19,0.5981929296797036,0.7093606477112339,1.253837101649742
2023-05-22,0.5981093055696661,0.708870234384877,1.2969728908801852
2023-05-23,0.6004047992374367,0.7170808698159299,1.3064235171000507
2023-05-24,0.5982640364738356,0.7200626691365912,1.3062258080526583
2023-05-25,0.603984961815123,0.7455826492950064,1.3333038031289202
2023-05-26,0.5920921474435473,0.7254301129860309,1.3176161044416541
2023-05-29,0.5988372874455168,0.7185184572038749,1.3601540504342324
2023-05-30,0.6081015279921735,0.7238738620012881,1.4149071992394868
2023-05-31,0.6151715758145115,0.7278050328507744,1.4137200680890674
2023-06-01,0.6145185922301127,0.7183767840681525,1.3710487299927814
2023-06-02,0.6194829426796724,0.7131292100101753,1.3471776403981748
2023-06-05,0.6125765255744113,0.7038017292857258,1.375548743553427
2023-06-06,0.6205746513233307,0.7123372523907668,1.3710455577883627
2023-06-07,0.610652761463669,0.6900001305016713,1.3791335993704519
2023-06-08,0.61639654107577,0.6847939670112669,1.3697989023642836
2023-06-09,0.6216296619805798,0.6944518063779631,1.4071884487749866
2023-06-12,0.6257329881221905,0.7039856079884976,1.4427283913223556
2023-06-13,0.6218495298464206,0.6911003150100697,1.4382037071307048
2023-06-14,0.6292510898299837,0.6976247044626115,1.44120413849098
2023-06-15,0.6122242016187811,0.6839803326789277,1.426183069899119
2023-06-16,0.6196678237729557,0.6936980805287214,1.4313076889241754
2023-06-19,0.6217570763766608,0.7122579689312317,1.4686626884774463
2023-06-20,0.6318695697893338,0.7096700537710458,1.479263124338075
2023-06-21,0.6340815775647687,0.6957646650726053,1.5142345996323698
2023-06-22,0.6518820559753723,0.7228605041767469,1.5406384121134484
2023-06-23,0.642998670151677,0.7168538499755683,1.5021234024238574
2023-06-26,0.649197890917411,0.7179837694993443,1.5316814368597702
2023-06-27,0.640894606177321,0.720504649281733,1.5119436567470426
2023-06-28,0.6400000501601827,0.7126475413740847,1.5235974052525527
2023-06-29,0.6474468275851957,0.7264469226666531,1.6036346169579248
2023-06-30,0.6538445442076968,0.7317563284918552,1.5969820672226778
2023-07-03,0.6745668917891118,0.7465715246913107,1.6387176150560956
2023-07-04,0.6713484650168245,0.7383696184449047,1.6335883089121295
2023-07-05,0.6846344646753647,0.7659452942395045,1.6398448064383326
2023-07-06,0.6823652418204615,0.7590758284475478,1.593634705581514
2023-07-07,0.6755323765678563,0.7686102002222013,1.5553640205227142
2023-07-10,0.6594247776100906,0.7521408433110928,1.53470786701206
2023-07-11,0.6613635256185338,0.7515861122771308,1.5225468295761893
2023-07-12,0.6565226196825182,0.7349143620105981,1.4950343534488675
2023-07-13,0.6651970958503571,0.752106651047028,1.5249551035752438
2023-07-14,0.6602573346838695,0.7489075609940274,1.4902737427558708
2023-07-17,0.6558672682394828,0.7431302215866824,1.5000376283805437
2023-07-18,0.6596843036833948,0.7486363864751027,1.5510541712556498
2023-07-19,0.6770460315145032,0.7670602059194719,1.5978159531258338
2023-07-20,0.6663285633063121,0.7413189468744543,1.5824509063692236
2023-07-21,0.6768326947606529,0.7603093777298334,1.590141882392608
2023-07-24,0.6860454567915092,0.7917740725422482,1.6178638049550464
2023-07-25,0.6841147948323901,0.809658168110177,1.6242370025094472
2023-07-26,0.691387786328583,0.8196207934681866,1.6104046382673705
2023-07-27,0.6887853014851879,0.813522304382124,1.580871573518062
2023-07-28,0.7136303568045945,0.8439749024703895,1.618381705553243
2023-07-31,0.7127872529372274,0.8352488505284548,1.6209164242448821
2023-08-01,0.7140034186763087,0.8402557784785095,1.6104147055810796
2023-08-02,0.7108711755450007,0.8413430416354011,1.607333887631164
2023-08-03,0.6931691960904837,0.8053973411832742,1.5550629772029896
2023-08-04,0.690779633436849,0.7987558524308285,1.574355738834596
2023-08-07,0.693529319465719,0.8124202690861533,1.5758231807676761
2023-08-08,0.7094900917909763,0.8420994352104181,1.5878523635794664
2023-08-09,0.7150804174532359,0.833031346379138,1.6380723116537668
2023-08-10,0.713406605254031,0.8447674841620075,1.6837599651788664
2023-08-11,0.7144047666013505,0.8424386478979857,1.704686120918246
2023-08-14,0.718269771755598,0.8467461729949756,1.7249396973683782
2023-08-15,0.7145459086754967,0.8403854270799788,1.7146727123981733
2023-08-16,0.7222155266663863,0.8230233252033096,1.7436971777737638
2023-08-17,0.7401815929292977,0.8487438597204142,1.7587344185662022
2023-08-18,0.7365197435498141,0.8242872189715097,1.7193592623719782
2023-08-21,0.7502285516475803,0.8499077609812538,1.765558940670369
2023-08-22,0.7604653411333161,0.8451011945178323,1.75795320995997
2023-08-23,0.7669739152518845,0.8657691808088603,1.8196810438684716
2023-08-24,0.7686450626577337,0.8707239031833011,1.8017975293069401
2023-08-25,0.7729239237592067,0.8835520389190132,1.825729227464297
2023-08-28,0.7707899599468743,0.8717625183526481,1.7865017240540408
2023-08-29,0.7924129519330743,0.8728088058197473,1.8354297893324574
2023-08-30,0.7842700789290875,0.8511702537880221,1.8272058156019657
2023-08-31,0.7980137614430687,0.8702411970348711,1.8469184859365626
2023-09-01,0.8169632572234482,0.8969164785275204,1.872806010764935
2023-09-04,0.8134119056961066,0.8816071203699282,1.8564618762390168
2023-09-05,0.8280433186025717,0.9149644453195505,1.9250019405925898
2023-09-06,0.8302456821381228,0.9172308303860958,1.9582009732252732
2023-09-07,0.831437414157997,0.8962214776291891,1.9923090042518279
2023-09-08,0.8309232072056499,0.8993534143619587,2.020934204448192
2023-09-11,0.8112253694847996,0.8677689866138549,2.0176979171451435
2023-09-12,0.8182983294017766,0.8860528214948233,2.0587498057652955
2023-09-13,0.8364263185240878,0.9087411337699439,2.0340418734789023
2023-09-14,0.8280028310530803,0.901718799124916,2.0321239265053594
2023-09-15,0.8389408145848593,0.9098406907045753,2.0717395692092797
2023-09-18,0.8382880507738829,0.9244518722792189,2.0625369554257698
2023-09-19,0.8249673693629347,0.8973357325390606,1.9840094276107465
2023-09-20,0.837728252946619,0.9158028783934854,1.9939403578227461
2023-09-21,0.8593337274093742,0.9400868071811584,2.0347580315105795
2023-09-22,0.8495254766723123,0.9149761096237449,2.0370910070473953
2023-09-25,0.8527001749846124,0.9174607288586033,2.065619730220502
2023-09-26,0.834711581724058,0.8852638794660365,1.9857931289705781
2023-09-27,0.8346029775849914,0.9121522584087409,2.0026794829508585
2023-09-28,0.8411053660805391,0.9331583265316498,1.9606090432591334
2023-09-29,0.8636416438995153,0.9355389684701851,2.000000000000334
