Date,Climate_Risk_1,Climate_Risk_2,Climate_Risk_3,Climate_Risk_4,Climate_Risk_5,Climate_Risk_6,Climate_Risk_7,Climate_Risk_8,Climate_Risk_9,Climate_Risk_10,Climate_Risk_11,Climate_Risk_12,Climate_Risk_13,Climate_Risk_14
2005-01-03,0.048194832,-0.033169765,0.040708664,-0.035847544,,0.003052108,,,0.004176448,,,,,
2005-01-04,0.045142843,-0.024421045,0.039721282,-0.026539654,,0.002489612,,,0.002847402,,,,,
2005-01-05,0.055673814,-0.012628408,0.036307879,-0.029630991,,0.001717217,,,0.002750363,,,,,
2005-01-06,0.055029031,-0.017626605,0.040360112,-0.02446537,,0.001711659,,,0.00212983,,,,,
2005-01-07,0.060620531,-0.011768556,0.054601064,-0.011546181,,0.001561496,,,0.002098785,,,,,
2005-01-10,0.075561219,0.000860652,0.06245881,-0.008333566,,0.001546567,,,0.00204769,,,,,
2005-01-11,0.060113667,-0.020763252,0.066258825,-0.0070966,,0.001521179,,,0.002035318,,,,,
2005-01-12,0.039002365,-0.035488668,0.036163045,-0.038431874,,0.001441768,,,0.001945413,,,,,
2005-01-13,0.050677057,-0.015086743,0.053179098,-0.011599142,,0.001400714,,,0.001929466,,,,,
2005-01-14,0.059788655,-0.010801363,0.059435965,-0.010892592,,0.001290686,,,0.001840683,,,,,
2005-01-17,0.04869653,-0.025660146,0.051272391,-0.021097038,,0.001262011,,,0.001834024,,,,,
2005-01-18,0.08388077,0.014109485,0.092554122,0.022847496,,0.001256458,,,0.00176503,,,,,
2005-01-19,0.071274822,-0.013041329,0.071072319,-0.012099632,,0.001149574,,,0.001707,,,,,
2005-01-20,0.066909399,-0.012195561,0.065944804,-0.010220186,,0.001132993,,,0.001522799,,,,,
2005-01-21,0.06582398,-0.011476351,0.074898408,0.000405917,,0.001092129,,,0.001515721,,,,,
2005-01-24,0.068015959,-0.008835669,0.099653336,0.022240347,,0.001088153,,,0.001505641,,,,,
2005-01-25,0.081146781,0.003389007,0.089917307,0.004429726,,0.001036164,,,0.001391152,,,,,
2005-01-26,0.124128058,0.040942115,0.097597088,0.015285217,,0.001027954,,,0.001362787,,,,,
2005-01-27,0.069340153,-0.031613886,0.076470828,-0.008346044,,0.001018465,,,0.00132891,,,,,
2005-01-28,0.072225433,-0.006079751,0.066180034,-0.011745849,,0.001005276,,,0.001127481,,,,,
2005-01-31,0.121996916,0.042498982,0.086542253,0.011973035,,0.000934558,,,0.00111789,,,,,
2005-02-01,0.122775814,0.022702771,0.116424843,0.035213851,,0.00092988,,,0.001100145,,,,,
2005-02-02,0.099845653,-0.000549379,0.110448425,0.019490292,,0.000901219,,,0.001081369,,,,,
2005-02-03,0.083505311,-0.007410587,0.079098274,-0.009910463,,0.000871371,,,0.001025619,,,,,
2005-02-04,0.087750464,0.003589524,0.081019123,0.002236217,,0.000866126,,,0.001000932,,,,,
2005-02-07,0.063514065,-0.022401785,0.047348865,-0.032060586,,0.000863525,,,0.000983033,,,,,
2005-02-08,0.087222207,0.011325478,0.080773045,0.012346201,,0.000851119,,,0.000968642,,,,,
2005-02-09,0.076853899,-0.008843574,0.100611625,0.02128244,,0.000837228,,,0.000965236,,,,,
2005-02-10,0.095503806,0.014092503,0.064688304,-0.021111853,,0.000807258,,,0.000958312,,,,,
2005-02-11,0.090283624,0.001162608,0.06142943,-0.012653214,,0.00079108,,,0.000918043,,,,,
2005-02-14,0.092832601,0.005869564,0.071451639,-0.001568021,,0.000782065,,,0.000913088,,,,,
2005-02-15,0.140257123,0.05224036,0.075463631,-0.000825086,,0.000762987,,,0.000910474,,,,,
2005-02-16,0.086808243,-0.020813413,0.072743724,-0.00485363,,0.000746724,,,0.000908507,,,,,
2005-02-17,0.063239444,-0.0222869,0.073409349,-0.003300822,,0.000743431,,,0.000894312,,,,,
2005-02-18,0.087927912,0.012144709,0.076947333,2e-05,,0.000734923,,,0.000880409,,,,,
2005-02-21,0.0595547,-0.026434505,0.05778203,-0.020299279,,0.000734421,,,0.000855274,,,,,
2005-02-22,0.061352112,-0.012907849,0.068548873,-0.003281074,,0.000724654,,,0.000846351,,,,,
2005-02-23,0.076449616,0.00144662,0.073359047,-0.001982842,,0.000720827,,,0.000836665,,,,,
2005-02-24,0.084297011,0.003052835,0.068655,-0.008255878,,0.000717575,,,0.000813072,,,,,
2005-02-25,0.116678429,0.032190207,0.086917566,0.01154106,,0.000715432,,,0.000812357,,,,,
2005-02-28,0.092087517,-0.005786908,0.078333362,-0.00300005,,0.000700337,,,0.000784297,,,,,
2005-03-01,0.064494648,-0.023214103,0.078697064,0.000163658,,0.000698268,,,0.000777199,,,,,
2005-03-02,0.090193821,0.013891728,0.078548466,-0.000103573,,0.000697049,,,0.000775453,,,,,
2005-03-03,0.080530635,-0.006395279,0.073121616,-0.005481952,,0.000692382,,,0.000738162,,,,,
2005-03-04,0.067163401,-0.015767833,0.083338784,0.006505352,,0.00068952,,,0.000731063,,,,,
2005-03-07,0.071284925,-0.006120408,0.069145331,-0.01102075,,0.000677449,,,0.000723967,,,,,
2005-03-08,0.093659845,0.014550709,0.058726825,-0.016809618,,0.000676835,,,0.000702674,,,,,
2005-03-09,0.077876856,-0.010481882,0.083464848,0.011326726,,0.000675369,,,0.000683082,,,,,
2005-03-10,0.060656273,-0.021177911,0.061038,-0.0191692,,0.000675286,,,0.000677832,,,,,
2005-03-11,0.081741674,0.007026332,0.066138981,-0.006753003,,0.000657029,,,0.000673237,,,,,
2005-03-14,0.079883694,-0.003548174,0.115174552,0.040618725,,0.000645509,,,0.000669925,,,,,
2005-03-15,0.089580952,0.006917158,0.087257923,-0.003292388,,0.000637224,,,0.000667063,,,,,
2005-03-16,0.083282278,-0.00339028,0.083608436,0.002164005,,0.000634518,,,0.000665271,,,,,
2005-03-17,0.073004937,-0.011063803,0.086017882,0.005763846,,0.000632924,,,0.000663161,,,,,
2005-03-18,0.056285213,-0.023534962,0.07596812,-0.005071832,,0.000607283,,,0.000657266,,,,,
2005-03-21,0.072691096,-0.000217287,0.088459266,0.010697358,,0.00060574,,,0.000655149,,,,,
2005-03-22,0.091969402,0.012278967,0.078654967,-0.003181319,,0.000598541,,,0.000654002,,,,,
2005-03-23,0.078700836,-0.008959087,0.073658273,-0.004980035,,0.000589774,,,0.000651642,,,,,
2005-03-24,0.068703429,-0.013471381,0.094820896,0.017812417,,0.000581752,,,0.000650376,,,,,
2005-03-25,0.062335832,-0.015706136,0.054130267,-0.029781063,,0.00057453,,,0.000639577,,,,,
2005-03-28,0.064342298,-0.011067359,0.04077828,-0.029860531,,0.000571012,,,0.000629071,,,,,
2005-03-29,0.066278748,-0.009960366,0.057770463,-0.008513181,,0.000568596,,,0.000628148,,,,,
2005-03-30,0.085239211,0.008199586,0.100515509,0.028689335,,0.000565406,,,0.000605349,,,,,
2005-03-31,0.074772423,-0.010105296,0.069944659,-0.015824147,,0.000565381,,,0.00059935,,,,,
2005-04-01,0.081785773,0.001234934,0.070861439,-0.00493573,,0.000563137,,,0.000598529,,,,,
2005-04-04,0.069120215,-0.014329883,0.071074223,-0.005021982,,0.000559902,,,0.000587911,,,,,
2005-04-05,0.093011489,0.014797226,0.058757119,-0.017408492,,0.000559751,,,0.000578464,,,,,
2005-04-06,0.097783233,0.009692519,0.091157655,0.019009652,,0.000557091,,,0.000574915,,,,,
2005-04-07,0.079380302,-0.010683009,0.086632235,0.003915786,,0.000555135,,,0.000564268,,,,,
2005-04-08,0.065776116,-0.016679581,0.058711621,-0.022528722,,0.000549302,,,0.000560719,,,,,
2005-04-11,0.057340926,-0.019490915,0.061801874,-0.010331288,,0.000549273,,,0.000558525,,,,,
2005-04-12,0.10735937,0.034014565,0.083895316,0.010754171,,0.000548781,,,0.00055717,,,,,
2005-04-13,0.079245788,-0.014776217,0.062081802,-0.018265809,,0.000545378,,,0.000553622,,,,,
2005-04-14,0.083117195,0.000717105,0.072958096,-0.000274356,,0.000544062,,,0.000546524,,,,,
2005-04-15,0.082455305,-0.001545191,0.074804012,-0.001976083,,0.000529791,,,0.000545654,,,,,
2005-04-18,0.084643719,0.000916842,0.070399688,-0.006982511,,0.000526318,,,0.000543957,,,,,
2005-04-19,0.08982782,0.005196272,0.096892299,0.020946708,,0.000515651,,,0.000543111,,,,,
2005-04-20,0.118995039,0.032220428,0.090888897,0.006301914,,0.00051297,,,0.00053762,,,,,
2005-04-21,0.092750946,-0.006081146,0.072578883,-0.010049903,,0.000512925,,,0.000536342,,,,,
2005-04-22,0.086084568,-0.001898439,0.077831941,0.001175538,,0.000510628,,,0.000535877,,,,,
2005-04-25,0.076416731,-0.008810452,0.076142081,-0.002227771,,0.000508689,,,0.000534413,,,,,
2005-04-26,0.106762647,0.025532065,0.100254595,0.022435944,,0.000507346,,,0.000532585,,,,,
2005-04-27,0.094784983,0.001009658,0.087555832,0.001872131,,0.000502907,,,0.000525231,,,,,
2005-04-28,0.086832744,-0.001991117,0.094502262,0.012960659,,0.000499209,,,0.000521682,,,,,
2005-04-29,0.094097391,0.008560919,0.078682656,-0.005124741,,0.000495409,,,0.000512943,,,,,
2005-05-02,0.104162191,0.015622575,0.070370441,-0.008276898,,0.00048225,,,0.000509216,,,,,
2005-05-03,0.114481553,0.021781234,0.090185367,0.014249316,,0.000478592,,,0.000505692,,,,,
2005-05-04,0.114493137,0.017526882,0.067111939,-0.015287369,,0.000469238,,,0.000489742,,,,,
2005-05-05,0.057450528,-0.039520516,0.079573932,0.004700743,,0.000461294,,,0.000489016,,,,,
2005-05-06,0.078526622,0.005136508,0.060566006,-0.018372051,,0.000460907,,,0.000487296,,,,,
2005-05-09,0.082590915,0.000488123,0.072179946,-0.000558082,,0.000459974,,,0.00048454,,,,,
2005-05-10,0.089434346,0.00565141,0.106063919,0.029537642,,0.000457044,,,0.000484089,,,,,
2005-05-11,0.110055294,0.023443341,0.068257293,-0.0193213,,0.000455806,,,0.000481939,,,,,
2005-05-12,0.106886326,0.011749848,0.089529874,0.014283093,,0.000455468,,,0.000479096,,,,,
2005-05-13,0.095238118,0.001411665,0.081655216,-0.000530283,,0.00045348,,,0.000478417,,,,,
2005-05-16,0.078968291,-0.010042891,0.082925548,0.003308616,,0.0004528,,,0.000477513,,,,,
2005-05-17,0.087775474,0.0054901,0.091154157,0.011122866,,0.000450718,,,0.000475984,,,,,
2005-05-18,0.112728989,0.0268028,0.065217121,-0.017498188,,0.000447885,,,0.000466119,,,,,
2005-05-19,0.069821171,-0.02642059,0.079095663,0.004840529,,0.000447529,,,0.0004649,,,,,
2005-05-20,0.074854978,-0.003649054,0.088712491,0.009930437,,0.000445817,,,0.0004649,,,,,
2005-05-23,0.082637056,0.00205209,0.06571068,-0.016208203,,0.000443677,,,0.000450747,,,,,
2005-05-24,0.097532111,0.0137301,0.073821698,-0.000594426,,0.000441946,,,0.000448031,,,,,
2005-05-25,0.101911637,0.011952137,0.084272239,0.007210453,,0.000435733,,,0.000438185,,,,,
2005-05-26,0.07062625,-0.021143709,0.107975535,0.027504979,,0.000434702,,,0.000434774,,,,,
2005-05-27,0.07487313,-0.003963715,0.097772133,0.009570007,,0.000434219,,,0.000434754,,,,,
2005-05-30,0.071622034,-0.008970435,0.087110166,0.002236197,,0.000431249,,,0.00043073,,,,,
2005-05-31,0.095153779,0.015905285,0.062903137,-0.018493097,,0.000430159,,,0.00043021,,,,,
2005-06-01,0.09776454,0.008788222,0.104879406,0.031379049,,0.000427393,,,0.000425863,,,,,
2005-06-02,0.101350653,0.011295069,0.082846209,-0.004346018,,0.000423833,,,0.000423921,,,,,
2005-06-03,0.072186702,-0.01935135,0.098425591,0.018420179,,0.000420879,,,0.000418765,,,,,
2005-06-06,0.080430213,0.00094829,0.094997888,0.009910774,,0.000419821,,,0.00041761,,,,,
2005-06-07,0.074721334,-0.008168386,0.080711127,-0.003257935,,0.000419089,,,0.000416828,,,,,
2005-06-08,0.102416241,0.021886522,0.087304833,0.007995845,,0.000419089,,,0.000413458,,,,,
2005-06-09,0.102522592,0.010544034,0.118854769,0.037395038,,0.000417369,,,0.000408594,,,,,
2005-06-10,0.101100721,0.009078199,0.071655055,-0.020095674,,0.000414808,,,0.000408118,,,,,
2005-06-13,0.076779312,-0.014655421,0.088783374,0.012428306,,0.000413822,,,0.000408118,,,,,
2005-06-14,0.078484598,-0.002895871,0.080313213,-0.00162879,,0.000410429,,,0.000406054,,,,,
2005-06-15,0.111993514,0.029908094,0.113656159,0.034476963,,0.000404856,,,0.000404671,,,,,
2005-06-16,0.070164332,-0.025773388,0.092717326,0.002662286,,0.000402213,,,0.000403943,,,,,
2005-06-17,0.091611795,0.012965902,0.087575953,0.004350768,,0.000401809,,,0.000403796,,,,,
2005-06-20,0.088737566,0.001225474,0.10513789,0.023589725,,0.000401693,,,0.00040271,,,,,
2005-06-21,0.115855366,0.029531456,0.075809953,-0.011466587,,0.000400111,,,0.000401021,,,,,
2005-06-22,0.112854288,0.01532011,0.090462892,0.012752575,,0.000399673,,,0.000400321,,,,,
2005-06-23,0.086649905,-0.009643652,0.082500857,1.1e-05,,0.000398992,,,0.000396332,,,,,
2005-06-24,0.082157251,-0.003303638,0.07679162,-0.003101145,,0.00039853,,,0.000394711,,,,,
2005-06-27,0.079976768,-0.003626896,0.090793318,0.0127628,,0.000398049,,,0.000393923,,,,,
2005-06-28,0.094826005,0.012123735,0.077190485,-0.005407125,,0.000391445,,,0.000390374,,,,,
2005-06-29,0.107327348,0.018486529,0.083736836,0.005576215,,0.00039,,,0.000390374,,,,,
2005-06-30,0.10547654,0.011467772,0.108185272,0.027889354,,0.000385731,,,0.000389916,,,,,
2005-07-01,0.081987322,-0.011256337,0.083321657,-0.004948881,,0.000384393,,,0.000387316,,,,,
2005-07-04,0.083299567,-0.000233849,0.092141858,0.011981364,,0.000380354,,,0.000384707,,,,,
2005-07-05,0.088157609,0.004081722,0.098253082,0.015215603,,0.000380042,,,0.000383633,,,,,
2005-07-06,0.10351981,0.01743565,0.090620745,0.005589901,,0.000379968,,,0.000381365,,,,,
2005-07-07,0.088884742,-0.003550022,0.079593871,-0.002947449,,0.000379562,,,0.000379728,,,,,
2005-07-08,0.10122643,0.014841679,0.092643247,0.013698687,,0.000379552,,,0.000378664,,,,,
2005-07-11,0.084990123,-0.006496577,0.087754748,0.004553726,,0.000379552,,,0.000378186,,,,,
2005-07-12,0.090803202,0.006028454,0.080140129,-0.001466356,,0.000374796,,,0.000376179,,,,,
2005-07-13,0.125967203,0.038789377,0.087774557,0.008651818,,0.000373715,,,0.000375522,,,,,
2005-07-14,0.101589027,-0.000125298,0.085086936,0.00347399,,0.000369027,,,0.00036995,,,,,
2005-07-15,0.123441449,0.031804854,0.108948225,0.02821193,,0.000368706,,,0.000368733,,,,,
2005-07-18,0.082540496,-0.018129704,0.102394288,0.013874888,,0.000368706,,,0.000368678,,,,,
2005-07-19,0.087199859,0.003437766,0.085146363,-0.001235265,,0.000367979,,,0.000368678,,,,,
2005-07-20,0.081214271,-0.004473963,0.081180148,0.000424469,,0.000360574,,,0.000367854,,,,,
2005-07-21,0.08621141,0.002997566,0.075905998,-0.003555976,,0.000357159,,,0.000363333,,,,,
2005-07-22,0.079262857,-0.006016761,0.109074112,0.031332467,,0.000355815,,,0.000362496,,,,,
2005-07-25,0.109122009,0.026714864,0.092823805,0.004263343,,0.000347647,,,0.000362266,,,,,
2005-07-26,0.098689689,0.003939023,0.125096145,0.041836228,,0.000346349,,,0.000362266,,,,,
2005-07-27,0.078064163,-0.012373869,0.072673569,-0.021112979,,0.000345998,,,0.000362074,,,,,
2005-07-28,0.126382266,0.04447065,0.119755058,0.04306777,,0.000345553,,,0.000362045,,,,,
2005-07-29,0.111283724,0.009397815,0.07376339,-0.018280996,,0.00034167,,,0.000361983,,,,,
2005-08-01,0.084336704,-0.011307596,0.080264623,0.003221856,,0.000340719,,,0.000361983,,,,,
2005-08-02,0.066994714,-0.017509917,0.100346186,0.021182839,,0.000339406,,,0.000359384,,,,,
2005-08-03,0.096875271,0.019539672,0.086996167,0.001282591,,0.000338753,,,0.000358434,,,,,
2005-08-04,0.100559056,0.010871089,0.101263693,0.019904643,,0.000338434,,,0.000358434,,,,,
2005-08-05,0.084725355,-0.006485458,0.092923812,0.006910962,,0.000337003,,,0.000358097,,,,,
2005-08-08,0.085035834,0.000370538,0.124551708,0.041259171,,0.000336942,,,0.000357627,,,,,
2005-08-09,0.113103806,0.028310161,0.077818506,-0.015790457,,0.000336852,,,0.000357014,,,,,
2005-08-10,0.074290843,-0.022105863,0.093251524,0.014886055,,0.000336219,,,0.000356599,,,,,
2005-08-11,0.103392885,0.023041128,0.086346651,0.00294722,,0.000335271,,,0.000353263,,,,,
2005-08-12,0.084679522,-0.007702772,0.076568971,-0.004578219,,0.000333363,,,0.000351701,,,,,
2005-08-15,0.07902808,-0.005618268,0.064211894,-0.013746001,,0.000331997,,,0.000351337,,,,,
2005-08-16,0.06930521,-0.013004881,0.078686009,0.004758761,,0.000330947,,,0.000351337,,,,,
2005-08-17,0.106370738,0.028079999,0.112655263,0.03400683,,0.000330135,,,0.000351337,,,,,
2005-08-18,0.085417255,-0.008196058,0.071257826,-0.01847074,,0.000328607,,,0.000349259,,,,,
2005-08-19,0.093399471,0.00844815,0.090775661,0.014550163,,0.000328586,,,0.000348616,,,,,
2005-08-22,0.073063,-0.015188102,0.113004118,0.030412268,,0.000327364,,,0.000347788,,,,,
2005-08-23,0.087874788,0.00803061,0.122314023,0.032471667,,0.000327157,,,0.000347788,,,,,
2005-08-24,0.076849869,-0.009117376,0.107164839,0.014285767,,0.000326257,,,0.000347788,,,,,
2005-08-25,0.074066641,-0.007342996,0.083448024,-0.004489669,,0.000320499,,,0.000345606,,,,,
2005-08-26,0.108884536,0.028625462,0.07212597,-0.008075743,,0.000318908,,,0.000344761,,,,,
2005-08-29,0.075664707,-0.018987789,0.0333503,-0.043158371,,0.000317865,,,0.000344423,,,,,
2005-08-30,0.080537253,-0.000382448,0.042933056,-0.020927719,,0.000317157,,,0.000344239,,,,,
2005-08-31,0.125295155,0.042361185,0.037483618,-0.029502873,,0.000315475,,,0.000343002,,,,,
2005-09-01,0.078827026,-0.022609481,0.037065452,-0.028143534,,0.000314958,,,0.00034069,,,,,
2005-09-02,0.106637566,0.02441059,0.032933257,-0.032139331,,0.0003149,,,0.00034069,,,,,
2005-09-05,0.084738351,-0.008985267,0.039891641,-0.023833102,,0.000313103,,,0.000340185,,,,,
2005-09-06,0.129483925,0.044813257,0.038893627,-0.027100812,,0.000312871,,,0.000337141,,,,,
2005-09-07,0.110176411,0.007008303,0.041079657,-0.024589247,,0.000311549,,,0.000335807,,,,,
2005-09-08,0.111366142,0.016179596,0.048847399,-0.017534547,,0.000309409,,,0.000335758,,,,,
2005-09-09,0.116503434,0.020825063,0.051502755,-0.017412884,,0.000308512,,,0.000333599,,,,,
2005-09-12,0.091246343,-0.006555741,0.043163028,-0.026618737,,0.000305727,,,0.000331334,,,,,
2005-09-13,0.084838777,-0.00252224,0.049383825,-0.017677678,,0.000304162,,,0.000330044,,,,,
2005-09-14,0.106371416,0.021659233,0.070023354,0.000932743,,0.000303675,,,0.000329347,,,,,
2005-09-15,0.08878847,-0.004825123,0.050060444,-0.025762393,,0.000301013,,,0.000328875,,,,,
2005-09-16,0.089984209,0.003639256,0.053012825,-0.016298485,,0.000300013,,,0.000327028,,,,,
2005-09-19,0.093631803,0.006792542,0.055833499,-0.014440823,,0.000299733,,,0.000326792,,,,,
2005-09-20,0.097643006,0.00929586,0.085872655,0.014678282,,0.000295822,,,0.000325736,,,,,
2005-09-21,0.115187256,0.025181913,0.053543239,-0.027449343,,0.000295734,,,0.000323936,,,,,
2005-09-22,0.094694868,-0.002563119,0.04982946,-0.020617873,,0.00029564,,,0.000322946,,,,,
2005-09-23,0.120820307,0.0320337,0.055230066,-0.014005902,,0.000295309,,,0.000322389,,,,,
2005-09-26,0.095584938,-0.004001705,0.06898877,-0.002008775,,0.000294631,,,0.000320548,,,,,
2005-09-27,0.138429226,0.049274671,0.082945692,0.007460317,,0.000294153,,,0.000319692,,,,,
2005-09-28,0.105400878,-0.001465142,0.061409102,-0.01862876,,0.000293599,,,0.000319397,,,,,
2005-09-29,0.128557488,0.035345107,0.081046657,0.008033627,,0.000293157,,,0.000318354,,,,,
2005-09-30,0.092615535,-0.010169592,0.06837642,-0.011042012,,0.00029287,,,0.000317383,,,,,
2005-10-03,0.08092892,-0.006998109,0.082203186,0.006917548,,0.000292571,,,0.000317289,,,,,
2005-10-04,0.097883954,0.014788072,0.085885548,0.006089878,,0.000292193,,,0.000316527,,,,,
2005-10-05,0.100780193,0.010675244,0.089153467,0.00815668,,0.000289547,,,0.000316192,,,,,
2005-10-06,0.101524323,0.010222093,0.091311827,0.009249106,,0.000287769,,,0.000315848,,,,,
2005-10-07,0.087773521,-0.003836325,0.073109383,-0.009657355,,0.00028762,,,0.000315848,,,,,
2005-10-10,0.093881382,0.007956,0.069038988,-0.007790454,,0.000285295,,,0.000314178,,,,,
2005-10-11,0.098658849,0.010208529,0.115554019,0.040052263,,0.000284645,,,0.000313242,,,,,
2005-10-12,0.111619563,0.021194279,0.073296214,-0.017377872,,0.000284567,,,0.000311746,,,,,
2005-10-13,0.093270683,-0.00251245,0.097228623,0.02033824,,0.000283917,,,0.000309618,,,,,
2005-10-14,0.069966863,-0.018230999,0.072152212,-0.012544473,,0.000282308,,,0.000308751,,,,,
2005-10-17,0.092067042,0.013502782,0.10556665,0.029049419,,0.00028137,,,0.000308751,,,,,
2005-10-18,0.073229383,-0.014470904,0.089219986,0.001803593,,0.000281011,,,0.000308473,,,,,
2005-10-19,0.064106014,-0.015806945,0.066536824,-0.015547595,,0.000279,,,0.00030709,,,,,
2005-10-20,0.090016639,0.013875204,0.076105687,0.001420091,,0.000278124,,,0.000305202,,,,,
2005-10-21,0.116935916,0.030083249,0.066153887,-0.011652893,,0.000277462,,,0.000305202,,,,,
2005-10-24,0.086225447,-0.011755421,0.073916013,-0.000644677,,0.000276915,,,0.000305202,,,,,
2005-10-25,0.09022402,0.004938599,0.081820194,0.004727644,,0.000276692,,,0.000302624,,,,,
2005-10-26,0.128897598,0.0419592,0.106576263,0.026905518,,0.000276037,,,0.000302249,,,,,
2005-10-27,0.088885617,-0.014040108,0.090322798,0.002577087,,0.000275175,,,0.000300025,,,,,
2005-10-28,0.079021552,-0.00736356,0.07899075,-0.003453385,,0.000273781,,,0.000299876,,,,,
2005-10-31,0.088077382,0.005769989,0.085947816,0.007199982,,0.000272869,,,0.000299783,,,,,
2005-11-01,0.093890776,0.007839781,0.078073728,-0.00294337,,0.000272608,,,0.000298104,,,,,
2005-11-02,0.092802408,0.004348205,0.102506001,0.024057283,,0.000271884,,,0.000294555,,,,,
2005-11-03,0.082456317,-0.005547963,0.072429337,-0.01398873,,0.000271504,,,0.000294555,,,,,
2005-11-04,0.099257237,0.015529942,0.106259637,0.029652013,,0.000271039,,,0.000294555,,,,,
2005-11-07,0.088786133,-0.00188652,0.076714878,-0.010927554,,0.000270998,,,0.000293818,,,,,
2005-11-08,0.110501139,0.024157152,0.083862389,0.005856902,,0.000270469,,,0.000292222,,,,,
2005-11-09,0.093032579,-0.002288207,0.088439423,0.008102552,,0.000270469,,,0.000292084,,,,,
2005-11-10,0.084435663,-0.003663768,0.079106892,-0.002722922,,0.000270431,,,0.000291736,,,,,
2005-11-11,0.077547388,-0.006998152,0.077721324,-0.001064393,,0.000269861,,,0.000291721,,,,,
2005-11-14,0.09043078,0.008732795,0.106438267,0.028104497,,0.000269504,,,0.000291006,,,,,
2005-11-15,0.098444802,0.011420932,0.092466741,0.004766043,,0.000269487,,,0.000291006,,,,,
2005-11-16,0.086494055,-0.003842743,0.075098599,-0.008044851,,0.000269185,,,0.000290784,,,,,
2005-11-17,0.102048844,0.016652382,0.087172739,0.009694452,,0.000268849,,,0.000290265,,,,,
2005-11-18,0.066345399,-0.02548128,0.082727434,0.001310789,,0.000268849,,,0.000290192,,,,,
2005-11-21,0.10762096,0.030553782,0.083095053,0.003128383,,0.000268764,,,0.000289636,,,,,
2005-11-22,0.140716021,0.046585877,0.104870422,0.024783842,,0.000268374,,,0.000289156,,,,,
2005-11-23,0.104360692,-0.003450669,0.117978121,0.030788824,,0.000267268,,,0.000287457,,,,,
2005-11-24,0.134576457,0.041794079,0.136665566,0.045200784,,0.0002658,,,0.00028735,,,,,
2005-11-25,0.058087258,-0.04718606,0.076793698,-0.020766578,,0.00026522,,,0.000286293,,,,,
2005-11-28,0.087865916,0.014212584,0.087132231,0.009101034,,0.000263203,,,0.000286142,,,,,
2005-11-29,0.103729534,0.017765957,0.086580777,0.005177346,,0.000262903,,,0.000285324,,,,,
2005-11-30,0.108657575,0.016136113,0.092131185,0.010907627,,0.000262815,,,0.000283909,,,,,
2005-12-01,0.105187512,0.01062884,0.080107149,-0.002926848,,0.000262774,,,0.00028343,,,,,
2005-12-02,0.097676678,0.0045525,0.093514842,0.01440286,,0.000261076,,,0.000283405,,,,,
2005-12-05,0.084323419,-0.005695844,0.090697757,0.007212437,,0.000261074,,,0.000283165,,,,,
2005-12-06,0.100552738,0.0160536,0.095906689,0.01334025,,0.000260942,,,0.000280324,,,,,
2005-12-07,0.119911351,0.028703149,0.090661768,0.006396272,,0.000260942,,,0.000278564,,,,,
2005-12-08,0.078799187,-0.020411701,0.112251156,0.029696456,,0.000260942,,,0.000276811,,,,,
2005-12-09,0.06897528,-0.013240188,0.081052615,-0.008544139,,0.00026012,,,0.000276811,,,,,
2005-12-12,0.075389729,-0.002764619,0.076962089,-0.002458286,,0.000258635,,,0.000276343,,,,,
2005-12-13,0.110345082,0.029539055,0.077161861,-0.000924261,,0.000257854,,,0.000275721,,,,,
2005-12-14,0.114947461,0.019691187,0.09390547,0.015754186,,0.000257779,,,0.000274689,,,,,
2005-12-15,0.094557017,-0.00260184,0.09431723,0.010704494,,0.000257745,,,0.000273763,,,,,
2005-12-16,0.068586018,-0.020143603,0.064573284,-0.019173759,,0.000257256,,,0.000273262,,,,,
2005-12-19,0.074933671,-0.00305976,0.066290916,-0.00775421,,0.000257154,,,0.000272499,,,,,
2005-12-20,0.070510609,-0.010106887,0.08142744,0.006822054,,0.000256198,,,0.000271978,,,,,
2005-12-21,0.086150268,0.007361227,0.08971532,0.010172684,,0.000256198,,,0.000270064,,,,,
2005-12-22,0.05303526,-0.032219083,0.07507207,-0.007173917,,0.000255097,,,0.000270063,,,,,
2005-12-23,0.083143675,0.011578796,0.061516611,-0.015953023,,0.00025397799999999997,,,0.00026968,,,,,
2005-12-26,0.02945247,-0.054558972,0.043267327,-0.02978077,,0.000252868,,,0.000269658,,,,,
2005-12-27,0.045742822,-0.016073133,0.052561233,-0.01453429,,0.000252749,,,0.000269295,,,,,
2005-12-28,0.098471948,0.0299217,0.06632046,-0.003806562,,0.000252517,,,0.00026669,,,,,
2005-12-29,0.050419788,-0.039928232,0.048837545,-0.025777478,,0.000251439,,,0.000266164,,,,,
2005-12-30,0.079143831,0.008660165,0.074030732,0.005118308,,0.000250647,,,0.000266164,,,,,
2006-01-02,0.049287338,-0.033070603,0.042070278,-0.035059691,,0.00025061,,,0.000266164,,,,,
2006-01-03,0.101340673,0.031325153,0.06528832,-0.001416748,,0.000250587,,,0.00026524,,,,,
2006-01-04,0.084790399,-0.006743528,0.090824107,0.016545749,,0.000249967,,,0.000264242,,,,,
2006-01-05,0.064770224,-0.019921961,0.071645465,-0.010962188,,0.000249041,,,0.000262615,,,,,
2006-01-06,0.083626974,0.00721096,0.080681655,0.004329716,,0.000247505,,,0.000262615,,,,,
2006-01-09,0.064321394,-0.019889841,0.094121637,0.014822262,,0.000247154,,,0.000262615,,,,,
2006-01-10,0.118969063,0.042738591,0.096147868,0.012464623,,0.000246899,,,0.00026119,,,,,
2006-01-11,0.082048179,-0.016773175,0.082527431,-0.001816732,,0.000246841,,,0.000260527,,,,,
2006-01-12,0.109534214,0.02597564,0.098765928,0.018864495,,0.00024532,,,0.000259677,,,,,
2006-01-13,0.070275404,-0.024645663,0.083485362,-0.001712764,,0.000245127,,,0.000259067,,,,,
2006-01-16,0.079157064,0.000465255,0.07827594,-0.001937952,,0.00024463,,,0.000259067,,,,,
2006-01-17,0.085653881,0.003290469,0.075555436,-0.00295924,,0.000243589,,,0.00025836,,,,,
2006-01-18,0.112591784,0.027542643,0.099207094,0.021579795,,0.000243546,,,0.000255518,,,,,
2006-01-19,0.09680669,0.000621649,0.088997593,0.003655567,,0.000242533,,,0.000255518,,,,,
2006-01-20,0.079624212,-0.010035405,0.142730755,0.060718877,,0.000242482,,,0.000255518,,,,,
2006-01-23,0.089056406,0.00649988,0.073125187,-0.02641344,,0.000241668,,,0.000255173,,,,,
2006-01-24,0.077838483,-0.008617232,0.079389704,0.002555107,,0.000241062,,,0.000254923,,,,,
2006-01-25,0.107533059,0.025714737,0.115722125,0.03684416,,0.000240363,,,0.000253432,,,,,
2006-01-26,0.097076535,0.002982729,0.094806506,0.004077587,,0.000240109,,,0.000252809,,,,,
2006-01-27,0.084492348,-0.005278821,0.09152182,0.007615184,,0.000239761,,,0.000251969,,,,,
2006-01-30,0.101990058,0.017421085,0.09513686,0.012301627,,0.000239187,,,0.000251969,,,,,
2006-01-31,0.097061543,0.005259166,0.07006458,-0.013949811,,0.000238802,,,0.000251969,,,,,
2006-02-01,0.121742985,0.031978014,0.084591571,0.008755286,,0.000238582,,,0.000250233,,,,,
2006-02-02,0.082349678,-0.017618391,0.073169639,-0.007405078,,0.000238574,,,0.00025006,,,,,
2006-02-03,0.093919274,0.010236063,0.120123294,0.043274198,,0.000238507,,,0.000249844,,,,,
2006-02-06,0.079628179,-0.008837805,0.068040115,-0.024124383,,0.000238383,,,0.000249361,,,,,
2006-02-07,0.078803782,-0.003754385,0.077211053,0.002035111,,0.00023722,,,0.000249149,,,,,
2006-02-08,0.100450624,0.018233257,0.116170401,0.038003071,,0.000237153,,,0.00024842,,,,,
2006-02-09,0.12336923,0.032203241,0.103086649,0.012211511,,0.000236449,,,0.00024842,,,,,
2006-02-10,0.080655323,-0.019985022,0.084901822,-0.001705641,,0.000235749,,,0.00024842,,,,,
2006-02-13,0.07607824,-0.006904539,0.069432307,-0.011243607,,0.000235639,,,0.00024842,,,,,
2006-02-14,0.105400459,0.024309808,0.085288681,0.009658632,,0.000234907,,,0.000246479,,,,,
2006-02-15,0.080189909,-0.013022299,0.076400617,-0.004401484,,0.000234907,,,0.000246239,,,,,
2006-02-16,0.077998279,-0.004792102,0.08339831,0.005495329,,0.000234296,,,0.000245673,,,,,
2006-02-17,0.087022299,0.005137919,0.073379171,-0.006806326,,0.000234057,,,0.000245071,,,,,
2006-02-20,0.066562403,-0.01905243,0.095672603,0.018755161,,0.000233708,,,0.000244871,,,,,
2006-02-21,0.071414285,-0.005742601,0.067948534,-0.016240607,,0.000232867,,,0.000244871,,,,,
2006-02-22,0.094104404,0.014941791,0.088661218,0.013515148,,0.000232657,,,0.00024302,,,,,
2006-02-23,0.062510653,-0.026031862,0.069859403,-0.012042756,,0.000232476,,,0.000241322,,,,,
2006-02-24,0.075607644,0.000125717,0.070051183,-0.005718177,,0.000232195,,,0.000241322,,,,,
2006-02-27,0.065454007,-0.015442105,0.056526752,-0.019305163,,0.000231933,,,0.000240883,,,,,
2006-02-28,0.078019252,0.001320568,0.076366347,0.004945848,,0.000231518,,,0.000237773,,,,,
2006-03-01,0.10834358,0.02645053,0.070196021,-0.007695782,,0.000230717,,,0.000237773,,,,,
2006-03-02,0.068262195,-0.026166674,0.065430218,-0.01044894,,0.000229979,,,0.000237773,,,,,
2006-03-03,0.069803317,-0.008056248,0.121175544,0.046850902,,0.000229785,,,0.000237773,,,,,
2006-03-06,0.099659005,0.021162353,0.09080456,-0.001703161,,0.000228581,,,0.000237398,,,,,
2006-03-07,0.072417469,-0.018421271,0.083221526,0.000620249,,0.000227669,,,0.000236867,,,,,
2006-03-08,0.103096173,0.023518853,0.099106798,0.018978965,,0.000226599,,,0.000235774,,,,,
2006-03-09,0.092087426,-0.00017221,0.094254571,0.00894526,,0.00022615,,,0.000235329,,,,,
2006-03-10,0.101322719,0.013614005,0.080656484,-0.003070122,,0.000225694,,,0.000234301,,,,,
2006-03-13,0.078696423,-0.012830081,0.072690347,-0.006600818,,0.000224295,,,0.000234225,,,,,
2006-03-14,0.076969864,-0.005203122,0.100949428,0.024256668,,0.0002241,,,0.000234225,,,,,
2006-03-15,0.110650337,0.029191095,0.122068617,0.036158274,,0.000222987,,,0.000234225,,,,,
2006-03-16,0.098776821,0.003394358,0.096939625,0.0041406,,0.000222857,,,0.00023403,,,,,
2006-03-17,0.083734534,-0.006739518,0.090160527,0.005558107,,0.000221989,,,0.000231897,,,,,
2006-03-20,0.069850968,-0.014404731,0.070995957,-0.011395248,,0.000221405,,,0.000231715,,,,,
2006-03-21,0.069854716,-0.008661634,0.103073311,0.026933229,,0.000221136,,,0.000230676,,,,,
2006-03-22,0.10066407,0.02214617,0.100950626,0.014347513,,0.000220489,,,0.00022973,,,,,
2006-03-23,0.082899195,-0.00835503,0.083856477,-0.002054256,,0.000220459,,,0.000227618,,,,,
2006-03-24,0.079023621,-0.004886756,0.09622421,0.015889268,,0.000219222,,,0.000227618,,,,,
2006-03-27,0.091227013,0.008918766,0.091768263,0.007399198,,0.000218583,,,0.000227127,,,,,
2006-03-28,0.079750806,-0.00760222,0.075187031,-0.007728587,,0.000218242,,,0.000227127,,,,,
2006-03-29,0.07202231,-0.01058655,0.074649465,-0.002857667,,0.000218242,,,0.000227127,,,,,
2006-03-30,0.095973055,0.016559091,0.082938273,0.005606485,,0.000216969,,,0.000226498,,,,,
2006-03-31,0.083704066,-0.005610934,0.075462877,-0.004572564,,0.000216955,,,0.000226171,,,,,
2006-04-03,0.070217662,-0.014025441,0.072764444,-0.004832664,,0.000216798,,,0.000225311,,,,,
2006-04-04,0.07287946,-0.005788479,0.072638629,-0.0040783,,0.000216661,,,0.000224418,,,,,
2006-04-05,0.081884974,0.00211667,0.077089772,0.000413881,,0.000216407,,,0.000224413,,,,,
2006-04-06,0.074079664,-0.009411442,0.068810198,-0.009317572,,0.000216174,,,0.000224157,,,,,
2006-04-07,0.032750709,-0.047513749,0.0273196,-0.048107528,,0.000215924,,,0.000223956,,,,,
2006-04-10,0.065097822,0.001918403,0.077990246,0.016096572,,0.00021508,,,0.000223578,,,,,
2006-04-11,0.069943061,-0.00660838,0.080364925,0.001943437,,0.00021508,,,0.000223578,,,,,
2006-04-12,0.074790084,-0.003764336,0.095044406,0.015848342,,0.000214716,,,0.000223578,,,,,
2006-04-13,0.063052137,-0.017506002,0.052808927,-0.031175308,,0.000214295,,,0.000223309,,,,,
2006-04-14,0.048849651,-0.02685612,0.037929287,-0.032278528,,0.00021418,,,0.000223192,,,,,
2006-04-17,0.035643622,-0.034190963,0.043289076,-0.022065279,,0.000213498,,,0.000222703,,,,,
2006-04-18,0.069894974,0.00551965,0.076838875,0.009736257,,0.000213498,,,0.00022239,,,,,
2006-04-19,0.076899406,-0.001635137,0.072246345,-0.005799587,,0.000212813,,,0.00022239,,,,,
2006-04-20,0.080779839,-0.000650276,0.085262441,0.008714506,,0.000211917,,,0.00022239,,,,,
2006-04-21,0.090513507,0.007479254,0.080674258,-0.000119283,,0.000211917,,,0.000221994,,,,,
2006-04-24,0.07848289,-0.008575179,0.08061522,0.001318257,,0.000210507,,,0.000221679,,,,,
2006-04-25,0.073011475,-0.009073239,0.080109483,0.000831778,,0.000210335,,,0.000221207,,,,,
2006-04-26,0.077522502,-0.002300376,0.099293207,0.020180463,,0.000210335,,,0.000221165,,,,,
2006-04-27,0.063031254,-0.018656443,0.087690992,0.002320878,,0.000209279,,,0.000221125,,,,,
2006-04-28,0.080661446,0.004964307,0.070024665,-0.011561024,,0.000208754,,,0.000220347,,,,,
2006-05-01,0.055259313,-0.027725997,0.104331824,0.028508559,,0.000208531,,,0.000220051,,,,,
2006-05-02,0.087407218,0.014922933,0.082467575,-0.004546042,,0.000208262,,,0.000220029,,,,,
2006-05-03,0.171078547,0.085304592,0.076069307,-0.003812601,,0.000207955,,,0.000220029,,,,,
2006-05-04,0.09287112,-0.027491852,0.088979744,0.01118483,,0.000207332,,,0.000220029,,,,,
2006-05-05,0.077288733,-0.010743953,0.072574116,-0.00943194,,0.000206753,,,0.000219599,,,,,
2006-05-08,0.047595799,-0.033995261,0.086960012,0.010305164,,0.000206728,,,0.000219571,,,,,
2006-05-09,0.060932788,-0.008383464,0.055439202,-0.025908055,,0.000206679,,,0.000218356,,,,,
2006-05-10,0.091278666,0.016449016,0.148413916,0.077348156,,0.000205723,,,0.00021827,,,,,
2006-05-11,0.070460098,-0.016914281,0.124740247,0.02334788,,0.000205723,,,0.000217476,,,,,
2006-05-12,0.111828841,0.033060681,0.079992363,-0.013678098,,0.000205591,,,0.000217144,,,,,
2006-05-15,0.08205683799999999,-0.013812809,0.06360557,-0.015468972,,0.000205591,,,0.000217109,,,,,
2006-05-16,0.077858704,-0.005703449,0.089389782,0.015660305,,0.000204646,,,0.000216717,,,,,
2006-05-17,0.071252607,-0.010574073,0.08094939,-0.001190413,,0.000204295,,,0.00021648,,,,,
2006-05-18,0.077953909,-0.001141867,0.094043529,0.014656824,,0.000204295,,,0.00021648,,,,,
2006-05-19,0.077173932,-0.004692105,0.079137107,-0.004520661,,0.000204295,,,0.00021648,,,,,
2006-05-22,0.094906393,0.013362791,0.10234468,0.023549107,,0.000204295,,,0.000215724,,,,,
2006-05-23,0.068471404,-0.020402646,0.070565402,-0.015800045,,0.000204009,,,0.000215318,,,,,
2006-05-24,0.089800533,0.011854482,0.097005533,0.02100589,,0.000203563,,,0.000214795,,,,,
2006-05-25,0.062883605,-0.023879727,0.095425663,0.010801746,,0.000203276,,,0.000214795,,,,,
2006-05-26,0.074861094,-0.000775008,0.090951635,0.006843041,,0.000202852,,,0.000214697,,,,,
2006-05-29,0.05269676,-0.027890735,0.064074767,-0.018574483,,0.000202428,,,0.000214267,,,,,
2006-05-30,0.062818484,-0.008606463,0.074242983,0.000360463,,0.000202428,,,0.000213893,,,,,
2006-05-31,0.084801882,0.009192701,0.124361774,0.047162573,,0.000202389,,,0.000213121,,,,,
2006-06-01,0.070663186,-0.014033745,0.071678346,-0.021868664,,0.000202224,,,0.000213092,,,,,
2006-06-02,0.097529079,0.018676964,0.072111766,-0.004250898,,0.000201688,,,0.000212931,,,,,
2006-06-05,0.06713996,-0.022818287,0.110109314,0.033605276,,0.000200846,,,0.000212931,,,,,
2006-06-06,0.071852183,-0.00554346,0.087285195,-0.00161293,,0.000200846,,,0.000212721,,,,,
2006-06-07,0.114861825,0.035518189,0.094201207,0.012747881,,0.000200519,,,0.000212491,,,,,
2006-06-08,0.07594529,-0.021178166,0.089185838,0.005476638,,0.00019858,,,0.000212457,,,,,
2006-06-09,0.107417825,0.026382133,0.071437371,-0.010635909,,0.000196942,,,0.00021132,,,,,
2006-06-12,0.090454277,-0.003591893,0.088579883,0.01229582,,0.000196102,,,0.000210855,,,,,
2006-06-13,0.085970036,-0.001063547,0.081073917,-0.000801711,,0.000195528,,,0.000210505,,,,,
2006-06-14,0.074501289,-0.010678547,0.082584013,0.00315669,,0.000195528,,,0.000210369,,,,,
2006-06-15,0.141720825,0.061282071,0.098554057,0.018634168,,0.000195197,,,0.000209848,,,,,
2006-06-16,0.077024646,-0.031202093,0.065511274,-0.019617743,,0.00019452,,,0.000209469,,,,,
2006-06-19,0.06889269,-0.012589198,0.094267565,0.019916484,,0.00019452,,,0.000209383,,,,,
2006-06-20,0.089998428,0.011878222,0.08746818,0.003737336,,0.00019431,,,0.000209383,,,,,
2006-06-21,0.103917245,0.017072105,0.089344154,0.007831142,,0.000194294,,,0.000209383,,,,,
2006-06-22,0.122516306,0.029917246,0.081101004,-0.001023916,,0.000193303,,,0.000209383,,,,,
2006-06-23,0.09104438,-0.009243373,0.103102578,0.02366642,,0.000192939,,,0.000208741,,,,,
2006-06-26,0.082694392,-0.004583135,0.082098205,-0.004514455,,0.000192849,,,0.000208383,,,,,
2006-06-27,0.071121686,-0.012704027,0.063377791,-0.016383636,,0.000191688,,,0.000207246,,,,,
2006-06-28,0.082505864,0.003464209,0.075320752,0.001665572,,0.00019151,,,0.00020639,,,,,
2006-06-29,0.101327121,0.017579344,0.081548823,0.003998074,,0.000190721,,,0.000206374,,,,,
2006-06-30,0.111804099,0.020275774,0.093877787,0.014295558,,0.000190396,,,0.000206241,,,,,
2006-07-03,0.071280973,-0.024578446,0.092493488,0.008889782,,0.000190146,,,0.000205834,,,,,
2006-07-04,0.083390962,0.004283459,0.074536445,-0.008615728,,0.000189819,,,0.000205834,,,,,
2006-07-05,0.053705088,-0.030408581,0.098912376,0.021617453,,0.000189776,,,0.000205177,,,,,
2006-07-06,0.093641676,0.021799895,0.095441118,0.010195224,,0.000188896,,,0.000205034,,,,,
2006-07-07,0.089542739,0.001191512,0.085774292,0.001660658,,0.000187843,,,0.000204293,,,,,
2006-07-10,0.073877062,-0.012779699,0.093825943,0.012865445,,0.000187451,,,0.000204221,,,,,
2006-07-11,0.060056364,-0.020124339,0.086550646,0.002963851,,0.000187288,,,0.000204102,,,,,
2006-07-12,0.097138619,0.022671274,0.071835898,-0.009377832,,0.000186459,,,0.000203963,,,,,
2006-07-13,0.088449458,-0.001347375,0.095299493,0.018885438,,0.000186267,,,0.000203134,,,,,
2006-07-14,0.091592387,0.005387579,0.067928457,-0.016138983,,0.00018605,,,0.000202627,,,,,
2006-07-17,0.0681858,-0.019318268,0.059465159,-0.015674362,,0.000185996,,,0.000202285,,,,,
2006-07-18,0.053180164,-0.02464782,0.087462657,0.015083705,,0.000185529,,,0.000202285,,,,,
2006-07-19,0.082806087,0.011181305,0.095771229,0.014260018,,0.000185032,,,0.000202285,,,,,
2006-07-20,0.048326459,-0.035545427,0.115108407,0.030887097,,0.000185032,,,0.000202285,,,,,
2006-07-21,0.046185773,-0.023432528,0.102343571,0.011814835,,0.000184385,,,0.000202285,,,,,
2006-07-24,0.073936217,0.005202857,0.080745658,-0.005619427,,0.000184294,,,0.000202191,,,,,
2006-07-25,0.045140989,-0.035064169,0.097650723,0.018330471,,0.000183935,,,0.000201971,,,,,
2006-07-26,0.086497114,0.018195659,0.08151028,-0.003324086,,0.000183881,,,0.000201887,,,,,
2006-07-27,0.071862834,-0.013534892,0.07748852,-0.002081137,,0.000183715,,,0.000201353,,,,,
2006-07-28,0.08038343,0.001035391,0.095107606,0.016849771,,0.00018345,,,0.000201111,,,,,
2006-07-31,0.074569206,-0.008301175,0.079187645,-0.004817204,,0.00018345,,,0.000200805,,,,,
2006-08-01,0.064125754,-0.016341076,0.072202462,-0.006609596,,0.00018345,,,0.000199225,,,,,
2006-08-02,0.086088984,0.009939388,0.085305504,0.008771882,,0.000182807,,,0.000199077,,,,,
2006-08-03,0.065394812,-0.019834196,0.077625128,-0.00318246,,0.000182344,,,0.000198765,,,,,
2006-08-04,0.061081737,-0.015592477,0.069094757,-0.009207637,,0.000182344,,,0.000198765,,,,,
2006-08-07,0.12167747,0.046786245,0.083366019,0.007846073,,0.000182264,,,0.000198736,,,,,
2006-08-08,0.162370235,0.062429249,0.066710121,-0.013464844,,0.00018188,,,0.000198736,,,,,
2006-08-09,0.078655435,-0.038107595,0.054030034,-0.020712089,,0.000181869,,,0.000198736,,,,,
2006-08-10,0.054319436,-0.027836606,0.071094102,0.000487986,,0.000181688,,,0.000198736,,,,,
2006-08-11,0.056730815,-0.015364932,0.075264587,-0.000907508,,0.000181536,,,0.000198038,,,,,
2006-08-14,0.076338331,0.00324574,0.083300535,0.005768106,,0.000180287,,,0.000197531,,,,,
2006-08-15,0.053988053,-0.027210119,0.055496269,-0.024657336,,0.000180246,,,0.00019689,,,,,
2006-08-16,0.067322517,-0.004636239,0.069575306,-0.001509068,,0.000180069,,,0.000195559,,,,,
2006-08-17,0.068529495,-0.008941616,0.069901322,-0.00577537,,0.000180064,,,0.000195429,,,,,
2006-08-18,0.148309088,0.070339024,0.082578281,0.006795248,,0.000179934,,,0.000195343,,,,,
2006-08-21,0.082026535,-0.028923736,0.126135946,0.046217927,,0.000179457,,,0.000195187,,,,,
2006-08-22,0.074658667,-0.008890959,0.081533181,-0.012592531,,0.000179146,,,0.000195187,,,,,
2006-08-23,0.181964288,0.101460475,0.092848829,0.013271702,,0.000179052,,,0.000195187,,,,,
2006-08-24,0.062382881,-0.062480164,0.095313299,0.01204522,,0.000178967,,,0.000195187,,,,,
2006-08-25,0.067113211,-0.008315896,0.114758792,0.030686849,,0.000178706,,,0.000195187,,,,,
2006-08-28,0.068885157,-0.008499427,0.083396103,-0.007018595,,0.000178706,,,0.000195154,,,,,
2006-08-29,0.0742591,-0.003857993,0.07498951,-0.005195267,,0.000177815,,,0.000194945,,,,,
2006-08-30,0.052176485,-0.02816215,0.109216882,0.031774178,,0.000177385,,,0.000194837,,,,,
2006-08-31,0.090512258,0.019302389,0.086084066,-0.002522965,,0.000177186,,,0.000194408,,,,,
2006-09-01,0.119098562,0.032041009,0.108392266,0.027330726,,0.000177124,,,0.000194014,,,,,
2006-09-04,0.087304504,-0.011570383,0.075223933,-0.013114123,,0.000176935,,,0.000192676,,,,,
2006-09-05,0.080133878,-0.005597616,0.072770712,-0.004748457,,0.000176863,,,0.000192676,,,,,
2006-09-06,0.102917807,0.020150589,0.115458836,0.038739862,,0.000176779,,,0.000192354,,,,,
2006-09-07,0.067811896,-0.024374005,0.118362827,0.027719788,,0.000176769,,,0.000191638,,,,,
2006-09-08,0.159381127,0.081707711,0.087537999,-0.004052267,,0.000175543,,,0.000191638,,,,,
2006-09-11,0.18258288,0.067055522,0.086202677,0.004666891,,0.000175439,,,0.000191638,,,,,
2006-09-12,0.056016575,-0.06910219,0.11494141,0.033841181,,0.000174571,,,0.000191367,,,,,
2006-09-13,0.133927482,0.061130152,0.11202288,0.021548615,,0.000173961,,,0.000190685,,,,,
2006-09-14,0.099699203,-0.005305834,0.077278717,-0.012243578,,0.000173214,,,0.000190105,,,,,
2006-09-15,0.126254212,0.035398855,0.099299205,0.021109804,,0.000173071,,,0.000189924,,,,,
2006-09-18,0.065999375,-0.035833598,0.17239799,0.087025919,,0.00017292,,,0.000189924,,,,,
2006-09-19,0.046960068,-0.029964067,0.107657388,-0.001558134,,0.000172639,,,0.000187945,,,,,
2006-09-20,0.088391902,0.019338455,0.105344568,0.017246215,,0.00017245,,,0.000187918,,,,,
2006-09-21,0.085006405,-0.00117461,0.07309454,-0.014249415,,0.00017238,,,0.000187171,,,,,
2006-09-22,0.095208608,0.010427128,0.077117048,0.000292448,,0.000172228,,,0.000187142,,,,,
2006-09-25,0.056244481,-0.032754503,0.087967059,0.009830392,,0.000171802,,,0.000187088,,,,,
2006-09-26,0.097328409,0.024436865,0.073054093,-0.008621644,,0.000171802,,,0.000186548,,,,,
2006-09-27,0.097189409,0.007314117,0.08706924,0.010257833,,0.000171724,,,0.000185942,,,,,
2006-09-28,0.093451053,0.003633224,0.061215569,-0.020167316,,0.000171724,,,0.000185622,,,,,
2006-09-29,0.07654452,-0.011727906,0.098042093,0.02509219,,0.000171681,,,0.000185495,,,,,
2006-10-02,0.112071742,0.030788334,0.07150254,-0.013459485,,0.00017083,,,0.00018505,,,,,
2006-10-03,0.093225641,-0.002744419,0.091978797,0.015673477,,0.000170798,,,0.000184908,,,,,
2006-10-04,0.075749437,-0.012429804,0.091214546,0.008230255,,0.000170798,,,0.000184541,,,,,
2006-10-05,0.07042289,-0.010531838,0.091413361,0.008678355,,0.000170798,,,0.000184541,,,,,
2006-10-06,0.05969176,-0.019061018,0.106364705,0.023564848,,0.000170334,,,0.000184541,,,,,
2006-10-09,0.067072537,-0.007244083,0.05534003,-0.032336673,,0.000170034,,,0.000183957,,,,,
2006-10-10,0.069320379,-0.008047392,0.054297913,-0.0167355,,0.000170007,,,0.000183322,,,,,
2006-10-11,0.076313793,-0.001983216,0.108534655,0.037841162,,0.000169658,,,0.000183228,,,,,
2006-10-12,0.056360947,-0.024827081,0.114143986,0.025759485,,0.000169568,,,0.000182988,,,,,
2006-10-13,0.055287468,-0.017652223,0.080744854,-0.009469305,,0.000169313,,,0.000182967,,,,,
2006-10-16,0.083001907,0.010505983,0.070532104,-0.008787885,,0.000169262,,,0.000182736,,,,,
2006-10-17,0.067529729,-0.016423108,0.070574019,-0.005414763,,0.000169217,,,0.000182626,,,,,
2006-10-18,0.11456351,0.03700674,0.089283525,0.013281071,,0.000169217,,,0.000181275,,,,,
2006-10-19,0.067512847,-0.029487289,0.082228117,0.000122973,,0.000168743,,,0.000180316,,,,,
2006-10-20,0.101844126,0.024294335,0.091024943,0.011221141,,0.000168445,,,0.000180258,,,,,
2006-10-23,0.055315144,-0.036426906,0.081132793,-0.001540368,,0.000168406,,,0.000179858,,,,,
2006-10-24,0.093709981,0.021202616,0.084490812,0.005044284,,0.000168406,,,0.000179703,,,,,
2006-10-25,0.065439149,-0.022940315,0.108845086,0.028303235,,0.000168221,,,0.00017968,,,,,
2006-10-26,0.088526136,0.011833594,0.090647532,0.002161774,,0.000168213,,,0.00017953,,,,,
2006-10-27,0.085720134,-0.000516373,0.090539763,0.007989706,,0.000167636,,,0.00017953,,,,,
2006-10-30,0.104878302,0.019801773,0.09506025,0.012545345,,0.000167636,,,0.000179418,,,,,
2006-10-31,0.100988782,0.007992429,0.075532551,-0.008456852,,0.000167507,,,0.000178918,,,,,
2006-11-01,0.069279172,-0.022109286,0.078474053,0.000854219,,0.000167437,,,0.000177511,,,,,
2006-11-02,0.080290044,0.002010069,0.12173277,0.043153473,,0.00016715,,,0.000177502,,,,,
2006-11-03,0.071763476,-0.0110683,0.121108187,0.028418708,,0.000166404,,,0.000177443,,,,,
2006-11-06,0.059617466,-0.019689499,0.053817345,-0.038668406,,0.000166054,,,0.000177443,,,,,
2006-11-07,0.060675934,-0.013609974,0.083710937,0.013174196,,0.000166054,,,0.000177443,,,,,
2006-11-08,0.081779398,0.007055929,0.080892342,0.000604872,,0.000166054,,,0.000177443,,,,,
2006-11-09,0.103999667,0.020552205,0.095168354,0.015800256,,0.000164725,,,0.000177443,,,,,
2006-11-10,0.104726916,0.012093783,0.10356442,0.019539756,,0.000164473,,,0.000177443,,,,,
2006-11-13,0.094728381,0.001794609,0.096769202,0.010005899,,0.000162891,,,0.000177443,,,,,
2006-11-14,0.037015663,-0.051784798,0.032318036,-0.052228795,,0.000162891,,,0.000176324,,,,,
2006-11-15,0.091541443,0.026598928,0.088119904,0.024595834,,0.000162864,,,0.000176324,,,,,
2006-11-16,0.086727371,-0.000755638,0.083386944,0.001661351,,0.000162788,,,0.000176324,,,,,
2006-11-17,0.083797591,-0.001695321,0.090528738,0.010346948,,0.000162546,,,0.00017619,,,,,
2006-11-20,0.071882631,-0.012399136,0.077689373,-0.004821935,,0.000161604,,,0.000175898,,,,,
2006-11-21,0.06552654,-0.013829683,0.098896565,0.020573216,,0.000161436,,,0.000175162,,,,,
2006-11-22,0.035216224,-0.041512445,0.030080126,-0.055160611,,0.000161436,,,0.000174615,,,,,
2006-11-23,0.062144494,-0.002054148,0.071540744,0.008746638,,0.00016131,,,0.000174506,,,,,
2006-11-24,0.072272201,-0.003058359,0.069804455,-0.006513327,,0.00016131,,,0.000174306,,,,,
2006-11-27,0.083446487,0.003929219,0.072647467,-0.003103969,,0.000161199,,,0.000174306,,,,,
2006-11-28,0.055127075,-0.029009547,0.079620657,0.002941883,,0.000161071,,,0.000173957,,,,,
2006-11-29,0.075950368,0.00352075,0.060894154,-0.018059143,,0.000160708,,,0.000173894,,,,,
2006-11-30,0.039778523,-0.041259267,0.048248638,-0.024596425,,0.000160164,,,0.000173894,,,,,
2006-12-01,0.09241802,0.026333362,0.097137766,0.028417433,,0.000160007,,,0.000173894,,,,,
2006-12-04,0.036169686,-0.051675692,0.033117798,-0.051549251,,0.000158578,,,0.000173894,,,,,
2006-12-05,0.066763395,0.002170601,0.089573446,0.025788509,,0.000158147,,,0.000173894,,,,,
2006-12-06,0.077807381,0.000567406,0.069836675,-0.012363036,,0.000158147,,,0.000173894,,,,,
2006-12-07,0.042054037,-0.039751427,0.063415076,-0.01234687,,0.000157933,,,0.000173878,,,,,
2006-12-08,0.050925537,-0.016099799,0.061139151,-0.01252819,,0.00015715,,,0.000173876,,,,,
2006-12-11,0.05848794,-0.012204797,0.077630752,0.004705775,,0.000156963,,,0.00017372,,,,,
2006-12-12,0.078645664,0.004826692,0.107540735,0.029236507,,0.000155721,,,0.00017326,,,,,
2006-12-13,0.124564301,0.042412297,0.112576035,0.024515732,,0.000155721,,,0.000173118,,,,,
2006-12-14,0.084973483,-0.016160895,0.111212354,0.021509631,,0.000155648,,,0.000172253,,,,,
2006-12-15,0.098101097,0.013333228,0.088381709,-0.000876207,,0.000155618,,,0.000171869,,,,,
2006-12-18,0.103833658,0.013638944,0.065878975,-0.015932013,,0.000155351,,,0.000171867,,,,,
2006-12-19,0.077851544,-0.014712962,0.081430379,0.00695936,,0.000155351,,,0.000171815,,,,,
2006-12-20,0.073064014,-0.008759707,0.085064969,0.005521374,,0.000154984,,,0.000171416,,,,,
2006-12-21,0.069322031,-0.010522565,0.06995539,-0.01077374,,0.000154934,,,0.000171358,,,,,
2006-12-22,0.050411404,-0.027886289,0.063812302,-0.011988367,,0.000154844,,,0.000171273,,,,,
2006-12-25,0.028763318,-0.041716882,0.046447322,-0.027349586,,0.000154113,,,0.000171025,,,,,
2006-12-26,0.051828641,-0.009702425,0.069721746,0.001588967,,0.000153402,,,0.000170388,,,,,
2006-12-27,0.05342005,-0.017646024,0.075410737,-0.000313722,,0.000153402,,,0.000170345,,,,,
2006-12-28,0.045784636,-0.025939313,0.055589079,-0.021991021,,0.000153402,,,0.000170345,,,,,
2006-12-29,0.065174615,-0.003392919,0.058470495,-0.012644152,,0.000153045,,,0.000170345,,,,,
2007-01-01,0.038785445,-0.037797741,0.053565042,-0.01848947,,0.000152935,,,0.000170345,,,,,
2007-01-02,0.060191644,-0.005482483,0.074282636,0.003828191,,0.000152764,,,0.000170345,,,,,
2007-01-03,0.055528515,-0.018994753,0.064069275,-0.013142861,,0.000152723,,,0.000169912,,,,,
2007-01-04,0.083467261,0.010871691,0.058548525,-0.015332203,,0.000152439,,,0.000169172,,,,,
2007-01-05,0.088715406,0.004570196,0.084887485,0.012807522,,0.000152098,,,0.000168913,,,,,
2007-01-08,0.055149011,-0.031165738,0.039651432,-0.041019806,,0.000151821,,,0.00016845,,,,,
2007-01-09,0.063107848,-0.009330839,0.084292985,0.018376899,,0.000151821,,,0.000168327,,,,,
2007-01-10,0.100644524,0.024915722,0.087537824,0.0070605,,0.000151821,,,0.00016823,,,,,
2007-01-11,0.081362772,-0.009883374,0.060806172,-0.020729557,,0.000151816,,,0.000166796,,,,,
2007-01-12,0.053928934,-0.029346299,0.090151002,0.017334637,,0.000151435,,,0.000166796,,,,,
2007-01-15,0.077469424,0.005535107,0.091695538,0.009307439,,0.000150239,,,0.000166796,,,,,
2007-01-16,0.081594605,-7.12e-05,0.092003568,0.009111671,,0.000150239,,,0.000166706,,,,,
2007-01-17,0.088454795,0.005083724,0.091189035,0.008196665,,0.000150006,,,0.000166374,,,,,
2007-01-18,0.109751548,0.023544533,0.075014625,-0.00771206,,0.000149486,,,0.000166259,,,,,
2007-01-19,0.112326205,0.017315293,0.113230343,0.035779446,,0.000149008,,,0.00016605,,,,,
2007-01-22,0.061205578,-0.034869674,0.092557872,0.002641726,,0.000148658,,,0.00016605,,,,,
2007-01-23,0.098606568,0.023664148,0.132024781,0.048851607,,0.000148658,,,0.00016605,,,,,
2007-01-24,0.085267014,-0.005136657,0.090715428,-0.005331111,,0.000148318,,,0.000165867,,,,,
2007-01-25,0.109968314,0.025079101,0.149783078,0.067210874,,0.000147978,,,0.000165682,,,,,
2007-01-26,0.076394336,-0.018706185,0.082643,-0.019195963,,0.000147508,,,0.000165523,,,,,
2007-01-29,0.074308841,-0.006912483,0.072188234,-0.007750895,,0.000147244,,,0.000165368,,,,,
2007-01-30,0.114301956,0.033942759,0.165237619,0.088708638,,0.000147149,,,0.000165063,,,,,
2007-01-31,0.100069593,0.003177582,0.085862896,-0.021017047,,0.000147019,,,0.000164237,,,,,
2007-02-01,0.125957469,0.034948996,0.178891818,0.097902419,,0.000146717,,,0.000163744,,,,,
2007-02-02,0.102625257,0.000914955,0.153165817,0.04183213,,0.000146686,,,0.000163501,,,,,
2007-02-05,0.07972631,-0.012338653,0.070419563,-0.032522785,,0.000146356,,,0.000163501,,,,,
2007-02-06,0.102443136,0.019844403,0.100131726,0.024179653,,0.000145978,,,0.000163501,,,,,
2007-02-07,0.084015854,-0.007973822,0.096715744,0.011072121,,0.0001459,,,0.000163259,,,,,
2007-02-08,0.089306053,0.004934059,0.064632036,-0.019897358,,0.000145817,,,0.000163247,,,,,
2007-02-09,0.073985125,-0.012573792,0.0912429,0.01717861,,0.000145721,,,0.000163247,,,,,
2007-02-12,0.07216914,-0.008056236,0.077655292,-0.005088963,,0.000145721,,,0.000163247,,,,,
2007-02-13,0.117746275,0.038271612,0.130877109,0.052564877,,0.000144956,,,0.000163187,,,,,
2007-02-14,0.084491621,-0.013824242,0.095186516,-0.000485674,,0.000144922,,,0.000163187,,,,,
2007-02-15,0.093431518,0.008862846,0.07344886,-0.010581729,,0.000144637,,,0.00016292,,,,,
2007-02-16,0.082589946,-0.005674403,0.110637941,0.033697768,,0.000144409,,,0.000162399,,,,,
2007-02-19,0.099620269,0.015837733,0.1030067,0.013936147,,0.000144292,,,0.000162285,,,,,
2007-02-20,0.073117615,-0.017705112,0.075000333,-0.011581053,,0.000144165,,,0.000162021,,,,,
2007-02-21,0.091614267,0.011747512,0.080284096,0.002837861,,0.000143913,,,0.000161194,,,,,
2007-02-22,0.071413902,-0.016099212,0.08687524,0.007705542,,0.000143913,,,0.000160295,,,,,
2007-02-23,0.069635849,-0.009526605,0.065462866,-0.01585674,,0.000143913,,,0.000159809,,,,,
2007-02-26,0.085704831,0.007277409,0.098767658,0.024432366,,0.0001431,,,0.000159739,,,,,
2007-02-27,0.086898481,0.001828278,0.082157648,-0.003041042,,0.00014289,,,0.000159699,,,,,
2007-02-28,0.117807081,0.032243433,0.108512592,0.028731775,,0.00014289,,,0.000159699,,,,,
2007-03-01,0.104834621,0.006493621,0.080925804,-0.007451501,,0.000142863,,,0.000159646,,,,,
2007-03-02,0.100672062,0.007693766,0.082269168,0.002890156,,0.000142746,,,0.000159465,,,,,
2007-03-05,0.083510153,-0.007747376,0.075918482,-0.00389871,,0.000142622,,,0.000159279,,,,,
2007-03-06,0.106594487,0.022431545,0.105574298,0.027828581,,0.000142617,,,0.000158281,,,,,
2007-03-07,0.089736056,-0.003969753,0.103571968,0.01615308,,0.000142609,,,0.000158234,,,,,
2007-03-08,0.092732159,0.005995482,0.096278945,0.009513179,,0.000142332,,,0.000157748,,,,,
2007-03-09,0.102607766,0.014632526,0.112960135,0.028573217,,0.000142114,,,0.000157709,,,,,
2007-03-12,0.108501455,0.016443722,0.1106991,0.02087109,,0.000141746,,,0.000157461,,,,,
2007-03-13,0.123590286,0.029096153,0.170263438,0.081172935,,0.000141435,,,0.000157302,,,,,
2007-03-14,0.097609082,-0.003122646,0.089041931,-0.019477341,,0.000141166,,,0.000157089,,,,,
2007-03-15,0.135901216,0.045909897,0.134485586,0.052459245,,0.000140764,,,0.000157015,,,,,
2007-03-16,0.102077061,-0.003743901,0.076065289,-0.020783918,,0.000140751,,,0.000156894,,,,,
2007-03-19,0.062217485,-0.029620859,0.112418428,0.034624825,,0.000140751,,,0.00015687,,,,,
2007-03-20,0.07746972,0.002108986,0.150721719,0.061070404,,0.000140751,,,0.000156753,,,,,
2007-03-21,0.115872755,0.034206877,0.092459948,-0.009685181,,0.000140751,,,0.000156313,,,,,
2007-03-22,0.0921382,-0.005403166,0.115430258,0.032289025,,0.000140638,,,0.000156274,,,,,
2007-03-23,0.102059599,0.014329896,0.094897651,0.004263933,,0.000140619,,,0.000156274,,,,,
2007-03-26,0.101341056,0.009509931,0.083937934,1.57e-06,,0.000140565,,,0.00015615,,,,,
2007-03-27,0.104457714,0.012923629,0.092300345,0.011938833,,0.000140006,,,0.00015615,,,,,
2007-03-28,0.113354138,0.020531652,0.0938417,0.010752526,,0.000140006,,,0.00015549,,,,,
2007-03-29,0.120378455,0.023878264,0.106166398,0.022574463,,0.000139699,,,0.00015504,,,,,
2007-03-30,0.092923998,-0.006479987,0.080210604,-0.007401416,,0.000139441,,,0.000154598,,,,,
2007-04-02,0.106342353,0.018287808,0.126515354,0.047369627,,0.00013928,,,0.000154335,,,,,
2007-04-03,0.088661621,-0.004939958,0.067623475,-0.026625992,,0.000139169,,,0.000154141,,,,,
2007-04-04,0.103081099,0.016788584,0.114600259,0.039560217,,0.000139169,,,0.000153883,,,,,
2007-04-05,0.098665114,0.006411709,0.086099816,-0.004263172,,0.000139169,,,0.000153679,,,,,
2007-04-06,0.17381792,0.083390046,0.158419665,0.077352988,,0.000139169,,,0.000153269,,,,,
2007-04-09,0.059698509,-0.061796896,0.069937807,-0.034718248,,0.000139169,,,0.000153077,,,,,
2007-04-10,0.143762071,0.069442661,0.135249129,0.059454196,,0.000139129,,,0.000152885,,,,,
2007-04-11,0.103747178,-0.005323395,0.141917436,0.044819175,,0.000138577,,,0.000152601,,,,,
2007-04-12,0.12006567,0.027536914,0.094710414,-0.004562924,,0.000138471,,,0.000152601,,,,,
2007-04-13,0.077295747,-0.021978935,0.06832588,-0.015549413,,0.000138221,,,0.000152601,,,,,
2007-04-16,0.083560341,0.001966381,0.099017849,0.023748695,,0.000138087,,,0.000152601,,,,,
2007-04-17,0.091924182,0.007740494,0.108933632,0.023653335,,0.00013791,,,0.000152601,,,,,
2007-04-18,0.090237535,0.002596305,0.088272906,-0.000241733,,0.000137622,,,0.000152601,,,,,
2007-04-19,0.099094867,0.012150883,0.122268006,0.040492507,,0.000137345,,,0.000152601,,,,,
2007-04-20,0.103065751,0.012460221,0.079087778,-0.013776284,,0.000137175,,,0.0001526,,,,,
2007-04-23,0.088935739,-0.00331132,0.077774201,-0.001005281,,0.000137149,,,0.000152576,,,,,
2007-04-24,0.075289371,-0.011116462,0.069918395,-0.008432624,,0.000137149,,,0.000152286,,,,,
2007-04-25,0.115001743,0.034237203,0.095472112,0.019683511,,0.000137137,,,0.000151908,,,,,
2007-04-26,0.113339779,0.016158482,0.158256496,0.074132752,,0.000137117,,,0.000151802,,,,,
2007-04-27,0.099770366,0.00327611,0.104657341,5.45e-05,,0.000136861,,,0.000151735,,,,,
2007-04-30,0.146473447,0.055588671,0.132706324,0.04558653,,0.000136572,,,0.000151735,,,,,
2007-05-01,0.101785167,-0.008406265,0.090645624,-0.005623222,,0.0001362,,,0.000151601,,,,,
2007-05-02,0.145347583,0.053629906,0.097952678,0.015403243,,0.000136116,,,0.000151549,,,,,
2007-05-03,0.129686935,0.019960925,0.098249307,0.013316448,,0.000136027,,,0.000151297,,,,,
2007-05-04,0.178073967,0.074821936,0.13573479,0.050705176,,0.000136006,,,0.000150677,,,,,
2007-05-07,0.084550455,-0.038704364,0.095278089,-0.001978585,,0.000135984,,,0.000150677,,,,,
2007-05-08,0.097889413,0.01329642,0.093308383,0.009247925,,0.000135262,,,0.000150379,,,,,
2007-05-09,0.096516292,0.006409087,0.071305703,-0.012112274,,0.000135235,,,0.000150194,,,,,
2007-05-10,0.098292196,0.008752627,0.076136325,-0.000104791,,0.000135079,,,0.00014999,,,,,
2007-05-11,0.128111889,0.037838176,0.098222655,0.020405881,,0.000134926,,,0.000149202,,,,,
2007-05-14,0.133548382,0.030947462,0.108496364,0.023475444,,0.000134904,,,0.000149089,,,,,
2007-05-15,0.098018825,-0.006829496,0.046241075,-0.042130936,,0.000134425,,,0.000149052,,,,,
2007-05-16,0.097803667,0.007642963,0.085222428,0.017156924,,0.000134425,,,0.000149052,,,,,
2007-05-17,0.152891324,0.062819566,0.08226518,0.00148469,,0.000134425,,,0.000149052,,,,,
2007-05-18,0.114360418,0.00151589,0.101685415,0.021869523,,0.000134425,,,0.000149052,,,,,
2007-05-21,0.104911439,0.00799526,0.124466409,0.038316001,,0.000134292,,,0.000149052,,,,,
2007-05-22,0.13623148,0.043221429,0.133022392,0.039441252,,0.000134063,,,0.000149052,,,,,
2007-05-23,0.111439684,0.005482193,0.113958239,0.017586298,,0.000133838,,,0.000148882,,,,,
2007-05-24,0.096520469,0.000811697,0.114575713,0.024422141,,0.0001338,,,0.000148872,,,,,
2007-05-25,0.109025237,0.019483941,0.089836929,-0.000518052,,0.000133795,,,0.000148872,,,,,
2007-05-28,0.0872993,-0.00741136,0.142503542,0.060217889,,0.000133699,,,0.000148754,,,,,
2007-05-29,0.108610224,0.022880881,0.07997979,-0.019484725,,0.000133699,,,0.000148678,,,,,
2007-05-30,0.099746437,0.00520734,0.093991046,0.014920607,,0.000133699,,,0.00014867,,,,,
2007-05-31,0.120178658,0.029303774,0.095604359,0.01196371,,0.00013359,,,0.00014853,,,,,
2007-06-01,0.10128199,0.0019606,0.086755733,0.002588852,,0.000133374,,,0.000148311,,,,,
2007-06-04,0.100086827,0.008577159,0.113637828,0.032357203,,0.000132863,,,0.000147713,,,,,
2007-06-05,0.135440165,0.044424567,0.110894028,0.020844967,,0.000132863,,,0.000147471,,,,,
2007-06-06,0.120178127,0.01454776,0.145436767,0.056282683,,0.000132863,,,0.000147471,,,,,
2007-06-07,0.079587315,-0.019733856,0.090977896,-0.009443381,,0.000132843,,,0.000146865,,,,,
2007-06-08,0.106282337,0.023741063,0.141515658,0.058857842,,0.000132843,,,0.000146418,,,,,
2007-06-11,0.116363523,0.022786754,0.129263637,0.030121352,,0.000132843,,,0.000146157,,,,,
2007-06-12,0.076964256,-0.02077999,0.083290487,-0.011855419,,0.000132646,,,0.000146141,,,,,
2007-06-13,0.095067404,0.01361048,0.088293795,0.008143468,,0.000132584,,,0.000145978,,,,,
2007-06-14,0.122679918,0.033739307,0.090686888,0.008904576,,0.000132473,,,0.000145976,,,,,
2007-06-15,0.102622697,0.002267307,0.088260853,0.005697958,,0.000132183,,,0.000145837,,,,,
2007-06-18,0.102012309,0.009948404,0.097883067,0.0161115,,0.000132183,,,0.000145503,,,,,
2007-06-19,0.089340082,-0.002471494,0.087272234,0.002362081,,0.000131815,,,0.000145503,,,,,
2007-06-20,0.114127573,0.027554589,0.083094069,0.001644971,,0.000131693,,,0.000145503,,,,,
2007-06-21,0.109575945,0.012756022,0.091085984,0.010999725,,0.00013169,,,0.000145503,,,,,
2007-06-22,0.096099204,0.001160885,0.084684599,0.001991527,,0.000131639,,,0.000145503,,,,,
2007-06-25,0.096160954,0.006793806,0.097609705,0.017004644,,0.000131434,,,0.000145503,,,,,
2007-06-26,0.09950619,0.010113515,0.087375443,0.002554456,,0.000131262,,,0.000145503,,,,,
2007-06-27,0.095831471,0.005055904,0.094481678,0.012998915,,0.000131081,,,0.000145503,,,,,
2007-06-28,0.069013118,-0.020243352,0.082869703,-0.000930981,,0.000130264,,,0.000145503,,,,,
2007-06-29,0.086967876,0.008797885,0.102482372,0.022469297,,0.000130264,,,0.00014524,,,,,
2007-07-02,0.10388206,0.018289725,0.123938463,0.037528103,,0.000130222,,,0.000144651,,,,,
2007-07-03,0.069176247,-0.023408268,0.076155539,-0.017253396,,0.000130006,,,0.000144493,,,,,
2007-07-04,0.108150636,0.029913209,0.076036386,-0.001786655,,0.000130006,,,0.000144266,,,,,
2007-07-05,0.077060546,-0.017288562,0.089260778,0.011476602,,0.000129999,,,0.000144253,,,,,
2007-07-06,0.062944857,-0.018551872,0.074420585,-0.007677139,,0.00012995,,,0.000144253,,,,,
2007-07-09,0.113029882,0.037368459,0.085428326,0.008171194,,0.000129945,,,0.000144219,,,,,
2007-07-10,0.098296577,0.00193043,0.096788478,0.015940828,,0.000129905,,,0.000144176,,,,,
2007-07-11,0.094529828,0.004254304,0.098658713,0.014105595,,0.00012968,,,0.000144073,,,,,
2007-07-12,0.07914966,-0.009568722,0.067652391,-0.017510763,,0.00012968,,,0.000143837,,,,,
2007-07-13,0.069501505,-0.012858846,0.069418823,-0.005630651,,0.00012968,,,0.000143765,,,,,
2007-07-16,0.07364928,-0.004722606,0.097806237,0.022180586,,0.000129659,,,0.000142982,,,,,
2007-07-17,0.09230299,0.01221645,0.079643308,-0.005241784,,0.000129214,,,0.00014288,,,,,
2007-07-18,0.072109862,-0.015687964,0.08137374,0.002413054,,0.000129048,,,0.000142778,,,,,
2007-07-19,0.100202153,0.020751995,0.080628271,0.001103151,,0.000129021,,,0.000141954,,,,,
2007-07-20,0.056083118,-0.034980155,0.063643338,-0.015638625,,0.000128566,,,0.000141954,,,,,
2007-07-23,0.081663809,0.008838971,0.091131861,0.017390065,,0.000128334,,,0.000141935,,,,,
2007-07-24,0.092523181,0.009123502,0.096601045,0.013893009,,0.000128176,,,0.000141806,,,,,
2007-07-25,0.06543227,-0.02245658,0.06451286,-0.019979121,,0.000128162,,,0.00014148,,,,,
2007-07-26,0.070172235,-0.006517463,0.073288848,-0.000736569,,0.000128154,,,0.000141349,,,,,
2007-07-27,0.076568636,-0.002080524,0.080308828,0.003420847,,0.000128099,,,0.000141248,,,,,
2007-07-30,0.110879656,0.029586278,0.086089745,0.006911979,,0.000128099,,,0.000140828,,,,,
2007-07-31,0.089312872,-0.006164389,0.086232278,0.005168886,,0.000128099,,,0.000140323,,,,,
2007-08-01,0.096477011,0.009915274,0.124220491,0.043110607,,0.000128099,,,0.000140161,,,,,
2007-08-02,0.111375518,0.021852188,0.121036588,0.027535662,,0.00012807,,,0.000138731,,,,,
2007-08-03,0.176484846,0.080802599,0.104226584,0.011764188,,0.000128061,,,0.00013865,,,,,
2007-08-06,0.081965743,-0.040632147,0.103002406,0.016023117,,0.000127917,,,0.000138624,,,,,
2007-08-07,0.116851042,0.033326546,0.091539281,0.004959296,,0.000127865,,,0.000138405,,,,,
2007-08-08,0.095842388,-0.002103394,0.092670144,0.009829215,,0.000127862,,,0.000138405,,,,,
2007-08-09,0.083069104,-0.006191879,0.11547768,0.032267885,,0.000127751,,,0.000138405,,,,,
2007-08-10,0.106994512,0.023013896,0.11543756,0.024788375,,0.00012758,,,0.000138405,,,,,
2007-08-13,0.26888728,0.175016104,0.081785943,-0.008850156,,0.000127409,,,0.000138405,,,,,
2007-08-14,0.083918784,-0.076877487,0.102688625,0.023029051,,0.000127227,,,0.000138405,,,,,
2007-08-15,0.10631943,0.021987564,0.103049771,0.016572135,,0.000127087,,,0.000138405,,,,,
2007-08-16,0.07399664,-0.019595463,0.079691133,-0.006904301,,0.000126944,,,0.000138405,,,,,
2007-08-17,0.068229508,-0.012000629,0.06560145,-0.013374836,,0.000126895,,,0.000138405,,,,,
2007-08-20,0.07823519,0.000389137,0.086726908,0.012346413,,0.000126517,,,0.000138243,,,,,
2007-08-21,0.090781735,0.008799418,0.073434828,-0.007836395,,0.000126517,,,0.000137894,,,,,
2007-08-22,0.096978591,0.009809639,0.114346577,0.037410981,,0.000126517,,,0.000137883,,,,,
2007-08-23,0.095042141,0.005311461,0.078992398,-0.011287843,,0.000125973,,,0.000137853,,,,,
2007-08-24,0.096979174,0.008049007,0.066452037,-0.012296334,,0.000124957,,,0.000137823,,,,,
2007-08-27,0.085590641,-0.00414028,0.111789721,0.037131781,,0.000124936,,,0.000137626,,,,,
2007-08-28,0.088883026,0.003860028,0.075146879,-0.014299364,,0.000124936,,,0.000137421,,,,,
2007-08-29,0.165215743,0.078831701,0.16035506,0.082861025,,0.000124936,,,0.000137386,,,,,
2007-08-30,0.084927237,-0.033012102,0.082885055,-0.02240229,,0.000124936,,,0.000137345,,,,,
2007-08-31,0.127048626,0.042299874,0.098449843,0.01843176,,0.000124936,,,0.000137188,,,,,
2007-09-03,0.101195807,-0.00096557,0.091212998,0.006117974,,0.000124629,,,0.00013706,,,,,
2007-09-04,0.117463029,0.025988989,0.101998009,0.019263508,,0.000124548,,,0.000136827,,,,,
2007-09-05,0.113199945,0.015001173,0.109854551,0.023602181,,0.000124291,,,0.000136592,,,,,
2007-09-06,0.085766504,-0.010669945,0.088029062,-0.000785964,,0.000124291,,,0.000136398,,,,,
2007-09-07,0.089095638,0.00399994,0.080998552,-0.00069741,,0.000124224,,,0.000136185,,,,,
2007-09-10,0.140953711,0.054481777,0.111753955,0.032351214,,0.000123886,,,0.000136164,,,,,
2007-09-11,0.129801159,0.021891539,0.090309637,0.000875061,,0.000123886,,,0.00013613,,,,,
2007-09-12,0.114053171,0.010753921,0.125479685,0.043039843,,0.000123753,,,0.000136078,,,,,
2007-09-13,0.185860249,0.089071083,0.091664991,-0.00224666,,0.00012355,,,0.000135778,,,,,
2007-09-14,0.139914427,0.013440825,0.101617452,0.018735518,,0.000123526,,,0.00013542,,,,,
2007-09-17,0.088877647,-0.018602342,0.129001709,0.04287347,,0.000123354,,,0.000135419,,,,,
2007-09-18,0.103412106,0.017030288,0.095896088,0.000835618,,0.000123354,,,0.000135261,,,,,
2007-09-19,0.127274877,0.034884637,0.118330559,0.034068521,,0.000123354,,,0.000135086,,,,,
2007-09-20,0.121464438,0.019209532,0.141527375,0.049947634,,0.000123354,,,0.000134874,,,,,
2007-09-21,0.163898387,0.064045467,0.080594524,-0.018551582,,0.000123354,,,0.000134874,,,,,
2007-09-24,0.092679882,-0.024714872,0.112925812,0.033654858,,0.000123207,,,0.000134857,,,,,
2007-09-25,0.083113418,-0.004840211,0.074071532,-0.015745282,,0.000123085,,,0.000134857,,,,,
2007-09-26,0.100504049,0.016505114,0.097163164,0.020019887,,0.000123079,,,0.000134857,,,,,
2007-09-27,0.079766819,-0.011421254,0.082660142,-0.002015192,,0.000123045,,,0.000134857,,,,,
2007-09-28,0.102141692,0.019526212,0.121379986,0.041435266,,0.000122862,,,0.000134857,,,,,
2007-10-01,0.103099378,0.011234316,0.109079907,0.0165055,,0.000122862,,,0.000134802,,,,,
2007-10-02,0.10206635,0.009805389,0.111023177,0.022460826,,0.00012282,,,0.000134745,,,,,
2007-10-03,0.07478929,-0.017044625,0.105967147,0.016770937,,0.000122691,,,0.000134558,,,,,
2007-10-04,0.115762685,0.035204874,0.101395685,0.013848657,,0.000122388,,,0.000134477,,,,,
2007-10-05,0.109806234,0.01231037,0.099470674,0.013414771,,0.000122354,,,0.000133897,,,,,
2007-10-08,0.086681645,-0.008351873,0.089032281,0.003604281,,0.000122313,,,0.00013348,,,,,
2007-10-09,0.129762929,0.04428892,0.059715295,-0.022307898,,0.000122061,,,0.000133228,,,,,
2007-10-10,0.09815048,-0.005132966,0.07197833,-0.000482212,,0.000121797,,,0.000132827,,,,,
2007-10-11,0.101869223,0.011654095,0.092049143,0.01558863,,0.000121773,,,0.000131695,,,,,
2007-10-12,0.134494056,0.042741631,0.128455974,0.045448738,,0.000121773,,,0.000131442,,,,,
2007-10-15,0.064481768,-0.040757486,0.056185315,-0.038697146,,0.000121773,,,0.000131332,,,,,
2007-10-16,0.125712132,0.049415363,0.097294367,0.025985238,,0.000121766,,,0.000131308,,,,,
2007-10-17,0.094243331,-0.00736555,0.10507133,0.0203532,,0.000121433,,,0.000131308,,,,,
2007-10-18,0.109950802,0.021350856,0.096187044,0.008932215,,0.000121433,,,0.000131308,,,,,
2007-10-19,0.086691183,-0.008402098,0.067738953,-0.016617989,,0.000121433,,,0.000131308,,,,,
2007-10-22,0.098735377,0.013257425,0.085125502,0.010047794,,0.000121201,,,0.000131308,,,,,
2007-10-23,0.10544809,0.01499117,0.090929989,0.010181115,,0.000121167,,,0.000131308,,,,,
2007-10-24,0.107648457,0.014416559,0.087053063,0.004410873,,0.000121075,,,0.000131308,,,,,
2007-10-25,0.086117705,-0.008023807,0.076061782,-0.005315827,,0.000121013,,,0.000131308,,,,,
2007-10-26,0.077824074,-0.007416807,0.078785622,0.000993163,,0.000121013,,,0.000131308,,,,,
2007-10-29,0.176895661,0.095083296,0.108821272,0.030140347,,0.000120981,,,0.000131308,,,,,
2007-10-30,0.097372582,-0.025395136,0.076230322,-0.012247668,,0.000120853,,,0.000131308,,,,,
2007-10-31,0.106625628,0.016732076,0.084832843,0.006985409,,0.000120508,,,0.000131308,,,,,
2007-11-01,0.11927468,0.025555997,0.099211371,0.018557956,,0.000120235,,,0.000131308,,,,,
2007-11-02,0.100029889,0.001082196,0.084560943,-0.000782477,,0.000120207,,,0.000131308,,,,,
2007-11-05,0.083966822,-0.007025239,0.068672888,-0.011891838,,0.000120191,,,0.000131308,,,,,
2007-11-06,0.147587882,0.063236157,0.108392009,0.033009668,,0.000120191,,,0.0001308,,,,,
2007-11-07,0.119289182,0.008637051,0.104016121,0.015678148,,0.000120191,,,0.000130453,,,,,
2007-11-08,0.115565172,0.016611484,0.088437151,0.001526511,,0.000120191,,,0.000130431,,,,,
2007-11-09,0.08815245,-0.009261764,0.077814958,-0.004014114,,0.000120191,,,0.00013006699999999999,,,,,
2007-11-12,0.118469972,0.032387944,0.107562561,0.029198249,,0.000120191,,,0.000129945,,,,,
2007-11-13,0.15097377,0.052358736,0.115308581,0.027241159,,0.000120157,,,0.00012992,,,,,
2007-11-14,0.153788859,0.041737031,0.116154449,0.025560421,,0.000120005,,,0.000129883,,,,,
2007-11-15,0.145870124,0.032654563,0.112388939,0.021519004,,0.000119823,,,0.000129736,,,,,
2007-11-16,0.094247804,-0.01569422,0.086372899,-0.003268797,,0.000119631,,,0.000129585,,,,,
2007-11-19,0.162128176,0.073526381,0.121605954,0.040450202,,0.000119188,,,0.000129575,,,,,
2007-11-20,0.094959297,-0.021703668,0.086141906,-0.006506208,,0.000119105,,,0.00012938,,,,,
2007-11-21,0.113157352,0.024261432,0.091537894,0.010457488,,0.000119,,,0.000128831,,,,,
2007-11-22,0.108082351,0.011663509,0.090840733,0.008000256,,0.000118714,,,0.00012861,,,,,
2007-11-23,0.099091843,0.004770963,0.091031209,0.008418134,,0.000118649,,,0.000128236,,,,,
2007-11-26,0.113565146,0.022960866,0.092975461,0.010300256,,0.000118649,,,0.000128236,,,,,
2007-11-27,0.118117808,0.021530387,0.079071308,-0.004238076,,0.00011861,,,0.000128236,,,,,
2007-11-28,0.110812379,0.012342927,0.098281389,0.019507279,,0.00011861,,,0.000128087,,,,,
2007-11-29,0.102558635,0.007109185,0.084305454,-0.000734624,,0.00011861,,,0.000127855,,,,,
2007-11-30,0.13604574,0.044008317,0.089220651,0.00873926,,0.00011861,,,0.000127836,,,,,
2007-12-03,0.122458992,0.016578285,0.098761382,0.016676747,,0.00011861,,,0.000127791,,,,,
2007-12-04,0.147847347,0.047583287,0.119343936,0.034147293,,0.000118577,,,0.000127759,,,,,
2007-12-05,0.10348698,-0.007272411,0.094537194,0.002626908,,0.000118361,,,0.000127759,,,,,
2007-12-06,0.093747574,0.001326382,0.119417928,0.035599136,,0.000118341,,,0.000127759,,,,,
2007-12-07,0.122597582,0.034202577,0.128863144,0.036928724,,0.000117964,,,0.000127759,,,,,
2007-12-10,0.139660973,0.03933962,0.13243381,0.037418538,,0.000117852,,,0.000127759,,,,,
2007-12-11,0.11139237,0.004017156,0.096803683,0.000623726,,0.000117546,,,0.000127759,,,,,
2007-12-12,0.120665768,0.024976555,0.115482943,0.030924865,,0.000117506,,,0.000127759,,,,,
2007-12-13,0.1149357,0.015412942,0.127883093,0.037232191,,0.000117462,,,0.000127759,,,,,
2007-12-14,0.090177084,-0.006976911,0.07376283,-0.020932768,,0.000117315,,,0.000127759,,,,,
2007-12-17,0.109848049,0.022929055,0.121218254,0.04417567,,0.000117185,,,0.000127759,,,,,
2007-12-18,0.101124384,0.00607358,0.076705109,-0.015816544,,0.000117148,,,0.000127759,,,,,
2007-12-19,0.088861787,-0.002582728,0.082670855,0.004668554,,0.000117029,,,0.000127759,,,,,
2007-12-20,0.079689201,-0.006686061,0.068897244,-0.011050971,,0.000117029,,,0.000127759,,,,,
2007-12-21,0.104485613,0.021902221,0.080463023,0.005007502,,0.000117029,,,0.000127069,,,,,
2007-12-24,0.0938706,0.001036581,0.076574265,-0.002653796,,0.000117029,,,0.000127017,,,,,
2007-12-25,0.076003432,-0.012442431,0.057187264,-0.020772357,,0.000117029,,,0.000126716,,,,,
2007-12-26,0.040344836,-0.04071489,0.02805863,-0.043577316,,0.000117029,,,0.000126644,,,,,
2007-12-27,0.091178757,0.024859991,0.074572156,0.012437424,,0.000116812,,,0.000126632,,,,,
2007-12-28,0.052635738,-0.034697339,0.048634079,-0.028672492,,0.000116751,,,0.000126628,,,,,
2007-12-31,0.041046039,-0.030353682,0.04707162,-0.021774437,,0.000116551,,,0.000126616,,,,,
2008-01-01,0.046667936,-0.019940702,0.027220688,-0.041115725,,0.000116513,,,0.000126283,,,,,
2008-01-02,0.110520332,0.04158765,0.080371945,0.018510534,,0.000116513,,,0.000126262,,,,,
2008-01-03,0.101252166,0.005923446,0.092805477,0.013607123,,0.000116098,,,0.000126221,,,,,
2008-01-04,0.089806448,-0.001690891,0.08847646,0.005222521,,0.000116098,,,0.000126062,,,,,
2008-01-07,0.125083822,0.038318046,0.098824207,0.016982313,,0.000115951,,,0.000125998,,,,,
2008-01-08,0.093789007,-0.007560136,0.076815371,-0.008401764,,0.000115759,,,0.000125909,,,,,
2008-01-09,0.063969971,-0.024442161,0.067796356,-0.01024191,,0.000115735,,,0.000125905,,,,,
2008-01-10,0.106632621,0.030547425,0.126523279,0.051426846,,0.000115719,,,0.000125546,,,,,
2008-01-11,0.105876408,0.012154835,0.103020418,0.008768366,,0.000115719,,,0.000125546,,,,,
2008-01-14,0.101007921,0.007598959,0.079888755,-0.006697105,,0.000115665,,,0.000125379,,,,,
2008-01-15,0.097293636,0.005897265,0.090292958,0.011252212,,0.000115447,,,0.000125207,,,,,
2008-01-16,0.101246093,0.011385177,0.084624833,0.002190431,,0.000115447,,,0.00012503,,,,,
2008-01-17,0.079961821,-0.011533008,0.07800504,-0.002580525,,0.000115447,,,0.00012503,,,,,
2008-01-18,0.089650866,0.006954775,0.097627862,0.019201549,,0.000115447,,,0.00012503,,,,,
2008-01-21,0.086604656,-9.68e-05,0.11821924,0.03339233,,0.0001153,,,0.00012502,,,,,
2008-01-22,0.10072561,0.015283427,0.083599306,-0.007944125,,0.000115174,,,0.000124841,,,,,
2008-01-23,0.099046903,0.007767238,0.09399747,0.013746411,,0.00011476,,,0.00012421,,,,,
2008-01-24,0.067231853,-0.02335385,0.072665687,-0.010977057,,0.000114291,,,0.00012421,,,,,
2008-01-25,0.055742681,-0.021690949,0.054785797,-0.021898919,,0.000114291,,,0.00012421,,,,,
2008-01-28,0.087450994,0.01476689,0.113588076,0.042735444,,0.000114186,,,0.00012421,,,,,
2008-01-29,0.093349679,0.007557628,0.07220049,-0.017832342,,0.000114087,,,0.00012421,,,,,
2008-01-30,0.075856188,-0.01237433,0.067319764,-0.009213214,,0.000114028,,,0.00012421,,,,,
2008-01-31,0.103614095,0.022615238,0.078221113,0.003280136,,0.000113975,,,0.00012421,,,,,
2008-02-01,0.08269055,-0.00978319,0.084329653,0.005832861,,0.000113951,,,0.000124166,,,,,
2008-02-04,0.078594353,-0.005229772,0.093742284,0.013253,,0.000113866,,,0.00012413,,,,,
2008-02-05,0.076863343,-0.005267449,0.07103488,-0.012524627,,0.000113866,,,0.000123895,,,,,
2008-02-06,0.08381503,0.002399823,0.088110181,0.011957403,,0.000113866,,,0.000123863,,,,,
2008-02-07,0.076941684,-0.007347291,0.070939434,-0.010782987,,0.000113866,,,0.000123841,,,,,
2008-02-08,0.103292265,0.021844673,0.081091904,0.004970259,,0.000113866,,,0.000123489,,,,,
2008-02-11,0.07094946,-0.021391239,0.08711242,0.007679229,,0.000113866,,,0.000123485,,,,,
2008-02-12,0.098950415,0.019979957,0.108048109,0.026651139,,0.000113866,,,0.000123372,,,,,
2008-02-13,0.09088719,0.000341376,0.080167992,-0.008057807,,0.000113866,,,0.000123364,,,,,
2008-02-14,0.070067834,-0.017144713,0.076482452,-0.002649376,,0.000113866,,,0.000123216,,,,,
2008-02-15,0.086445188,0.007839187,0.086320171,0.008390497,,0.000113866,,,0.000123216,,,,,
2008-02-18,0.075777725,-0.009598535,0.102728323,0.02158977,,0.000113838,,,0.000122887,,,,,
2008-02-19,0.078272322,-0.0026941,0.089349211,0.002858627,,0.000113712,,,0.000122845,,,,,
2008-02-20,0.133230241,0.051232574,0.156162856,0.074036286,,0.000113586,,,0.000122519,,,,,
2008-02-21,0.093163725,-0.011553079,0.074490153,-0.029429773,,0.000113416,,,0.000121915,,,,,
2008-02-22,0.077804114,-0.010349532,0.091404689,0.014124865,,0.000113325,,,0.000121824,,,,,
2008-02-25,0.069393047,-0.012411066,0.090386248,0.00758922,,0.000112936,,,0.000120661,,,,,
2008-02-26,0.058570152,-0.019756898,0.081832404,-0.000632427,,0.000112862,,,0.000120661,,,,,
2008-02-27,0.079591463,0.005738505,0.077908874,-0.001765854,,0.000112862,,,0.000120661,,,,,
2008-02-28,0.053126053,-0.029416936,0.066846321,-0.011548625,,0.000112862,,,0.000120661,,,,,
2008-02-29,0.069779342,-0.001823071,0.079451315,0.004664766,,0.000112862,,,0.000120661,,,,,
2008-03-03,0.120496326,0.042009585,0.082870969,0.003972908,,0.000112769,,,0.000120661,,,,,
2008-03-04,0.119705082,0.02025237,0.095671767,0.015658279,,0.000112713,,,0.000120661,,,,,
2008-03-05,0.089633274,-0.009492344,0.104838488,0.02064962,,0.000112646,,,0.000120661,,,,,
2008-03-06,0.078880597,-0.007813591,0.065750507,-0.021428374,,0.00011255,,,0.000120234,,,,,
2008-03-07,0.075735079,-0.006514044,0.073387613,-0.001041502,,0.000112308,,,0.000120211,,,,,
2008-03-10,0.127383568,0.046434776,0.09261249,0.015692295,,0.000112297,,,0.000120211,,,,,
2008-03-11,0.11733815,0.015038311,0.08681299,0.003622001,,0.000112284,,,0.000120118,,,,,
2008-03-12,0.098698447,0.000551299,0.092471367,0.011172066,,0.000112284,,,0.000119844,,,,,
2008-03-13,0.160399438,0.069957785,0.094798225,0.011653267,,0.000112284,,,0.00011983,,,,,
2008-03-14,0.079426493,-0.036521826,0.12206012,0.038156184,,0.000112284,,,0.000119815,,,,,
2008-03-17,0.096587336,0.014112545,0.081418047,-0.011378206,,0.000112284,,,0.000119804,,,,,
2008-03-18,0.089137701,-0.000431237,0.105574377,0.026034805,,0.000112284,,,0.000119425,,,,,
2008-03-19,0.140984712,0.05449539,0.103644032,0.016225118,,0.00011227,,,0.000119185,,,,,
2008-03-20,0.126537737,0.018615301,0.084053796,-0.002735476,,0.000112182,,,0.00011896,,,,,
2008-03-21,0.107432619,0.00548244,0.060806563,-0.019592741,,0.000111869,,,0.000118958,,,,,
2008-03-24,0.127656282,0.033603996,0.077063955,0.004247461,,0.000111671,,,0.000118861,,,,,
2008-03-25,0.089932849,-0.012479727,0.106317677,0.028198328,,0.000111591,,,0.000118618,,,,,
2008-03-26,0.090425006,0.003606977,0.086345563,-0.001315801,,0.000111534,,,0.000118618,,,,,
2008-03-27,0.084939548,-0.002081935,0.086627745,0.00548091,,0.000111521,,,0.000118618,,,,,
2008-03-28,0.094914779,0.010160937,0.094237564,0.012998686,,0.000111497,,,0.000118618,,,,,
2008-03-31,0.091435023,0.002557506,0.092011136,0.008290077,,0.000111433,,,0.000118438,,,,,
2008-04-01,0.101468215,0.014029199,0.080779396,-0.002215443,,0.000111433,,,0.000118358,,,,,
2008-04-02,0.122594917,0.031008265,0.099955527,0.020624271,,0.000111433,,,0.000118356,,,,,
2008-04-03,0.094535272,-0.005784979,0.098716539,0.013130388,,0.000111369,,,0.000118161,,,,,
2008-04-04,0.083602133,-0.005118499,0.080314266,-0.00486775,,0.000110995,,,0.000118143,,,,,
2008-04-07,0.070978169,-0.013222797,0.084612795,0.005433255,,0.000110797,,,0.00011812,,,,,
2008-04-08,0.079629515,0.000647189,0.07934604,-0.001235599,,0.000110703,,,0.000118082,,,,,
2008-04-09,0.104967579,0.02240886,0.115019284,0.036155562,,0.000110703,,,0.000117796,,,,,
2008-04-10,0.095594616,0.002561357,0.119885337,0.029385672,,0.000110703,,,0.000117558,,,,,
2008-04-11,0.094884334,0.005725778,0.085302379,-0.006784502,,0.000110703,,,0.00011738,,,,,
2008-04-14,0.08123533,-0.007629601,0.090262541,0.009455973,,0.000110703,,,0.000117206,,,,,
2008-04-15,0.096787806,0.013565257,0.117195802,0.034771322,,0.000110703,,,0.000117206,,,,,
2008-04-16,0.107159115,0.017507304,0.10362768,0.012418076,,0.000110631,,,0.000117189,,,,,
2008-04-17,0.090080141,-0.00385908,0.091497294,0.004713356,,0.000110535,,,0.000117112,,,,,
2008-04-18,0.088511495,0.001632576,0.108057905,0.025230671,,0.000110005,,,0.000117112,,,,,
2008-04-21,0.083939509,-0.002290945,0.071259755,-0.016969239,,0.000110005,,,0.000117112,,,,,
2008-04-22,0.096769865,0.012429431,0.081332785,0.005106657,,0.000109817,,,0.000117112,,,,,
2008-04-23,0.098167943,0.008523549,0.097398403,0.017886641,,0.000109812,,,0.000117112,,,,,
2008-04-24,0.083949866,-0.006272481,0.079046008,-0.005706056,,0.00010948,,,0.000117112,,,,,
2008-04-25,0.088258199,0.003913484,0.089902003,0.011136145,,0.000109264,,,0.000117112,,,,,
2008-04-28,0.100784836,0.014659092,0.094800267,0.012493387,,0.000109167,,,0.000117112,,,,,
2008-04-29,0.089377399,-0.00192675,0.081528007,-0.002376594,,0.000109121,,,0.000117112,,,,,
2008-04-30,0.046897146,-0.039691265,0.054252826,-0.025322614,,0.000109121,,,0.000117112,,,,,
2008-05-01,0.076970041,0.007942605,0.091660329,0.020981542,,0.000109121,,,0.00011709,,,,,
2008-05-02,0.056745184,-0.024714131,0.054954609,-0.027925804,,0.000109059,,,0.000117,,,,,
2008-05-05,0.096942497,0.023843966,0.071802161,0.000894465,,0.000109021,,,0.000116887,,,,,
2008-05-06,0.099019423,0.009303664,0.114287588,0.037884537,,0.000108954,,,0.000116712,,,,,
2008-05-07,0.10946274,0.018888398,0.125557909,0.03529691,,0.000108576,,,0.000116566,,,,,
2008-05-08,0.096677831,0.00178631,0.112772386,0.018835219,,0.000108478,,,0.000116232,,,,,
2008-05-09,0.076387593,-0.013218754,0.100811215,0.011044446,,0.000108416,,,0.000115918,,,,,
2008-05-12,0.088386674,0.007168138,0.088584039,0.002718779,,0.000108369,,,0.000115907,,,,,
2008-05-13,0.088451266,0.002272412,0.086772101,0.004895117,,0.000108326,,,0.000115659,,,,,
2008-05-14,0.094709861,0.008504305,0.116381191,0.035095226,,0.00010814,,,0.000115606,,,,,
2008-05-15,0.109218073,0.020425268,0.127302824,0.03635893,,0.000107685,,,0.000115606,,,,,
2008-05-16,0.113805224,0.019014847,0.115672838,0.021166512,,0.00010754,,,0.000115606,,,,,
2008-05-19,0.112139606,0.015452939,0.138820176,0.048107333,,0.00010754,,,0.000115435,,,,,
2008-05-20,0.103324307,0.007326193,0.146709419,0.04844635,,0.00010754,,,0.000115415,,,,,
2008-05-21,0.12095099,0.028597046,0.127707784,0.026871392,,0.00010754,,,0.000115413,,,,,
2008-05-22,0.104524084,0.004883418,0.131845636,0.03720722,,0.00010754,,,0.000115412,,,,,
2008-05-23,0.104718083,0.011868161,0.132092497,0.036104392,,0.000107432,,,0.000115412,,,,,
2008-05-26,0.068967052,-0.023963067,0.105845333,0.009776706,,0.000107408,,,0.000115412,,,,,
2008-05-27,0.129987768,0.051836821,0.111852857,0.024345563,,0.000107376,,,0.000115412,,,,,
2008-05-28,0.135671607,0.032295214,0.122420544,0.032953708,,0.000107147,,,0.000115108,,,,,
2008-05-29,0.085859364,-0.019866679,0.106994342,0.014080524,,0.000107147,,,0.000114543,,,,,
2008-05-30,0.09278727,0.007653184,0.116400148,0.028518068,,0.000107147,,,0.000114517,,,,,
2008-06-02,0.084994096,-0.003003927,0.086365158,-0.004584919,,0.000107138,,,0.000114517,,,,,
2008-06-03,0.122160862,0.037384471,0.123410956,0.042257729,,0.000107138,,,0.000114507,,,,,
2008-06-04,0.112325149,0.012184333,0.114656028,0.021419157,,0.000106954,,,0.000114435,,,,,
2008-06-05,0.099660666,0.00358585,0.100492432,0.010111254,,0.000106682,,,0.0001142,,,,,
2008-06-06,0.078807978,-0.012031448,0.079183568,-0.00657771,,0.000106366,,,0.000114125,,,,,
2008-06-09,0.08764157,0.005422468,0.092645909,0.013835182,,0.000106351,,,0.000114042,,,,,
2008-06-10,0.079315558,-0.006555276,0.089321404,0.006119514,,0.000106236,,,0.000113854,,,,,
2008-06-11,0.105620144,0.023191213,0.102784995,0.020667495,,0.000106038,,,0.000113567,,,,,
2008-06-12,0.107117743,0.013814719,0.077124141,-0.009384929,,0.000105958,,,0.000113563,,,,,
2008-06-13,0.066056054,-0.027866065,0.068572546,-0.009566435,,0.000105958,,,0.000113563,,,,,
2008-06-16,0.083121164,0.006173598,0.080080853,0.004731242,,0.000105958,,,0.000113563,,,,,
2008-06-17,0.087629091,0.003626955,0.06820295,-0.010900455,,0.000105958,,,0.000113563,,,,,
2008-06-18,0.086463043,0.000597367,0.07849872,0.003269664,,0.000105958,,,0.000113563,,,,,
2008-06-19,0.103872628,0.018488987,0.085215299,0.006627957,,0.000105958,,,0.000113563,,,,,
2008-06-20,0.048159686,-0.04442093,0.06425949,-0.016518675,,0.000105958,,,0.000113563,,,,,
2008-06-23,0.097266375,0.027717017,0.07987215,0.005929377,,0.000105891,,,0.000113563,,,,,
2008-06-24,0.092355618,0.002505971,0.087171979,0.008136649,,0.000105799,,,0.000113563,,,,,
2008-06-25,0.098048976,0.010229394,0.082603812,0.001187416,,0.000105719,,,0.000113563,,,,,
2008-06-26,0.094233652,0.004060484,0.069438597,-0.01048775,,0.000105312,,,0.000113563,,,,,
2008-06-27,0.084489833,-0.004106112,0.065530171,-0.010101929,,0.000105246,,,0.000113563,,,,,
2008-06-30,0.101966478,0.017398545,0.079152807,0.004795562,,0.000104956,,,0.000113563,,,,,
2008-07-01,0.124445236,0.032652606,0.088381234,0.00958054,,0.000104781,,,0.000113563,,,,,
2008-07-02,0.113238913,0.012153756,0.112516517,0.030705684,,0.000104771,,,0.000113459,,,,,
2008-07-03,0.071820493,-0.024632065,0.08013158,-0.00955173,,0.000104377,,,0.000113399,,,,,
2008-07-04,0.061939558,-0.017390977,0.080887202,0.001767251,,0.000104377,,,0.000113395,,,,,
2008-07-07,0.076889521,0.00164368,0.084398247,0.005031827,,0.000104377,,,0.000113238,,,,,
2008-07-08,0.086999484,0.005573456,0.105532987,0.025021329,,0.000104377,,,0.000113163,,,,,
2008-07-09,0.107143233,0.021537831,0.089782025,0.002376612,,0.000104377,,,0.000112965,,,,,
2008-07-10,0.134856189,0.040923533,0.128101279,0.045833534,,0.000104377,,,0.00011285,,,,,
2008-07-11,0.072142289,-0.033246668,0.066429105,-0.028337661,,0.000104377,,,0.000112602,,,,,
2008-07-14,0.080192685,0.000729122,0.090809862,0.016159401,,0.000104377,,,0.00011229,,,,,
2008-07-15,0.08009312,-0.002698408,0.085688408,0.003085402,,0.00010429,,,0.000112206,,,,,
2008-07-16,0.102997548,0.020247179,0.082706021,0.001773537,,0.000104215,,,0.000112206,,,,,
2008-07-17,0.095485532,0.003266667,0.080897519,0.000937834,,0.000104111,,,0.000112206,,,,,
2008-07-18,0.065485386,-0.023628076,0.06263319,-0.016736596,,0.000104051,,,0.000112206,,,,,
2008-07-21,0.075605926,-0.00110573,0.081678197,0.008265893,,0.000103879,,,0.000112106,,,,,
2008-07-22,0.097752234,0.016856833,0.105243897,0.025619469,,0.000103564,,,0.000111817,,,,,
2008-07-23,0.090087816,3.73e-05,0.080901105,-0.006410013,,0.000103361,,,0.000111817,,,,,
2008-07-24,0.10474382,0.017861728,0.080166855,0.0007959,,0.00010334,,,0.000111778,,,,,
2008-07-25,0.093793877,0.000853118,0.069944548,-0.009186909,,0.000103105,,,0.000111707,,,,,
2008-07-28,0.074273689,-0.014140457,0.070646073,-0.005151059,,0.000102946,,,0.000111654,,,,,
2008-07-29,0.08558304,0.005238374,0.100109331,0.024083374,,0.000102925,,,0.000111654,,,,,
2008-07-30,0.104126663,0.019106807,0.14198506,0.056348741,,0.000102862,,,0.000111644,,,,,
2008-07-31,0.065715038,-0.026970594,0.071616917,-0.027678478,,0.000102862,,,0.000111596,,,,,
2008-08-01,0.084478865,0.007672273,0.089724111,0.013381483,,0.000102862,,,0.000111329,,,,,
2008-08-04,0.093890792,0.009327393,0.093907434,0.011658579,,0.000102849,,,0.000111329,,,,,
2008-08-05,0.120152927,0.031698717,0.116272729,0.032659353,,0.000102795,,,0.000111195,,,,,
2008-08-06,0.096084566,-0.003226187,0.080960334,-0.009948181,,0.000102795,,,0.000111078,,,,,
2008-08-07,0.064559554,-0.024801543,0.054622628,-0.024767648,,0.000102795,,,0.000110985,,,,,
2008-08-08,0.094192145,0.01786322,0.06148834,-0.009311069,,0.000102795,,,0.000110909,,,,,
2008-08-11,0.093573546,0.00499476,0.091006128,0.017967252,,0.000102064,,,0.00011084,,,,,
2008-08-12,0.113977512,0.025654449,0.100223599,0.017556575,,0.00010203,,,0.000110551,,,,,
2008-08-13,0.110284776,0.013526887,0.097709033,0.012035443,,0.000101782,,,0.000110324,,,,,
2008-08-14,0.120735897,0.025504554,0.100714929,0.015861542,,0.000101582,,,0.000110292,,,,,
2008-08-15,0.119459855,0.019908107,0.132261122,0.046427269,,0.000101433,,,0.000110101,,,,,
2008-08-18,0.097375562,-0.001648681,0.077656414,-0.018467215,,0.000101433,,,0.000110015,,,,,
2008-08-19,0.089454671,-0.000440113,0.090945982,0.012633383,,0.000101433,,,0.000110015,,,,,
2008-08-20,0.118853705,0.03223335,0.094319188,0.011671782,,0.000101412,,,0.000110015,,,,,
2008-08-21,0.133417242,0.034643577,0.085620532,0.001872849,,0.000101406,,,0.000110015,,,,,
2008-08-22,0.143977164,0.039183056,0.096690402,0.015780058,,0.000101397,,,0.000110015,,,,,
2008-08-25,0.098120852,-0.011038639,0.083348102,-0.001173026,,0.000101389,,,0.000110015,,,,,
2008-08-26,0.11974945,0.02954657,0.120976395,0.040807275,,0.000101214,,,0.000110015,,,,,
2008-08-27,0.123805181,0.024661221,0.104845021,0.012402258,,0.000101214,,,0.000110015,,,,,
2008-08-28,0.073529306,-0.027291258,0.080820439,-0.006360573,,0.000101214,,,0.000110015,,,,,
2008-08-29,0.112797413,0.032760469,0.10859341,0.029248767,,0.000101214,,,0.000110015,,,,,
2008-09-01,0.100836438,0.004566392,0.086485143,-0.001918523,,0.000101214,,,0.000110015,,,,,
2008-09-02,0.121823884,0.030498403,0.094940978,0.013748614,,0.000101214,,,0.000110015,,,,,
2008-09-03,0.121996904,0.021995392,0.101201955,0.017251456,,0.000101085,,,0.000110015,,,,,
2008-09-04,0.10593132,0.005858282,0.111437827,0.025445115,,0.000100988,,,0.000110015,,,,,
2008-09-05,0.090872201,-0.00255946,0.089661358,0.000329896,,0.000100957,,,0.000110015,,,,,
2008-09-08,0.057911798,-0.029294552,0.079747293,-0.002481093,,0.000100788,,,0.000109546,,,,,
2008-09-09,0.108275027,0.034694228,0.08988025,0.010885646,,0.00010056,,,0.000109497,,,,,
2008-09-10,0.10086177,0.00646124,0.098972989,0.016673205,,0.000100528,,,0.000109419,,,,,
2008-09-11,0.114371296,0.023035343,0.088650652,0.003384987,,0.000100442,,,0.000109213,,,,,
2008-09-12,0.087084008,-0.009836668,0.121562279,0.039663567,,0.000100249,,,0.000109207,,,,,
2008-09-15,0.098775666,0.013135323,0.066659846,-0.025974022,,9.98e-05,,,0.000109155,,,,,
2008-09-16,0.081204279,-0.009269296,0.07067795,-0.004047774,,9.96e-05,,,0.000109,,,,,
2008-09-17,0.111025094,0.027815381,0.09213178,0.016095425,,9.96e-05,,,0.000109,,,,,
2008-09-18,0.114643312,0.019105928,0.085071683,0.002037492,,9.96e-05,,,0.000108945,,,,,
2008-09-19,0.081348652,-0.015684473,0.075055992,-0.005675328,,9.96e-05,,,0.000108804,,,,,
2008-09-22,0.103666481,0.020397086,0.087367186,0.009902797,,9.96e-05,,,0.000108791,,,,,
2008-09-23,0.086013945,-0.006481451,0.079111761,-0.002368309,,9.96e-05,,,0.000108662,,,,,
2008-09-24,0.082944806,-0.002253182,0.086533098,0.007745793,,9.96e-05,,,0.000108614,,,,,
2008-09-25,0.109204284,0.025275052,0.091264038,0.010056033,,9.96e-05,,,0.000108614,,,,,
2008-09-26,0.125643376,0.030858699,0.093865138,0.011113988,,9.95e-05,,,0.000108482,,,,,
2008-09-29,0.087953835,-0.013626623,0.126112948,0.042513368,,9.9e-05,,,0.00010843,,,,,
2008-09-30,0.096104569,0.010104647,0.088430611,-0.005687599,,9.89e-05,,,0.000108359,,,,,
2008-10-01,0.104941229,0.015571863,0.089470856,0.007643917,,9.88e-05,,,0.000108359,,,,,
2008-10-02,0.077752503,-0.015269863,0.066594036,-0.015572212,,9.88e-05,,,0.000108306,,,,,
2008-10-03,0.07955958,-0.002223198,0.095035038,0.02033078,,9.82e-05,,,0.000108208,,,,,
2008-10-06,0.112854708,0.0303249,0.122724172,0.038742993,,9.81e-05,,,0.00010819,,,,,
2008-10-07,0.123648994,0.027355262,0.099001442,0.005988587,,9.81e-05,,,0.00010819,,,,,
2008-10-08,0.080304984,-0.020451013,0.082021326,-0.00325362,,9.81e-05,,,0.000108177,,,,,
2008-10-09,0.099560161,0.016722209,0.10191607,0.02217972,,9.81e-05,,,0.00010812,,,,,
2008-10-10,0.077432494,-0.013365385,0.068142616,-0.018083027,,9.81e-05,,,0.000107825,,,,,
2008-10-13,0.068640977,-0.013009511,0.071876757,-0.003332619,,9.81e-05,,,0.000107792,,,,,
2008-10-14,0.100374116,0.022357965,0.091793879,0.015366496,,9.81e-05,,,0.000107668,,,,,
2008-10-15,0.078412117,-0.012722243,0.080153742,-0.002770232,,9.81e-05,,,0.000107589,,,,,
2008-10-16,0.108261985,0.026206528,0.107545494,0.028418314,,9.81e-05,,,0.000107539,,,,,
2008-10-17,0.065860452,-0.028534686,0.073668243,-0.014393613,,9.81e-05,,,0.000107348,,,,,
2008-10-20,0.071371889,-0.005494817,0.056208527,-0.020803205,,9.81e-05,,,0.000107348,,,,,
2008-10-21,0.133644677,0.05449959,0.122680437,0.051363737,,9.81e-05,,,0.000107348,,,,,
2008-10-22,0.105418394,0.000530266,0.082346114,-0.010652476,,9.8e-05,,,0.000106566,,,,,
2008-10-23,0.077978164,-0.015241458,0.060049019,-0.019793271,,9.79e-05,,,0.000106466,,,,,
2008-10-24,0.070804071,-0.011071993,0.065403936,-0.007165461,,9.79e-05,,,0.000106466,,,,,
2008-10-27,0.068985019,-0.009925337,0.067308342,-0.007007728,,9.79e-05,,,0.000106466,,,,,
2008-10-28,0.084414765,0.006256391,0.085007928,0.010070676,,9.79e-05,,,0.000106466,,,,,
2008-10-29,0.094419951,0.009883051,0.071562189,-0.009148335,,9.79e-05,,,0.000106466,,,,,
2008-10-30,0.081399013,-0.007273947,0.088858411,0.012533634,,9.78e-05,,,0.000106466,,,,,
2008-10-31,0.060360202,-0.022930012,0.077094956,-0.004871523,,9.78e-05,,,0.000106466,,,,,
2008-11-03,0.080646988,0.006054039,0.07526752,-0.002861941,,9.76e-05,,,0.000106466,,,,,
2008-11-04,0.062020385,-0.020958949,0.080781751,0.003248365,,9.73e-05,,,0.000106466,,,,,
2008-11-05,0.093449483,0.018170229,0.092840105,0.013508081,,9.71e-05,,,0.000106466,,,,,
2008-11-06,0.109893161,0.021621385,0.083485807,0.000220574,,9.71e-05,,,0.000106466,,,,,
2008-11-07,0.057693014,-0.037376439,0.063452789,-0.016761248,,9.7e-05,,,0.000106466,,,,,
2008-11-10,0.06876193,-0.004728425,0.083580219,0.009900577,,9.7e-05,,,0.000106466,,,,,
2008-11-11,0.089109836,0.011043684,0.089385577,0.009140745,,9.69e-05,,,0.000106466,,,,,
2008-11-12,0.119584665,0.033106862,0.070208132,-0.011930299,,9.68e-05,,,0.000106466,,,,,
2008-11-13,0.111269579,0.01219374,0.068011535,-0.007871573,,9.68e-05,,,0.000106466,,,,,
2008-11-14,0.094259245,-0.001379207,0.067466278,-0.007700342,,9.67e-05,,,0.000106466,,,,,
2008-11-17,0.080613089,-0.007993436,0.068799781,-0.006188986,,9.65e-05,,,0.0001061,,,,,
2008-11-18,0.103727351,0.020762031,0.085482329,0.010058599,,9.65e-05,,,0.000105928,,,,,
2008-11-19,0.088623664,-0.003896896,0.116413298,0.035548033,,9.65e-05,,,0.000105928,,,,,
2008-11-20,0.086495191,0.000218367,0.075005942,-0.015948424,,9.65e-05,,,0.000105928,,,,,
2008-11-21,0.082325318,-0.003071613,0.068084599,-0.009363465,,9.64e-05,,,0.000105886,,,,,
2008-11-24,0.079288968,-0.004384173,0.074599285,-0.000591167,,9.63e-05,,,0.000105864,,,,,
2008-11-25,0.133129737,0.050711798,0.118674802,0.041359382,,9.62e-05,,,0.000105853,,,,,
2008-11-26,0.104225646,-0.00044961,0.094814263,0.003122236,,9.59e-05,,,0.000105817,,,,,
2008-11-27,0.093859707,0.001133157,0.104943324,0.021034158,,9.57e-05,,,0.000105795,,,,,
2008-11-28,0.098899617,0.010458258,0.081084805,-0.006128271,,9.57e-05,,,0.000105795,,,,,
2008-12-01,0.130769866,0.040245051,0.077134558,-0.002296317,,9.57e-05,,,0.000105491,,,,,
2008-12-02,0.093546877,-0.010152828,0.107499101,0.029356722,,9.57e-05,,,0.000105424,,,,,
2008-12-03,0.074293558,-0.01401848,0.086765072,-0.001281651,,9.57e-05,,,0.000105185,,,,,
2008-12-04,0.103735343,0.023382464,0.101218769,0.019935097,,9.55e-05,,,0.000104956,,,,,
2008-12-05,0.084274314,-0.00824955,0.069037194,-0.016961002,,9.54e-05,,,0.0001049,,,,,
2008-12-08,0.076936471,-0.007542368,0.069803972,-0.005697199,,9.49e-05,,,0.000104868,,,,,
2008-12-09,0.114059747,0.03261431,0.087667761,0.011916482,,9.49e-05,,,0.000104616,,,,,
2008-12-10,0.097116441,0.000324556,0.077493974,-0.004084137,,9.49e-05,,,0.000104596,,,,,
2008-12-11,0.079231719,-0.010555946,0.079505485,0.001245871,,9.49e-05,,,0.000104572,,,,,
2008-12-12,0.061799414,-0.02059486,0.077167092,-0.001748638,,9.49e-05,,,0.000104425,,,,,
2008-12-15,0.072339148,-0.002848758,0.064269064,-0.013883926,,9.48e-05,,,0.000104371,,,,,
2008-12-16,0.075468753,-0.00407619,0.091799757,0.017853861,,9.46e-05,,,0.00010397,,,,,
2008-12-17,0.075922569,-0.004916126,0.059319308,-0.023606584,,9.45e-05,,,0.000103846,,,,,
2008-12-18,0.083023113,0.001996814,0.05811841,-0.014212969,,9.44e-05,,,0.000103817,,,,,
2008-12-19,0.055708747,-0.028252856,0.047255051,-0.024684617,,9.43e-05,,,0.000103798,,,,,
2008-12-22,0.04378876,-0.028881316,0.065605025,-0.002791219,,9.43e-05,,,0.000103583,,,,,
2008-12-23,0.077145945,0.00940349,0.071124121,-0.00325754,,9.43e-05,,,0.000103562,,,,,
2008-12-24,0.087418865,0.005886833,0.042029748,-0.034152139,,9.43e-05,,,0.000103441,,,,,
2008-12-25,0.0376591,-0.04811967,0.030043933,-0.036647916,,9.42e-05,,,0.000103319,,,,,
2008-12-26,0.040881239,-0.024327267,0.046529315,-0.016252985,,9.39e-05,,,0.000103102,,,,,
2008-12-29,0.061422978,-0.005117533,0.045819537,-0.022339986,,9.37e-05,,,0.000102959,,,,,
2008-12-30,0.065521711,-0.00951058,0.053650727,-0.01427728,,9.37e-05,,,0.00010293,,,,,
2008-12-31,0.081416193,0.004689521,0.056860869,-0.013621525,,9.37e-05,,,0.000102917,,,,,
2009-01-01,0.026691398,-0.056605918,0.034181574,-0.037347907,,9.37e-05,,,0.000102917,,,,,
2009-01-02,0.064082179,0.003407628,0.097149629,0.033017708,,9.37e-05,,,0.000102917,,,,,
2009-01-05,0.050471168,-0.025660414,0.067459191,-0.017211729,,9.37e-05,,,0.000102917,,,,,
2009-01-06,0.071315578,0.000810672,0.055852514,-0.019133942,,9.35e-05,,,0.000102917,,,,,
2009-01-07,0.0698427,-0.009279108,0.112826115,0.04162554,,9.33e-05,,,0.000102917,,,,,
2009-01-08,0.074648199,-0.003864734,0.075637056,-0.014147239,,9.33e-05,,,0.000102917,,,,,
2009-01-09,0.073474996,-0.007024489,0.106064068,0.028410147,,9.33e-05,,,0.000102917,,,,,
2009-01-12,0.072265416,-0.007749077,0.05812639,-0.029452252,,9.33e-05,,,0.000102917,,,,,
2009-01-13,0.083331148,0.003816685,0.10763566,0.035693389,,9.33e-05,,,0.000102917,,,,,
2009-01-14,0.082515422,-0.001573521,0.109282385,0.021191119,,9.33e-05,,,0.000102917,,,,,
2009-01-15,0.070310949,-0.013440779,0.10045495,0.011826553,,9.33e-05,,,0.000102917,,,,,
2009-01-16,0.07604564,-0.002660863,0.114216024,0.028466971,,9.33e-05,,,0.000102917,,,,,
2009-01-19,0.081276226,0.00019905,0.072178131,-0.018059526,,9.33e-05,,,0.000102917,,,,,
2009-01-20,0.076022978,-0.007216477,0.088337184,0.011811499,,9.33e-05,,,0.000102917,,,,,
2009-01-21,0.066643757,-0.01442405,0.095221156,0.013424691,,9.33e-05,,,0.000102917,,,,,
2009-01-22,0.08999289,0.012802373,0.098869461,0.014827573,,9.33e-05,,,0.000102917,,,,,
2009-01-23,0.065158442,-0.021684407,0.079171268,-0.006060628,,9.33e-05,,,0.000102917,,,,,
2009-01-26,0.069463096,-0.007113404,0.118344215,0.039537499,,9.33e-05,,,0.000102917,,,,,
2009-01-27,0.077723699,-0.000632309,0.105628438,0.014044243,,9.32e-05,,,0.000102917,,,,,
2009-01-28,0.111396452,0.029625581,0.088833904,0.001397356,,9.29e-05,,,0.000102917,,,,,
2009-01-29,0.084088374,-0.011602527,0.072868991,-0.009089494,,9.29e-05,,,0.000102706,,,,,
2009-01-30,0.069744336,-0.014657637,0.062522112,-0.014228919,,9.28e-05,,,0.000102706,,,,,
2009-02-02,0.080105294,0.001633024,0.074109606,0.000733534,,9.28e-05,,,0.00010268,,,,,
2009-02-03,0.059232268,-0.023523133,0.074135537,-0.003020159,,9.27e-05,,,0.000102589,,,,,
2009-02-04,0.054399361,-0.019727309,0.054351865,-0.022812289,,9.27e-05,,,0.000102341,,,,,
2009-02-05,0.075518029,0.003389242,0.072600961,0.001889869,,9.27e-05,,,0.000102179,,,,,
2009-02-06,0.072289734,-0.008569331,0.060703606,-0.015959999,,9.25e-05,,,0.000102179,,,,,
2009-02-09,0.073355659,-0.006168856,0.083052196,0.010269285,,9.25e-05,,,0.000102179,,,,,
2009-02-10,0.060827987,-0.019137174,0.072087542,-0.007985059,,9.25e-05,,,0.000102179,,,,,
2009-02-11,0.102614136,0.027827809,0.079614135,0.003117999,,9.23e-05,,,0.0001021,,,,,
2009-02-12,0.117167882,0.025107516,0.109774288,0.030823118,,9.21e-05,,,0.000102051,,,,,
2009-02-13,0.103828904,0.005752143,0.077271447,-0.011517399,,9.21e-05,,,0.000102004,,,,,
2009-02-16,0.067550176,-0.025012365,0.076796725,-0.001390304,,9.2e-05,,,0.000101998,,,,,
2009-02-17,0.091736396,0.014171174,0.112858006,0.034825822,,9.17e-05,,,0.000101923,,,,,
2009-02-18,0.108207624,0.020644023,0.104847647,0.01505295,,9.17e-05,,,0.000101843,,,,,
2009-02-19,0.068209834,-0.026162833,0.058514512,-0.028667356,,9.17e-05,,,0.000101707,,,,,
2009-02-20,0.085809367,0.007971447,0.077971666,0.005902797,,9.17e-05,,,0.000101675,,,,,
2009-02-23,0.065696452,-0.019416965,0.073536437,-0.004878991,,9.17e-05,,,0.000101611,,,,,
2009-02-24,0.065002587,-0.011796322,0.10245419,0.025485451,,9.17e-05,,,0.000101272,,,,,
2009-02-25,0.129118367,0.052606296,0.121132109,0.034730942,,9.17e-05,,,0.000101272,,,,,
2009-02-26,0.086230939,-0.01678605,0.093452057,0.000958502,,9.17e-05,,,0.00010116,,,,,
2009-02-27,0.088644863,0.003357171,0.066626222,-0.016838618,,9.17e-05,,,0.000100929,,,,,
2009-03-02,0.084801989,-0.001483598,0.11403917,0.039324413,,9.17e-05,,,0.000100855,,,,,
2009-03-03,0.069108378,-0.015588597,0.069520094,-0.020659876,,9.17e-05,,,0.000100799,,,,,
2009-03-04,0.09215865,0.01394928,0.076612021,0.000953338,,9.14e-05,,,0.000100799,,,,,
2009-03-05,0.091224422,0.003486265,0.095765153,0.017793216,,9.14e-05,,,0.000100762,,,,,
2009-03-06,0.096426598,0.009074643,0.067341722,-0.016877607,,9.14e-05,,,0.000100485,,,,,
2009-03-09,0.076490062,-0.013012428,0.068980156,-0.005967984,,9.13e-05,,,0.000100456,,,,,
2009-03-10,0.090985033,0.009724137,0.089618798,0.014136232,,9.13e-05,,,0.000100446,,,,,
2009-03-11,0.083531533,-0.00372146,0.067949977,-0.014264526,,9.13e-05,,,0.000100369,,,,,
2009-03-12,0.113440314,0.029268534,0.073796874,-0.001349667,,9.11e-05,,,0.000100294,,,,,
2009-03-13,0.083245279,-0.013290537,0.079347119,0.00229343,,9.11e-05,,,0.000100203,,,,,
2009-03-16,0.103629521,0.019576077,0.116450345,0.037586271,,9.11e-05,,,0.000100203,,,,,
2009-03-17,0.120925742,0.028445624,0.073981616,-0.016984835,,9.1e-05,,,0.000100203,,,,,
2009-03-18,0.09157368,-0.008056548,0.124044466,0.046930518,,9.1e-05,,,0.000100094,,,,,
2009-03-19,0.143034652,0.055538317,0.127614609,0.034171098,,9.1e-05,,,0.0001,,,,,
2009-03-20,0.060713289,-0.048056575,0.07586918,-0.018738844,,9.09e-05,,,9.98e-05,,,,,
2009-03-23,0.082650931,0.007912019,0.092086924,0.014357288,,9.09e-05,,,9.94e-05,,,,,
2009-03-24,0.087108613,0.003300867,0.075168522,-0.007851038,,9.08e-05,,,9.94e-05,,,,,
2009-03-25,0.085414422,-0.000236093,0.066091282,-0.011409813,,9.06e-05,,,9.94e-05,,,,,
2009-03-26,0.110577415,0.025627265,0.083472415,0.008932146,,9.06e-05,,,9.94e-05,,,,,
2009-03-27,0.094515773,-0.000836544,0.084844514,0.004634846,,9.06e-05,,,9.94e-05,,,,,
2009-03-30,0.143063118,0.054350546,0.081777441,0.00112022,,9.04e-05,,,9.94e-05,,,,,
2009-03-31,0.112593145,0.003811513,0.083981479,0.004324679,,9.03e-05,,,9.94e-05,,,,,
2009-04-01,0.090084785,-0.006100818,0.070391887,-0.009983829,,9.02e-05,,,9.94e-05,,,,,
2009-04-02,0.090491399,0.00361056,0.093062494,0.017119448,,9.02e-05,,,9.94e-05,,,,,
2009-04-03,0.123747654,0.036698724,0.100009997,0.016672225,,9.01e-05,,,9.93e-05,,,,,
2009-04-06,0.101117201,0.000320418,0.08574944600000001,0.000145528,,9.01e-05,,,9.92e-05,,,,,
2009-04-07,0.13289631,0.041454764,0.116617882,0.035665489,,9.01e-05,,,9.92e-05,,,,,
2009-04-08,0.150285811,0.045707052,0.133965657,0.042944559,,9.01e-05,,,9.92e-05,,,,,
2009-04-09,0.105404343,-0.006363088,0.079711937,-0.016967679,,9.01e-05,,,9.92e-05,,,,,
2009-04-10,0.055871067,-0.037342747,0.047640618,-0.031342454,,9.01e-05,,,9.91e-05,,,,,
2009-04-13,0.089530178,0.016793,0.079296782,0.010774773,,9.01e-05,,,9.88e-05,,,,,
2009-04-14,0.121592442,0.034940873,0.11414644,0.035298784,,9e-05,,,9.87e-05,,,,,
2009-04-15,0.090126721,-0.009779115,0.069024512,-0.021190448,,9e-05,,,9.85e-05,,,,,
2009-04-16,0.101689811,0.014791636,0.09058331,0.015086276,,9e-05,,,9.85e-05,,,,,
2009-04-17,0.081041257,-0.010637001,0.121334037,0.038804928,,9e-05,,,9.83e-05,,,,,
2009-04-20,0.127686845,0.044544524,0.083667222,-0.008892198,,9e-05,,,9.83e-05,,,,,
2009-04-21,0.15115075,0.048725539,0.116433476,0.036160265,,8.99e-05,,,9.81e-05,,,,,
2009-04-22,0.081638689,-0.030486301,0.068273364,-0.022687585,,8.99e-05,,,9.8e-05,,,,,
2009-04-23,0.137047584,0.05365829,0.07071657,-0.004535454,,8.98e-05,,,9.79e-05,,,,,
2009-04-24,0.074047445,-0.032247416,0.075996253,-5.27e-05,,8.97e-05,,,9.79e-05,,,,,
2009-04-27,0.073102424,-0.007148714,0.078995518,0.001224433,,8.97e-05,,,9.77e-05,,,,,
2009-04-28,0.100314461,0.020453986,0.114208903,0.035459514,,8.96e-05,,,9.75e-05,,,,,
2009-04-29,0.102531822,0.011422122,0.101053398,0.010818063,,8.95e-05,,,9.74e-05,,,,,
2009-04-30,0.054462207,-0.037564131,0.062640122,-0.023304133,,8.95e-05,,,9.74e-05,,,,,
2009-05-01,0.063514008,-0.008640759,0.060574314,-0.012840252,,8.93e-05,,,9.74e-05,,,,,
2009-05-04,0.091311882,0.015415176,0.080228588,0.007487851,,8.92e-05,,,9.73e-05,,,,,
2009-05-05,0.074632855,-0.012755255,0.096465771,0.017314178,,8.92e-05,,,9.73e-05,,,,,
2009-05-06,0.088157139,0.007663997,0.073942622,-0.010505236,,8.91e-05,,,9.7e-05,,,,,
2009-05-07,0.120004829,0.033920863,0.098412133,0.021310904,,8.9e-05,,,9.67e-05,,,,,
2009-05-08,0.071661382,-0.027588148,0.072519774,-0.01256295,,8.9e-05,,,9.66e-05,,,,,
2009-05-11,0.094662148,0.015397388,0.09829549,0.021658367,,8.9e-05,,,9.66e-05,,,,,
2009-05-12,0.120703708,0.031930626,0.117606677,0.032562,,8.89e-05,,,9.65e-05,,,,,
2009-05-13,0.09686324,-0.002675201,0.107149033,0.015805409,,8.86e-05,,,9.63e-05,,,,,
2009-05-14,0.103280575,0.01359758,0.136078942,0.048146405,,8.86e-05,,,9.63e-05,,,,,
2009-05-15,0.121321352,0.028985486,0.089648206,-0.007720725,,8.86e-05,,,9.62e-05,,,,,
2009-05-18,0.124192414,0.024398643,0.10847604,0.026251945,,8.86e-05,,,9.62e-05,,,,,
2009-05-19,0.082494652,-0.01848599,0.091934347,0.003568965,,8.86e-05,,,9.62e-05,,,,,
2009-05-20,0.121546605,0.037803463,0.091319403,0.008349611,,8.86e-05,,,9.62e-05,,,,,
2009-05-21,0.104284078,0.00439719,0.079420111,-0.003349098,,8.86e-05,,,9.62e-05,,,,,
2009-05-22,0.124275,0.031524295,0.123223568,0.044335685,,8.86e-05,,,9.62e-05,,,,,
2009-05-25,0.173100617,0.072085833,0.089129094,-0.004046655,,8.86e-05,,,9.6e-05,,,,,
2009-05-26,0.093400951,-0.027797928,0.0796225,-0.002432271,,8.86e-05,,,9.6e-05,,,,,
2009-05-27,0.13580105,0.047549336,0.082118783,0.003164884,,8.86e-05,,,9.6e-05,,,,,
2009-05-28,0.124320432,0.018540878,0.095264864,0.015496725,,8.84e-05,,,9.6e-05,,,,,
2009-05-29,0.138309409,0.037275844,0.098023379,0.013967234,,8.84e-05,,,9.6e-05,,,,,
2009-06-01,0.131023011,0.024206522,0.134632385,0.049676465,,8.84e-05,,,9.6e-05,,,,,
2009-06-02,0.106424865,0.002620511,0.092912934,-0.003984157,,8.84e-05,,,9.59e-05,,,,,
2009-06-03,0.103220166,0.009584477,0.082991371,-0.000297617,,8.83e-05,,,9.58e-05,,,,,
2009-06-04,0.110151405,0.017840511,0.101889939,0.021837178,,8.81e-05,,,9.58e-05,,,,,
2009-06-05,0.102417126,0.007240917,0.085859067,-0.000358052,,8.8e-05,,,9.58e-05,,,,,
2009-06-08,0.083536551,-0.008442372,0.083390871,0.002402722,,8.8e-05,,,9.58e-05,,,,,
2009-06-09,0.150858002,0.066684148,0.105030039,0.024846969,,8.8e-05,,,9.58e-05,,,,,
2009-06-10,0.114070987,0.002067017,0.089754569,0.002513208,,8.79e-05,,,9.58e-05,,,,,
2009-06-11,0.106277739,0.009481208,0.11201615,0.02975736,,8.78e-05,,,9.58e-05,,,,,
2009-06-12,0.124281473,0.030706605,0.136260711,0.046740612,,8.76e-05,,,9.58e-05,,,,,
2009-06-15,0.098439901,-0.002577558,0.097289272,-0.000138948,,8.74e-05,,,9.58e-05,,,,,
2009-06-16,0.0963853,0.006050527,0.107902608,0.02318614,,8.73e-05,,,9.58e-05,,,,,
2009-06-17,0.077788446,-0.011696972,0.070908399,-0.01726994,,8.73e-05,,,9.58e-05,,,,,
2009-06-18,0.098029967,0.016232331,0.11802859,0.041917068,,8.71e-05,,,9.58e-05,,,,,
2009-06-19,0.085446775,-0.004718534,0.113059321,0.021578077,,8.71e-05,,,9.58e-05,,,,,
2009-06-22,0.099915802,0.014952277,0.099584161,0.009723799,,8.71e-05,,,9.58e-05,,,,,
2009-06-23,0.092113402,0.001168505,0.085237915,-0.000227103,,8.71e-05,,,9.58e-05,,,,,
2009-06-24,0.095511382,0.00779193,0.072404446,-0.008381096,,8.71e-05,,,9.58e-05,,,,,
2009-06-25,0.091422994,0.002298846,0.079433629,0.002834124,,8.71e-05,,,9.58e-05,,,,,
2009-06-26,0.111764529,0.024330487,0.090223567,0.011331275,,8.7e-05,,,9.58e-05,,,,,
2009-06-29,0.109370041,0.01352698,0.081528757,-0.000883011,,8.7e-05,,,9.58e-05,,,,,
2009-06-30,0.099833053,0.004979854,0.095169225,0.015593541,,8.7e-05,,,9.58e-05,,,,,
2009-07-01,0.115671356,0.024760666,0.088605068,0.00458012,,8.7e-05,,,9.58e-05,,,,,
2009-07-02,0.095003034,-0.002455076,0.082234123,0.000350279,,8.7e-05,,,9.57e-05,,,,,
2009-07-03,0.076050046,-0.012863955,0.065640536,-0.014165225,,8.7e-05,,,9.57e-05,,,,,
2009-07-06,0.095615798,0.014536801,0.094700393,0.020307149,,8.7e-05,,,9.57e-05,,,,,
2009-07-07,0.10754632,0.018379007,0.080215007,-0.003657017,,8.7e-05,,,9.55e-05,,,,,
2009-07-08,0.1172602,0.023160911,0.108845739,0.029698576,,8.7e-05,,,9.54e-05,,,,,
2009-07-09,0.103767567,0.005652643,0.100482712,0.011996741,,8.7e-05,,,9.52e-05,,,,,
2009-07-10,0.082058632,-0.010478553,0.078923098,-0.00683501,,8.7e-05,,,9.51e-05,,,,,
2009-07-13,0.077460876,-0.006102019,0.054974184,-0.023751583,,8.7e-05,,,9.51e-05,,,,,
2009-07-14,0.093381123,0.011718901,0.067002895,-0.003911185,,8.7e-05,,,9.51e-05,,,,,
2009-07-15,0.102500976,0.014257459,0.077059238,0.002221618,,8.7e-05,,,9.5e-05,,,,,
2009-07-16,0.083939143,-0.008074444,0.068514557,-0.009603254,,8.69e-05,,,9.49e-05,,,,,
2009-07-17,0.07899973,-0.005340553,0.093642809,0.018312113,,8.67e-05,,,9.45e-05,,,,,
2009-07-20,0.07506054,-0.007237831,0.066111127,-0.017415933,,8.66e-05,,,9.45e-05,,,,,
2009-07-21,0.101370112,0.020700169,0.078846733,0.00429999,,8.65e-05,,,9.45e-05,,,,,
2009-07-22,0.082268484,-0.009277613,0.063055723,-0.015645135,,8.64e-05,,,9.42e-05,,,,,
2009-07-23,0.105703865,0.022054218,0.091758051,0.018207924,,8.64e-05,,,9.41e-05,,,,,
2009-07-24,0.087701206,-0.005636427,0.06909468,-0.013817607,,8.63e-05,,,9.4e-05,,,,,
2009-07-27,0.092982854,0.007087367,0.080964703,0.005444782,,8.62e-05,,,9.4e-05,,,,,
2009-07-28,0.086851956,-0.001226919,0.075060877,-0.004330823,,8.61e-05,,,9.4e-05,,,,,
2009-07-29,0.098683279,0.013138864,0.084463553,0.00699757,,8.61e-05,,,9.4e-05,,,,,
2009-07-30,0.088493964,-0.001941419,0.06813881,-0.012394149,,8.57e-05,,,9.4e-05,,,,,
2009-07-31,0.071659777,-0.01456343,0.054177216,-0.021030918,,8.57e-05,,,9.37e-05,,,,,
2009-08-03,0.07172098,-0.007543117,0.05645169,-0.014202434,,8.57e-05,,,9.37e-05,,,,,
2009-08-04,0.108311248,0.029021851,0.06377038,-0.007625636,,8.57e-05,,,9.36e-05,,,,,
2009-08-05,0.091739157,-0.002676347,0.076557705,0.00277447,,8.57e-05,,,9.36e-05,,,,,
2009-08-06,0.08272574,-0.004839002,0.073671381,-0.004282839,,8.56e-05,,,9.36e-05,,,,,
2009-08-07,0.063359978,-0.020478694,0.061421099,-0.015591656,,8.56e-05,,,9.35e-05,,,,,
2009-08-10,0.080631328,0.004798297,0.073660227,0.000643284,,8.56e-05,,,9.35e-05,,,,,
2009-08-11,0.091371455,0.008398595,0.080491209,0.003482092,,8.56e-05,,,9.35e-05,,,,,
2009-08-12,0.099776925,0.012364188,0.089825512,0.010588257,,8.55e-05,,,9.32e-05,,,,,
2009-08-13,0.098984048,0.008096561,0.076309401,-0.005972529,,8.54e-05,,,9.32e-05,,,,,
2009-08-14,0.072100305,-0.018459414,0.086390457,0.008517229,,8.54e-05,,,9.32e-05,,,,,
2009-08-17,0.062919549,-0.016526658,0.066508702,-0.014652777,,8.54e-05,,,9.32e-05,,,,,
2009-08-18,0.16905039,0.093399429,0.077746834,0.00307041,,8.54e-05,,,9.32e-05,,,,,
2009-08-19,0.080199982,-0.039324567,0.076918085,-0.001424007,,8.54e-05,,,9.32e-05,,,,,
2009-08-20,0.101160551,0.018366006,0.078955498,0.000883729,,8.54e-05,,,9.32e-05,,,,,
2009-08-21,0.101279323,0.009819857,0.067380708,-0.011355627,,8.54e-05,,,9.3e-05,,,,,
2009-08-24,0.105800166,0.014291601,0.076030317,0.001069461,,8.54e-05,,,9.3e-05,,,,,
2009-08-25,0.079045998,-0.014331445,0.070001298,-0.007780898,,8.54e-05,,,9.3e-05,,,,,
2009-08-26,0.099988375,0.017670877,0.066657938,-0.009157705,,8.54e-05,,,9.3e-05,,,,,
2009-08-27,0.085214553,-0.005760346,0.072460245,-0.002264857,,8.54e-05,,,9.27e-05,,,,,
2009-08-28,0.078207631,-0.006659896,0.06376483,-0.012852876,,8.54e-05,,,9.25e-05,,,,,
2009-08-31,0.108467169,0.026496245,0.107149935,0.033368511,,8.54e-05,,,9.23e-05,,,,,
2009-09-01,0.094256528,-0.000223432,0.082720053,-0.005212779,,8.54e-05,,,9.23e-05,,,,,
2009-09-02,0.118003862,0.02939846,0.091560787,0.011596525,,8.53e-05,,,9.23e-05,,,,,
2009-09-03,0.125011855,0.026589507,0.090579374,0.007731431,,8.53e-05,,,9.23e-05,,,,,
2009-09-04,0.127199374,0.025879982,0.114289923,0.031762097,,8.53e-05,,,9.23e-05,,,,,
2009-09-07,0.085338207,-0.016885487,0.071947589,-0.018314172,,8.53e-05,,,9.23e-05,,,,,
2009-09-08,0.116111658,0.031193014,0.092189153,0.015738667,,8.53e-05,,,9.23e-05,,,,,
2009-09-09,0.107713154,0.010073027,0.081333652,-0.001719253,,8.53e-05,,,9.23e-05,,,,,
2009-09-10,0.107250837,0.01308258,0.07513503,-0.004377014,,8.52e-05,,,9.23e-05,,,,,
2009-09-11,0.10382112,0.009843981,0.087158994,0.009668824,,8.51e-05,,,9.23e-05,,,,,
2009-09-14,0.13226822,0.039708898,0.121678227,0.040266065,,8.51e-05,,,9.23e-05,,,,,
2009-09-15,0.121927073,0.017607961,0.118374208,0.025702521,,8.51e-05,,,9.23e-05,,,,,
2009-09-16,0.094138093,-0.005906077,0.090575225,-0.001018753,,8.51e-05,,,9.23e-05,,,,,
2009-09-17,0.111076146,0.022519704,0.117008212,0.03448174,,8.5e-05,,,9.23e-05,,,,,
2009-09-18,0.14008385,0.044525362,0.127191545,0.036043129,,8.49e-05,,,9.23e-05,,,,,
2009-09-21,0.082920999,-0.024629028,0.069361477,-0.025108551,,8.49e-05,,,9.23e-05,,,,,
2009-09-22,0.086044796,0.002125405,0.106969554,0.031362608,,8.48e-05,,,9.23e-05,,,,,
2009-09-23,0.089504563,0.004293821,0.116231941,0.028357947,,8.47e-05,,,9.17e-05,,,,,
2009-09-24,0.096885534,0.010244555,0.070212325,-0.020682886,,8.46e-05,,,9.16e-05,,,,,
2009-09-25,0.098599609,0.008907398,0.080662492,0.004778016,,8.46e-05,,,9.15e-05,,,,,
2009-09-28,0.102774202,0.012373407,0.093560122,0.014266997,,8.46e-05,,,9.13e-05,,,,,
2009-09-29,0.085278699,-0.006847837,0.088236848,0.004736758,,8.46e-05,,,9.12e-05,,,,,
2009-09-30,0.113394829,0.028500786,0.086934665,0.005170928,,8.43e-05,,,9.11e-05,,,,,
2009-10-01,0.098138983,0.00162197,0.06031281,-0.02102618,,8.42e-05,,,9.11e-05,,,,,
2009-10-02,0.117647987,0.027437611,0.075868497,0.003213057,,8.42e-05,,,9.1e-05,,,,,
2009-10-05,0.101863614,0.003588382,0.081382598,0.003653185,,8.42e-05,,,9.1e-05,,,,,
2009-10-06,0.08671747,-0.005032637,0.08758387,0.00805586,,8.39e-05,,,9.09e-05,,,,,
2009-10-07,0.120600176,0.035111357,0.062162661,-0.019388087,,8.38e-05,,,9.06e-05,,,,,
2009-10-08,0.099240905,-0.000254737,0.058380537,-0.01487829,,8.38e-05,,,9.05e-05,,,,,
2009-10-09,0.105621568,0.014955667,0.073011573,0.000986404,,8.38e-05,,,9.03e-05,,,,,
2009-10-12,0.090818442,-0.002485171,0.066891174,-0.009906364,,8.38e-05,,,9.01e-05,,,,,
2009-10-13,0.122749962,0.035565836,0.084494532,0.009693353,,8.38e-05,,,8.99e-05,,,,,
2009-10-14,0.131338186,0.030953841,0.073813137,-0.006729927,,8.38e-05,,,8.98e-05,,,,,
2009-10-15,0.0890891,-0.014845544,0.071101953,-0.00595704,,8.38e-05,,,8.98e-05,,,,,
2009-10-16,0.074665741,-0.011803489,0.062503404,-0.013671252,,8.38e-05,,,8.98e-05,,,,,
2009-10-19,0.119423771,0.038917034,0.073982522,0.000612552,,8.38e-05,,,8.98e-05,,,,,
2009-10-20,0.102556337,0.003547011,0.07460368,-0.002510564,,8.38e-05,,,8.96e-05,,,,,
2009-10-21,0.063052712,-0.02898376,0.058860682,-0.018456172,,8.35e-05,,,8.94e-05,,,,,
2009-10-22,0.08023707,0.004531061,0.067869963,-0.004311821,,8.33e-05,,,8.94e-05,,,,,
2009-10-23,0.099971496,0.017161619,0.067364446,-0.007755996,,8.33e-05,,,8.93e-05,,,,,
2009-10-26,0.103299089,0.012331168,0.067412956,-0.007542595,,8.32e-05,,,8.88e-05,,,,,
2009-10-27,0.095496164,0.003152645,0.065469761,-0.009501614,,8.3e-05,,,8.88e-05,,,,,
2009-10-28,0.145148899,0.056031042,0.095589747,0.021252206,,8.3e-05,,,8.87e-05,,,,,
2009-10-29,0.104527097,-0.005116779,0.081403863,-0.002758252,,8.3e-05,,,8.87e-05,,,,,
2009-10-30,0.068822688,-0.02402848,0.059344198,-0.020190747,,8.29e-05,,,8.87e-05,,,,,
2009-11-02,0.100194736,0.022103467,0.088283617,0.01594412,,8.29e-05,,,8.87e-05,,,,,
2009-11-03,0.084940831,-0.006119375,0.08807463,0.006295638,,8.28e-05,,,8.87e-05,,,,,
2009-11-04,0.156119525,0.071365153,0.111836937,0.030126112,,8.23e-05,,,8.87e-05,,,,,
2009-11-05,0.136519584,0.022340545,0.09632472,0.006863076,,8.23e-05,,,8.87e-05,,,,,
2009-11-06,0.101672882,-0.004403708,0.079687936,-0.004713913,,8.22e-05,,,8.87e-05,,,,,
2009-11-09,0.088233698,-0.003437562,0.082757065,0.003781822,,8.22e-05,,,8.87e-05,,,,,
2009-11-10,0.103040596,0.016924982,0.083892298,0.003915963,,8.22e-05,,,8.87e-05,,,,,
2009-11-11,0.126094055,0.033857394,0.098817162,0.018470535,,8.22e-05,,,8.87e-05,,,,,
2009-11-12,0.117432645,0.01566588,0.142784854,0.057570017,,8.22e-05,,,8.87e-05,,,,,
2009-11-13,0.11299839,0.014812178,0.149272421,0.049716148,,8.22e-05,,,8.87e-05,,,,,
2009-11-16,0.105917383,0.009564255,0.080507367,-0.021165029,,8.22e-05,,,8.87e-05,,,,,
2009-11-17,0.083434411,-0.009991489,0.076424104,-0.002818421,,8.22e-05,,,8.87e-05,,,,,
2009-11-18,0.127969112,0.043837482,0.087450536,0.009539894,,8.22e-05,,,8.87e-05,,,,,
2009-11-19,0.115459412,0.012917514,0.08957055,0.008063293,,8.22e-05,,,8.87e-05,,,,,
2009-11-20,0.125507629,0.028137135,0.10161738,0.019418614,,8.22e-05,,,8.87e-05,,,,,
2009-11-23,0.08163964,-0.019884701,0.074727061,-0.011401154,,8.22e-05,,,8.87e-05,,,,,
2009-11-24,0.113710626,0.030320939,0.106104355,0.028747256,,8.22e-05,,,8.86e-05,,,,,
2009-11-25,0.1258053,0.02915774,0.083266431,-0.004325352,,8.22e-05,,,8.85e-05,,,,,
2009-11-26,0.086377202,-0.015270194,0.088027319,0.007884839,,8.2e-05,,,8.84e-05,,,,,
2009-11-27,0.091413095,0.00606494,0.065950279,-0.015745114,,8.19e-05,,,8.84e-05,,,,,
2009-11-30,0.148121523,0.060691572,0.100077306,0.025583029,,8.19e-05,,,8.82e-05,,,,,
2009-12-01,0.092659169,-0.018213564,0.08039597,-0.005229902,,8.19e-05,,,8.82e-05,,,,,
2009-12-02,0.124554297,0.03660923,0.087176701,0.007970511,,8.18e-05,,,8.81e-05,,,,,
2009-12-03,0.143296649,0.042166406,0.11386253,0.032444593,,8.17e-05,,,8.81e-05,,,,,
2009-12-04,0.130256135,0.021377964,0.08594409,-0.004178264,,8.17e-05,,,8.81e-05,,,,,
2009-12-07,0.110152496,0.006665162,0.121055581,0.040039698,,8.17e-05,,,8.81e-05,,,,,
2009-12-08,0.161015704,0.065839045,0.111988327,0.019519735,,8.16e-05,,,8.81e-05,,,,,
2009-12-09,0.134850771,0.018647693,0.095384952,0.005873928,,8.16e-05,,,8.81e-05,,,,,
2009-12-10,0.127310791,0.021924074,0.109756158,0.025660843,,8.15e-05,,,8.8e-05,,,,,
2009-12-11,0.144969689,0.042699936,0.097684976,0.008902044,,8.14e-05,,,8.79e-05,,,,,
2009-12-14,0.124839233,0.015269441,0.170173809,0.08532827,,8.14e-05,,,8.79e-05,,,,,
2009-12-15,0.131780902,0.03053287,0.12306986,0.014579823,,8.14e-05,,,8.75e-05,,,,,
2009-12-16,0.110725525,0.006607865,0.116922885,0.023797273,,8.14e-05,,,8.73e-05,,,,,
2009-12-17,0.169175137,0.073761592,0.111973225,0.020852641,,8.14e-05,,,8.73e-05,,,,,
2009-12-18,0.108903888,-0.01067223,0.109739367,0.020233269,,8.12e-05,,,8.72e-05,,,,,
2009-12-21,0.096534839,0.001874343,0.086356925,-0.00242053,,8.11e-05,,,8.72e-05,,,,,
2009-12-22,0.099975139,0.010427902,0.102478449,0.021327907,,8.11e-05,,,8.72e-05,,,,,
2009-12-23,0.077434489,-0.013534938,0.072216673,-0.014192408,,8.1e-05,,,8.71e-05,,,,,
2009-12-24,0.110134571,0.028483257,0.059446209,-0.017092048,,8.1e-05,,,8.68e-05,,,,,
2009-12-25,0.087134101,-0.008035149,0.048137081,-0.02423569,,8.1e-05,,,8.67e-05,,,,,
2009-12-28,0.076110612,-0.009550439,0.063048029,-0.005635917,,8.09e-05,,,8.67e-05,,,,,
2009-12-29,0.067707143,-0.013396892,0.076196245,0.002648628,,8.07e-05,,,8.66e-05,,,,,
2009-12-30,0.080462507,0.002832396,0.063834962,-0.014001356,,8.07e-05,,,8.66e-05,,,,,
2009-12-31,0.106821619,0.023918548,0.099559412,0.025755112,,8.07e-05,,,8.66e-05,,,,,
2010-01-01,0.023638451,-0.070161252,0.019502203,-0.065954742,,8.07e-05,,,8.66e-05,,,,,
2010-01-04,0.058732991,-0.000679497,0.06246465,0.003120864,,8.07e-05,,,8.66e-05,,,,,
2010-01-05,0.066183787,-0.007736487,0.081132617,0.007775287,,8.07e-05,,,8.66e-05,,,,,
2010-01-06,0.101182524,0.024182155,0.069771665,-0.009674805,,8.07e-05,,,8.61e-05,,,,,
2010-01-07,0.088141251,-0.003327299,0.082889434,0.007148693,,8.07e-05,,,8.59e-05,,,,,
2010-01-08,0.079645896,-0.006431502,0.07294417,-0.007075341,,8.07e-05,,,8.57e-05,,,,,
2010-01-11,0.121022605,0.038457115,0.113953684,0.037178132,,8.07e-05,,,8.56e-05,,,,,
2010-01-12,0.099419429,-0.000250841,0.085099953,-0.005052133,,8.07e-05,,,8.55e-05,,,,,
2010-01-13,0.095768542,0.00502884,0.093391186,0.012650645,,8.07e-05,,,8.53e-05,,,,,
2010-01-14,0.119008185,0.029777729,0.084484146,0.001039161,,8.07e-05,,,8.53e-05,,,,,
2010-01-15,0.096469535,-0.002367992,0.095246144,0.014706468,,8.07e-05,,,8.53e-05,,,,,
2010-01-18,0.092717743,0.003197503,0.080040044,-0.004009994,,8.06e-05,,,8.53e-05,,,,,
2010-01-19,0.076826199,-0.011143082,0.074707867,-0.004382227,,8.05e-05,,,8.52e-05,,,,,
2010-01-20,0.141743345,0.060343493,0.10408187,0.026731032,,8.04e-05,,,8.52e-05,,,,,
2010-01-21,0.131541812,0.023305763,0.083518282,-0.003413804,,8.04e-05,,,8.52e-05,,,,,
2010-01-22,0.10352744,-0.000491382,0.09089182,0.01066719,,8.04e-05,,,8.52e-05,,,,,
2010-01-25,0.13937017,0.046932252,0.091014961,0.008385222,,8.04e-05,,,8.52e-05,,,,,
2010-01-26,0.10861801,0.001363012,0.090069305,0.007399399,,8.04e-05,,,8.52e-05,,,,,
2010-01-27,0.144297903,0.049755586,0.080155481,-0.002205969,,8.02e-05,,,8.52e-05,,,,,
2010-01-28,0.099941117,-0.009350964,0.066362534,-0.012765213,,8.01e-05,,,8.52e-05,,,,,
2010-01-29,0.09768961,0.006734248,0.070263127,-0.00436562,,8.01e-05,,,8.52e-05,,,,,
2010-02-01,0.113046604,0.023021995,0.073747009,-0.002154038,,8.01e-05,,,8.52e-05,,,,,
2010-02-02,0.092286858,-0.004086202,0.076771912,-0.000265512,,8e-05,,,8.52e-05,,,,,
2010-02-03,0.111021871,0.023230714,0.072847685,-0.005176405,,8e-05,,,8.52e-05,,,,,
2010-02-04,0.070581631,-0.024954422,0.052305901,-0.02443818,,8e-05,,,8.52e-05,,,,,
2010-02-05,0.080402599,0.001584199,0.102192002,0.032148265,,8e-05,,,8.52e-05,,,,,
2010-02-08,0.095863389,0.012985084,0.068850997,-0.017464649,,8e-05,,,8.52e-05,,,,,
2010-02-09,0.103166006,0.013896341,0.067702185,-0.007738252,,7.99e-05,,,8.52e-05,,,,,
2010-02-10,0.14380538,0.051516876,0.104876579,0.029810864,,7.99e-05,,,8.5e-05,,,,,
2010-02-11,0.104920288,-0.004168188,0.081462263,-0.005729042,,7.98e-05,,,8.5e-05,,,,,
2010-02-12,0.108552311,0.015538601,0.080095038,0.000541044,,7.95e-05,,,8.49e-05,,,,,
2010-02-15,0.110806812,0.016291655,0.065939315,-0.013168717,,7.95e-05,,,8.48e-05,,,,,
2010-02-16,0.105630317,0.010183169,0.068443272,-0.006047428,,7.94e-05,,,8.47e-05,,,,,
2010-02-17,0.13776083,0.0444536,0.078208377,0.002900933,,7.93e-05,,,8.47e-05,,,,,
2010-02-18,0.118226607,0.011636896,0.089631996,0.011139358,,7.92e-05,,,8.47e-05,,,,,
2010-02-19,0.10088851,0.002374081,0.066679872,-0.015538936,,7.92e-05,,,8.44e-05,,,,,
2010-02-22,0.113512688,0.022165681,0.090499232,0.015766975,,7.91e-05,,,8.43e-05,,,,,
2010-02-23,0.141686454,0.045120719,0.09598904,0.013487356,,7.91e-05,,,8.43e-05,,,,,
2010-02-24,0.132321641,0.024109111,0.099160525,0.014868169,,7.91e-05,,,8.43e-05,,,,,
2010-02-25,0.135647027,0.031305831,0.10263266,0.017305825,,7.91e-05,,,8.41e-05,,,,,
2010-02-26,0.124643894,0.018928012,0.098090666,0.011631285,,7.91e-05,,,8.41e-05,,,,,
2010-03-01,0.121312322,0.020145041,0.087707169,0.002729302,,7.91e-05,,,8.41e-05,,,,,
2010-03-02,0.135192645,0.035402608,0.094545591,0.012954625,,7.91e-05,,,8.41e-05,,,,,
2010-03-03,0.12051835,0.014990305,0.080034053,-0.003787478,,7.91e-05,,,8.41e-05,,,,,
2010-03-04,0.111904058,0.012442242,0.154054239,0.074966099,,7.91e-05,,,8.41e-05,,,,,
2010-03-05,0.081436453,-0.014464287,0.090749617,-0.012482518,,7.91e-05,,,8.39e-05,,,,,
2010-03-08,0.085488121,0.002182429,0.075524577,-0.007058778,,7.91e-05,,,8.37e-05,,,,,
2010-03-09,0.14300911,0.058028494,0.103198865,0.025581632,,7.9e-05,,,8.37e-05,,,,,
2010-03-10,0.118485574,0.009726269,0.076748205,-0.009895862,,7.9e-05,,,8.37e-05,,,,,
2010-03-11,0.119600795,0.020979312,0.077184323,-0.000832034,,7.9e-05,,,8.37e-05,,,,,
2010-03-12,0.169853626,0.070771119,0.087045228,0.008886617,,7.89e-05,,,8.37e-05,,,,,
2010-03-15,0.122852885,0.002996286,0.080469332,-0.000905721,,7.88e-05,,,8.36e-05,,,,,
2010-03-16,0.114512776,0.014085883,0.075901967,-0.003328153,,7.87e-05,,,8.34e-05,,,,,
2010-03-17,0.129799027,0.032819864,0.076412309,-0.001328022,,7.86e-05,,,8.34e-05,,,,,
2010-03-18,0.127820315,0.024521946,0.087744304,0.00983751,,7.86e-05,,,8.34e-05,,,,,
2010-03-19,0.158059305,0.055578919,0.089928193,0.008325114,,7.86e-05,,,8.34e-05,,,,,
2010-03-22,0.108257189,-0.006723739,0.104062819,0.021747397,,7.86e-05,,,8.34e-05,,,,,
2010-03-23,0.11379231,0.019399154,0.071195056,-0.015730816,,7.85e-05,,,8.34e-05,,,,,
2010-03-24,0.112288302,0.015606974,0.060440603,-0.015764422,,7.85e-05,,,8.34e-05,,,,,
2010-03-25,0.149001756,0.052942172,0.082342997,0.009645873,,7.84e-05,,,8.34e-05,,,,,
2010-03-26,0.101633762,-0.009602851,0.079711535,-0.000129739,,7.83e-05,,,8.34e-05,,,,,
2010-03-29,0.121253774,0.029598686,0.076080394,-0.002902546,,7.83e-05,,,8.33e-05,,,,,
2010-03-30,0.109481831,0.009715997,0.08373618,0.00593765,,7.83e-05,,,8.32e-05,,,,,
2010-03-31,0.103439044,0.008539631,0.095847872,0.015552168,,7.83e-05,,,8.28e-05,,,,,
2010-04-01,0.102224151,0.009822775,0.092685514,0.008439203,,7.81e-05,,,8.26e-05,,,,,
2010-04-02,0.103951743,0.012052594,0.045911826,-0.037302982,,7.8e-05,,,8.26e-05,,,,,
2010-04-05,0.091890634,-0.000722687,0.062912497,-0.005045613,,7.77e-05,,,8.26e-05,,,,,
2010-04-06,0.116500473,0.028873111,0.08865101,0.015147601,,7.75e-05,,,8.25e-05,,,,,
2010-04-07,0.120170185,0.022369326,0.108206052,0.026307223,,7.75e-05,,,8.25e-05,,,,,
2010-04-08,0.112926753,0.013608866,0.08169888,-0.006578437,,7.75e-05,,,8.24e-05,,,,,
2010-04-09,0.111297262,0.014973748,0.074999596,-0.004631578,,7.75e-05,,,8.24e-05,,,,,
2010-04-12,0.094005595,-0.001644301,0.083305792,0.005859797,,7.75e-05,,,8.22e-05,,,,,
2010-04-13,0.099229041,0.010727372,0.078035016,-0.002120304,,7.75e-05,,,8.21e-05,,,,,
2010-04-14,0.112499124,0.021838128,0.072168554,-0.006267537,,7.75e-05,,,8.19e-05,,,,,
2010-04-15,0.099303914,0.003157178,0.079234292,0.002711731,,7.75e-05,,,8.18e-05,,,,,
2010-04-16,0.104434113,0.013742165,0.076931191,-0.001896082,,7.75e-05,,,8.18e-05,,,,,
2010-04-19,0.063252048,-0.029560681,0.062927298,-0.015148746,,7.75e-05,,,8.17e-05,,,,,
2010-04-20,0.113891385,0.038102972,0.074301583,0.000793346,,7.75e-05,,,8.17e-05,,,,,
2010-04-21,0.11813309,0.021410806,0.090762485,0.01354417,,7.75e-05,,,8.16e-05,,,,,
2010-04-22,0.081138072,-0.017337698,0.065863616,-0.016723936,,7.75e-05,,,8.16e-05,,,,,
2010-04-23,0.0804412,-0.002741143,0.065811878,-0.008654131,,7.73e-05,,,8.16e-05,,,,,
2010-04-26,0.146320175,0.063425913,0.0831972,0.008748067,,7.73e-05,,,8.16e-05,,,,,
2010-04-27,0.109117498,-0.001010574,0.070492946,-0.009626952,,7.73e-05,,,8.16e-05,,,,,
2010-04-28,0.11496595,0.020217149,0.079341498,0.003365488,,7.72e-05,,,8.16e-05,,,,,
2010-04-29,0.08908683,-0.008079671,0.081927519,0.003065278,,7.71e-05,,,8.16e-05,,,,,
2010-04-30,0.089617209,0.003148917,0.064611384,-0.015094368,,7.71e-05,,,8.16e-05,,,,,
2010-05-03,0.111306073,0.024618527,0.082141561,0.008084007,,7.71e-05,,,8.16e-05,,,,,
2010-05-04,0.113070158,0.017416619,0.087718413,0.007942844,,7.71e-05,,,8.16e-05,,,,,
2010-05-05,0.100667659,0.004284862,0.059863782,-0.021730852,,7.69e-05,,,8.16e-05,,,,,
2010-05-06,0.081045292,-0.010210417,0.078247032,0.005738056,,7.66e-05,,,8.16e-05,,,,,
2010-05-07,0.065812545,-0.017331444,0.058572192,-0.019933054,,7.66e-05,,,8.16e-05,,,,,
2010-05-10,0.100892423,0.024045522,0.077490492,0.005402808,,7.65e-05,,,8.16e-05,,,,,
2010-05-11,0.13633217,0.044983546,0.085501851,0.007243374,,7.64e-05,,,8.16e-05,,,,,
2010-05-12,0.125902067,0.019902953,0.088416188,0.007544555,,7.64e-05,,,8.16e-05,,,,,
2010-05-13,0.167726799,0.0660394,0.092350811,0.010528577,,7.64e-05,,,8.16e-05,,,,,
2010-05-14,0.10882417,-0.010153218,0.088824776,0.005719141,,7.64e-05,,,8.16e-05,,,,,
2010-05-17,0.119474716,0.024847175,0.087479722,0.005524214,,7.64e-05,,,8.16e-05,,,,,
2010-05-18,0.104203792,0.005173406,0.085035398,0.003518621,,7.64e-05,,,8.16e-05,,,,,
2010-05-19,0.130573555,0.037856038,0.119268535,0.03854905,,7.63e-05,,,8.16e-05,,,,,
2010-05-20,0.134343007,0.030724455,0.091235471,-0.00065022,,7.62e-05,,,8.16e-05,,,,,
2010-05-21,0.095123172,-0.010053639,0.084668383,0.001926552,,7.61e-05,,,8.16e-05,,,,,
2010-05-24,0.10752264,0.018558975,0.071169161,-0.00943061,,7.6e-05,,,8.16e-05,,,,,
2010-05-25,0.118882938,0.024793438,0.094004164,0.017807585,,7.6e-05,,,8.16e-05,,,,,
2010-05-26,0.129498505,0.030712755,0.083070529,-0.000574399,,7.6e-05,,,8.16e-05,,,,,
2010-05-27,0.133742947,0.030568811,0.096139591,0.01606101,,7.59e-05,,,8.16e-05,,,,,
2010-05-28,0.103859293,-0.001069459,0.070518634,-0.013822829,,7.59e-05,,,8.16e-05,,,,,
2010-05-31,0.090370256,-0.002204847,0.068840467,-0.007143922,,7.59e-05,,,8.16e-05,,,,,
2010-06-01,0.102871341,0.015872491,0.089383071,0.013946069,,7.59e-05,,,8.16e-05,,,,,
2010-06-02,0.0969252,0.004758508,0.071580431,-0.010557182,,7.59e-05,,,8.16e-05,,,,,
2010-06-03,0.099426676,0.009718068,0.09749684,0.021166113,,7.59e-05,,,8.16e-05,,,,,
2010-06-04,0.099720845,0.008978148,0.080248592,-0.004535581,,7.59e-05,,,8.16e-05,,,,,
2010-06-07,0.100517443,0.009653139,0.082321954,0.003163837,,7.59e-05,,,8.16e-05,,,,,
2010-06-08,0.108915706,0.017722096,0.068760578,-0.011073832,,7.59e-05,,,8.16e-05,,,,,
2010-06-09,0.129986105,0.035320724,0.080600933,0.005189989,,7.59e-05,,,8.16e-05,,,,,
2010-06-10,0.102241908,-0.001133797,0.108356458,0.029083412,,7.59e-05,,,8.12e-05,,,,,
2010-06-11,0.086832631,-0.005073859,0.077611082,-0.010715295,,7.59e-05,,,8.12e-05,,,,,
2010-06-14,0.093712575,0.008176149,0.067870631,-0.010427181,,7.59e-05,,,8.11e-05,,,,,
2010-06-15,0.113446236,0.0250657,0.095292075,0.020171416,,7.59e-05,,,8.1e-05,,,,,
2010-06-16,0.119881627,0.023343363,0.07523986,-0.00882516,,7.59e-05,,,8.1e-05,,,,,
2010-06-17,0.098606476,-0.000592124,0.076527611,-0.000996753,,7.58e-05,,,8.08e-05,,,,,
2010-06-18,0.082084611,-0.008319022,0.08678672,0.008842316,,7.57e-05,,,8.07e-05,,,,,
2010-06-21,0.10764742,0.024073786,0.076838693,-0.00445204,,7.57e-05,,,8.06e-05,,,,,
2010-06-22,0.186853032,0.092711949,0.073334527,-0.004711346,,7.57e-05,,,8.06e-05,,,,,
2010-06-23,0.107197272,-0.019686738,0.100418573,0.023515693,,7.57e-05,,,8.05e-05,,,,,
2010-06-24,0.137396056,0.043441061,0.085178402,-0.000558785,,7.53e-05,,,8.05e-05,,,,,
2010-06-25,0.132841163,0.026402247,0.072916915,-0.007849215,,7.53e-05,,,8.05e-05,,,,,
2010-06-28,0.121113385,0.016557423,0.065317682,-0.011448981,,7.52e-05,,,8.04e-05,,,,,
2010-06-29,0.10152012,0.001812322,0.074701527,0.000413592,,7.5e-05,,,8.04e-05,,,,,
2010-06-30,0.216649003,0.125040894,0.06104051,-0.01630826,,7.47e-05,,,8.02e-05,,,,,
2010-07-01,0.167026601,0.02782519,0.084270129,0.011377327,,7.47e-05,,,8.02e-05,,,,,
2010-07-02,0.08684657,-0.031841361,0.062111115,-0.018358753,,7.46e-05,,,8.02e-05,,,,,
2010-07-05,0.09377019,0.008228002,0.051214603,-0.02202741,,7.43e-05,,,8.02e-05,,,,,
2010-07-06,0.081490218,-0.006914136,0.075417642,0.005729866,,7.43e-05,,,8.01e-05,,,,,
2010-07-07,0.127612369,0.044284451,0.08324708,0.005664727,,7.43e-05,,,8.01e-05,,,,,
2010-07-08,0.107112077,0.004717654,0.080750394,0.000614225,,7.43e-05,,,8.01e-05,,,,,
2010-07-09,0.098397818,0.004478042,0.063923086,-0.01539871,,7.43e-05,,,8.01e-05,,,,,
2010-07-12,0.121266317,0.030948942,0.061013865,-0.012819179,,7.43e-05,,,8.01e-05,,,,,
2010-07-13,0.142080063,0.042309044,0.071846119,-0.001037992,,7.43e-05,,,8.01e-05,,,,,
2010-07-14,0.11244645,0.004071205,0.055410966,-0.021006423,,7.43e-05,,,8.01e-05,,,,,
2010-07-15,0.089578628,-0.006546333,0.056800314,-0.014256236,,7.43e-05,,,8e-05,,,,,
2010-07-16,0.099182284,0.012510687,0.06934304,-0.00216669,,7.43e-05,,,8e-05,,,,,
2010-07-19,0.098507511,0.007865844,0.059677217,-0.015923714,,7.43e-05,,,7.99e-05,,,,,
2010-07-20,0.117575698,0.027212976,0.074648982,0.00220086,,7.43e-05,,,7.99e-05,,,,,
2010-07-21,0.056976894,-0.041268454,0.083340956,0.006009326,,7.43e-05,,,7.99e-05,,,,,
2010-07-22,0.073824701,0.000630383,0.04979119,-0.030375599,,7.43e-05,,,7.99e-05,,,,,
2010-07-23,0.082739379,0.002580321,0.057155926,-0.01206756,,7.43e-05,,,7.98e-05,,,,,
2010-07-26,0.099436065,0.015591754,0.063882119,-0.007743605,,7.43e-05,,,7.98e-05,,,,,
2010-07-27,0.070290241,-0.020456338,0.062765192,-0.01105449,,7.43e-05,,,7.97e-05,,,,,
2010-07-28,0.06791097,-0.010786972,0.054593058,-0.018862303,,7.43e-05,,,7.96e-05,,,,,
2010-07-29,0.092774799,0.015060427,0.072852643,0.002062879,,7.43e-05,,,7.95e-05,,,,,
2010-07-30,0.170843771,0.082850904,0.051887892,-0.024857806,,7.43e-05,,,7.93e-05,,,,,
2010-08-02,0.090858728,-0.02940719,0.061037741,-0.008869649,,7.43e-05,,,7.92e-05,,,,,
2010-08-03,0.075351261,-0.011849519,0.065763682,-0.007128217,,7.42e-05,,,7.91e-05,,,,,
2010-08-04,0.095581214,0.014791089,0.074771004,0.000337592,,7.4e-05,,,7.91e-05,,,,,
2010-08-05,0.073297079,-0.015855937,0.070474178,-0.006897254,,7.38e-05,,,7.89e-05,,,,,
2010-08-06,0.073257432,-0.006683511,0.060930486,-0.015039402,,7.38e-05,,,7.89e-05,,,,,
2010-08-09,0.096315388,0.016390834,0.071226696,-0.001630219,,7.38e-05,,,7.88e-05,,,,,
2010-08-10,0.090688765,0.001232248,0.08266185,0.006446505,,7.37e-05,,,7.86e-05,,,,,
2010-08-11,0.093627959,0.006497441,0.069793967,-0.01015131,,7.37e-05,,,7.84e-05,,,,,
2010-08-12,0.091355441,0.003009884,0.102000809,0.026252794,,7.37e-05,,,7.84e-05,,,,,
2010-08-13,0.072739439,-0.014666678,0.055919747,-0.030333536,,7.36e-05,,,7.84e-05,,,,,
2010-08-16,0.094407151,0.014696731,0.059586266,-0.01163624,,7.36e-05,,,7.81e-05,,,,,
2010-08-17,0.170763284,0.082095616,0.053291402,-0.019127053,,7.32e-05,,,7.81e-05,,,,,
2010-08-18,0.109728578,-0.010504067,0.063472279,-0.00689291,,7.3e-05,,,7.81e-05,,,,,
2010-08-19,0.206582689,0.111581273,0.05681858,-0.016867419,,7.3e-05,,,7.81e-05,,,,,
2010-08-20,0.157623862,0.022583779,0.073038699,0.001523011,,7.29e-05,,,7.81e-05,,,,,
2010-08-23,0.107191773,-0.007609146,0.07995196,0.003145573,,7.29e-05,,,7.81e-05,,,,,
2010-08-24,0.09716928,0.003216558,0.05644663,-0.022614732,,7.29e-05,,,7.81e-05,,,,,
2010-08-25,0.145865541,0.056056032,0.071209998,-0.000184367,,7.28e-05,,,7.81e-05,,,,,
2010-08-26,0.193976807,0.084036678,0.061204973,-0.015004925,,7.28e-05,,,7.81e-05,,,,,
2010-08-27,0.170160905,0.040331987,0.066793143,-0.006153304,,7.27e-05,,,7.81e-05,,,,,
2010-08-30,0.088749255,-0.031234371,0.053281355,-0.021487849,,7.27e-05,,,7.81e-05,,,,,
2010-08-31,0.085419182,-0.00090956,0.067642687,-0.002719224,,7.27e-05,,,7.81e-05,,,,,
2010-09-01,0.247548675,0.162596557,0.057531786,-0.017514523,,7.27e-05,,,7.81e-05,,,,,
2010-09-02,0.10337601,-0.048599064,0.068574922,-0.0031734,,7.27e-05,,,7.81e-05,,,,,
2010-09-03,0.071970187,-0.020405131,0.067485735,-0.007864651,,7.27e-05,,,7.81e-05,,,,,
2010-09-06,0.076795232,-0.002597186,0.070323956,-0.004671158,,7.27e-05,,,7.81e-05,,,,,
2010-09-07,0.077746103,-0.003640947,0.086087933,0.010167045,,7.27e-05,,,7.81e-05,,,,,
2010-09-08,0.131358795,0.049578663,0.067214541,-0.013848261,,7.27e-05,,,7.81e-05,,,,,
2010-09-09,0.128171789,0.024228625,0.055057633,-0.019849022,,7.27e-05,,,7.81e-05,,,,,
2010-09-10,0.142615674,0.039989992,0.061558386,-0.009382914,,7.27e-05,,,7.81e-05,,,,,
2010-09-13,0.11515655,0.006559888,0.069067013,-0.003994711,,7.27e-05,,,7.81e-05,,,,,
2010-09-14,0.146253195,0.049007902,0.09531396,0.019803063,,7.27e-05,,,7.81e-05,,,,,
2010-09-15,0.259821726,0.149721343,0.085497926,0.001425768,,7.27e-05,,,7.81e-05,,,,,
2010-09-16,0.270965936,0.113917288,0.074024787,-0.006845565,,7.27e-05,,,7.81e-05,,,,,
2010-09-17,0.20863738,0.04698181,0.059197362,-0.017930668,,7.27e-05,,,7.81e-05,,,,,
2010-09-20,0.118224907,-0.017664568,0.063037538,-0.009254064,,7.27e-05,,,7.81e-05,,,,,
2010-09-21,0.130844458,0.032330732,0.082091218,0.008547023,,7.27e-05,,,7.81e-05,,,,,
2010-09-22,0.122474864,0.018744323,0.113821412,0.034062264,,7.26e-05,,,7.81e-05,,,,,
2010-09-23,0.098720132,-0.001550491,0.078176965,-0.011931977,,7.26e-05,,,7.81e-05,,,,,
2010-09-24,0.118395883,0.027945265,0.08823698,0.009754587,,7.26e-05,,,7.81e-05,,,,,
2010-09-27,0.052120904,-0.046463501,0.055015727,-0.026748053,,7.25e-05,,,7.8e-05,,,,,
2010-09-28,0.107154209,0.035967316,0.075633326,0.004705695,,7.24e-05,,,7.8e-05,,,,,
2010-09-29,0.076745099,-0.017192095,0.084298144,0.006645439,,7.24e-05,,,7.79e-05,,,,,
2010-09-30,0.111519368,0.030153042,0.059424856,-0.02105415,,7.24e-05,,,7.79e-05,,,,,
2010-10-01,0.094714169,-0.001027544,0.063671045,-0.008694761,,7.23e-05,,,7.79e-05,,,,,
2010-10-04,0.102997103,0.014202516,0.081824935,0.008074101,,7.23e-05,,,7.77e-05,,,,,
2010-10-05,0.114887429,0.022668748,0.053661235,-0.026011057,,7.22e-05,,,7.76e-05,,,,,
2010-10-06,0.098079972,0.000945931,0.104385988,0.033900167,,7.22e-05,,,7.76e-05,,,,,
2010-10-07,0.094634516,0.004448535,0.070601935,-0.016429349,,7.22e-05,,,7.76e-05,,,,,
2010-10-08,0.123088273,0.034326614,0.085214347,0.009202788,,7.21e-05,,,7.74e-05,,,,,
2010-10-11,0.122490442,0.021966242,0.077805698,-0.002972156,,7.19e-05,,,7.74e-05,,,,,
2010-10-12,0.116117205,0.015840143,0.070623926,-0.007737366,,7.19e-05,,,7.74e-05,,,,,
2010-10-13,0.118748261,0.021105841,0.090061686,0.014042954,,7.19e-05,,,7.73e-05,,,,,
2010-10-14,0.100394656,0.00166458,0.06698109,-0.015377875,,7.19e-05,,,7.73e-05,,,,,
2010-10-15,0.126814089,0.035671238,0.068796768,-0.00603374,,7.19e-05,,,7.73e-05,,,,,
2010-10-18,0.125893506,0.023829085,0.081213223,0.005790475,,7.18e-05,,,7.73e-05,,,,,
2010-10-19,0.207329757,0.105645898,0.054865817,-0.024606946,,7.18e-05,,,7.73e-05,,,,,
2010-10-20,0.080523059,-0.054825855,0.071058309,0.000179575,,7.15e-05,,,7.72e-05,,,,,
2010-10-21,0.125129086,0.042200983,0.09371924,0.01755882,,7.14e-05,,,7.71e-05,,,,,
2010-10-22,0.053520031,-0.047847824,0.039154569,-0.044397422,,7.14e-05,,,7.71e-05,,,,,
2010-10-25,0.101828435,0.030063155,0.053834411,-0.011919608,,7.14e-05,,,7.71e-05,,,,,
2010-10-26,0.110465436,0.018729873,0.097277709,0.026735401,,7.14e-05,,,7.7e-05,,,,,
2010-10-27,0.105504451,0.010198424,0.090493883,0.005781187,,7.14e-05,,,7.69e-05,,,,,
2010-10-28,0.108983589,0.015728392,0.066056577,-0.016443362,,7.14e-05,,,7.69e-05,,,,,
2010-10-29,0.050727663,-0.043965781,0.055136868,-0.019392081,,7.14e-05,,,7.69e-05,,,,,
2010-11-01,0.07750125,0.006890311,0.05625693,-0.014710215,,7.14e-05,,,7.69e-05,,,,,
2010-11-02,0.069736698,-0.011942214,0.071570481,0.000237993,,7.14e-05,,,7.69e-05,,,,,
2010-11-03,0.108278606,0.029809493,0.08040316,0.004075679,,7.14e-05,,,7.67e-05,,,,,
2010-11-04,0.07905494,-0.015347069,0.075540452,-0.003668083,,7.14e-05,,,7.67e-05,,,,,
2010-11-05,0.07569158,-0.006629615,0.060688517,-0.016933894,,7.13e-05,,,7.65e-05,,,,,
2010-11-08,0.117583606,0.036652796,0.051206373,-0.021571616,,7.13e-05,,,7.65e-05,,,,,
2010-11-09,0.083826496,-0.014422122,0.042751401,-0.02693369,,7.13e-05,,,7.64e-05,,,,,
2010-11-10,0.093490811,0.009197096,0.080017207,0.013089969,,7.13e-05,,,7.63e-05,,,,,
2010-11-11,0.109514912,0.021226052,0.070767643,-0.008315002,,7.12e-05,,,7.63e-05,,,,,
2010-11-12,0.084218393,-0.010694695,0.058515848,-0.017549762,,7.12e-05,,,7.63e-05,,,,,
2010-11-15,0.124500062,0.04004434,0.063969222,-0.008100083,,7.12e-05,,,7.63e-05,,,,,
2010-11-16,0.144195532,0.04308771,0.112137712,0.038289618,,7.12e-05,,,7.63e-05,,,,,
2010-11-17,0.121007774,0.011758012,0.086258748,-0.003301002,,7.12e-05,,,7.61e-05,,,,,
2010-11-18,0.172000664,0.072336525,0.086894457,0.005775938,,7.12e-05,,,7.6e-05,,,,,
2010-11-19,0.216892022,0.096147855,0.057918129,-0.023407745,,7.12e-05,,,7.56e-05,,,,,
2010-11-22,0.097913465,-0.041388408,0.058559065,-0.013315275,,7.12e-05,,,7.56e-05,,,,,
2010-11-23,0.095974967,0.005857818,0.073029704,0.000946303,,7.12e-05,,,7.55e-05,,,,,
2010-11-24,0.188124075,0.098808285,0.094184135,0.017380683,,7.12e-05,,,7.55e-05,,,,,
2010-11-25,0.138941391,0.011531943,0.067538655,-0.016164976,,7.12e-05,,,7.54e-05,,,,,
2010-11-26,0.135421752,0.028344007,0.080918205,0.00590583,,7.12e-05,,,7.53e-05,,,,,
2010-11-29,0.128527866,0.022905111,0.096737318,0.017360785,,7.12e-05,,,7.52e-05,,,,,
2010-11-30,0.210202526,0.107429645,0.110110768,0.025574337,,7.12e-05,,,7.52e-05,,,,,
2010-12-01,0.122313942,-0.01422255,0.081661519,-0.00723708,,7.12e-05,,,7.52e-05,,,,,
2010-12-02,0.116892025,0.016687927,0.088009865,0.008390877,,7.11e-05,,,7.51e-05,,,,,
2010-12-03,0.086890718,-0.011072006,0.066155933,-0.015533767,,7.11e-05,,,7.51e-05,,,,,
2010-12-06,0.129370913,0.043810475,0.053610382,-0.020950975,,7.11e-05,,,7.51e-05,,,,,
2010-12-07,0.097131203,-0.005990187,0.065392335,-0.005076899,,7.1e-05,,,7.51e-05,,,,,
2010-12-08,0.074366868,-0.0154269,0.062352509,-0.011959777,,7.09e-05,,,7.51e-05,,,,,
2010-12-09,0.093795916,0.013412731,0.074546838,0.001226086,,7.09e-05,,,7.51e-05,,,,,
2010-12-10,0.062504861,-0.025910128,0.059508396,-0.017789917,,7.09e-05,,,7.5e-05,,,,,
2010-12-13,0.061148191,-0.014331341,0.050376269,-0.022016787,,7.08e-05,,,7.49e-05,,,,,
2010-12-14,0.072582531,-0.002336165,0.060322629,-0.009091698,,7.07e-05,,,7.49e-05,,,,,
2010-12-15,0.089263824,0.009618269,0.063767895,-0.008890748,,7.07e-05,,,7.47e-05,,,,,
2010-12-16,0.072473724,-0.014067736,0.059492883,-0.014289541,,7.06e-05,,,7.45e-05,,,,,
2010-12-17,0.050006763,-0.029593813,0.05370452,-0.018683475,,7.06e-05,,,7.45e-05,,,,,
2010-12-20,0.051103099,-0.019209825,0.064075879,-0.006424061,,7.05e-05,,,7.45e-05,,,,,
2010-12-21,0.081326267,0.010560126,0.074645226,0.000762343,,7.04e-05,,,7.45e-05,,,,,
2010-12-22,0.087099923,0.003839782,0.055246737,-0.022083668,,7.03e-05,,,7.45e-05,,,,,
2010-12-23,0.058652396,-0.026994526,0.038321951,-0.032681032,,7.03e-05,,,7.45e-05,,,,,
2010-12-24,0.047940053,-0.025946903,0.051866586,-0.013615849,,7.02e-05,,,7.45e-05,,,,,
2010-12-27,0.076277498,0.006818934,0.035954387,-0.033946053,,7.02e-05,,,7.45e-05,,,,,
2010-12-28,0.026700849,-0.054472175,0.032283862,-0.032426318,,7.02e-05,,,7.45e-05,,,,,
2010-12-29,0.035009378,-0.02566908,0.030032924,-0.033479999,,7.02e-05,,,7.45e-05,,,,,
2010-12-30,0.051911201,-0.012201932,0.038512468,-0.024266242,,7.01e-05,,,7.45e-05,,,,,
2010-12-31,0.043975802,-0.027124401,0.038961106,-0.026583472,,7.01e-05,,,7.45e-05,,,,,
2011-01-03,0.021994341,-0.045825436,0.03163673,-0.034054185,,7e-05,,,7.45e-05,,,,,
2011-01-04,0.077219883,0.018487056,0.061009829,-0.002292012,,7e-05,,,7.45e-05,,,,,
2011-01-05,0.047977993,-0.033584605,0.047315761,-0.025567034,,7e-05,,,7.45e-05,,,,,
2011-01-06,0.076404702,0.006930453,0.059842255,-0.008573792,,7e-05,,,7.45e-05,,,,,
2011-01-07,0.047675731,-0.033549877,0.050418224,-0.02208373,,6.98e-05,,,7.45e-05,,,,,
2011-01-10,0.12554981,0.056200514,0.06041625,-0.009011762,,6.98e-05,,,7.45e-05,,,,,
2011-01-11,0.094406059,-0.00713572,0.084515815,0.011826635,,6.96e-05,,,7.45e-05,,,,,
2011-01-12,0.140426818,0.051759602,0.103186584,0.022636578,,6.96e-05,,,7.45e-05,,,,,
2011-01-13,0.099913193,-0.007778615,0.108058351,0.02141829,,6.96e-05,,,7.45e-05,,,,,
2011-01-14,0.066662048,-0.024281771,0.058336505,-0.029892634,,6.96e-05,,,7.45e-05,,,,,
2011-01-17,0.070139409,-0.007058669,0.052619059,-0.019391748,,6.96e-05,,,7.45e-05,,,,,
2011-01-18,0.084727322,0.006091732,0.05314383,-0.017002053,,6.96e-05,,,7.45e-05,,,,,
2011-01-19,0.065063387,-0.019602722,0.060856702,-0.009460351,,6.96e-05,,,7.45e-05,,,,,
2011-01-20,0.136023732,0.059486527,0.067568292,-0.005264556,,6.96e-05,,,7.45e-05,,,,,
2011-01-21,0.053413957,-0.052457652,0.05537378,-0.019648262,,6.96e-05,,,7.45e-05,,,,,
2011-01-24,0.110010561,0.038289131,0.070876279,-0.000168143,,6.96e-05,,,7.45e-05,,,,,
2011-01-25,0.110072444,0.014954458,0.096386544,0.020285499,,6.96e-05,,,7.45e-05,,,,,
2011-01-26,0.073529655,-0.021613912,0.055846344,-0.028575671,,6.96e-05,,,7.45e-05,,,,,
2011-01-27,0.066538651,-0.013498437,0.07495152,0.003752957,,6.96e-05,,,7.45e-05,,,,,
2011-01-28,0.053116762,-0.024030305,0.044505897,-0.032924415,,6.96e-05,,,7.45e-05,,,,,
2011-01-31,0.068623396,-0.002975176,0.062351649,-0.005147872,,6.96e-05,,,7.45e-05,,,,,
2011-02-01,0.047386323,-0.03062256,0.049092528,-0.024227943,,6.96e-05,,,7.45e-05,,,,,
2011-02-02,0.058456428,-0.010773229,0.052969706,-0.016025888,,6.96e-05,,,7.45e-05,,,,,
2011-02-03,0.112643203,0.038837259,0.067914324,-0.002345933,,6.96e-05,,,7.45e-05,,,,,
2011-02-04,0.040354042,-0.055852255,0.047014111,-0.028120801,,6.96e-05,,,7.45e-05,,,,,
2011-02-07,0.053918355,-0.012404217,0.058009458,-0.010308196,,6.96e-05,,,7.44e-05,,,,,
2011-02-08,0.096038957,0.024109014,0.072084036,0.000179906,,6.95e-05,,,7.44e-05,,,,,
2011-02-09,0.0594631,-0.029879143,0.042060771,-0.034434222,,6.92e-05,,,7.43e-05,,,,,
2011-02-10,0.077807332,0.003585238,0.039741941,-0.026960027,,6.91e-05,,,7.43e-05,,,,,
2011-02-11,0.065765881,-0.016039563,0.053917855,-0.012027754,,6.91e-05,,,7.43e-05,,,,,
2011-02-14,0.067722484,-0.009105126,0.048884984,-0.021684542,,6.9e-05,,,7.42e-05,,,,,
2011-02-15,0.058824711,-0.018811742,0.055523152,-0.013404746,,6.9e-05,,,7.42e-05,,,,,
2011-02-16,0.080447574,0.006489384,0.053604557,-0.017488586,,6.9e-05,,,7.4e-05,,,,,
2011-02-17,0.075749838,-0.007147059,0.051426207,-0.019041127,,6.89e-05,,,7.4e-05,,,,,
2011-02-18,0.103330587,0.022375694,0.066227829,-0.003528968,,6.89e-05,,,7.4e-05,,,,,
2011-02-21,0.06124696,-0.031109581,0.046755719,-0.02782909,,6.89e-05,,,7.4e-05,,,,,
2011-02-22,0.063471731,-0.011487795,0.051267125,-0.016966246,,6.89e-05,,,7.39e-05,,,,,
2011-02-23,0.109912889,0.03403366,0.064144257,-0.00556065,,6.89e-05,,,7.38e-05,,,,,
2011-02-24,0.115346371,0.020268763,0.057510414,-0.016394772,,6.88e-05,,,7.38e-05,,,,,
2011-02-25,0.063920026,-0.033403738,0.048420163,-0.023321188,,6.87e-05,,,7.37e-05,,,,,
2011-02-28,0.081840983,0.005776434,0.052273633,-0.016502649,,6.87e-05,,,7.37e-05,,,,,
2011-03-01,0.053001579,-0.030471342,0.055849542,-0.014183669,,6.87e-05,,,7.37e-05,,,,,
2011-03-02,0.082536466,0.010985509,0.057382423,-0.013817183,,6.87e-05,,,7.37e-05,,,,,
2011-03-03,0.067758279,-0.016002149,0.074100874,0.002401272,,6.87e-05,,,7.36e-05,,,,,
2011-03-04,0.091485241,0.013833991,0.093687665,0.016534817,,6.87e-05,,,7.36e-05,,,,,
2011-03-07,0.073566856,-0.013892919,0.083480414,-6.13e-05,,6.87e-05,,,7.32e-05,,,,,
2011-03-08,0.086925551,0.006873083,0.098146175,0.017933897,,6.87e-05,,,7.31e-05,,,,,
2011-03-09,0.080902828,-0.00467201,0.1079583,0.022962326,,6.86e-05,,,7.29e-05,,,,,
2011-03-10,0.110792218,0.027707122,0.08993505,0.001738545,,6.86e-05,,,7.29e-05,,,,,
2011-03-11,0.086367929,-0.009073186,0.089807721,0.007490063,,6.86e-05,,,7.29e-05,,,,,
2011-03-14,0.104511325,0.019167003,0.08008787,-0.002188257,,6.86e-05,,,7.29e-05,,,,,
2011-03-15,0.109632573,0.016787925,0.077367047,-0.001738646,,6.86e-05,,,7.28e-05,,,,,
2011-03-16,0.07840213,-0.016559598,0.079665885,0.001447672,,6.83e-05,,,7.28e-05,,,,,
2011-03-17,0.10932095,0.027269622,0.066381839,-0.01258621,,6.81e-05,,,7.26e-05,,,,,
2011-03-18,0.066455485,-0.028377421,0.057227557,-0.017407486,,6.81e-05,,,7.25e-05,,,,,
2011-03-21,0.070953105,-0.006159582,0.057152427,-0.014496662,,6.8e-05,,,7.24e-05,,,,,
2011-03-22,0.065087226,-0.013884738,0.066948921,-0.004675661,,6.8e-05,,,7.23e-05,,,,,
2011-03-23,0.08340272,0.00685566,0.081739773,0.006919758,,6.8e-05,,,7.23e-05,,,,,
2011-03-24,0.11777108,0.033652551,0.05921999,-0.020424523,,6.8e-05,,,7.23e-05,,,,,
2011-03-25,0.087857571,-0.010468547,0.069445513,-0.00285347,,6.8e-05,,,7.23e-05,,,,,
2011-03-28,0.097230208,0.011270081,0.073204176,-0.00243018,,6.8e-05,,,7.23e-05,,,,,
2011-03-29,0.091891734,0.002057038,0.079325735,0.002465373,,6.8e-05,,,7.21e-05,,,,,
2011-03-30,0.11715251,0.029524694,0.089233613,0.010376513,,6.8e-05,,,7.21e-05,,,,,
2011-03-31,0.101726298,0.003655892,0.07444815,-0.007640713,,6.8e-05,,,7.21e-05,,,,,
2011-04-01,0.098708777,0.007015436,0.085908361,0.008642238,,6.8e-05,,,7.21e-05,,,,,
2011-04-04,0.102445615,0.011999691,0.066077905,-0.014926323,,6.8e-05,,,7.21e-05,,,,,
2011-04-05,0.115400327,0.023409626,0.086533988,0.011998082,,6.8e-05,,,7.2e-05,,,,,
2011-04-06,0.085193947,-0.012152121,0.097868946,0.01666065,,6.8e-05,,,7.2e-05,,,,,
2011-04-07,0.09136544,0.006506432,0.066691959,-0.018213588,,6.8e-05,,,7.19e-05,,,,,
2011-04-08,0.068462852,-0.018947398,0.057784684,-0.016951515,,6.8e-05,,,7.19e-05,,,,,
2011-04-11,0.098496424,0.020553909,0.086292099,0.014461287,,6.8e-05,,,7.19e-05,,,,,
2011-04-12,0.128654838,0.0382967,0.073453208,-0.007676189,,6.79e-05,,,7.19e-05,,,,,
2011-04-13,0.11415587,0.011330499,0.060516061,-0.01642553,,6.77e-05,,,7.19e-05,,,,,
2011-04-14,0.075216975,-0.021614646,0.06811527,-0.004606467,,6.77e-05,,,7.18e-05,,,,,
2011-04-15,0.088279108,0.007544496,0.064267218,-0.010933238,,6.75e-05,,,7.18e-05,,,,,
2011-04-18,0.074923981,-0.011210406,0.059916233,-0.01402906,,6.75e-05,,,7.18e-05,,,,,
2011-04-19,0.060741582,-0.019871909,0.068774398,-0.003751687,,6.74e-05,,,7.17e-05,,,,,
2011-04-20,0.077170788,0.00242018,0.096433863,0.021018412,,6.74e-05,,,7.16e-05,,,,,
2011-04-21,0.10094965,0.019407348,0.049753138,-0.034684312,,6.74e-05,,,7.16e-05,,,,,
2011-04-22,0.051062572,-0.04030971,0.062419383,-0.00679169,,6.74e-05,,,7.16e-05,,,,,
2011-04-25,0.077055156,0.006305768,0.044987935,-0.02835463,,6.74e-05,,,7.15e-05,,,,,
2011-04-26,0.068768714,-0.012725786,0.054702746,-0.012954007,,6.74e-05,,,7.15e-05,,,,,
2011-04-27,0.073730954,-0.004338002,0.09138506,0.020559518,,6.71e-05,,,7.15e-05,,,,,
2011-04-28,0.072382686,-0.007737618,0.046981615,-0.03580901,,6.71e-05,,,7.15e-05,,,,,
2011-04-29,0.057119304,-0.022443637,0.023290388,-0.045016667,,6.71e-05,,,7.14e-05,,,,,
2011-05-02,0.065646895,-0.007606294,0.045572572,-0.015006849,,6.71e-05,,,7.14e-05,,,,,
2011-05-03,0.079123567,0.002345144,0.094348671,0.02650122,,6.7e-05,,,7.13e-05,,,,,
2011-05-04,0.07186696,-0.010482604,0.110320195,0.026562896,,6.7e-05,,,7.12e-05,,,,,
2011-05-05,0.122294606,0.042944861,0.064207806,-0.024759105,,6.7e-05,,,7.11e-05,,,,,
2011-05-06,0.066157254,-0.034038851,0.076226848,0.002300934,,6.7e-05,,,7.1e-05,,,,,
2011-05-09,0.103071801,0.026082401,0.057936727,-0.019909574,,6.7e-05,,,7.1e-05,,,,,
2011-05-10,0.100200561,0.007951,0.072724207,0.0008438,,6.69e-05,,,7.1e-05,,,,,
2011-05-11,0.093287146,0.002224532,0.09323738,0.016533575,,6.68e-05,,,7.1e-05,,,,,
2011-05-12,0.077578869,-0.010625798,0.078869783,-0.004525034,,6.68e-05,,,7.1e-05,,,,,
2011-05-13,0.10518553,0.023474531,0.081737422,0.003029046,,6.67e-05,,,7.1e-05,,,,,
2011-05-16,0.102250909,0.009127551,0.075126713,-0.004517033,,6.66e-05,,,7.1e-05,,,,,
2011-05-17,0.12035412,0.028443909,0.094419973,0.016932515,,6.66e-05,,,7.1e-05,,,,,
2011-05-18,0.105583006,0.006189081,0.114115112,0.030334555,,6.65e-05,,,7.1e-05,,,,,
2011-05-19,0.106438594,0.013150922,0.076165237,-0.014039504,,6.64e-05,,,7.1e-05,,,,,
2011-05-20,0.101616185,0.007974821,0.081372407,0.003546203,,6.64e-05,,,7.1e-05,,,,,
2011-05-23,0.106694435,0.015046613,0.082292343,0.002767657,,6.64e-05,,,7.1e-05,,,,,
2011-05-24,0.058593173,-0.035153954,0.067848908,-0.011975844,,6.64e-05,,,7.1e-05,,,,,
2011-05-25,0.070264935,-0.003597539,0.097120634,0.022007061,,6.64e-05,,,7.1e-05,,,,,
2011-05-26,0.077374693,-0.001312787,0.083133018,-0.001528443,,6.64e-05,,,7.1e-05,,,,,
2011-05-27,0.078813898,-0.002812697,0.062532377,-0.017566587,,6.64e-05,,,7.1e-05,,,,,
2011-05-30,0.07906928,-0.003152269,0.074022564,0.000643142,,6.64e-05,,,7.1e-05,,,,,
2011-05-31,0.088494447,0.006167324,0.079599382,0.002472078,,6.64e-05,,,7.1e-05,,,,,
2011-06-01,0.098354598,0.012131192,0.102673025,0.023726667,,6.64e-05,,,7.1e-05,,,,,
2011-06-02,0.095124182,0.004824673,0.064996819,-0.021475728,,6.64e-05,,,7.1e-05,,,,,
2011-06-03,0.062624677,-0.026339406,0.055969843,-0.018213433,,6.64e-05,,,7.1e-05,,,,,
2011-06-06,0.120491954,0.044962891,0.07742232,0.006183474,,6.64e-05,,,7.1e-05,,,,,
2011-06-07,0.094440465,-0.005010439,0.080944505,0.002708264,,6.64e-05,,,7.1e-05,,,,,
2011-06-08,0.10130859,0.012627151,0.090086229,0.010701117,,6.64e-05,,,7.1e-05,,,,,
2011-06-09,0.065439753,-0.026080912,0.075393933,-0.006973037,,6.64e-05,,,7.1e-05,,,,,
2011-06-10,0.084065433,0.007372642,0.092845364,0.015270744,,6.64e-05,,,7.1e-05,,,,,
2011-06-13,0.05611661,-0.02827588,0.072032272,-0.011234676,,6.64e-05,,,7.1e-05,,,,,
2011-06-14,0.101041113,0.028202429,0.104367839,0.027889731,,6.64e-05,,,7.1e-05,,,,,
2011-06-15,0.174658434,0.083248342,0.091514402,0.004489038,,6.63e-05,,,7.1e-05,,,,,
2011-06-16,0.107748194,-0.014094672,0.080658627,-0.002174187,,6.63e-05,,,7.09e-05,,,,,
2011-06-17,0.102088877,0.007906135,0.070274698,-0.009017166,,6.63e-05,,,7.08e-05,,,,,
2011-06-20,0.126809438,0.03496621,0.089685204,0.013780383,,6.63e-05,,,7.06e-05,,,,,
2011-06-21,0.096466828,-0.00559567,0.104209421,0.021973257,,6.63e-05,,,7.06e-05,,,,,
2011-06-22,0.077305768,-0.012213353,0.087031572,5.79e-05,,6.61e-05,,,7.06e-05,,,,,
2011-06-23,0.125092745,0.043494643,0.089549828,0.008179229,,6.61e-05,,,7.06e-05,,,,,
2011-06-24,0.148388588,0.047035756,0.079800257,-0.002391749,,6.61e-05,,,7.05e-05,,,,,
2011-06-27,0.118936381,0.007953245,0.094415261,0.015403381,,6.6e-05,,,7.05e-05,,,,,
2011-06-28,0.143431375,0.044623532,0.099139701,0.015360681,,6.59e-05,,,7.05e-05,,,,,
2011-06-29,0.105887878,-0.003045988,0.130126922,0.044806879,,6.59e-05,,,7.05e-05,,,,,
2011-06-30,0.122744617,0.029330914,0.087667864,-0.007759629,,6.59e-05,,,7.05e-05,,,,,
2011-07-01,0.113482592,0.013100456,0.069092252,-0.012485893,,6.58e-05,,,7.04e-05,,,,,
2011-07-04,0.116366519,0.019813225,0.070459403,-0.005059726,,6.57e-05,,,7.04e-05,,,,,
2011-07-05,0.129213726,0.031468241,0.079765499,0.00380043,,6.57e-05,,,7.02e-05,,,,,
2011-07-06,0.086374834,-0.016681576,0.107654954,0.028654412,,6.57e-05,,,7.01e-05,,,,,
2011-07-07,0.101870522,0.016523346,0.093008257,0.004910698,,6.57e-05,,,6.99e-05,,,,,
2011-07-08,0.120058336,0.028305374,0.09628514,0.012965059,,6.57e-05,,,6.99e-05,,,,,
2011-07-11,0.10194338,0.00267173,0.085640719,0.00125178,,6.57e-05,,,6.98e-05,,,,,
2011-07-12,0.116563631,0.02478055,0.096999396,0.016082467,,6.57e-05,,,6.97e-05,,,,,
2011-07-13,0.167569164,0.069742195,0.086354919,0.001733003,,6.56e-05,,,6.97e-05,,,,,
2011-07-14,0.098294984,-0.020617239,0.10837033,0.027220443,,6.56e-05,,,6.96e-05,,,,,
2011-07-15,0.093469537,0.003194671,0.078948012,-0.009382889,,6.56e-05,,,6.96e-05,,,,,
2011-07-18,0.13484987,0.046569804,0.091840019,0.013106125,,6.56e-05,,,6.94e-05,,,,,
2011-07-19,0.097833894,-0.00755245,0.101905576,0.018966552,,6.55e-05,,,6.94e-05,,,,,
2011-07-20,0.103133371,0.013049116,0.137793789,0.051571569,,6.54e-05,,,6.92e-05,,,,,
2011-07-21,0.099086446,0.006811433,0.080497253,-0.017431028,,6.54e-05,,,6.92e-05,,,,,
2011-07-22,0.087848731,-0.002753318,0.083303555,0.004064328,,6.53e-05,,,6.92e-05,,,,,
2011-07-25,0.08346611,-0.002490363,0.064512802,-0.015641788,,6.53e-05,,,6.91e-05,,,,,
2011-07-26,0.069706315,-0.01443842,0.065569278,-0.008456121,,6.52e-05,,,6.91e-05,,,,,
2011-07-27,0.077915649,-0.000540903,0.104235438,0.029865437,,6.52e-05,,,6.91e-05,,,,,
2011-07-28,0.063914491,-0.01793573,0.053037526,-0.033944651,,6.51e-05,,,6.91e-05,,,,,
2011-07-29,0.081370737,0.005308476,0.049393135,-0.020889244,,6.5e-05,,,6.91e-05,,,,,
2011-08-01,0.055943049,-0.027335476,0.055344518,-0.013749129,,6.5e-05,,,6.91e-05,,,,,
2011-08-02,0.09011988,0.017352945,0.086849496,0.015814619,,6.49e-05,,,6.9e-05,,,,,
2011-08-03,0.097140743,0.010245396,0.086505459,0.00519425,,6.48e-05,,,6.9e-05,,,,,
2011-08-04,0.09788734,0.008089628,0.070653982,-0.010545008,,6.48e-05,,,6.89e-05,,,,,
2011-08-05,0.10558561,0.015479261,0.082990174,0.006961637,,6.48e-05,,,6.89e-05,,,,,
2011-08-08,0.07565802,-0.017630728,0.063328977,-0.016723394,,6.48e-05,,,6.89e-05,,,,,
2011-08-09,0.218608687,0.13769175,0.089505173,0.015865916,,6.48e-05,,,6.87e-05,,,,,
2011-08-10,0.098149246,-0.041862282,0.098123269,0.015945827,,6.48e-05,,,6.87e-05,,,,,
2011-08-11,0.111187135,0.020972516,0.079814738,-0.005173764,,6.48e-05,,,6.87e-05,,,,,
2011-08-12,0.079975573,-0.015628798,0.067397277,-0.011619326,,6.48e-05,,,6.87e-05,,,,,
2011-08-15,0.10419758,0.021495803,0.080789263,0.005823002,,6.48e-05,,,6.87e-05,,,,,
2011-08-16,0.063308244,-0.029406704,0.06174813,-0.017586345,,6.48e-05,,,6.87e-05,,,,,
2011-08-17,0.09048974,0.014678096,0.118931614,0.045807999,,6.48e-05,,,6.87e-05,,,,,
2011-08-18,0.149418584,0.062370341,0.124202085,0.032426291,,6.48e-05,,,6.86e-05,,,,,
2011-08-19,0.086929391,-0.024479536,0.057414094,-0.036080829,,6.48e-05,,,6.86e-05,,,,,
2011-08-22,0.102020699,0.016444273,0.074551622,0.002841689,,6.48e-05,,,6.85e-05,,,,,
2011-08-23,0.076491751,-0.015323293,0.065581161,-0.011718713,,6.48e-05,,,6.85e-05,,,,,
2011-08-24,0.271993233,0.190731639,0.121305626,0.046931749,,6.48e-05,,,6.85e-05,,,,,
2011-08-25,0.12311036,-0.038969886,0.078323505,-0.014226647,,6.48e-05,,,6.82e-05,,,,,
2011-08-26,0.110627204,0.010093873,0.059542847,-0.018987344,,6.48e-05,,,6.81e-05,,,,,
2011-08-29,0.107316894,0.011943994,0.085255004,0.012850712,,6.48e-05,,,6.8e-05,,,,,
2011-08-30,0.127366792,0.033362346,0.089646176,0.008855061,,6.48e-05,,,6.79e-05,,,,,
2011-08-31,0.154280482,0.051987578,0.090976415,0.008752981,,6.48e-05,,,6.79e-05,,,,,
2011-09-01,0.116438456,0.003019662,0.140879859,0.058222527,,6.48e-05,,,6.78e-05,,,,,
2011-09-02,0.139050217,0.041274995,0.094338247,-0.004596653,,6.48e-05,,,6.78e-05,,,,,
2011-09-05,0.098269397,-0.008853335,0.060217915,-0.023535984,,6.48e-05,,,6.77e-05,,,,,
2011-09-06,0.113601561,0.023337273,0.083812807,0.01118832,,6.47e-05,,,6.76e-05,,,,,
2011-09-07,0.111292215,0.014689741,0.131034395,0.050713696,,6.47e-05,,,6.75e-05,,,,,
2011-09-08,0.113061126,0.017413316,0.091276203,-0.00444729,,6.47e-05,,,6.75e-05,,,,,
2011-09-09,0.093100785,-0.003278278,0.076238557,-0.006516561,,6.45e-05,,,6.75e-05,,,,,
2011-09-12,0.079027748,-0.009099879,0.092101917,0.014251797,,6.45e-05,,,6.75e-05,,,,,
2011-09-13,0.098020827,0.015710873,0.089700677,0.006676227,,6.44e-05,,,6.74e-05,,,,,
2011-09-14,0.119998887,0.029837356,0.124014301,0.04177309,,6.43e-05,,,6.74e-05,,,,,
2011-09-15,0.124200827,0.024953753,0.0818723,-0.011561371,,6.43e-05,,,6.74e-05,,,,,
2011-09-16,0.151022691,0.05003857,0.092528989,0.012841248,,6.43e-05,,,6.74e-05,,,,,
2011-09-19,0.105737628,-0.006334423,0.086671424,0.003507671,,6.43e-05,,,6.74e-05,,,,,
2011-09-20,0.109968983,0.016617392,0.081738856,0.00048573,,6.43e-05,,,6.74e-05,,,,,
2011-09-21,0.102463316,0.007362519,0.107217214,0.027573,,6.43e-05,,,6.74e-05,,,,,
2011-09-22,0.091416374,-0.000581644,0.089389546,0.001434769,,6.43e-05,,,6.74e-05,,,,,
2011-09-23,0.126909634,0.039478328,0.125243496,0.04310377,,6.43e-05,,,6.74e-05,,,,,
2011-09-26,0.099122441,-0.002981477,0.077213291,-0.01662132,,6.43e-05,,,6.74e-05,,,,,
2011-09-27,0.098557573,0.007940644,0.086923694,0.008755634,,6.43e-05,,,6.74e-05,,,,,
2011-09-28,0.102322172,0.011938755,0.121929769,0.040594358,,6.43e-05,,,6.74e-05,,,,,
2011-09-29,0.095900212,0.003960542,0.08914821,-0.003605526,,6.43e-05,,,6.74e-05,,,,,
2011-09-30,0.08733477,-0.001950117,0.092452071,0.010391065,,6.43e-05,,,6.74e-05,,,,,
2011-10-03,0.113827709,0.028083704,0.09866947,0.015530806,,6.42e-05,,,6.74e-05,,,,,
2011-10-04,0.114876378,0.018180416,0.102415874,0.017249211,,6.41e-05,,,6.74e-05,,,,,
2011-10-05,0.10093491,0.003805437,0.124692399,0.03830373,,6.41e-05,,,6.74e-05,,,,,
2011-10-06,0.065722067,-0.025644121,0.066848513,-0.026806341,,6.41e-05,,,6.74e-05,,,,,
2011-10-07,0.067253756,-0.009555742,0.064090513,-0.01069675,,6.4e-05,,,6.74e-05,,,,,
2011-10-10,0.109819615,0.03237693,0.068079359,-0.005808298,,6.4e-05,,,6.74e-05,,,,,
2011-10-11,0.089343237,-0.005695813,0.082426442,0.0072377,,6.39e-05,,,6.74e-05,,,,,
2011-10-12,0.118534942,0.031960653,0.104694941,0.024826449,,6.38e-05,,,6.74e-05,,,,,
2011-10-13,0.092750847,-0.005891045,0.073561002,-0.013571057,,6.38e-05,,,6.74e-05,,,,,
2011-10-14,0.090333849,0.002350883,0.098050196,0.021073445,,6.38e-05,,,6.74e-05,,,,,
2011-10-17,0.127564685,0.040580885,0.120112666,0.035147998,,6.38e-05,,,6.74e-05,,,,,
2011-10-18,0.098905118,-0.003469593,0.074746006,-0.017415025,,6.38e-05,,,6.74e-05,,,,,
2011-10-19,0.101921639,0.01139455,0.096856801,0.019493524,,6.37e-05,,,6.74e-05,,,,,
2011-10-20,0.121186616,0.029412522,0.08784485,0.003269445,,6.37e-05,,,6.74e-05,,,,,
2011-10-21,0.08075392,-0.018984151,0.077183384,-0.004452491,,6.36e-05,,,6.74e-05,,,,,
2011-10-24,0.069629522,-0.013394016,0.055062363,-0.023095942,,6.36e-05,,,6.74e-05,,,,,
2011-10-25,0.096385824,0.017961017,0.061444483,-0.009498359,,6.35e-05,,,6.74e-05,,,,,
2011-10-26,0.116273796,0.026788162,0.107625553,0.034600983,,6.35e-05,,,6.74e-05,,,,,
2011-10-27,0.084534768,-0.013172385,0.067325397,-0.020762573,,6.35e-05,,,6.74e-05,,,,,
2011-10-28,0.091453016,0.006866507,0.082318888,0.007376074,,6.33e-05,,,6.74e-05,,,,,
2011-10-31,0.099396793,0.01195034,0.063174652,-0.016658758,,6.33e-05,,,6.74e-05,,,,,
2011-11-01,0.074969272,-0.015761071,0.058839837,-0.014749082,,6.33e-05,,,6.74e-05,,,,,
2011-11-02,0.116113982,0.035481768,0.057041432,-0.015133552,,6.33e-05,,,6.74e-05,,,,,
2011-11-03,0.096934654,-0.000706434,0.078143724,0.006555346,,6.33e-05,,,6.74e-05,,,,,
2011-11-04,0.067673888,-0.022038628,0.099771102,0.021299552,,6.33e-05,,,6.74e-05,,,,,
2011-11-07,0.076586069,-0.001030295,0.059915669,-0.025610325,,6.33e-05,,,6.74e-05,,,,,
2011-11-08,0.098197371,0.016896787,0.0770168,0.004490899,,6.33e-05,,,6.74e-05,,,,,
2011-11-09,0.129191983,0.03895747,0.120483535,0.042379567,,6.33e-05,,,6.73e-05,,,,,
2011-11-10,0.077938823,-0.025108599,0.066366355,-0.025915646,,6.33e-05,,,6.73e-05,,,,,
2011-11-11,0.077644688,-0.004215113,0.06548798,-0.009142013,,6.33e-05,,,6.73e-05,,,,,
2011-11-14,0.107628924,0.025890716,0.080218698,0.005875215,,6.33e-05,,,6.73e-05,,,,,
2011-11-15,0.117705419,0.023571983,0.096821957,0.01767359,,6.33e-05,,,6.73e-05,,,,,
2011-11-16,0.112672937,0.014373963,0.122761467,0.038197428,,6.32e-05,,,6.73e-05,,,,,
2011-11-17,0.090078998,-0.006139591,0.092846298,-0.000178722,,6.31e-05,,,6.73e-05,,,,,
2011-11-18,0.117352923,0.030474477,0.073802775,-0.009464478,,6.31e-05,,,6.73e-05,,,,,
2011-11-21,0.101652405,0.003499149,0.089631633,0.012576019,,6.3e-05,,,6.73e-05,,,,,
2011-11-22,0.115421564,0.02375877,0.093922632,0.011703942,,6.3e-05,,,6.73e-05,,,,,
2011-11-23,0.105941364,0.008586516,0.132437124,0.048818791,,6.3e-05,,,6.73e-05,,,,,
2011-11-24,0.133655644,0.040219831,0.099350596,0.003169559,,6.3e-05,,,6.73e-05,,,,,
2011-11-25,0.133024589,0.028131928,0.109596934,0.024208101,,6.29e-05,,,6.73e-05,,,,,
2011-11-28,0.135107536,0.030475747,0.079036106,-0.009694891,,6.29e-05,,,6.73e-05,,,,,
2011-11-29,0.118083223,0.012590361,0.104099191,0.025336563,,6.29e-05,,,6.73e-05,,,,,
2011-11-30,0.115149726,0.016694571,0.111723008,0.024785272,,6.29e-05,,,6.73e-05,,,,,
2011-12-01,0.138204008,0.040961535,0.100795564,0.011371082,,6.29e-05,,,6.72e-05,,,,,
2011-12-02,0.131700935,0.024928018,0.086896036,0.001035881,,6.29e-05,,,6.72e-05,,,,,
2011-12-05,0.099620806,-0.004463795,0.092679067,0.011352677,,6.29e-05,,,6.72e-05,,,,,
2011-12-06,0.094627433,0.003804484,0.085121283,0.001908578,,6.29e-05,,,6.72e-05,,,,,
2011-12-07,0.166231668,0.077472937,0.106811611,0.026064113,,6.29e-05,,,6.71e-05,,,,,
2011-12-08,0.103046872,-0.015312441,0.098029866,0.010207389,,6.29e-05,,,6.71e-05,,,,,
2011-12-09,0.093357026,0.001117771,0.079017804,-0.005940232,,6.29e-05,,,6.71e-05,,,,,
2011-12-12,0.090257633,0.002024078,0.066536138,-0.012220521,,6.29e-05,,,6.71e-05,,,,,
2011-12-13,0.077902314,-0.009049978,0.0677282,-0.006957173,,6.28e-05,,,6.7e-05,,,,,
2011-12-14,0.100622071,0.018777362,0.122361194,0.047286993,,6.26e-05,,,6.67e-05,,,,,
2011-12-15,0.098816272,0.007579409,0.070974546,-0.021919913,,6.26e-05,,,6.67e-05,,,,,
2011-12-16,0.077171571,-0.01331879,0.070744679,-0.005388419,,6.25e-05,,,6.66e-05,,,,,
2011-12-19,0.103967562,0.022424936,0.080374601,0.004316481,,6.25e-05,,,6.66e-05,,,,,
2011-12-20,0.098898933,0.006279073,0.097460453,0.018261233,,6.25e-05,,,6.65e-05,,,,,
2011-12-21,0.083806129,-0.006718403,0.120305412,0.035533108,,6.25e-05,,,6.65e-05,,,,,
2011-12-22,0.105432496,0.0211472,0.071767218,-0.020456683,,6.25e-05,,,6.65e-05,,,,,
2011-12-23,0.089283,-0.003942452,0.065010328,-0.011381326,,6.24e-05,,,6.65e-05,,,,,
2011-12-26,0.063819239,-0.022730148,0.040591424,-0.033596258,,6.24e-05,,,6.65e-05,,,,,
2011-12-27,0.071939437,-0.004083448,0.071562271,0.005339577,,6.24e-05,,,6.65e-05,,,,,
2011-12-28,0.082155627,0.002775921,0.122750796,0.046425993,,6.23e-05,,,6.65e-05,,,,,
2011-12-29,0.083278857,-0.000324135,0.061314521,-0.031707019,,6.22e-05,,,6.64e-05,,,,,
2011-12-30,0.077472133,-0.006595193,0.059853886,-0.013128293,,6.22e-05,,,6.63e-05,,,,,
2012-01-02,0.099935296,0.01826842,0.054758219,-0.017747529,,6.22e-05,,,6.63e-05,,,,,
2012-01-03,0.071036835,-0.019916121,0.113820662,0.042977025,,6.21e-05,,,6.63e-05,,,,,
2012-01-04,0.082464174,0.003457596,0.084064417,-0.00604428,,6.21e-05,,,6.63e-05,,,,,
2012-01-05,0.078676987,-0.005053556,0.098751023,0.018348254,,6.21e-05,,,6.63e-05,,,,,
2012-01-06,0.09751414,0.015349189,0.101565595,0.016372332,,6.2e-05,,,6.61e-05,,,,,
2012-01-09,0.101578635,0.011626564,0.08556574,-0.000545585,,6.2e-05,,,6.61e-05,,,,,
2012-01-10,0.084541722,-0.007090577,0.119369493,0.038477021,,6.2e-05,,,6.61e-05,,,,,
2012-01-11,0.117770987,0.033181603,0.083956068,-0.007962554,,6.2e-05,,,6.61e-05,,,,,
2012-01-12,0.091259655,-0.007066424,0.11516688,0.034799453,,6.2e-05,,,6.61e-05,,,,,
2012-01-13,0.116443528,0.029077008,0.077970668,-0.01257714,,6.2e-05,,,6.61e-05,,,,,
2012-01-16,0.098258037,0.000480718,0.07252114,-0.005893962,,6.18e-05,,,6.61e-05,,,,,
2012-01-17,0.115882512,0.025622921,0.126839237,0.050201669,,6.18e-05,,,6.61e-05,,,,,
2012-01-18,0.133383398,0.035837998,0.09163341,-0.002721702,,6.18e-05,,,6.61e-05,,,,,
2012-01-19,0.075497114,-0.029283003,0.098578827,0.015707195,,6.17e-05,,,6.61e-05,,,,,
2012-01-20,0.139410264,0.058559844,0.071085262,-0.014051835,,6.17e-05,,,6.61e-05,,,,,
2012-01-23,0.090000105,-0.017271467,0.073026264,-0.003142947,,6.17e-05,,,6.61e-05,,,,,
2012-01-24,0.109124984,0.022279151,0.116409971,0.039607641,,6.17e-05,,,6.61e-05,,,,,
2012-01-25,0.133622522,0.038870627,0.109285533,0.018332251,,6.17e-05,,,6.61e-05,,,,,
2012-01-26,0.084984119,-0.01989485,0.108791786,0.020162363,,6.17e-05,,,6.61e-05,,,,,
2012-01-27,0.076052928,-0.008719339,0.076064884,-0.012403488,,6.17e-05,,,6.61e-05,,,,,
2012-01-30,0.097696602,0.016616414,0.062673982,-0.015119489,,6.17e-05,,,6.61e-05,,,,,
2012-01-31,0.100495302,0.010467802,0.120967128,0.047541518,,6.17e-05,,,6.58e-05,,,,,
2012-02-01,0.0770312,-0.014153257,0.072290008,-0.020149732,,6.17e-05,,,6.58e-05,,,,,
2012-02-02,0.099143306,0.017658709,0.122696535,0.046134358,,6.17e-05,,,6.58e-05,,,,,
2012-02-03,0.097557001,0.006931447,0.063935777,-0.029068063,,6.17e-05,,,6.58e-05,,,,,
2012-02-06,0.087814022,-0.002155767,0.074634821,0.000797637,,6.17e-05,,,6.58e-05,,,,,
2012-02-07,0.080553634,-0.00538849,0.093252392,0.015925381,,6.17e-05,,,6.57e-05,,,,,
2012-02-08,0.091958924,0.009018182,0.096972417,0.013572703,,6.17e-05,,,6.57e-05,,,,,
2012-02-09,0.075664246,-0.011991346,0.107770887,0.023157772,,6.17e-05,,,6.55e-05,,,,,
2012-02-10,0.080786672,-0.000132838,0.064598041,-0.023537333,,6.17e-05,,,6.55e-05,,,,,
2012-02-13,0.135760622,0.052723544,0.093149753,0.01909655,,6.17e-05,,,6.55e-05,,,,,
2012-02-14,0.074942974,-0.030819867,0.081622322,-0.001743912,,6.17e-05,,,6.55e-05,,,,,
2012-02-15,0.115818714,0.035197372,0.082096599,0.002490396,,6.17e-05,,,6.55e-05,,,,,
2012-02-16,0.101394899,0.003875872,0.124842671,0.045081768,,6.17e-05,,,6.54e-05,,,,,
2012-02-17,0.082779562,-0.008776781,0.06887737,-0.0248265,,6.17e-05,,,6.53e-05,,,,,
2012-02-20,0.08668499,0.002824068,0.093060703,0.017611664,,6.17e-05,,,6.53e-05,,,,,
2012-02-21,0.083868903,-0.001606489,0.116139514,0.032802325,,6.17e-05,,,6.51e-05,,,,,
2012-02-22,0.105632216,0.02132097,0.084509052,-0.006356011,,6.17e-05,,,6.51e-05,,,,,
2012-02-23,0.082256016,-0.011051998,0.100736221,0.020188421,,6.17e-05,,,6.51e-05,,,,,
2012-02-24,0.081529054,-0.002115438,0.101051803,0.015211005,,6.17e-05,,,6.49e-05,,,,,
2012-02-27,0.098276268,0.014932296,0.08459275,-0.001350985,,6.17e-05,,,6.49e-05,,,,,
2012-02-28,0.08940019,-0.000866938,0.108427799,0.027852698,,6.17e-05,,,6.49e-05,,,,,
2012-02-29,0.112346402,0.025748569,0.072777572,-0.015572074,,6.16e-05,,,6.47e-05,,,,,
2012-03-01,0.097123713,0.001040111,0.130624705,0.053903493,,6.16e-05,,,6.47e-05,,,,,
2012-03-02,0.077603232,-0.012187439,0.08597438,-0.009615481,,6.15e-05,,,6.47e-05,,,,,
2012-03-05,0.11459835,0.032877279,0.063937293,-0.01708847,,6.15e-05,,,6.46e-05,,,,,
2012-03-06,0.091167092,-0.005847446,0.179798245,0.105960567,,6.14e-05,,,6.46e-05,,,,,
2012-03-07,0.078095841,-0.009232414,0.093763289,-0.017866058,,6.14e-05,,,6.44e-05,,,,,
2012-03-08,0.119619692,0.037694981,0.115601164,0.032034806,,6.14e-05,,,6.41e-05,,,,,
2012-03-09,0.083370565,-0.015719753,0.080499186,-0.010190278,,6.14e-05,,,6.41e-05,,,,,
2012-03-12,0.128740209,0.044634972,0.096139537,0.01689968,,6.14e-05,,,6.41e-05,,,,,
2012-03-13,0.088178752,-0.01468191,0.100155357,0.015813911,,6.13e-05,,,6.41e-05,,,,,
2012-03-14,0.080582276,-0.005510625,0.077410331,-0.008241001,,6.13e-05,,,6.41e-05,,,,,
2012-03-15,0.129476009,0.046523427,0.103529045,0.025296715,,6.12e-05,,,6.41e-05,,,,,
2012-03-16,0.075889018,-0.027275818,0.071158049,-0.015593716,,6.11e-05,,,6.41e-05,,,,,
2012-03-19,0.081229574,0.000217144,0.093272367,0.017079413,,6.11e-05,,,6.41e-05,,,,,
2012-03-20,0.106941303,0.023721133,0.104539924,0.021133695,,6.11e-05,,,6.41e-05,,,,,
2012-03-21,0.104036256,0.010187076,0.130060127,0.042978633,,6.11e-05,,,6.41e-05,,,,,
2012-03-22,0.08102548,-0.011622778,0.108084374,0.012678668,,6.11e-05,,,6.41e-05,,,,,
2012-03-23,0.067268707,-0.015867092,0.072190884,-0.016046744,,6.1e-05,,,6.39e-05,,,,,
2012-03-26,0.126729515,0.049280649,0.08537401,0.008844165,,6.1e-05,,,6.39e-05,,,,,
2012-03-27,0.099638744,-0.002390715,0.171920095,0.091090162,,6.09e-05,,,6.39e-05,,,,,
2012-03-28,0.128733981,0.037903617,0.087127077,-0.021932565,,6.07e-05,,,6.39e-05,,,,,
2012-03-29,0.114735627,0.011877539,0.139122126,0.057720375,,6.05e-05,,,6.39e-05,,,,,
2012-03-30,0.080775911,-0.016295376,0.069568256,-0.028793304,,6.05e-05,,,6.39e-05,,,,,
2012-04-02,0.089546613,0.006513983,0.092533447,0.016859054,,6.05e-05,,,6.39e-05,,,,,
2012-04-03,0.138864722,0.052206359,0.137993121,0.054827913,,6.05e-05,,,6.39e-05,,,,,
2012-04-04,0.108268902,0.001222852,0.099649404,0.001656104,,6.05e-05,,,6.39e-05,,,,,
2012-04-05,0.112039875,0.017641877,0.171512509,0.08602621,,6.04e-05,,,6.39e-05,,,,,
2012-04-06,0.076085188,-0.019871698,0.058052375,-0.05087432,,6.04e-05,,,6.39e-05,,,,,
2012-04-09,0.035592285,-0.045501239,0.045209728,-0.0267084,,6.03e-05,,,6.39e-05,,,,,
2012-04-10,0.080608445,0.016254343,0.126668501,0.058939403,,6.03e-05,,,6.39e-05,,,,,
2012-04-11,0.099800645,0.016837245,0.086268985,-0.008030436,,6.03e-05,,,6.39e-05,,,,,
2012-04-12,0.105027344,0.014130051,0.14196672,0.060844863,,6.02e-05,,,6.39e-05,,,,,
2012-04-13,0.080035961,-0.013022005,0.089585063,-0.00970435,,6.01e-05,,,6.39e-05,,,,,
2012-04-16,0.106147981,0.023421241,0.088333331,0.006129831,,6.01e-05,,,6.39e-05,,,,,
2012-04-17,0.084262037,-0.009259191,0.129368646,0.047573437,,6.01e-05,,,6.39e-05,,,,,
2012-04-18,0.094157833,0.009684069,0.079383669,-0.015796489,,6.01e-05,,,6.39e-05,,,,,
2012-04-19,0.126897639,0.038333036,0.14186346,0.062987464,,6.01e-05,,,6.39e-05,,,,,
2012-04-20,0.07146406,-0.030634899,0.076782141,-0.022473591,,6.01e-05,,,6.39e-05,,,,,
2012-04-23,0.079668146,0.000484957,0.070272303,-0.007755123,,6.01e-05,,,6.39e-05,,,,,
2012-04-24,0.079342365,-0.003232323,0.097474163,0.021570123,,6.01e-05,,,6.39e-05,,,,,
2012-04-25,0.146196606,0.063756592,0.084522946,-0.00025383,,6.01e-05,,,6.39e-05,,,,,
2012-04-26,0.110938483,0.000861494,0.109448213,0.02889588,,6.01e-05,,,6.39e-05,,,,,
2012-04-27,0.076234241,-0.019267339,0.06029808,-0.028384406,,6.01e-05,,,6.39e-05,,,,,
2012-04-30,0.052169565,-0.028985577,0.056794428,-0.015856207,,6.01e-05,,,6.39e-05,,,,,
2012-05-01,0.073048438,0.001841429,0.109072087,0.037564277,,6.01e-05,,,6.39e-05,,,,,
2012-05-02,0.100025789,0.020187632,0.072651891,-0.01590791,,6.01e-05,,,6.39e-05,,,,,
2012-05-03,0.075823141,-0.015167224,0.108746652,0.032066435,,6.01e-05,,,6.39e-05,,,,,
2012-05-04,0.07201123,-0.008973966,0.070011652,-0.018441999,,6.01e-05,,,6.39e-05,,,,,
2012-05-07,0.071013054,-0.00839633,0.041740846,-0.034078174,,6.01e-05,,,6.39e-05,,,,,
2012-05-08,0.054630779,-0.024365968,0.067662348,0.001064734,,6.01e-05,,,6.39e-05,,,,,
2012-05-09,0.09946261,0.027238156,0.076454862,0.00140214,,6.01e-05,,,6.39e-05,,,,,
2012-05-10,0.082436485,-0.008321067,0.110540199,0.032619525,,6.01e-05,,,6.39e-05,,,,,
2012-05-11,0.088175157,0.004456061,0.083845296,-0.005193375,,6.01e-05,,,6.39e-05,,,,,
2012-05-14,0.058265889,-0.027825526,0.055657055,-0.02467424,,6.01e-05,,,6.39e-05,,,,,
2012-05-15,0.077543656,0.003816479,0.106136309,0.034999489,,6.01e-05,,,6.39e-05,,,,,
2012-05-16,0.106992729,0.025296287,0.083510683,-0.004091522,,6.01e-05,,,6.39e-05,,,,,
2012-05-17,0.120736259,0.02686582,0.108660835,0.028438683,,6.01e-05,,,6.39e-05,,,,,
2012-05-18,0.092604806,-0.006947092,0.086263391,-0.002162267,,6e-05,,,6.39e-05,,,,,
2012-05-21,0.087791036,-0.000131558,0.088286473,0.00716644,,6e-05,,,6.39e-05,,,,,
2012-05-22,0.098942724,0.013010102,0.102166988,0.020387064,,6e-05,,,6.39e-05,,,,,
2012-05-23,0.140130032,0.049587397,0.107602245,0.021294758,,6e-05,,,6.39e-05,,,,,
2012-05-24,0.057041085,-0.050528034,0.127484552,0.039404185,,6e-05,,,6.39e-05,,,,,
2012-05-25,0.121356665,0.048135812,0.07079798,-0.023767622,,6e-05,,,6.39e-05,,,,,
2012-05-28,0.069815113,-0.029993255,0.073831124,-0.002244382,,6e-05,,,6.38e-05,,,,,
2012-05-29,0.074256682,-0.004244846,0.116775283,0.039710423,,6e-05,,,6.38e-05,,,,,
2012-05-30,0.133664742,0.053327107,0.076356958,-0.014715481,,6e-05,,,6.38e-05,,,,,
2012-05-31,0.084386124,-0.020510299,0.118442601,0.040553861,,5.99e-05,,,6.38e-05,,,,,
2012-06-01,0.080578152,-0.003946908,0.076290276,-0.015326011,,5.99e-05,,,6.38e-05,,,,,
2012-06-04,0.070743752,-0.012207125,0.088306541,0.010439551,,5.99e-05,,,6.38e-05,,,,,
2012-06-05,0.07991028,0.00102486,0.078902654,-0.002883816,,5.99e-05,,,6.37e-05,,,,,
2012-06-06,0.093534572,0.010859787,0.092135034,0.013415936,,5.98e-05,,,6.36e-05,,,,,
2012-06-07,0.110297487,0.021990536,0.089973812,0.006938559,,5.98e-05,,,6.33e-05,,,,,
2012-06-08,0.08851226,-0.006724338,0.115434844,0.033104542,,5.95e-05,,,6.33e-05,,,,,
2012-06-11,0.068566306,-0.017664464,0.072554145,-0.018081068,,5.95e-05,,,6.33e-05,,,,,
2012-06-12,0.072319703,-0.005665579,0.117200191,0.040551857,,5.95e-05,,,6.32e-05,,,,,
2012-06-13,0.102958684,0.02342178,0.089381153,-0.001829883,,5.95e-05,,,6.32e-05,,,,,
2012-06-14,0.093416411,0.001213611,0.123747835,0.041610847,,5.94e-05,,,6.31e-05,,,,,
2012-06-15,0.111522008,0.023263904,0.089510881,-0.003835874,,5.93e-05,,,6.31e-05,,,,,
2012-06-18,0.094121387,-0.001621418,0.070415434,-0.011763869,,5.92e-05,,,6.31e-05,,,,,
2012-06-19,0.070336745,-0.01821279,0.110554668,0.034603941,,5.92e-05,,,6.31e-05,,,,,
2012-06-20,0.153959379,0.075242212,0.098070215,0.009026824,,5.91e-05,,,6.31e-05,,,,,
2012-06-21,0.099250197,-0.014035856,0.089554099,0.004582902,,5.91e-05,,,6.31e-05,,,,,
2012-06-22,0.074576885,-0.016092857,0.09180811,0.00961471,,5.9e-05,,,6.31e-05,,,,,
2012-06-25,0.083432687,0.002962682,0.09878701,0.015858394,,5.9e-05,,,6.31e-05,,,,,
2012-06-26,0.085344237,0.001213319,0.121261304,0.036056302,,5.89e-05,,,6.31e-05,,,,,
2012-06-27,0.122549112,0.037627976,0.078866879,-0.013668816,,5.89e-05,,,6.3e-05,,,,,
2012-06-28,0.111405014,0.011103698,0.111140672,0.032433243,,5.89e-05,,,6.3e-05,,,,,
2012-06-29,0.108339697,0.012645257,0.069468023,-0.019766512,,5.89e-05,,,6.3e-05,,,,,
2012-07-02,0.082062134,-0.01236513,0.080990065,0.005348366,,5.89e-05,,,6.3e-05,,,,,
2012-07-03,0.093364113,0.00979977,0.121851007,0.042451034,,5.89e-05,,,6.28e-05,,,,,
2012-07-04,0.06964603,-0.018590455,0.06973773,-0.022990315,,5.89e-05,,,6.28e-05,,,,,
2012-07-05,0.106776669,0.028345038,0.115574749,0.039845077,,5.89e-05,,,6.28e-05,,,,,
2012-07-06,0.060549311,-0.03323181,0.074516855,-0.016163992,,5.89e-05,,,6.27e-05,,,,,
2012-07-09,0.082444818,0.007773694,0.065090098,-0.012198435,,5.88e-05,,,6.27e-05,,,,,
2012-07-10,0.090045751,0.006323209,0.149224558,0.075010857,,5.88e-05,,,6.26e-05,,,,,
2012-07-11,0.108323501,0.021458799,0.085659898,-0.015996885,,5.87e-05,,,6.26e-05,,,,,
2012-07-12,0.071975945,-0.022444624,0.090031321,0.009108137,,5.87e-05,,,6.26e-05,,,,,
2012-07-13,0.078823894,-0.000570903,0.070980278,-0.011368783,,5.87e-05,,,6.26e-05,,,,,
2012-07-16,0.102914293,0.020688611,0.085402874,0.009267906,,5.87e-05,,,6.25e-05,,,,,
2012-07-17,0.0792057,-0.012978749,0.101529269,0.020689921,,5.86e-05,,,6.23e-05,,,,,
2012-07-18,0.096685264,0.014301747,0.08448919,-0.001610285,,5.86e-05,,,6.23e-05,,,,,
2012-07-19,0.07810059,-0.01150883,0.12352655,0.042985228,,5.86e-05,,,6.22e-05,,,,,
2012-07-20,0.065971218,-0.015955456,0.065131629,-0.028142947,,5.86e-05,,,6.22e-05,,,,,
2012-07-23,0.0953007,0.018388206,0.067922312,-0.006304936,,5.86e-05,,,6.22e-05,,,,,
2012-07-24,0.103963398,0.014926344,0.105900204,0.030762687,,5.85e-05,,,6.21e-05,,,,,
2012-07-25,0.123879962,0.031261823,0.065407678,-0.022117514,,5.85e-05,,,6.21e-05,,,,,
2012-07-26,0.094720352,-0.006131126,0.11386573,0.039548439,,5.85e-05,,,6.21e-05,,,,,
2012-07-27,0.101027506,0.012230363,0.083086659,-0.007036738,,5.85e-05,,,6.21e-05,,,,,
2012-07-30,0.090552217,-0.00085225,0.059334833,-0.020749009,,5.85e-05,,,6.21e-05,,,,,
2012-07-31,0.064844634,-0.022229437,0.066764301,-0.005572142,,5.85e-05,,,6.19e-05,,,,,
2012-08-01,0.091052406,0.014605632,0.064641691,-0.010118104,,5.85e-05,,,6.19e-05,,,,,
2012-08-02,0.061837897,-0.025442948,0.052963544,-0.021103896,,5.85e-05,,,6.19e-05,,,,,
2012-08-03,0.076418267,0.001214452,0.065202646,-0.005055602,,5.85e-05,,,6.18e-05,,,,,
2012-08-06,0.086408532,0.005177316,0.105939021,0.031688608,,5.85e-05,,,6.18e-05,,,,,
2012-08-07,0.071925462,-0.013435645,0.101665128,0.014127274,,5.85e-05,,,6.16e-05,,,,,
2012-08-08,0.06787317,-0.011500758,0.073043837,-0.013099954,,5.85e-05,,,6.16e-05,,,,,
2012-08-09,0.075438088,-0.002260658,0.068460402,-0.00834766,,5.85e-05,,,6.15e-05,,,,,
2012-08-10,0.059067735,-0.021758284,0.054561671,-0.020751361,,5.85e-05,,,6.15e-05,,,,,
2012-08-13,0.067789024,-0.00626963,0.05832829,-0.012451236,,5.85e-05,,,6.15e-05,,,,,
2012-08-14,0.058669329,-0.018994631,0.091090527,0.0190824,,5.85e-05,,,6.14e-05,,,,,
2012-08-15,0.115220564,0.041326608,0.070775499,-0.011919054,,5.85e-05,,,6.14e-05,,,,,
2012-08-16,0.06889366,-0.028378096,0.097549476,0.021481303,,5.85e-05,,,6.13e-05,,,,,
2012-08-17,0.068324272,-0.009796336,0.099055299,0.014253957,,5.85e-05,,,6.13e-05,,,,,
2012-08-20,0.100382386,0.022497158,0.081169477,-0.004123036,,5.85e-05,,,6.12e-05,,,,,
2012-08-21,0.080157736,-0.010980043,0.103773104,0.024314611,,5.85e-05,,,6.12e-05,,,,,
2012-08-22,0.089689133,0.006912052,0.104789998,0.017958626,,5.85e-05,,,6.12e-05,,,,,
2012-08-23,0.081135231,-0.005582049,0.138215076,0.051052012,,5.85e-05,,,6.12e-05,,,,,
2012-08-24,0.20082668,0.117645512,0.082628307,-0.01543739,,5.85e-05,,,6.12e-05,,,,,
2012-08-27,0.06744628,-0.065214318,0.07599862,-0.003935717,,5.85e-05,,,6.1e-05,,,,,
2012-08-28,0.069274456,-0.008247816,0.066295518,-0.011476339,,5.85e-05,,,6.09e-05,,,,,
2012-08-29,0.099146146,0.020868121,0.068931421,-0.005675466,,5.85e-05,,,6.09e-05,,,,,
2012-08-30,0.121519708,0.03089298,0.074569402,-0.000897267,,5.85e-05,,,6.09e-05,,,,,
2012-08-31,0.212909268,0.1130335,0.066397713,-0.010907959,,5.85e-05,,,6.09e-05,,,,,
2012-09-03,0.116563723,-0.021091714,0.085946862,0.011306641,,5.84e-05,,,6.09e-05,,,,,
2012-09-04,0.103414985,0.005587979,0.09357014,0.012553353,,5.84e-05,,,6.09e-05,,,,,
2012-09-05,0.114757471,0.02236604,0.071386027,-0.012117329,,5.84e-05,,,6.09e-05,,,,,
2012-09-06,0.065122065,-0.031958252,0.109784918,0.033517603,,5.84e-05,,,6.09e-05,,,,,
2012-09-07,0.114386637,0.037825175,0.100011455,0.011219142,,5.83e-05,,,6.09e-05,,,,,
2012-09-10,0.084431298,-0.01249572,0.080293545,-0.005310848,,5.83e-05,,,6.09e-05,,,,,
2012-09-11,0.08078474,-0.003758995,0.147888759,0.068715978,,5.82e-05,,,6.09e-05,,,,,
2012-09-12,0.096286081,0.013249802,0.085283715,-0.015937356,,5.8e-05,,,6.09e-05,,,,,
2012-09-13,0.098553317,0.009108915,0.105961359,0.025160878,,5.8e-05,,,6.09e-05,,,,,
2012-09-14,0.130674004,0.040292346,0.094423235,0.006878095,,5.8e-05,,,6.08e-05,,,,,
2012-09-17,0.078429313,-0.025230764,0.074303999,-0.009477622,,5.8e-05,,,6.08e-05,,,,,
2012-09-18,0.073898064,-0.008164501,0.102706412,0.025487308,,5.79e-05,,,6.08e-05,,,,,
2012-09-19,0.123858686,0.0436693,0.094917411,0.008433974,,5.79e-05,,,6.08e-05,,,,,
2012-09-20,0.111218174,0.010375492,0.106422048,0.022479237,,5.79e-05,,,6.06e-05,,,,,
2012-09-21,0.094777102,-0.0008401,0.066389065,-0.021306343,,5.78e-05,,,6.06e-05,,,,,
2012-09-24,0.064989861,-0.023830741,0.062880546,-0.011756854,,5.78e-05,,,6.06e-05,,,,,
2012-09-25,0.091272003,0.014765193,0.096580168,0.023087181,,5.78e-05,,,6.06e-05,,,,,
2012-09-26,0.12719863,0.039827005,0.113632738,0.029147566,,5.77e-05,,,6.06e-05,,,,,
2012-09-27,0.103904434,0.001681047,0.118716413,0.028669013,,5.77e-05,,,6.05e-05,,,,,
2012-09-28,0.091809965,-0.000783799,0.079868228,-0.011837371,,5.77e-05,,,6.05e-05,,,,,
2012-10-01,0.079356814,-0.0082372,0.079336488,0.000302438,,5.77e-05,,,6.05e-05,,,,,
2012-10-02,0.091950072,0.009504086,0.116059357,0.03719875,,5.76e-05,,,6.05e-05,,,,,
2012-10-03,0.096922315,0.009270383,0.079172131,-0.011666786,,5.76e-05,,,6.05e-05,,,,,
2012-10-04,0.083607348,-0.006100068,0.067919153,-0.010887843,,5.76e-05,,,6.04e-05,,,,,
2012-10-05,0.089109359,0.004906238,0.09979555,0.024659064,,5.76e-05,,,6.04e-05,,,,,
2012-10-08,0.084161756,-0.00231585,0.080884991,-0.004648978,,5.75e-05,,,6.04e-05,,,,,
2012-10-09,0.066898129,-0.01753418,0.117478065,0.038112366,,5.75e-05,,,6.04e-05,,,,,
2012-10-10,0.101772534,0.024476862,0.07028467,-0.021017004,,5.74e-05,,,6.03e-05,,,,,
2012-10-11,0.110707474,0.018995019,0.124016517,0.048108443,,5.74e-05,,,6.03e-05,,,,,
2012-10-12,0.065511592,-0.029894491,0.061570849,-0.031863545,,5.74e-05,,,6.03e-05,,,,,
2012-10-15,0.068938673,-0.007783816,0.06684937,-0.006216418,,5.73e-05,,,6.03e-05,,,,,
2012-10-16,0.081462744,0.003323528,0.096168354,0.021380811,,5.73e-05,,,6.03e-05,,,,,
2012-10-17,0.079887585,-0.003428976,0.073356019,-0.010994827,,5.73e-05,,,6.03e-05,,,,,
2012-10-18,0.076170003,-0.0064954,0.103456324,0.026546433,,5.72e-05,,,6.03e-05,,,,,
2012-10-19,0.070022198,-0.011106387,0.05014349,-0.036584554,,5.72e-05,,,6.03e-05,,,,,
2012-10-22,0.054889516,-0.02369762,0.060456328,-0.008882071,,5.71e-05,,,6.03e-05,,,,,
2012-10-23,0.104477973,0.03214656,0.069809474,-0.002892779,,5.71e-05,,,6.03e-05,,,,,
2012-10-24,0.106439016,0.013608155,0.062143259,-0.013609815,,5.71e-05,,,6.03e-05,,,,,
2012-10-25,0.112817897,0.019176358,0.095960339,0.022707841,,5.71e-05,,,6.03e-05,,,,,
2012-10-26,0.057793433,-0.03848508,0.055877993,-0.028405002,,5.71e-05,,,6.03e-05,,,,,
2012-10-29,0.050507522,-0.023024346,0.039958845,-0.031250041,,5.71e-05,,,6.03e-05,,,,,
2012-10-30,0.100583405,0.03006347,0.073169529,0.00715317,,5.71e-05,,,6.03e-05,,,,,
2012-10-31,0.084718524,-0.006502354,0.067264969,-0.009584091,,5.71e-05,,,6.03e-05,,,,,
2012-11-01,0.074988858,-0.009673614,0.057600387,-0.017322717,,5.71e-05,,,6.03e-05,,,,,
2012-11-02,0.069565589,-0.011074722,0.056003224,-0.015767475,,5.71e-05,,,6.03e-05,,,,,
2012-11-05,0.052328673,-0.026069704,0.043972252,-0.027277482,,5.71e-05,,,6.03e-05,,,,,
2012-11-06,0.126439375,0.055166592,0.062057005,-0.005268452,,5.71e-05,,,6.03e-05,,,,,
2012-11-07,0.092733781,-0.009175736,0.056252283,-0.016972081,,5.71e-05,,,6.03e-05,,,,,
2012-11-08,0.094347539,0.006371628,0.109518604,0.038187632,,5.71e-05,,,6.03e-05,,,,,
2012-11-09,0.058187168,-0.030455857,0.061605187,-0.02710026,,5.71e-05,,,6.03e-05,,,,,
2012-11-12,0.095649409,0.021954774,0.058579635,-0.014497354,,5.71e-05,,,6.03e-05,,,,,
2012-11-13,0.070675382,-0.018505824,0.059654663,-0.012435448,,5.7e-05,,,6.03e-05,,,,,
2012-11-14,0.11758267,0.038725513,0.076239783,0.003799018,,5.7e-05,,,6.03e-05,,,,,
2012-11-15,0.100509889,0.002261658,0.068002573,-0.009847947,,5.7e-05,,,6.03e-05,,,,,
2012-11-16,0.089844304,-0.001346184,0.063538713,-0.011624984,,5.7e-05,,,6.03e-05,,,,,
2012-11-19,0.085202306,-0.00157912,0.058996427,-0.014711242,,5.69e-05,,,6.03e-05,,,,,
2012-11-20,0.077229366,-0.007633097,0.090675276,0.018449215,,5.69e-05,,,6.03e-05,,,,,
2012-11-21,0.115716895,0.034150377,0.069725408,-0.012833699,,5.69e-05,,,6.03e-05,,,,,
2012-11-22,0.110359245,0.01288231,0.107474745,0.031749092,,5.69e-05,,,6.03e-05,,,,,
2012-11-23,0.077732297,-0.017529831,0.062439569,-0.025599209,,5.69e-05,,,6.03e-05,,,,,
2012-11-26,0.073801749,-0.007972676,0.063830898,-0.009518251,,5.69e-05,,,6.03e-05,,,,,
2012-11-27,0.089587524,0.009437954,0.106523351,0.032720377,,5.69e-05,,,6.03e-05,,,,,
2012-11-28,0.119742144,0.033066868,0.081909303,-0.005819149,,5.69e-05,,,6.03e-05,,,,,
2012-11-29,0.096062959,-0.00307798,0.120591787,0.040891977,,5.69e-05,,,6.03e-05,,,,,
2012-11-30,0.086541158,-0.002811007,0.062603391,-0.02971392,,5.69e-05,,,6.03e-05,,,,,
2012-12-03,0.083377674,-0.002038259,0.074097385,0.0006948,,5.69e-05,,,6.03e-05,,,,,
2012-12-04,0.0684951,-0.015613076,0.094024912,0.016873202,,5.69e-05,,,6.03e-05,,,,,
2012-12-05,0.085965915,0.008010069,0.075148211,-0.008503483,,5.69e-05,,,6.03e-05,,,,,
2012-12-06,0.076650695,-0.008527438,0.12400206,0.04650759,,5.69e-05,,,6.03e-05,,,,,
2012-12-07,0.068370544,-0.012956756,0.080570768,-0.01285891,,5.69e-05,,,6.03e-05,,,,,
2012-12-10,0.084821572,0.006917216,0.08076875,0.001505544,,5.69e-05,,,6.03e-05,,,,,
2012-12-11,0.060221723,-0.024483349,0.097688977,0.018361193,,5.69e-05,,,6.03e-05,,,,,
2012-12-12,0.101590254,0.027054552,0.069344064,-0.015502781,,5.69e-05,,,6.02e-05,,,,,
2012-12-13,0.067261178,-0.024375924,0.100013085,0.024411819,,5.69e-05,,,6.02e-05,,,,,
2012-12-14,0.133072222,0.055626468,0.130055868,0.044450944,,5.69e-05,,,6.01e-05,,,,,
2012-12-17,0.099999054,-0.004652426,0.070987606,-0.02441671,,5.69e-05,,,6.01e-05,,,,,
2012-12-18,0.072905237,-0.018074076,0.112774803,0.036637445,,5.69e-05,,,6.01e-05,,,,,
2012-12-19,0.072636249,-0.007142711,0.069130857,-0.020636701,,5.69e-05,,,6.01e-05,,,,,
2012-12-20,0.087037042,0.00736928,0.107417024,0.031885303,,5.68e-05,,,6.01e-05,,,,,
2012-12-21,0.051555492,-0.034065436,0.055267941,-0.03275201,,5.68e-05,,,6.01e-05,,,,,
2012-12-24,0.051319218,-0.019633938,0.131090531,0.060080632,,5.68e-05,,,6.01e-05,,,,,
2012-12-25,0.020669023,-0.05018646,0.02743653,-0.068305274,,5.68e-05,,,6.01e-05,,,,,
2012-12-26,0.04728215,-0.010902802,0.043744107,-0.018187708,,5.68e-05,,,6.01e-05,,,,,
2012-12-27,0.059221952,-0.009964641,0.103475506,0.036224466,,5.67e-05,,,6.01e-05,,,,,
2012-12-28,0.049448526,-0.02467388,0.045788698,-0.040945603,,5.67e-05,,,6.01e-05,,,,,
2012-12-31,0.041396869,-0.028685285,0.032825017,-0.03509293,,5.66e-05,,,6.01e-05,,,,,
2013-01-01,0.012771014,-0.053982654,0.018039917,-0.045649521,,5.66e-05,,,6.01e-05,,,,,
2013-01-02,0.060878904,0.005958921,0.044650532,-0.014216283,,5.65e-05,,,6.01e-05,,,,,
2013-01-03,0.063651889,-0.011155487,0.073320235,0.005773536,,5.65e-05,,,6.01e-05,,,,,
2013-01-04,0.054173888,-0.021779816,0.055255885,-0.021642333,,5.64e-05,,,6.01e-05,,,,,
2013-01-07,0.047763184,-0.024272395,0.048869929,-0.022136037,,5.64e-05,,,6e-05,,,,,
2013-01-08,0.056929734,-0.012455714,0.05881654,-0.010106447,,5.62e-05,,,5.99e-05,,,,,
2013-01-09,0.093453485,0.020278663,0.067921197,-0.004246188,,5.62e-05,,,5.99e-05,,,,,
2013-01-10,0.087006227,-0.001267203,0.068415773,-0.00672138,,5.62e-05,,,5.99e-05,,,,,
2013-01-11,0.07665901,-0.008949179,0.11317066,0.037872185,,5.62e-05,,,5.97e-05,,,,,
2013-01-14,0.062769866,-0.018560871,0.048747094,-0.041149585,,5.62e-05,,,5.96e-05,,,,,
2013-01-15,0.075895233,0.00030615,0.100970406,0.032087485,,5.62e-05,,,5.96e-05,,,,,
2013-01-16,0.104509226,0.023494228,0.060268647,-0.025648538,,5.62e-05,,,5.95e-05,,,,,
2013-01-17,0.105094659,0.012250879,0.094593205,0.02195217,,5.62e-05,,,5.95e-05,,,,,
2013-01-18,0.062072088,-0.031013705,0.060605643,-0.023231419,,5.61e-05,,,5.94e-05,,,,,
2013-01-21,0.091040745,0.015740117,0.07244595,-0.000305007,,5.61e-05,,,5.94e-05,,,,,
2013-01-22,0.076020561,-0.011255463,0.066862039,-0.009751004,,5.61e-05,,,5.93e-05,,,,,
2013-01-23,0.083038832,0.001972024,0.061543881,-0.013247795,,5.6e-05,,,5.93e-05,,,,,
2013-01-24,0.08894604,0.004977939,0.0812784,0.008221407,,5.6e-05,,,5.92e-05,,,,,
2013-01-25,0.06324295,-0.023167141,0.079355781,-0.000138241,,5.59e-05,,,5.89e-05,,,,,
2013-01-28,0.058674251,-0.017110401,0.057298727,-0.021568173,,5.59e-05,,,5.88e-05,,,,,
2013-01-29,0.058961956,-0.014934035,0.063564138,-0.008108165,,5.58e-05,,,5.87e-05,,,,,
2013-01-30,0.095455416,0.02144049,0.111959374,0.038243412,,5.58e-05,,,5.86e-05,,,,,
2013-01-31,0.059257516,-0.029843496,0.111842054,0.022340474,,5.58e-05,,,5.86e-05,,,,,
2013-02-01,0.052725784,-0.021411323,0.054653305,-0.034810008,,5.58e-05,,,5.86e-05,,,,,
2013-02-04,0.037239634,-0.034197311,0.040678798,-0.030130618,,5.57e-05,,,5.86e-05,,,,,
2013-02-05,0.067482956,0.002447854,0.101433547,0.035182353,,5.57e-05,,,5.86e-05,,,,,
2013-02-06,0.087686295,0.010148861,0.06870041,-0.017367843,,5.57e-05,,,5.86e-05,,,,,
2013-02-07,0.064924578,-0.020964745,0.063327989,-0.012063329,,5.57e-05,,,5.85e-05,,,,,
2013-02-08,0.09432863,0.017848807,0.060842212,-0.012796723,,5.57e-05,,,5.85e-05,,,,,
2013-02-11,0.099795987,0.011160779,0.080869974,0.008041853,,5.57e-05,,,5.84e-05,,,,,
2013-02-12,0.09441731,0.003521943,0.091925527,0.012564725,,5.57e-05,,,5.84e-05,,,,,
2013-02-13,0.094954759,0.006282891,0.07327526,-0.009691655,,5.57e-05,,,5.84e-05,,,,,
2013-02-14,0.085498997,-0.003395048,0.094986452,0.018102905,,5.57e-05,,,5.83e-05,,,,,
2013-02-15,0.064858686,-0.020126427,0.10836095,0.024395619,,5.56e-05,,,5.82e-05,,,,,
2013-02-18,0.078780425,0.002327842,0.089671381,0.001343539,,5.55e-05,,,5.81e-05,,,,,
2013-02-19,0.104056086,0.021848373,0.101478277,0.019246622,,5.54e-05,,,5.8e-05,,,,,
2013-02-20,0.097129278,0.004472822,0.057902596,-0.028180247,,5.54e-05,,,5.8e-05,,,,,
2013-02-21,0.066960751,-0.022832221,0.118998221,0.047128947,,5.54e-05,,,5.8e-05,,,,,
2013-02-22,0.071485713,-0.005835847,0.067443801,-0.024353719,,5.54e-05,,,5.79e-05,,,,,
2013-02-25,0.053555915,-0.025636225,0.069460938,-0.005520498,,5.54e-05,,,5.79e-05,,,,,
2013-02-26,0.069445453,-0.002334661,0.076804898,0.00116551,,5.54e-05,,,5.79e-05,,,,,
2013-02-27,0.08658542,0.008236706,0.077778407,-0.000256443,,5.54e-05,,,5.78e-05,,,,,
2013-02-28,0.060663825,-0.024770406,0.091445719,0.013093329,,5.54e-05,,,5.78e-05,,,,,
2013-03-01,0.081925249,0.007206785,0.07024867,-0.012561741,,5.54e-05,,,5.78e-05,,,,,
2013-03-04,0.075280303,-0.008227452,0.064829058,-0.011067273,,5.54e-05,,,5.78e-05,,,,,
2013-03-05,0.084462312,0.00370152,0.127957451,0.053828896,,5.54e-05,,,5.78e-05,,,,,
2013-03-06,0.101763585,0.017207029,0.063357793,-0.03136206,,5.54e-05,,,5.77e-05,,,,,
2013-03-07,0.074171024,-0.017537731,0.156578291,0.082929635,,5.54e-05,,,5.77e-05,,,,,
2013-03-08,0.080410461,0.000108236,0.069817646,-0.034237787,,5.54e-05,,,5.77e-05,,,,,
2013-03-11,0.072873703,-0.010007852,0.107220424,0.031464685,,5.54e-05,,,5.77e-05,,,,,
2013-03-12,0.073584287,-0.006181637,0.123105854,0.03515003,,5.54e-05,,,5.77e-05,,,,,
2013-03-13,0.101589573,0.0215299,0.070804513,-0.022332839,,5.54e-05,,,5.77e-05,,,,,
2013-03-14,0.118928819,0.027291999,0.076995795,0.000918158,,5.54e-05,,,5.77e-05,,,,,
2013-03-15,0.076290552,-0.022514166,0.068509239,-0.009587878,,5.54e-05,,,5.77e-05,,,,,
2013-03-18,0.091169927,0.009991507,0.063799781,-0.01152918,,5.54e-05,,,5.77e-05,,,,,
2013-03-19,0.068632652,-0.018696775,0.092669991,0.018877166,,5.54e-05,,,5.73e-05,,,,,
2013-03-20,0.109593189,0.03158048,0.084105561,0.000895816,,5.54e-05,,,5.73e-05,,,,,
2013-03-21,0.085816451,-0.009128996,0.102788077,0.022371888,,5.54e-05,,,5.73e-05,,,,,
2013-03-22,0.077647955,-0.007468391,0.064634482,-0.021875593,,5.54e-05,,,5.73e-05,,,,,
2013-03-25,0.073876677,-0.007862882,0.093156985,0.019091897,,5.54e-05,,,5.73e-05,,,,,
2013-03-26,0.061249608999999997,-0.018930935,0.113055294,0.0296867,,5.54e-05,,,5.73e-05,,,,,
2013-03-27,0.082465356,0.007504734,0.08751899,-0.002340058,,5.54e-05,,,5.73e-05,,,,,
2013-03-28,0.065528567,-0.018202464,0.109903456,0.028373871,,5.53e-05,,,5.73e-05,,,,,
2013-03-29,0.044320122,-0.032409385,0.039558239,-0.04927274,,5.53e-05,,,5.73e-05,,,,,
2013-04-01,0.048027239,-0.019934876,0.049922409,-0.01596328,,5.53e-05,,,5.73e-05,,,,,
2013-04-02,0.057439055,-0.012055552,0.104766897,0.03550061,,5.53e-05,,,5.73e-05,,,,,
2013-04-03,0.118367055,0.044981684,0.083429091,-0.003726438,,5.53e-05,,,5.73e-05,,,,,
2013-04-04,0.095412313,-0.003160176,0.110103982,0.029908445,,5.52e-05,,,5.73e-05,,,,,
2013-04-05,0.069077466,-0.020005727,0.076595917,-0.012300469,,5.52e-05,,,5.71e-05,,,,,
2013-04-08,0.078880996,0.000684405,0.085445889,0.007479205,,5.51e-05,,,5.71e-05,,,,,
2013-04-09,0.056392571,-0.025856717,0.115308328,0.034454949,,5.5e-05,,,5.71e-05,,,,,
2013-04-10,0.084636871,0.011684108,0.086323101,-0.004270845,,5.5e-05,,,5.71e-05,,,,,
2013-04-11,0.080909619,-0.003719098,0.101507083,0.020367574,,5.5e-05,,,5.71e-05,,,,,
2013-04-12,0.082478299,-0.000609604,0.084668512,-0.001423727,,5.5e-05,,,5.71e-05,,,,,
2013-04-15,0.085821259,0.002084877,0.072056504,-0.008543309,,5.49e-05,,,5.71e-05,,,,,
2013-04-16,0.063881715,-0.021236618,0.124102311,0.047616298,,5.49e-05,,,5.7e-05,,,,,
2013-04-17,0.103918781,0.027870069,0.070915301,-0.022547077,,5.49e-05,,,5.69e-05,,,,,
2013-04-18,0.065722897,-0.026876798,0.072572177,-0.003541597,,5.49e-05,,,5.69e-05,,,,,
2013-04-19,0.055569898,-0.021239943,0.068774185,-0.00788003,,5.49e-05,,,5.69e-05,,,,,
2013-04-22,0.052946258,-0.01966642,0.058351268,-0.017064114,,5.49e-05,,,5.68e-05,,,,,
2013-04-23,0.061038019,-0.010490068,0.075641693,0.003626071,,5.49e-05,,,5.68e-05,,,,,
2013-04-24,0.085948741,0.011075589,0.111767699,0.034112265,,5.49e-05,,,5.68e-05,,,,,
2013-04-25,0.048136524,-0.037034509,0.064398537,-0.025040522,,5.49e-05,,,5.68e-05,,,,,
2013-04-26,0.055268151,-0.014271633,0.061630619,-0.012357509,,5.48e-05,,,5.68e-05,,,,,
2013-04-29,0.055405772,-0.017082167,0.068338328,-0.004746957,,5.48e-05,,,5.68e-05,,,,,
2013-04-30,0.123547263,0.051002434,0.102834481,0.027561267,,5.47e-05,,,5.68e-05,,,,,
2013-05-01,0.069816598,-0.030897345,0.05381858,-0.032706631,,5.47e-05,,,5.68e-05,,,,,
2013-05-02,0.057333684,-0.021168458,0.092105106,0.021567962,,5.47e-05,,,5.68e-05,,,,,
2013-05-03,0.049290213,-0.024051599,0.046277748,-0.036747742,,5.47e-05,,,5.68e-05,,,,,
2013-05-06,0.066634329,-0.00338238,0.115384242,0.047306775,,5.46e-05,,,5.68e-05,,,,,
2013-05-07,0.094889461,0.017702842,0.166918558,0.07629985,,5.46e-05,,,5.68e-05,,,,,
2013-05-08,0.074445837,-0.014421214,0.073505197,-0.033923038,,5.46e-05,,,5.68e-05,,,,,
2013-05-09,0.083705336,0.003289505,0.076436148,-0.000522401,,5.45e-05,,,5.68e-05,,,,,
2013-05-10,0.044414313,-0.039829315,0.055665311,-0.022249259,,5.44e-05,,,5.68e-05,,,,,
2013-05-13,0.076471528,0.008470474,0.111409874,0.040270361,,5.43e-05,,,5.68e-05,,,,,
2013-05-14,0.093627719,0.012374485,0.103469499,0.014147156,,5.43e-05,,,5.68e-05,,,,,
2013-05-15,0.096126973,0.007781516,0.062545571,-0.024186771,,5.43e-05,,,5.68e-05,,,,,
2013-05-16,0.102135006,0.012756378,0.125945081,0.052561356,,5.43e-05,,,5.68e-05,,,,,
2013-05-17,0.120826663,0.028964365,0.06822907,-0.025834385,,5.43e-05,,,5.68e-05,,,,,
2013-05-20,0.086533539,-0.013055731,0.041586906,-0.033650669,,5.43e-05,,,5.68e-05,,,,,
2013-05-21,0.06308151,-0.022331274,0.116198573,0.049651171,,5.43e-05,,,5.68e-05,,,,,
2013-05-22,0.079249461,0.003531547,0.073321664,-0.017562663,,5.43e-05,,,5.68e-05,,,,,
2013-05-23,0.084838061,0.002436453,0.064965152,-0.011933532,,5.43e-05,,,5.68e-05,,,,,
2013-05-24,0.062892785,-0.021819102,0.045107219,-0.029065728,,5.43e-05,,,5.68e-05,,,,,
2013-05-27,0.037032472,-0.038607425,0.034301145,-0.033394516,,5.43e-05,,,5.68e-05,,,,,
2013-05-28,0.047441689,-0.017507774,0.055658385,-0.008512539,,5.43e-05,,,5.68e-05,,,,,
2013-05-29,0.095222102,0.025969557,0.085730534,0.01459328,,5.43e-05,,,5.68e-05,,,,,
2013-05-30,0.056579255,-0.032425306,0.058813019,-0.022133206,,5.42e-05,,,5.68e-05,,,,,
2013-05-31,0.0604503,-0.012579638,0.057800526,-0.014365711,,5.42e-05,,,5.68e-05,,,,,
2013-06-03,0.046813166,-0.027817028,0.063849889,-0.007986091,,5.41e-05,,,5.68e-05,,,,,
2013-06-04,0.073544614,0.004551895,0.063026916,-0.010782253,,5.4e-05,,,5.68e-05,,,,,
2013-06-05,0.079054998,-0.000988275,0.067257256,-0.006283475,,5.4e-05,,,5.68e-05,,,,,
2013-06-06,0.086945285,0.004624067,0.088908383,0.013987795,,5.4e-05,,,5.68e-05,,,,,
2013-06-07,0.056906481,-0.028676514,0.058533442,-0.023449337,,5.4e-05,,,5.68e-05,,,,,
2013-06-10,0.062387581,-0.010777629,0.064500603,-0.007574441,,5.38e-05,,,5.68e-05,,,,,
2013-06-11,0.045619834,-0.029811216,0.047119068,-0.026902352,,5.38e-05,,,5.68e-05,,,,,
2013-06-12,0.081444178,0.012944772,0.072839198,0.004487309,,5.38e-05,,,5.68e-05,,,,,
2013-06-13,0.063869253,-0.019439632,0.084309024,0.007567711,,5.38e-05,,,5.68e-05,,,,,
2013-06-14,0.061304226,-0.014739334,0.055976045,-0.024506509,,5.38e-05,,,5.68e-05,,,,,
2013-06-17,0.053283936,-0.021699264,0.051995989,-0.019244879,,5.38e-05,,,5.68e-05,,,,,
2013-06-18,0.063123446,-0.008544234,0.056606925,-0.013335725,,5.38e-05,,,5.68e-05,,,,,
2013-06-19,0.097025221,0.021289971,0.064147155,-0.007299495,,5.38e-05,,,5.68e-05,,,,,
2013-06-20,0.05450836,-0.035241596,0.057826439,-0.016079693,,5.38e-05,,,5.68e-05,,,,,
2013-06-21,0.126427111,0.054253264,0.089388608,0.017544176,,5.38e-05,,,5.68e-05,,,,,
2013-06-24,0.070319909,-0.031584539,0.051444171,-0.030695249,,5.38e-05,,,5.68e-05,,,,,
2013-06-25,0.045931342,-0.032778864,0.05343518,-0.016327476,,5.38e-05,,,5.68e-05,,,,,
2013-06-26,0.068875397,0.000247216,0.054751073,-0.015661014,,5.38e-05,,,5.68e-05,,,,,
2013-06-27,0.05064183,-0.027471228,0.042162953,-0.028678353,,5.38e-05,,,5.68e-05,,,,,
2013-06-28,0.051931962,-0.018643495,0.041747459,-0.024987839,,5.38e-05,,,5.68e-05,,,,,
2013-07-01,0.041041613,-0.030067172,0.046021872,-0.020577899,,5.38e-05,,,5.68e-05,,,,,
2013-07-02,0.039774406,-0.026832402,0.037240787,-0.030753217,,5.38e-05,,,5.68e-05,,,,,
2013-07-03,0.048916561,-0.017166394,0.050420223,-0.014709557,,5.38e-05,,,5.68e-05,,,,,
2013-07-04,0.041746018,-0.028116227,0.040788312,-0.028640352,,5.38e-05,,,5.68e-05,,,,,
2013-07-05,0.039779482,-0.027118521,0.04050316,-0.025783755,,5.38e-05,,,5.68e-05,,,,,
2013-07-08,0.05545936,-0.010625693,0.067159383,0.000965479,,5.38e-05,,,5.68e-05,,,,,
2013-07-09,0.072568192,1.21e-06,0.043766416,-0.031122248,,5.38e-05,,,5.68e-05,,,,,
2013-07-10,0.042226187,-0.037413441,0.037489393,-0.029768924,,5.38e-05,,,5.68e-05,,,,,
2013-07-11,0.05102384,-0.01607266,0.043129389,-0.022081481,,5.38e-05,,,5.68e-05,,,,,
2013-07-12,0.041317561,-0.029415815,0.046413718,-0.020636812,,5.38e-05,,,5.68e-05,,,,,
2013-07-15,0.040822901,-0.025897981,0.049346857,-0.018774961,,5.38e-05,,,5.68e-05,,,,,
2013-07-16,0.057349994,-0.009166401,0.064960715,-0.004117837,,5.38e-05,,,5.68e-05,,,,,
2013-07-17,0.062565752,-0.010782802,0.045896507,-0.028274992,,5.38e-05,,,5.68e-05,,,,,
2013-07-18,0.034741415,-0.040763289,0.044594422,-0.02335869,,5.38e-05,,,5.68e-05,,,,,
2013-07-19,0.040170437,-0.023831923,0.036398856,-0.031129541,,5.38e-05,,,5.68e-05,,,,,
2013-07-22,0.040567355,-0.025679316,0.038324617,-0.02653054,,5.38e-05,,,5.68e-05,,,,,
2013-07-23,0.046984212,-0.019426542,0.042712924,-0.022770381,,5.38e-05,,,5.68e-05,,,,,
2013-07-24,0.063435901,-0.005627527,0.085001931,0.018087244,,5.37e-05,,,5.68e-05,,,,,
2013-07-25,0.038692202,-0.037172214,0.036351444,-0.044357124,,5.37e-05,,,5.68e-05,,,,,
2013-07-26,0.049725075,-0.015910506,0.050376326,-0.014463366,,5.37e-05,,,5.68e-05,,,,,
2013-07-29,0.042694117,-0.027502361,0.04380634,-0.025608005,,5.37e-05,,,5.68e-05,,,,,
2013-07-30,0.055277348,-0.012012591,0.045472672,-0.021798667,,5.37e-05,,,5.67e-05,,,,,
2013-07-31,0.045615629,-0.026876111,0.059703844,-0.008111022,,5.36e-05,,,5.67e-05,,,,,
2013-08-01,0.087415248,0.01891758,0.061553744,-0.010903063,,5.36e-05,,,5.66e-05,,,,,
2013-08-02,0.044862364,-0.040914911,0.052773757,-0.020286453,,5.36e-05,,,5.66e-05,,,,,
2013-08-05,0.059526181,-0.008660093,0.050644977,-0.019551366,,5.36e-05,,,5.66e-05,,,,,
2013-08-06,0.040385986,-0.033862185,0.04246091,-0.027041064,,5.36e-05,,,5.66e-05,,,,,
2013-08-07,0.056255123,-0.010080654,0.043835862,-0.022996623,,5.36e-05,,,5.65e-05,,,,,
2013-08-08,0.083291621,0.010395677,0.05207078,-0.015210188,,5.36e-05,,,5.65e-05,,,,,
2013-08-09,0.056127144,-0.027945458,0.043580311,-0.026386734,,5.35e-05,,,5.65e-05,,,,,
2013-08-12,0.051448604,-0.021394435,0.049178,-0.018019613,,5.35e-05,,,5.65e-05,,,,,
2013-08-13,0.052915229,-0.017993741,0.057162938,-0.011860536,,5.34e-05,,,5.65e-05,,,,,
2013-08-14,0.093285402,0.021770142,0.058887622,-0.012740389,,5.34e-05,,,5.64e-05,,,,,
2013-08-15,0.061362619,-0.026841327,0.053722334,-0.018468237,,5.31e-05,,,5.64e-05,,,,,
2013-08-16,0.062415775,-0.012591564,0.048901119,-0.021604631,,5.3e-05,,,5.63e-05,,,,,
2013-08-19,0.046370703,-0.029072002,0.045836311,-0.02309685,,5.3e-05,,,5.62e-05,,,,,
2013-08-20,0.053452878,-0.015356931,0.048579184,-0.019354293,,5.29e-05,,,5.62e-05,,,,,
2013-08-21,0.064116631,-0.007620888,0.048752472,-0.02007568,,5.29e-05,,,5.61e-05,,,,,
2013-08-22,0.044580002,-0.031565822,0.049174402,-0.019710273,,5.29e-05,,,5.61e-05,,,,,
2013-08-23,0.074934789,0.006865241,0.072100243,0.003077942,,5.29e-05,,,5.6e-05,,,,,
2013-08-26,0.043190166,-0.037427793,0.050032294,-0.026467985,,5.29e-05,,,5.59e-05,,,,,
2013-08-27,0.059961226,-0.007533775,0.044479143,-0.024822986,,5.29e-05,,,5.58e-05,,,,,
2013-08-28,0.089737254,0.015309238,0.075913734,0.008422939,,5.29e-05,,,5.58e-05,,,,,
2013-08-29,0.052603598,-0.034133574,0.054188288,-0.02355588,,5.29e-05,,,5.58e-05,,,,,
2013-08-30,0.062734466,-0.008651968,0.07369113099999999,0.003033394,,5.29e-05,,,5.57e-05,,,,,
2013-09-02,0.058339873,-0.017234577,0.056647607,-0.02037159,,5.28e-05,,,5.57e-05,,,,,
2013-09-03,0.082086662,0.0083289,0.065624501,-0.005835419,,5.28e-05,,,5.55e-05,,,,,
2013-09-04,0.072523266,-0.011051216,0.070939722,-0.003448292,,5.28e-05,,,5.55e-05,,,,,
2013-09-05,0.054389527,-0.025231529,0.060021219,-0.01610052,,5.28e-05,,,5.54e-05,,,,,
2013-09-06,0.17620236,0.104077637,0.098920688,0.026360359,,5.27e-05,,,5.54e-05,,,,,
2013-09-09,0.056134398,-0.066346714,0.045364646,-0.039883959,,5.27e-05,,,5.54e-05,,,,,
2013-09-10,0.072306576,-0.000539461,0.051116102,-0.016663527,,5.27e-05,,,5.54e-05,,,,,
2013-09-11,0.088595227,0.009063749,0.044029863,-0.025625784,,5.27e-05,,,5.54e-05,,,,,
2013-09-12,0.095509824,0.009244756,0.084468294,0.017124045,,5.27e-05,,,5.54e-05,,,,,
2013-09-13,0.0630793,-0.026044204,0.056228984,-0.024305522,,5.26e-05,,,5.54e-05,,,,,
2013-09-16,0.077964284,0.002247283,0.050355695,-0.020967678,,5.26e-05,,,5.54e-05,,,,,
2013-09-17,0.07328965,-0.008580676,0.046024239,-0.023383377,,5.26e-05,,,5.53e-05,,,,,
2013-09-18,0.091490386,0.011552513,0.064968287,-0.003026489,,5.26e-05,,,5.52e-05,,,,,
2013-09-19,0.064250853,-0.023211049,0.057180383,-0.016993587,,5.25e-05,,,5.52e-05,,,,,
2013-09-20,0.158730905,0.082529594,0.106751332,0.035117631,,5.24e-05,,,5.52e-05,,,,,
2013-09-23,0.092814914,-0.022443647,0.099771844,0.01196903,,5.24e-05,,,5.52e-05,,,,,
2013-09-24,0.113346677,0.025337226,0.094299756,0.00877352,,5.23e-05,,,5.52e-05,,,,,
2013-09-25,0.061654447,-0.03484266,0.055364901,-0.028376443,,5.22e-05,,,5.51e-05,,,,,
2013-09-26,0.082159018,0.00703104,0.069702473,-0.001339052,,5.22e-05,,,5.51e-05,,,,,
2013-09-27,0.058362361,-0.025242033,0.064105703,-0.011612469,,5.22e-05,,,5.51e-05,,,,,
2013-09-30,0.079824609,0.006057551,0.05513638,-0.018756231,,5.22e-05,,,5.51e-05,,,,,
2013-10-01,0.056119289,-0.02652008,0.052966578,-0.018000407,,5.22e-05,,,5.5e-05,,,,,
2013-10-02,0.069143031,-0.00369676,0.063931121,-0.006328116,,5.22e-05,,,5.49e-05,,,,,
2013-10-03,0.086258473,0.008034778,0.086722767,0.012887101,,5.22e-05,,,5.48e-05,,,,,
2013-10-04,0.060696552,-0.024602522,0.05709658,-0.024173292,,5.22e-05,,,5.48e-05,,,,,
2013-10-07,0.055499734,-0.019232259,0.071996883,0.000390517,,5.22e-05,,,5.48e-05,,,,,
2013-10-08,0.071466834,-0.001116838,0.070784478,-0.005682087,,5.22e-05,,,5.47e-05,,,,,
2013-10-09,0.083821943,0.004637607,0.068240849,-0.007830252,,5.22e-05,,,5.47e-05,,,,,
2013-10-10,0.052574867,-0.031716966,0.046547229,-0.028694189,,5.22e-05,,,5.46e-05,,,,,
2013-10-11,0.052569802,-0.018804755,0.042932879,-0.025232487,,5.22e-05,,,5.46e-05,,,,,
2013-10-14,0.053531531,-0.017840933,0.051181947,-0.015804486,,5.22e-05,,,5.46e-05,,,,,
2013-10-15,0.058831184,-0.01293885,0.050493428,-0.019183696,,5.22e-05,,,5.45e-05,,,,,
2013-10-16,0.055537599,-0.018423267,0.0414957,-0.027956842,,5.22e-05,,,5.45e-05,,,,,
2013-10-17,0.07321159,0.000612265,0.048890711,-0.017626941,,5.22e-05,,,5.45e-05,,,,,
2013-10-18,0.052371216,-0.027534387,0.040331914,-0.028597851,,5.22e-05,,,5.45e-05,,,,,
2013-10-21,0.047056373,-0.024233996,0.046351521,-0.019786526,,5.22e-05,,,5.45e-05,,,,,
2013-10-22,0.071712129,0.00261887,0.040932919,-0.027168611,,5.22e-05,,,5.45e-05,,,,,
2013-10-23,0.076432218,-0.002853521,0.05337939,-0.012954694,,5.22e-05,,,5.45e-05,,,,,
2013-10-24,0.098664474,0.017427491,0.056645055,-0.013748833,,5.22e-05,,,5.45e-05,,,,,
2013-10-25,0.061132876,-0.029294733,0.043738405,-0.027720683,,5.22e-05,,,5.45e-05,,,,,
2013-10-28,0.051556477,-0.023355889,0.037767337,-0.029481843,,5.22e-05,,,5.45e-05,,,,,
2013-10-29,0.073264438,0.002310875,0.052088775,-0.013212755,,5.22e-05,,,5.45e-05,,,,,
2013-10-30,0.074539355,-0.005388095,0.063471247,-0.006501667,,5.22e-05,,,5.44e-05,,,,,
2013-10-31,0.078007089,-0.002447401,0.054154007,-0.019531656,,5.22e-05,,,5.44e-05,,,,,
2013-11-01,0.061640304,-0.020247718,0.103582498,0.032935944,,5.22e-05,,,5.44e-05,,,,,
2013-11-04,0.052898424,-0.022223708,0.042840322,-0.043928878,,5.22e-05,,,5.44e-05,,,,,
2013-11-05,0.051956764,-0.019551549,0.040870724,-0.026085518,,5.22e-05,,,5.44e-05,,,,,
2013-11-06,0.11726717,0.046148132,0.075958105,0.009644308,,5.22e-05,,,5.44e-05,,,,,
2013-11-07,0.093845867,-0.004271939,0.057396975,-0.020361667,,5.19e-05,,,5.44e-05,,,,,
2013-11-08,0.073433523,-0.015002114,0.074277405,0.002573055,,5.19e-05,,,5.44e-05,,,,,
2013-11-11,0.115111295,0.035113947,0.109757996,0.032547567,,5.19e-05,,,5.44e-05,,,,,
2013-11-12,0.074499259,-0.022727326,0.06550939,-0.023274142,,5.18e-05,,,5.43e-05,,,,,
2013-11-13,0.068936794,-0.011501121,0.047053684,-0.027296783,,5.18e-05,,,5.43e-05,,,,,
2013-11-14,0.105664771,0.027526333,0.106730968,0.038400406,,5.18e-05,,,5.43e-05,,,,,
2013-11-15,0.08031172,-0.013009753,0.060734715,-0.027061457,,5.18e-05,,,5.43e-05,,,,,
2013-11-18,0.079904233,-0.002936504,0.06101009,-0.011782968,,5.18e-05,,,5.43e-05,,,,,
2013-11-19,0.092606297,0.009934012,0.066464746,-0.006418133,,5.18e-05,,,5.42e-05,,,,,
2013-11-20,0.104842014,0.016918803,0.055619202,-0.019042884,,5.17e-05,,,5.42e-05,,,,,
2013-11-21,0.13652098,0.043539629,0.091576539,0.020452066,,5.17e-05,,,5.42e-05,,,,,
2013-11-22,0.078044243,-0.028032924,0.073347182,-0.0095059,,5.16e-05,,,5.41e-05,,,,,
2013-11-25,0.080393989,-0.001509392,0.057049936,-0.019857071,,5.16e-05,,,5.41e-05,,,,,
2013-11-26,0.099388842,0.016514096,0.062856329,-0.008734823,,5.16e-05,,,5.41e-05,,,,,
2013-11-27,0.087093126,-0.00363393,0.056633023,-0.016852065,,5.15e-05,,,5.41e-05,,,,,
2013-11-28,0.06233141,-0.023312702,0.058837568,-0.012617595,,5.15e-05,,,5.41e-05,,,,,
2013-11-29,0.086030935,0.010623106,0.065402456,-0.006771788,,5.15e-05,,,5.4e-05,,,,,
2013-12-02,0.053627465,-0.031577547,0.051595419,-0.022720168,,5.14e-05,,,5.39e-05,,,,,
2013-12-03,0.062099815,-0.009709878,0.05379918,-0.016012811,,5.14e-05,,,5.39e-05,,,,,
2013-12-04,0.074638977,-0.000673113,0.064813348,-0.005717469,,5.14e-05,,,5.37e-05,,,,,
2013-12-05,0.067848413,-0.012647259,0.059159253,-0.014964178,,5.14e-05,,,5.37e-05,,,,,
2013-12-06,0.070275593,-0.007412918,0.065373034,-0.006906138,,5.14e-05,,,5.36e-05,,,,,
2013-12-09,0.116943895,0.038252008,0.049140642,-0.025165348,,5.14e-05,,,5.36e-05,,,,,
2013-12-10,0.086323962,-0.011660205,0.078252409,0.009241121,,5.14e-05,,,5.35e-05,,,,,
2013-12-11,0.054682889,-0.030643257,0.046154198,-0.032352802,,5.14e-05,,,5.35e-05,,,,,
2013-12-12,0.057737832,-0.014508164,0.071703394,0.003666227,,5.13e-05,,,5.34e-05,,,,,
2013-12-13,0.046729221,-0.026779662,0.039165007,-0.037205827,,5.13e-05,,,5.34e-05,,,,,
2013-12-16,0.122798787,0.053840771,0.071336153,0.005578729,,5.12e-05,,,5.34e-05,,,,,
2013-12-17,0.128563921,0.028159391,0.068519544,-0.007731504,,5.12e-05,,,5.33e-05,,,,,
2013-12-18,0.075123608,-0.027664178,0.060958602,-0.014373721,,5.1e-05,,,5.33e-05,,,,,
2013-12-19,0.082403432,0.001707417,0.052718051,-0.020148035,,5.1e-05,,,5.33e-05,,,,,
2013-12-20,0.059260334,-0.024445099,0.064387646,-0.005790526,,5.1e-05,,,5.33e-05,,,,,
2013-12-23,0.0693889,-0.004749372,0.04386968,-0.030114895,,5.1e-05,,,5.33e-05,,,,,
2013-12-24,0.055824146,-0.02250119,0.022889468,-0.044402532,,5.1e-05,,,5.32e-05,,,,,
2013-12-25,0.014136361,-0.05858142,0.027350085,-0.033098563,,5.1e-05,,,5.32e-05,,,,,
2013-12-26,0.036383317,-0.019101089,0.022090302,-0.039813316,,5.09e-05,,,5.32e-05,,,,,
2013-12-27,0.039235762,-0.025445345,0.03127571,-0.028912265,,5.09e-05,,,5.32e-05,,,,,
2013-12-30,0.034290382,-0.031569903,0.0498001,-0.013383983,,5.09e-05,,,5.32e-05,,,,,
2013-12-31,0.049288407,-0.014527499,0.026334911,-0.04289148,,5.09e-05,,,5.32e-05,,,,,
2014-01-01,0.015253599,-0.054762363,0.015390497,-0.04618199,,5.09e-05,,,5.32e-05,,,,,
2014-01-02,0.073709176,0.017762914,0.065508412,0.007505787,,5.08e-05,,,5.32e-05,,,,,
2014-01-03,0.039436953,-0.040674348,0.054069871,-0.020280276,,5.08e-05,,,5.32e-05,,,,,
2014-01-06,0.056592907,-0.009350548,0.049586501,-0.02103261,,5.07e-05,,,5.32e-05,,,,,
2014-01-07,0.059708093,-0.013327488,0.050459894,-0.018696825,,5.07e-05,,,5.32e-05,,,,,
2014-01-08,0.077441356,0.003117984,0.069951414,0.00050981,,5.07e-05,,,5.32e-05,,,,,
2014-01-09,0.053836616,-0.027817536,0.049401839,-0.026397533,,5.07e-05,,,5.32e-05,,,,,
2014-01-10,0.09214694,0.020250787,0.027298149,-0.041798337,,5.06e-05,,,5.32e-05,,,,,
2014-01-13,0.054442962,-0.033290354,0.046990222,-0.014896455,,5.06e-05,,,5.32e-05,,,,,
2014-01-14,0.064111621,-0.00803519,0.052827571,-0.015482292,,5.06e-05,,,5.32e-05,,,,,
2014-01-15,0.049627537,-0.026516217,0.05018275,-0.020031145,,5.06e-05,,,5.32e-05,,,,,
2014-01-16,0.105178908,0.035022752,0.056209501,-0.013141703,,5.06e-05,,,5.32e-05,,,,,
2014-01-17,0.058040415,-0.035080205,0.047154897,-0.024162121,,5.06e-05,,,5.32e-05,,,,,
2014-01-20,0.08991216,0.016278192,0.062306535,-0.006057041,,5.06e-05,,,5.32e-05,,,,,
2014-01-21,0.068335521,-0.018473956,0.065958451,-0.007347305,,5.06e-05,,,5.32e-05,,,,,
2014-01-22,0.092646789,0.014756911,0.06897201,-0.005524933,,5.06e-05,,,5.32e-05,,,,,
2014-01-23,0.05832106,-0.02961889,0.055514495,-0.019965413,,5.06e-05,,,5.32e-05,,,,,
2014-01-24,0.084448257,0.010698272,0.078970338,0.007880018,,5.06e-05,,,5.32e-05,,,,,
2014-01-27,0.081389394,-0.003161352,0.059292848,-0.019448328,,5.06e-05,,,5.32e-05,,,,,
2014-01-28,0.087829703,0.004543465,0.046389597,-0.025933151,,5.06e-05,,,5.32e-05,,,,,
2014-01-29,0.060969647,-0.02497896,0.082067799,0.01395385,,5.06e-05,,,5.32e-05,,,,,
2014-01-30,0.075526765,0.000681878,0.056832104,-0.022919406,,5.06e-05,,,5.32e-05,,,,,
2014-01-31,0.063973224,-0.016889453,0.067346197,-0.004173902,,5.06e-05,,,5.32e-05,,,,,
2014-02-03,0.08380065,0.007714109,0.040560657,-0.034388942,,5.06e-05,,,5.32e-05,,,,,
2014-02-04,0.097559295,0.013276264,0.055730303,-0.010482355,,5.06e-05,,,5.32e-05,,,,,
2014-02-05,0.056460254,-0.033510483,0.054524735,-0.016635978,,5.06e-05,,,5.32e-05,,,,,
2014-02-06,0.069728957,-0.003251786,0.046803475,-0.023964004,,5.06e-05,,,5.32e-05,,,,,
2014-02-07,0.076147222,-0.00231869,0.062801886,-0.005447062,,5.06e-05,,,5.32e-05,,,,,
2014-02-10,0.086896385,0.005777216,0.058707588,-0.014759742,,5.06e-05,,,5.32e-05,,,,,
2014-02-11,0.071798107,-0.013764674,0.046522056,-0.025609791,,5.06e-05,,,5.32e-05,,,,,
2014-02-12,0.085023761,0.005702479,0.080668064,0.012510909,,5.06e-05,,,5.32e-05,,,,,
2014-02-13,0.088072938,0.003284284,0.044595116,-0.034699826,,5.06e-05,,,5.32e-05,,,,,
2014-02-14,0.060005791,-0.026043367,0.071630532,0.004101909,,5.06e-05,,,5.32e-05,,,,,
2014-02-17,0.116065804,0.041619365,0.052596162,-0.023750906,,5.06e-05,,,5.32e-05,,,,,
2014-02-18,0.062232695,-0.035388476,0.044387198,-0.025751216,,5.06e-05,,,5.32e-05,,,,,
2014-02-19,0.087091591,0.01172457,0.059503642,-0.007957163,,5.06e-05,,,5.32e-05,,,,,
2014-02-20,0.071696691,-0.013946787,0.066444223,-0.005947282,,5.06e-05,,,5.32e-05,,,,,
2014-02-21,0.070405586,-0.008873771,0.058206779,-0.016448613,,5.06e-05,,,5.32e-05,,,,,
2014-02-24,0.121247364,0.042501739,0.057417898,-0.014550594,,5.06e-05,,,5.32e-05,,,,,
2014-02-25,0.10388944,0.004126256,0.051174952,-0.020536222,,5.06e-05,,,5.32e-05,,,,,
2014-02-26,0.078777864,-0.013809702,0.072000312,0.00232547,,5.06e-05,,,5.32e-05,,,,,
2014-02-27,0.087747479,0.005540825,0.093321168,0.016853484,,5.06e-05,,,5.32e-05,,,,,
2014-02-28,0.059104175,-0.026810441,0.051054711,-0.032367437,,5.06e-05,,,5.32e-05,,,,,
2014-03-03,0.077574483,0.003500765,0.048614972,-0.02102065,,5.06e-05,,,5.32e-05,,,,,
2014-03-04,0.105383051,0.023673865,0.075369627,0.006529802,,5.06e-05,,,5.32e-05,,,,,
2014-03-05,0.070638828,-0.022566184,0.087850351,0.010283659,,5.05e-05,,,5.32e-05,,,,,
2014-03-06,0.099074756,0.020232711,0.073903135,-0.007734534,,5.05e-05,,,5.32e-05,,,,,
2014-03-07,0.108819631,0.018222414,0.065909943,-0.011178406,,5.05e-05,,,5.32e-05,,,,,
2014-03-10,0.087350708,-0.007274957,0.076624937,0.002143817,,5.05e-05,,,5.32e-05,,,,,
2014-03-11,0.094763402,0.009012808,0.066554789,-0.01142136,,5.04e-05,,,5.32e-05,,,,,
2014-03-12,0.071641302,-0.017173637,0.063654026,-0.011037431,,5.04e-05,,,5.32e-05,,,,,
2014-03-13,0.10840472,0.029148261,0.076893753,0.003148471,,5.03e-05,,,5.32e-05,,,,,
2014-03-14,0.104385945,0.009931801,0.060013124,-0.018050709,,5.03e-05,,,5.32e-05,,,,,
2014-03-17,0.07783946,-0.014953356,0.060734239,-0.011823449,,5.03e-05,,,5.32e-05,,,,,
2014-03-18,0.059258665,-0.02256006,0.054310355,-0.018482547,,5.02e-05,,,5.32e-05,,,,,
2014-03-19,0.068092508,-0.006045074,0.070476856,-0.000220696,,5.02e-05,,,5.32e-05,,,,,
2014-03-20,0.081293092,0.003503674,0.066839031,-0.00913173,,5.02e-05,,,5.32e-05,,,,,
2014-03-21,0.074656181,-0.008590246,0.062145516,-0.012638655,,5.02e-05,,,5.32e-05,,,,,
2014-03-24,0.069296202,-0.011206583,0.04363792,-0.029615314,,5e-05,,,5.32e-05,,,,,
2014-03-25,0.067693043,-0.010593972,0.066225687,-0.000990717,,5e-05,,,5.32e-05,,,,,
2014-03-26,0.075706855,-0.001917428,0.057403714,-0.017180395,,5e-05,,,5.32e-05,,,,,
2014-03-27,0.079847215,-0.001089909,0.082452217,0.010745669,,5e-05,,,5.32e-05,,,,,
2014-03-28,0.062297299,-0.020351415,0.069764242,-0.010112657,,5e-05,,,5.32e-05,,,,,
2014-03-31,0.078024917,0.002631189,0.075034425,-0.000703895,,5e-05,,,5.32e-05,,,,,
2014-04-01,0.114411116,0.032515725,0.084758883,0.007301528,,5e-05,,,5.32e-05,,,,,
2014-04-02,0.098631477,0.00169434,0.112876762,0.032247472,,5e-05,,,5.32e-05,,,,,
2014-04-03,0.072033193,-0.018380775,0.081211424,-0.008589391,,5e-05,,,5.32e-05,,,,,
2014-04-04,0.122536585,0.043118121,0.081017006,0.00154483,,5e-05,,,5.32e-05,,,,,
2014-04-07,0.087378652,-0.012917485,0.055486149,-0.023922612,,5e-05,,,5.32e-05,,,,,
2014-04-08,0.140067168,0.054305022,0.082597407,0.011516333,,5e-05,,,5.31e-05,,,,,
2014-04-09,0.099004196,-0.008538935,0.096652182,0.016727925,,5e-05,,,5.31e-05,,,,,
2014-04-10,0.133332313,0.042764266,0.107456975,0.022948314,,4.99e-05,,,5.3e-05,,,,,
2014-04-11,0.152532655,0.047773655,0.113648573,0.025615591,,4.98e-05,,,5.3e-05,,,,,
2014-04-14,0.079910541,-0.032785717,0.06989709,-0.020155475,,4.98e-05,,,5.3e-05,,,,,
2014-04-15,0.078745903,-0.003928989,0.080279553,0.004497901,,4.98e-05,,,5.3e-05,,,,,
2014-04-16,0.099359211,0.01716577,0.084907954,0.005739737,,4.98e-05,,,5.29e-05,,,,,
2014-04-17,0.109002777,0.018287969,0.057661045,-0.02301687,,4.98e-05,,,5.29e-05,,,,,
2014-04-18,0.046369413,-0.048331963,0.041946849,-0.029843635,,4.97e-05,,,5.29e-05,,,,,
2014-04-21,0.04355575,-0.025253525,0.067768022,0.001103213,,4.97e-05,,,5.29e-05,,,,,
2014-04-22,0.070713879,0.003067749,0.104095271,0.029008081,,4.96e-05,,,5.26e-05,,,,,
2014-04-23,0.083506741,0.00463367,0.084881454,-0.002055004,,4.96e-05,,,5.26e-05,,,,,
2014-04-24,0.079892292,-0.004269239,0.071678099,-0.008991172,,4.96e-05,,,5.24e-05,,,,,
2014-04-25,0.077338613,-0.005328736,0.052757892,-0.023604692,,4.96e-05,,,5.23e-05,,,,,
2014-04-28,0.113684778,0.032073098,0.079300535,0.009109367,,4.96e-05,,,5.23e-05,,,,,
2014-04-29,0.090167918,-0.006468957,0.077851025,-0.000997855,,4.96e-05,,,5.23e-05,,,,,
2014-04-30,0.092476421,0.005561216,0.06347817,-0.014897907,,4.96e-05,,,5.23e-05,,,,,
2014-05-01,0.064915735,-0.022953786,0.068130983,-0.005556938,,4.96e-05,,,5.23e-05,,,,,
2014-05-02,0.090796396,0.014320229,0.058108575,-0.017097006,,4.96e-05,,,5.23e-05,,,,,
2014-05-05,0.069066086,-0.018108927,0.06116509,-0.01077137,,4.96e-05,,,5.22e-05,,,,,
2014-05-06,0.078393813,0.000201926,0.051067309,-0.021866129,,4.96e-05,,,5.22e-05,,,,,
2014-05-07,0.078444725,-0.003603166,0.072381932,0.002742201,,4.95e-05,,,5.21e-05,,,,,
2014-05-08,0.071916944,-0.010151992,0.061895182,-0.01469698,,4.95e-05,,,5.2e-05,,,,,
2014-05-09,0.067641931,-0.011728476,0.037378999,-0.035792581,,4.95e-05,,,5.19e-05,,,,,
2014-05-12,0.068183092,-0.009420061,0.07331849,0.008143629,,4.94e-05,,,5.19e-05,,,,,
2014-05-13,0.064351125,-0.01347574,0.077196626,0.000298977,,4.94e-05,,,5.19e-05,,,,,
2014-05-14,0.093361214,0.017118452,0.076910417,-0.001252207,,4.94e-05,,,5.18e-05,,,,,
2014-05-15,0.085267032,-0.002968255,0.066266203,-0.011803065,,4.93e-05,,,5.18e-05,,,,,
2014-05-16,0.07640356,-0.008485661,0.071562127,-0.003035199,,4.93e-05,,,5.18e-05,,,,,
2014-05-19,0.060759254,-0.020465883,0.059469102,-0.016855655,,4.92e-05,,,5.18e-05,,,,,
2014-05-20,0.070403351,-0.004354562,0.078470162,0.006089924,,4.91e-05,,,5.17e-05,,,,,
2014-05-21,0.076043394,-0.002701307,0.076476711,-0.002101317,,4.91e-05,,,5.17e-05,,,,,
2014-05-22,0.044691555,-0.036384691,0.048651864,-0.029275937,,4.91e-05,,,5.17e-05,,,,,
2014-05-23,0.068495263,0.0003796,0.06336758,-0.005484278,,4.91e-05,,,5.17e-05,,,,,
2014-05-26,0.053882237,-0.024073677,0.053789475,-0.019862374,,4.91e-05,,,5.17e-05,,,,,
2014-05-27,0.079947584,0.008032571,0.097740516,0.027212865,,4.91e-05,,,5.17e-05,,,,,
2014-05-28,0.084620358,0.001930152,0.077570301,-0.007293354,,4.91e-05,,,5.17e-05,,,,,
2014-05-29,0.075600428,-0.009021463,0.075563794,-0.002720716,,4.91e-05,,,5.17e-05,,,,,
2014-05-30,0.08079844,-9.47e-05,0.073735747,-0.003894278,,4.91e-05,,,5.17e-05,,,,,
2014-06-02,0.093411634,0.010369692,0.064109178,-0.012924572,,4.91e-05,,,5.17e-05,,,,,
2014-06-03,0.072112323,-0.016143807,0.079207771,0.005314027,,4.9e-05,,,5.16e-05,,,,,
2014-06-04,0.092026758,0.012575583,0.085985934,0.007167313,,4.9e-05,,,5.15e-05,,,,,
2014-06-05,0.081190732,-0.006492902,0.068143269,-0.012886263,,4.9e-05,,,5.15e-05,,,,,
2014-06-06,0.086111528,0.002907415,0.102733194,0.027523606,,4.9e-05,,,5.15e-05,,,,,
2014-06-09,0.064441104,-0.020797224,0.06179156,-0.024700613,,4.9e-05,,,5.15e-05,,,,,
2014-06-10,0.083121777,0.006841818,0.055108863,-0.018028917,,4.9e-05,,,5.15e-05,,,,,
2014-06-11,0.080080697,-0.003921693,0.057225064,-0.013732947,,4.9e-05,,,5.15e-05,,,,,
2014-06-12,0.090819703,0.008074469,0.055714415,-0.01593386,,4.9e-05,,,5.15e-05,,,,,
2014-06-13,0.060054296,-0.027130351,0.090808405,0.019652875,,4.9e-05,,,5.15e-05,,,,,
2014-06-16,0.074221949,-0.000244541,0.073081827,-0.009520704,,4.9e-05,,,5.15e-05,,,,,
2014-06-17,0.073490364,-0.006832913,0.068540288,-0.008280166,,4.9e-05,,,5.14e-05,,,,,
2014-06-18,0.065415005,-0.014605841,0.06073675,-0.014602339,,4.9e-05,,,5.13e-05,,,,,
2014-06-19,0.07068762,-0.005994941,0.058839861,-0.013953861,,4.9e-05,,,5.13e-05,,,,,
2014-06-20,0.06351047,-0.015351745,0.06862813,-0.003546861,,4.9e-05,,,5.13e-05,,,,,
2014-06-23,0.065933315,-0.009961928,0.061557447,-0.013810294,,4.9e-05,,,5.13e-05,,,,,
2014-06-24,0.068998433,-0.007898393,0.067572768,-0.00548865,,4.9e-05,,,5.13e-05,,,,,
2014-06-25,0.084417289,0.006253369,0.0535673,-0.021456202,,4.9e-05,,,5.13e-05,,,,,
2014-06-26,0.079346133,-0.00519181,0.070281542,-0.00017364,,4.9e-05,,,5.13e-05,,,,,
2014-06-27,0.076938564,-0.005503007,0.073029341,-0.002877712,,4.9e-05,,,5.13e-05,,,,,
2014-06-30,0.067431258,-0.014015045,0.060664499,-0.016138835,,4.9e-05,,,5.13e-05,,,,,
2014-07-01,0.078083946,0.000567883,0.067418068,-0.005352086,,4.9e-05,,,5.13e-05,,,,,
2014-07-02,0.076483745,-0.005436048,0.093514751,0.018541709,,4.9e-05,,,5.13e-05,,,,,
2014-07-03,0.045107196,-0.036151088,0.055290625,-0.028194665,,4.9e-05,,,5.13e-05,,,,,
2014-07-04,0.049828127,-0.018459359,0.061702471,-0.009314826,,4.9e-05,,,5.13e-05,,,,,
2014-07-07,0.058074378,-0.0121647,0.05727517,-0.015833551,,4.9e-05,,,5.13e-05,,,,,
2014-07-08,0.065324245,-0.008323763,0.06072061,-0.010944009,,4.9e-05,,,5.13e-05,,,,,
2014-07-09,0.06483481,-0.011810232,0.065711618,-0.007076839,,4.9e-05,,,5.13e-05,,,,,
2014-07-10,0.055169979,-0.021272734,0.045691498,-0.028724932,,4.9e-05,,,5.13e-05,,,,,
2014-07-11,0.119483821,0.047036467,0.055056228,-0.012830015,,4.9e-05,,,5.11e-05,,,,,
2014-07-14,0.062360939,-0.036673211,0.047650178,-0.023290663,,4.9e-05,,,5.11e-05,,,,,
2014-07-15,0.064768031,-0.010652005,0.045851364,-0.022673763,,4.9e-05,,,5.11e-05,,,,,
2014-07-16,0.089683561,0.013268454,0.066844196,-0.001094191,,4.9e-05,,,5.11e-05,,,,,
2014-07-17,0.092748673,0.006033697,0.067536329,-0.007249527,,4.9e-05,,,5.11e-05,,,,,
2014-07-18,0.077160666,-0.010821401,0.060195481,-0.014816136,,4.9e-05,,,5.11e-05,,,,,
2014-07-21,0.085118445,0.003580327,0.055932666,-0.016684504,,4.89e-05,,,5.11e-05,,,,,
2014-07-22,0.08709142,0.002263624,0.063577507,-0.007649213,,4.88e-05,,,5.11e-05,,,,,
2014-07-23,0.067334238,-0.018309169,0.066387614,-0.007332709,,4.88e-05,,,5.1e-05,,,,,
2014-07-24,0.062175882,-0.015300074,0.058309382,-0.016327545,,4.88e-05,,,5.1e-05,,,,,
2014-07-25,0.058314571,-0.017028964,0.047903022,-0.024098938,,4.88e-05,,,5.1e-05,,,,,
2014-07-28,0.063420466,-0.010326836,0.066259304,-0.002348297,,4.88e-05,,,5.09e-05,,,,,
2014-07-29,0.083537247,0.007679211,0.077773037,0.003177962,,4.88e-05,,,5.09e-05,,,,,
2014-07-30,0.077696658,-0.006477484,0.061259075,-0.017091564,,4.86e-05,,,5.09e-05,,,,,
2014-07-31,0.043929159,-0.037830533,0.043183506,-0.029780588,,4.86e-05,,,5.09e-05,,,,,
2014-08-01,0.062605155,-0.00519534,0.07009634,0.003028157,,4.86e-05,,,5.09e-05,,,,,
2014-08-04,0.040980183,-0.03454081,0.058585327,-0.017261317,,4.86e-05,,,5.08e-05,,,,,
2014-08-05,0.062807203,-0.00377421,0.070592381,-0.001499586,,4.86e-05,,,5.08e-05,,,,,
2014-08-06,0.070041744,-0.005562774,0.058144483,-0.017863961,,4.86e-05,,,5.06e-05,,,,,
2014-08-07,0.089960242,0.011365026,0.106725916,0.034777743,,4.86e-05,,,5.06e-05,,,,,
2014-08-08,0.073182682,-0.013646672,0.078821976,-0.008972548,,4.86e-05,,,5.06e-05,,,,,
2014-08-11,0.074658614,-0.005235039,0.088937187,0.010244404,,4.86e-05,,,5.06e-05,,,,,
2014-08-12,0.091613888,0.011110098,0.070574374,-0.0114178,,4.86e-05,,,5.06e-05,,,,,
2014-08-13,0.068325801,-0.019187156,0.068442336,-0.007560234,,4.86e-05,,,5.06e-05,,,,,
2014-08-14,0.077492858,-0.000393001,0.098049206,0.022742067,,4.86e-05,,,5.06e-05,,,,,
2014-08-15,0.063331142,-0.018344301,0.064948034,-0.02001631,,4.86e-05,,,5.06e-05,,,,,
2014-08-18,0.066403116,-0.009417994,0.081861449,0.007694085,,4.86e-05,,,5.05e-05,,,,,
2014-08-19,0.083956153,0.006865115,0.053771367,-0.025912835,,4.86e-05,,,5.04e-05,,,,,
2014-08-20,0.041518274,-0.04282904,0.083180554,0.01265881,,4.86e-05,,,5.04e-05,,,,,
2014-08-21,0.061507083,-0.005296772,0.05297533,-0.027139139,,4.86e-05,,,5.04e-05,,,,,
2014-08-22,0.059389309,-0.015677751,0.055441579,-0.014820513,,4.86e-05,,,5.04e-05,,,,,
2014-08-25,0.049668591,-0.024522999,0.048669024,-0.022397512,,4.86e-05,,,5.04e-05,,,,,
2014-08-26,0.060000924,-0.010172203,0.058842395,-0.010015061,,4.85e-05,,,5.04e-05,,,,,
2014-08-27,0.065693832,-0.008750594,0.067426515,-0.004749303,,4.85e-05,,,5.04e-05,,,,,
2014-08-28,0.082938624,0.006140798,0.11898983,0.044014033,,4.85e-05,,,5.04e-05,,,,,
2014-08-29,0.114004766,0.030078089,0.049206942,-0.042587841,,4.85e-05,,,5.03e-05,,,,,
2014-09-01,0.060276202,-0.036492953,0.038781517,-0.030251398,,4.85e-05,,,5.02e-05,,,,,
2014-09-02,0.072582955,-0.001975269,0.06599737,0.000365033,,4.85e-05,,,5.02e-05,,,,,
2014-09-03,0.082487266,0.002841535,0.083716928,0.009207291,,4.84e-05,,,5.02e-05,,,,,
2014-09-04,0.07899185,-0.004748239,0.09100314,0.010713715,,4.84e-05,,,5.02e-05,,,,,
2014-09-05,0.069893136,-0.012401977,0.085357567,0.002691517,,4.84e-05,,,5.01e-05,,,,,
2014-09-08,0.045845171,-0.032688612,0.04745985,-0.033364719,,4.83e-05,,,5.01e-05,,,,,
2014-09-09,0.092312079,0.023719521,0.059806782,-0.008656264,,4.83e-05,,,5e-05,,,,,
2014-09-10,0.077177823,-0.01062376,0.070070883,-0.0024195,,4.83e-05,,,5e-05,,,,,
2014-09-11,0.126531106,0.044985895,0.124095339,0.048256998,,4.83e-05,,,4.99e-05,,,,,
2014-09-12,0.084001918,-0.01794552,0.075645516,-0.017814588,,4.83e-05,,,4.99e-05,,,,,
2014-09-15,0.077066585,-0.007299648,0.08234713,0.004690449,,4.83e-05,,,4.97e-05,,,,,
2014-09-16,0.086194221,0.004694995,0.123757054,0.043914432,,4.82e-05,,,4.97e-05,,,,,
2014-09-17,0.039449347,-0.045823166,0.05852365,-0.034826112,,4.82e-05,,,4.97e-05,,,,,
2014-09-18,0.07603835,0.010089771,0.068876787,-0.003195063,,4.82e-05,,,4.97e-05,,,,,
2014-09-19,0.048867456,-0.032206705,0.065033015,-0.010415834,,4.82e-05,,,4.97e-05,,,,,
2014-09-22,0.067870504,-0.001971441,0.062509694,-0.011685388,,4.82e-05,,,4.97e-05,,,,,
2014-09-23,0.078149335,0.000451692,0.050555649,-0.022816373,,4.82e-05,,,4.97e-05,,,,,
2014-09-24,0.069045598,-0.012901227,0.079012099,0.009539262,,4.81e-05,,,4.97e-05,,,,,
2014-09-25,0.079195801,0.001012384,0.044993967,-0.03376083,,4.8e-05,,,4.97e-05,,,,,
2014-09-26,0.072837921,-0.009541505,0.064879334,-0.002779387,,4.79e-05,,,4.97e-05,,,,,
2014-09-29,0.086056168,0.006305036,0.071514627,-0.002630327,,4.79e-05,,,4.97e-05,,,,,
2014-09-30,0.072950066,-0.012265377,0.068745013,-0.00756425,,4.78e-05,,,4.97e-05,,,,,
2014-10-01,0.116991385,0.037193894,0.069071087,-0.00633478,,4.78e-05,,,4.97e-05,,,,,
2014-10-02,0.096038512,-0.001965286,0.096172114,0.020659888,,4.78e-05,,,4.97e-05,,,,,
2014-10-03,0.06857437,-0.020767689,0.06600752,-0.018344552,,4.77e-05,,,4.97e-05,,,,,
2014-10-06,0.051508792,-0.026479824,0.091803932,0.017290985,,4.77e-05,,,4.97e-05,,,,,
2014-10-07,0.085442185,0.014508334,0.07077082,-0.012156433,,4.77e-05,,,4.97e-05,,,,,
2014-10-08,0.103678777,0.018717149,0.073888754,-0.002177892,,4.77e-05,,,4.97e-05,,,,,
2014-10-09,0.069433204,-0.023067275,0.071241797,-0.005841861,,4.77e-05,,,4.97e-05,,,,,
2014-10-10,0.080155229,0.001811578,0.099217644,0.022997374,,4.77e-05,,,4.97e-05,,,,,
2014-10-13,0.07555865,-0.007217395,0.067894633,-0.017450834,,4.76e-05,,,4.97e-05,,,,,
2014-10-14,0.097252926,0.016377069,0.0817467,0.006618211,,4.76e-05,,,4.97e-05,,,,,
2014-10-15,0.083025003,-0.006819085,0.06218428,-0.017462493,,4.75e-05,,,4.97e-05,,,,,
2014-10-16,0.077612875,-0.00634951,0.054660028,-0.01860585,,4.75e-05,,,4.97e-05,,,,,
2014-10-17,0.084750251,0.003025194,0.065232196,-0.005579413,,4.75e-05,,,4.97e-05,,,,,
2014-10-20,0.069352165,-0.015323422,0.056293397,-0.017966654,,4.74e-05,,,4.97e-05,,,,,
2014-10-21,0.072981923,-0.005328226,0.059727059,-0.011617324,,4.74e-05,,,4.97e-05,,,,,
2014-10-22,0.072927838,-0.006882823,0.063836484,-0.008627896,,4.74e-05,,,4.97e-05,,,,,
2014-10-23,0.031892506,-0.047895796,0.0708246,-0.002980196,,4.74e-05,,,4.97e-05,,,,,
2014-10-24,0.092784215,0.02995957,0.078881194,0.002797005,,4.74e-05,,,4.97e-05,,,,,
2014-10-27,0.057990774,-0.030005986,0.083111135,0.004399037,,4.74e-05,,,4.97e-05,,,,,
2014-10-28,0.080188548,0.006575101,0.063692883,-0.016398943,,4.74e-05,,,4.97e-05,,,,,
2014-10-29,0.079066954,-0.003722864,0.068536707,-0.005221249,,4.74e-05,,,4.97e-05,,,,,
2014-10-30,0.073629442,-0.008696719,0.075604079,0.000266158,,4.74e-05,,,4.97e-05,,,,,
2014-10-31,0.136701177,0.056622838,0.119924942,0.042281777,,4.74e-05,,,4.97e-05,,,,,
2014-11-03,0.067019519,-0.03913214,0.055811934,-0.036287865,,4.74e-05,,,4.97e-05,,,,,
2014-11-04,0.062244393,-0.015101461,0.058690748,-0.012496591,,4.74e-05,,,4.97e-05,,,,,
2014-11-05,0.075902861,0.000531004,0.049918699,-0.022207655,,4.74e-05,,,4.97e-05,,,,,
2014-11-06,0.091649658,0.010631506,0.060174122,-0.009090954,,4.74e-05,,,4.97e-05,,,,,
2014-11-07,0.084841142,-0.002686601,0.061190958,-0.011419245,,4.74e-05,,,4.97e-05,,,,,
2014-11-10,0.07167098,-0.013042182,0.071611262,-0.001330614,,4.74e-05,,,4.97e-05,,,,,
2014-11-11,0.070742816,-0.008525912,0.060572286,-0.015768497,,4.74e-05,,,4.97e-05,,,,,
2014-11-12,0.075705164,-0.003179869,0.079190167,0.006450091,,4.74e-05,,,4.97e-05,,,,,
2014-11-13,0.078550574,-0.002385852,0.07489093,-0.00392195,,4.74e-05,,,4.97e-05,,,,,
2014-11-14,0.109036298,0.026923605,0.054411508,-0.022999042,,4.74e-05,,,4.97e-05,,,,,
2014-11-17,0.055923013,-0.03879222,0.053893567,-0.016836979,,4.74e-05,,,4.97e-05,,,,,
2014-11-18,0.069282013,-0.003476639,0.068992556,-0.001569048,,4.74e-05,,,4.97e-05,,,,,
2014-11-19,0.066719851,-0.011561299,0.07302844,-0.00245817,,4.74e-05,,,4.97e-05,,,,,
2014-11-20,0.070660649,-0.006561324,0.069151953,-0.007651087,,4.74e-05,,,4.97e-05,,,,,
2014-11-21,0.061768008,-0.017083058,0.064141376,-0.011397227,,4.74e-05,,,4.97e-05,,,,,
2014-11-24,0.062622157,-0.012552767,0.066192845,-0.007711402,,4.74e-05,,,4.97e-05,,,,,
2014-11-25,0.047292513,-0.028235508,0.068340001,-0.006233396,,4.74e-05,,,4.97e-05,,,,,
2014-11-26,0.110473098,0.041282221,0.068141199,-0.00713256,,4.74e-05,,,4.97e-05,,,,,
2014-11-27,0.075353623,-0.019955572,0.060475868,-0.014733046,,4.74e-05,,,4.97e-05,,,,,
2014-11-28,0.054774013,-0.026017088,0.061673032,-0.011035595,,4.74e-05,,,4.97e-05,,,,,
2014-12-01,0.078139918,0.005856252,0.065366463,-0.007732656,,4.74e-05,,,4.97e-05,,,,,
2014-12-02,0.082724203,0.000781271,0.081886972,0.007583125,,4.72e-05,,,4.97e-05,,,,,
2014-12-03,0.070270463,-0.013567573,0.055252217,-0.024440309,,4.72e-05,,,4.97e-05,,,,,
2014-12-04,0.078216382,-0.000473384,0.057720185,-0.013284585,,4.72e-05,,,4.97e-05,,,,,
2014-12-05,0.086067155,0.004092613,0.0580155,-0.013794274,,4.72e-05,,,4.97e-05,,,,,
2014-12-08,0.074871098,-0.010348887,0.052164178,-0.019741923,,4.72e-05,,,4.97e-05,,,,,
2014-12-09,0.047794215,-0.032797414,0.064779049,-0.00521846,,4.72e-05,,,4.97e-05,,,,,
2014-12-10,0.066390781,-0.003007495,0.071577525,-0.002534718,,4.72e-05,,,4.97e-05,,,,,
2014-12-11,0.091877088,0.01479115,0.090779065,0.014449286,,4.72e-05,,,4.97e-05,,,,,
2014-12-12,0.087896454,0.000274693,0.107608381,0.02501542,,4.72e-05,,,4.97e-05,,,,,
2014-12-15,0.083254546,-0.002721655,0.079867177,-0.008215191,,4.72e-05,,,4.97e-05,,,,,
2014-12-16,0.06899073,-0.015066546,0.067068581,-0.011965126,,4.72e-05,,,4.97e-05,,,,,
2014-12-17,0.075026268,-0.003134468,0.078147321,0.003288275,,4.72e-05,,,4.97e-05,,,,,
2014-12-18,0.077135528,-0.003520247,0.067298555,-0.011174167,,4.72e-05,,,4.97e-05,,,,,
2014-12-19,0.072857998,-0.008669728,0.067002211,-0.007931848,,4.72e-05,,,4.97e-05,,,,,
2014-12-22,0.071204686,-0.008554745,0.043873753,-0.030963644,,4.72e-05,,,4.97e-05,,,,,
2014-12-23,0.040894497,-0.038181469,0.036378621,-0.030914707,,4.72e-05,,,4.97e-05,,,,,
2014-12-24,0.048771017,-0.017774975,0.037217723,-0.027630834,,4.71e-05,,,4.96e-05,,,,,
2014-12-25,0.034236307,-0.035565771,0.031822057,-0.033300199,,4.71e-05,,,4.96e-05,,,,,
2014-12-26,0.056490475,-0.007303077,0.038626859,-0.024735432,,4.71e-05,,,4.96e-05,,,,,
2014-12-29,0.041798623,-0.031194613,0.043880591,-0.021701299,,4.71e-05,,,4.96e-05,,,,,
2014-12-30,0.06221047,-0.00470928,0.070783152,0.003487593,,4.71e-05,,,4.96e-05,,,,,
2014-12-31,0.046333422,-0.029024411,0.039948911,-0.036121758,,4.71e-05,,,4.96e-05,,,,,
2015-01-01,0.030714185,-0.038080212,0.035190744,-0.030822375,,4.71e-05,,,4.95e-05,,,,,
2015-01-02,0.045110865,-0.017226671,0.035950347,-0.028510746,,4.71e-05,,,4.95e-05,,,,,
2015-01-05,0.059898025,-0.008390978,0.043098333,-0.021610529,,4.71e-05,,,4.95e-05,,,,,
2015-01-06,0.070230351,-0.004171538,0.065279733,-0.001760668,,4.71e-05,,,4.95e-05,,,,,
2015-01-07,0.050441017,-0.028232167,0.055043287,-0.01923227,,4.71e-05,,,4.95e-05,,,,,
2015-01-08,0.073495317,0.003002876,0.07549494,0.004558319,,4.71e-05,,,4.95e-05,,,,,
2015-01-09,0.057467197,-0.022555696,0.070968054,-0.006639512,,4.71e-05,,,4.94e-05,,,,,
2015-01-12,0.067501992,-0.005895013,0.064925732,-0.011205249,,4.7e-05,,,4.94e-05,,,,,
2015-01-13,0.078642226,0.001096922,0.064448695,-0.009711394,,4.7e-05,,,4.93e-05,,,,,
2015-01-14,0.052318131,-0.029832452,0.073600981,-0.000403507,,4.7e-05,,,4.93e-05,,,,,
2015-01-15,0.10122997,0.029961546,0.109776091,0.032786299,,4.69e-05,,,4.92e-05,,,,,
2015-01-16,0.101043011,0.009554847,0.073178948,-0.015610486,,4.69e-05,,,4.92e-05,,,,,
2015-01-19,0.107714871,0.016303995,0.077085005,0.000232872,,4.69e-05,,,4.92e-05,,,,,
2015-01-20,0.076686682,-0.017482284,0.065198357,-0.012927858,,4.69e-05,,,4.92e-05,,,,,
2015-01-21,0.073482675,-0.007859502,0.06731174,-0.006937274,,4.69e-05,,,4.91e-05,,,,,
2015-01-22,0.073776994,-0.006240673,0.070748282,-0.004190077,,4.69e-05,,,4.91e-05,,,,,
2015-01-23,0.058211157,-0.021928179,0.070765942,-0.005293354,,4.69e-05,,,4.91e-05,,,,,
2015-01-26,0.071508964,-0.002195588,0.074594214,-0.001470841,,4.69e-05,,,4.9e-05,,,,,
2015-01-27,0.062569624,-0.016632128,0.068552158,-0.008761608,,4.69e-05,,,4.87e-05,,,,,
2015-01-28,0.068472084,-0.007034221,0.068894014,-0.006448947,,4.69e-05,,,4.87e-05,,,,,
2015-01-29,0.069533128,-0.008413203,0.07732132,0.001866852,,4.69e-05,,,4.87e-05,,,,,
2015-01-30,0.082960435,0.004575477,0.083652643,0.005449347,,4.68e-05,,,4.87e-05,,,,,
2015-02-02,0.062907803,-0.021027889,0.073978731,-0.006289725,,4.68e-05,,,4.87e-05,,,,,
2015-02-03,0.062547384,-0.013098721,0.066737927,-0.01037508,,4.68e-05,,,4.87e-05,,,,,
2015-02-04,0.07431191,-0.001185201,0.055997307,-0.018753886,,4.67e-05,,,4.87e-05,,,,,
2015-02-05,0.094941039,0.014580574,0.086577692,0.015329888,,4.67e-05,,,4.87e-05,,,,,
2015-02-06,0.06279181,-0.026096563,0.067806473,-0.013416078,,4.67e-05,,,4.87e-05,,,,,
2015-02-09,0.060728909,-0.014869246,0.054985769,-0.020113964,,4.67e-05,,,4.87e-05,,,,,
2015-02-10,0.101074136,0.026328767,0.068499355,-0.002418504,,4.66e-05,,,4.87e-05,,,,,
2015-02-11,0.082521455,-0.008902288,0.063587058,-0.011738679,,4.66e-05,,,4.86e-05,,,,,
2015-02-12,0.079109681,-0.004644541,0.079848299,0.00612486,,4.66e-05,,,4.86e-05,,,,,
2015-02-13,0.088498223,0.006154399,0.067395976,-0.011631574,,4.66e-05,,,4.86e-05,,,,,
2015-02-16,0.068754233,-0.017470735,0.056413025,-0.018552811,,4.66e-05,,,4.85e-05,,,,,
2015-02-17,0.054691838,-0.023371131,0.052911266,-0.018472138,,4.66e-05,,,4.85e-05,,,,,
2015-02-18,0.076638583,0.004388888,0.059822983,-0.010418212,,4.66e-05,,,4.85e-05,,,,,
2015-02-19,0.080518508,-0.000803785,0.077150024,0.004654356,,4.66e-05,,,4.85e-05,,,,,
2015-02-20,0.058688086,-0.024238135,0.060684809,-0.017462614,,4.66e-05,,,4.82e-05,,,,,
2015-02-23,0.059697242,-0.014204468,0.071662715,-0.001114064,,4.66e-05,,,4.82e-05,,,,,
2015-02-24,0.081059751,0.006740864,0.082317733,0.005960167,,4.65e-05,,,4.81e-05,,,,,
2015-02-25,0.070641954,-0.012508012,0.066770922,-0.013062111,,4.65e-05,,,4.81e-05,,,,,
2015-02-26,0.0819392,0.003095863,0.064346367,-0.010415588,,4.64e-05,,,4.81e-05,,,,,
2015-02-27,0.076431273,-0.00708225,0.08446765,0.01049654,,4.64e-05,,,4.81e-05,,,,,
2015-03-02,0.076376702,-0.00485989,0.054999395,-0.025534901,,4.64e-05,,,4.81e-05,,,,,
2015-03-03,0.067002852,-0.014211182,0.062556258,-0.008366046,,4.63e-05,,,4.81e-05,,,,,
2015-03-04,0.097613568,0.020274604,0.087635831,0.01424862,,4.63e-05,,,4.81e-05,,,,,
2015-03-05,0.054081485,-0.035911688,0.058694038,-0.022873659,,4.63e-05,,,4.81e-05,,,,,
2015-03-06,0.075342753,0.003345372,0.082682261,0.010554834,,4.63e-05,,,4.81e-05,,,,,
2015-03-09,0.079436806,-0.001349802,0.060524823,-0.019427112,,4.63e-05,,,4.81e-05,,,,,
2015-03-10,0.066460166,-0.016018889,0.067901691,-0.004822904,,4.63e-05,,,4.81e-05,,,,,
2015-03-11,0.091070873,0.013956252,0.08537732,0.01024653,,4.63e-05,,,4.81e-05,,,,,
2015-03-12,0.082284255,-0.005004224,0.078873489,-0.001957524,,4.62e-05,,,4.81e-05,,,,,
2015-03-13,0.082818946,-0.00083722,0.071939423,-0.006770162,,4.62e-05,,,4.81e-05,,,,,
2015-03-16,0.103511927,0.019634724,0.115424739,0.038976916,,4.62e-05,,,4.81e-05,,,,,
2015-03-17,0.03518822,-0.057243285,0.073049258,-0.017582659,,4.62e-05,,,4.81e-05,,,,,
2015-03-18,0.077793772,0.013606707,0.09309063,0.0162808,,4.61e-05,,,4.81e-05,,,,,
2015-03-19,0.061317743,-0.020482095,0.07365543,-0.00969152,,4.61e-05,,,4.81e-05,,,,,
2015-03-20,0.082147507,0.007158719,0.080330721,0.003323169,,4.61e-05,,,4.81e-05,,,,,
2015-03-23,0.076762867,-0.006836768,0.066520343,-0.012664564,,4.6e-05,,,4.81e-05,,,,,
2015-03-24,0.071631011,-0.00974266,0.058789177,-0.015891044,,4.6e-05,,,4.81e-05,,,,,
2015-03-25,0.067616758,-0.011635447,0.064583139,-0.007575321,,4.6e-05,,,4.81e-05,,,,,
2015-03-26,0.067246525,-0.010346222,0.071690017,-0.002358324,,4.6e-05,,,4.81e-05,,,,,
2015-03-27,0.132885031,0.055445335,0.098205856,0.021839385,,4.59e-05,,,4.81e-05,,,,,
2015-03-30,0.082406214,-0.022167882,0.057878997,-0.027136443,,4.59e-05,,,4.8e-05,,,,,
2015-03-31,0.03137272,-0.052333862,0.02476285,-0.047098726,,4.59e-05,,,4.8e-05,,,,,
2015-04-01,0.019900521,-0.042709249,0.025116896,-0.035942814,,4.59e-05,,,4.79e-05,,,,,
2015-04-02,0.051745401,-0.006121859,0.054806892,-0.006368301,,4.59e-05,,,4.79e-05,,,,,
2015-04-03,0.033518786,-0.037512877,0.0392917,-0.031567813,,4.59e-05,,,4.79e-05,,,,,
2015-04-06,0.045623483,-0.017873453,0.047459226,-0.018339522,,4.59e-05,,,4.79e-05,,,,,
2015-04-07,0.047007655,-0.021493259,0.055733372,-0.012729471,,4.59e-05,,,4.79e-05,,,,,
2015-04-08,0.049134538,-0.019938581,0.063212392,-0.007949321,,4.59e-05,,,4.79e-05,,,,,
2015-04-09,0.070721396,0.000769041,0.073169291,-0.000431939,,4.59e-05,,,4.79e-05,,,,,
2015-04-10,0.07846573,-0.000410448,0.086882746,0.010033763,,4.59e-05,,,4.79e-05,,,,,
2015-04-13,0.059618543,-0.022459078,0.061631687,-0.019690368,,4.59e-05,,,4.79e-05,,,,,
2015-04-14,0.096500779,0.022214427,0.06028254,-0.012803093,,4.59e-05,,,4.79e-05,,,,,
2015-04-15,0.078400404,-0.011132753,0.072320817,-0.000324749,,4.59e-05,,,4.79e-05,,,,,
2015-04-16,0.067548118,-0.014502497,0.084632815,0.008060588,,4.59e-05,,,4.79e-05,,,,,
2015-04-17,0.074628031,-0.002936341,0.066585424,-0.014002745,,4.59e-05,,,4.77e-05,,,,,
2015-04-20,0.073176139,-0.007315008,0.067280175,-0.007421275,,4.59e-05,,,4.77e-05,,,,,
2015-04-21,0.095660858,0.01576991,0.072627993,-0.00230007,,4.59e-05,,,4.77e-05,,,,,
2015-04-22,0.069272885,-0.019913055,0.063150801,-0.013521621,,4.59e-05,,,4.76e-05,,,,,
2015-04-23,0.086049873,0.007772497,0.071131851,-0.002449289,,4.59e-05,,,4.75e-05,,,,,
2015-04-24,0.084214571,-0.00099827,0.065132392,-0.011052016,,4.59e-05,,,4.75e-05,,,,,
2015-04-27,0.071141242,-0.0133129,0.082347507,0.008120009,,4.59e-05,,,4.75e-05,,,,,
2015-04-28,0.069060686,-0.009989053,0.083093999,0.003251255,,4.59e-05,,,4.74e-05,,,,,
2015-04-29,0.074712533,-0.003477122,0.077757646,-0.002328591,,4.59e-05,,,4.74e-05,,,,,
2015-04-30,0.066886911,-0.013639169,0.064675157,-0.013670461,,4.59e-05,,,4.73e-05,,,,,
2015-05-01,0.064514155,-0.01277688,0.062673846,-0.01140451,,4.59e-05,,,4.73e-05,,,,,
2015-05-04,0.06345635,-0.012853807,0.087476133,0.014050568,,4.59e-05,,,4.73e-05,,,,,
2015-05-05,0.086718144,0.010845274,0.057114991,-0.024400615,,4.59e-05,,,4.72e-05,,,,,
2015-05-06,0.089795117,0.004306019,0.079052444,0.007440072,,4.59e-05,,,4.72e-05,,,,,
2015-05-07,0.064112239,-0.022648854,0.071461203,-0.007306754,,4.59e-05,,,4.72e-05,,,,,
2015-05-08,0.078205403,0.002061395,0.065351719,-0.010940117,,4.59e-05,,,4.72e-05,,,,,
2015-05-11,0.061177224,-0.020792779,0.060661763,-0.013637275,,4.59e-05,,,4.71e-05,,,,,
2015-05-12,0.071793723,-0.003136975,0.07322557,0.000456308,,4.59e-05,,,4.71e-05,,,,,
2015-05-13,0.089852469,0.010533,0.079141277,0.002273937,,4.59e-05,,,4.71e-05,,,,,
2015-05-14,0.048736578,-0.038048223,0.05361299,-0.025183943,,4.59e-05,,,4.7e-05,,,,,
2015-05-15,0.064183892,-0.005603949,0.109087718,0.038617633,,4.59e-05,,,4.69e-05,,,,,
2015-05-18,0.061403634,-0.014769996,0.071613695,-0.016951204,,4.59e-05,,,4.69e-05,,,,,
2015-05-19,0.073216727,-0.001807567,0.057350755,-0.018990822,,4.59e-05,,,4.68e-05,,,,,
2015-05-20,0.065787504,-0.014120223,0.05966197,-0.012027303,,4.59e-05,,,4.68e-05,,,,,
2015-05-21,0.082762678,0.005926129,0.05332589,-0.019117259,,4.59e-05,,,4.68e-05,,,,,
2015-05-22,0.055085834,-0.028768107,0.057913117,-0.01246332,,4.59e-05,,,4.68e-05,,,,,
2015-05-25,0.040877711,-0.031534859,0.049636208,-0.022236497,,4.59e-05,,,4.67e-05,,,,,
2015-05-26,0.084924112,0.01838506,0.09060707,0.021434137,,4.59e-05,,,4.66e-05,,,,,
2015-05-27,0.107631588,0.022884128,0.075925175,-0.006611685,,4.59e-05,,,4.66e-05,,,,,
2015-05-28,0.090237081,-0.003897457,0.103781448,0.026033547,,4.59e-05,,,4.66e-05,,,,,
2015-05-29,0.076242955,-0.010700842,0.06131931,-0.025514784,,4.59e-05,,,4.66e-05,,,,,
2015-06-01,0.083365594,0.002206851,0.067116143,-0.005867598,,4.59e-05,,,4.66e-05,,,,,
2015-06-02,0.089748152,0.005644969,0.073988584,-0.000885976,,4.57e-05,,,4.66e-05,,,,,
2015-06-03,0.075984916,-0.010756762,0.129267215,0.052150994,,4.57e-05,,,4.65e-05,,,,,
2015-06-04,0.108600452,0.02754838,0.061068935,-0.034078138,,4.57e-05,,,4.65e-05,,,,,
2015-06-05,0.076691874,-0.017843184,0.072244308,-0.000657766,,4.57e-05,,,4.65e-05,,,,,
2015-06-08,0.101520282,0.020175959,0.079463057,0.002915786,,4.57e-05,,,4.64e-05,,,,,
2015-06-09,0.084780679,-0.006827497,0.085501551,0.006599659,,4.57e-05,,,4.64e-05,,,,,
2015-06-10,0.099384055,0.014695889,0.07670048,-0.004171054,,4.57e-05,,,4.64e-05,,,,,
2015-06-11,0.073829601,-0.016895477,0.086806364,0.008805573,,4.57e-05,,,4.64e-05,,,,,
2015-06-12,0.066667795,-0.013493289,0.046666664,-0.034630476,,4.57e-05,,,4.62e-05,,,,,
2015-06-15,0.090391779,0.013191325,0.07107386,0.002869537,,4.57e-05,,,4.61e-05,,,,,
2015-06-16,0.050158829,-0.036848918,0.078708332,0.002542839,,4.57e-05,,,4.61e-05,,,,,
2015-06-17,0.08169257,0.011316782,0.074170041,-0.004485673,,4.57e-05,,,4.61e-05,,,,,
2015-06-18,0.10614229,0.022730722,0.125636972,0.048461563,,4.57e-05,,,4.61e-05,,,,,
2015-06-19,0.14251582,0.048996945,0.087327145,-0.006635811,,4.57e-05,,,4.61e-05,,,,,
2015-06-22,0.066479773,-0.04207561,0.070040999,-0.01142601,,4.57e-05,,,4.61e-05,,,,,
2015-06-23,0.04585504,-0.031267687,0.060906427,-0.014922166,,4.57e-05,,,4.61e-05,,,,,
2015-06-24,0.073211845,0.004615207,0.071914464,-0.000934602,,4.56e-05,,,4.61e-05,,,,,
2015-06-25,0.084799315,0.004893607,0.0791313,0.002691618,,4.56e-05,,,4.61e-05,,,,,
2015-06-26,0.054414828,-0.030281043,0.073086675,-0.005707003,,4.55e-05,,,4.61e-05,,,,,
2015-06-29,0.070467207,-0.001667975,0.068635297,-0.008186738,,4.55e-05,,,4.61e-05,,,,,
2015-06-30,0.070200162,-0.008570936,0.06303167,-0.012338409,,4.55e-05,,,4.61e-05,,,,,
2015-07-01,0.076486469,-0.002174235,0.063372257,-0.010170024,,4.55e-05,,,4.61e-05,,,,,
2015-07-02,0.091019039,0.009759629,0.090048798,0.016395424,,4.55e-05,,,4.61e-05,,,,,
2015-07-03,0.076930892,-0.010336159,0.104276395,0.021921633,,4.55e-05,,,4.61e-05,,,,,
2015-07-06,0.090093628,0.008650497,0.065341778,-0.021653758,,4.55e-05,,,4.61e-05,,,,,
2015-07-07,0.082519464,-0.004365031,0.06271528,-0.011580515,,4.55e-05,,,4.61e-05,,,,,
2015-07-08,0.089237053,0.005483654,0.07531914,0.001880059,,4.54e-05,,,4.61e-05,,,,,
2015-07-09,0.084322327,-0.002208066,0.070844871,-0.006705352,,4.54e-05,,,4.61e-05,,,,,
2015-07-10,0.082408932,-0.002089756,0.050283641,-0.025807159,,4.54e-05,,,4.61e-05,,,,,
2015-07-13,0.065001679,-0.018706027,0.051194373,-0.01818974,,4.53e-05,,,4.61e-05,,,,,
2015-07-14,0.064161155,-0.012350541,0.068493069,-0.001188108,,4.53e-05,,,4.61e-05,,,,,
2015-07-15,0.069051955,-0.007112276,0.065001023,-0.010322664,,4.53e-05,,,4.61e-05,,,,,
2015-07-16,0.097505154,0.019319109,0.056709722,-0.017474926,,4.52e-05,,,4.61e-05,,,,,
2015-07-17,0.091697906,0.00174955,0.089803306,0.018323126,,4.52e-05,,,4.61e-05,,,,,
2015-07-20,0.072625725,-0.014921964,0.063113474,-0.019161213,,4.51e-05,,,4.61e-05,,,,,
2015-07-21,0.077582127,-0.002081285,0.083755229,0.010186265,,4.51e-05,,,4.61e-05,,,,,
2015-07-22,0.102420239,0.020707893,0.091219285,0.010917368,,4.51e-05,,,4.61e-05,,,,,
2015-07-23,0.06231522,-0.029664991,0.046661631,-0.036074921,,4.51e-05,,,4.61e-05,,,,,
2015-07-24,0.062032118,-0.013369018,0.068555208,0.000352527,,4.51e-05,,,4.61e-05,,,,,
2015-07-27,0.079746466,0.004462361,0.062282958,-0.013060998,,4.51e-05,,,4.61e-05,,,,,
2015-07-28,0.079210612,-0.003396454,0.075959061,0.002660995,,4.5e-05,,,4.61e-05,,,,,
2015-07-29,0.059593937,-0.022791611,0.052286963,-0.025471991,,4.5e-05,,,4.61e-05,,,,,
2015-07-30,0.063608787,-0.010667395,0.048233087,-0.021804473,,4.5e-05,,,4.61e-05,,,,,
2015-07-31,0.066059575,-0.009876311,0.082629986,0.013914725,,4.5e-05,,,4.61e-05,,,,,
2015-08-03,0.109257093,0.032308072,0.065137409,-0.014797475,,4.5e-05,,,4.61e-05,,,,,
2015-08-04,0.099891149,0.005084641,0.071084697,-0.003144437,,4.5e-05,,,4.61e-05,,,,,
2015-08-05,0.062862214,-0.028072492,0.057921398,-0.01824763,,4.49e-05,,,4.61e-05,,,,,
2015-08-06,0.076327296,0.000700037,0.06805875,-0.003816656,,4.49e-05,,,4.61e-05,,,,,
2015-08-07,0.078830648,-0.002362961,0.057071579,-0.018110442,,4.49e-05,,,4.61e-05,,,,,
2015-08-10,0.058940318,-0.023288156,0.066541108,-0.005057104,,4.49e-05,,,4.61e-05,,,,,
2015-08-11,0.052925302,-0.021080678,0.062099042,-0.012587952,,4.49e-05,,,4.61e-05,,,,,
2015-08-12,0.100579122,0.029059698,0.084476768,0.011238692,,4.49e-05,,,4.61e-05,,,,,
2015-08-13,0.050380624,-0.040838484,0.069521943,-0.011015326,,4.48e-05,,,4.61e-05,,,,,
2015-08-14,0.055935946,-0.01453153,0.050898099,-0.024761187,,4.48e-05,,,4.61e-05,,,,,
2015-08-17,0.056462318,-0.016301681,0.043215253,-0.026369285,,4.47e-05,,,4.61e-05,,,,,
2015-08-18,0.058065035,-0.014916561,0.05689853,-0.010180007,,4.47e-05,,,4.61e-05,,,,,
2015-08-19,0.061265667,-0.012378479,0.072278232,0.000736466,,4.47e-05,,,4.61e-05,,,,,
2015-08-20,0.056113217,-0.018854043,0.054804649,-0.021753687,,4.47e-05,,,4.61e-05,,,,,
2015-08-21,0.060369973,-0.012467308,0.063237067,-0.007621714,,4.47e-05,,,4.61e-05,,,,,
2015-08-24,0.060351824,-0.014245163,0.049884184,-0.023725094,,4.47e-05,,,4.61e-05,,,,,
2015-08-25,0.053003104,-0.021586381,0.046015454,-0.023238364,,4.46e-05,,,4.61e-05,,,,,
2015-08-26,0.077312304,0.005760717,0.065856892,-0.002135019,,4.46e-05,,,4.61e-05,,,,,
2015-08-27,0.061997015,-0.019603789,0.057707423,-0.016756393,,4.45e-05,,,4.61e-05,,,,,
2015-08-28,0.100990422,0.025720829,0.054082864,-0.017722747,,4.45e-05,,,4.61e-05,,,,,
2015-08-31,0.10261044,0.011221304,0.07020231,-0.000421038,,4.45e-05,,,4.61e-05,,,,,
2015-09-01,0.06008247,-0.031976368,0.089656719,0.01377551,,4.45e-05,,,4.61e-05,,,,,
2015-09-02,0.052065777,-0.022412359,0.060747609,-0.021479264,,4.44e-05,,,4.61e-05,,,,,
2015-09-03,0.075387314,0.00422321,0.072289965,-0.000507298,,4.44e-05,,,4.61e-05,,,,,
2015-09-04,0.062633816,-0.018171213,0.05421576,-0.022346403,,4.44e-05,,,4.61e-05,,,,,
2015-09-07,0.068268892,-0.007263949,0.071310898,0.000644201,,4.44e-05,,,4.61e-05,,,,,
2015-09-08,0.091702299,0.013839965,0.06914213,-0.00710068,,4.44e-05,,,4.61e-05,,,,,
2015-09-09,0.063187732,-0.024361773,0.081568316,0.006032918,,4.43e-05,,,4.61e-05,,,,,
2015-09-10,0.080827366,0.005065541,0.089189182,0.009600594,,4.43e-05,,,4.61e-05,,,,,
2015-09-11,0.081643703,-0.001410198,0.079491805,-0.002582566,,4.43e-05,,,4.61e-05,,,,,
2015-09-14,0.07435609,-0.009035277,0.077001109,-0.00191016,,4.43e-05,,,4.61e-05,,,,,
2015-09-15,0.072561519,-0.007817211,0.091491614,0.013392764,,4.43e-05,,,4.61e-05,,,,,
2015-09-16,0.071036516,-0.008600353,0.047749413,-0.035075968,,4.43e-05,,,4.61e-05,,,,,
2015-09-17,0.115281859,0.036275413,0.093424437,0.024866941,,4.43e-05,,,4.61e-05,,,,,
2015-09-18,0.07234706,-0.024950035,0.082523375,-0.000932456,,4.43e-05,,,4.61e-05,,,,,
2015-09-21,0.06661332,-0.012934894,0.069272409,-0.010627701,,4.43e-05,,,4.61e-05,,,,,
2015-09-22,0.124257296,0.047079362,0.064260415,-0.011317478,,4.43e-05,,,4.61e-05,,,,,
2015-09-23,0.067449843,-0.033557621,0.074044149,0.000101074,,4.43e-05,,,4.61e-05,,,,,
2015-09-24,0.079776006,0.00225226,0.073708625,-0.00342572,,4.43e-05,,,4.61e-05,,,,,
2015-09-25,0.108195253,0.025575976,0.058206141,-0.018818762,,4.43e-05,,,4.61e-05,,,,,
2015-09-28,0.098305307,0.003937755,0.095295139,0.023326855,,4.43e-05,,,4.61e-05,,,,,
2015-09-29,0.069988987,-0.020290146,0.06971357,-0.014352449,,4.43e-05,,,4.61e-05,,,,,
2015-09-30,0.075857345,-0.002716061,0.076714811,0.000993019,,4.43e-05,,,4.61e-05,,,,,
2015-10-01,0.071304213,-0.009695123,0.061135391,-0.016870074,,4.43e-05,,,4.61e-05,,,,,
2015-10-02,0.068848568,-0.010268542,0.071791191,-0.001132559,,4.43e-05,,,4.61e-05,,,,,
2015-10-05,0.073053866,-0.005048101,0.103166149,0.026766677,,4.43e-05,,,4.61e-05,,,,,
2015-10-06,0.056962742,-0.022877659,0.059713391,-0.026920005,,4.43e-05,,,4.61e-05,,,,,
2015-10-07,0.06789876,-0.005289708,0.071398213,-0.001061708,,4.43e-05,,,4.61e-05,,,,,
2015-10-08,0.070780179,-0.006929145,0.060601319,-0.015669971,,4.43e-05,,,4.61e-05,,,,,
2015-10-09,0.078808777,-9.17e-05,0.092075161,0.019325614,,4.43e-05,,,4.61e-05,,,,,
2015-10-12,0.058809243,-0.02341019,0.068151084,-0.014864639,,4.43e-05,,,4.61e-05,,,,,
2015-10-13,0.086255627,0.012303832,0.086116094,0.010903956,,4.43e-05,,,4.6e-05,,,,,
2015-10-14,0.081206337,-0.004091561,0.061727237,-0.019344751,,4.43e-05,,,4.6e-05,,,,,
2015-10-15,0.221201413,0.137990849,0.086320444,0.013203644,,4.43e-05,,,4.6e-05,,,,,
2015-10-16,0.086059166,-0.055024172,0.063442482,-0.01769616,,4.43e-05,,,4.6e-05,,,,,
2015-10-19,0.070389705,-0.014826977,0.083264187,0.009587907,,4.43e-05,,,4.6e-05,,,,,
2015-10-20,0.079982359,0.001243299,0.072524013,-0.007617735,,4.43e-05,,,4.59e-05,,,,,
2015-10-21,0.071489779,-0.011214803,0.066351045,-0.010287461,,4.43e-05,,,4.59e-05,,,,,
2015-10-22,0.075987682,-0.003206139,0.056598196,-0.018026803,,4.43e-05,,,4.59e-05,,,,,
2015-10-23,0.061494917,-0.019558299,0.066099078,-0.005344725,,4.43e-05,,,4.59e-05,,,,,
2015-10-26,0.066058687,-0.009003343,0.062336131,-0.012206681,,4.43e-05,,,4.58e-05,,,,,
2015-10-27,0.09615967,0.019211017,0.097209212,0.023893803,,4.43e-05,,,4.58e-05,,,,,
2015-10-28,0.084925729,-0.004466415,0.073380384,-0.01130997,,4.43e-05,,,4.58e-05,,,,,
2015-10-29,0.094914886,0.010166757,0.099481146,0.022563308,,4.43e-05,,,4.58e-05,,,,,
2015-10-30,0.074932434,-0.013945127,0.115554306,0.03012289,,4.43e-05,,,4.58e-05,,,,,
2015-11-02,0.066614482,-0.014002503,0.068894818,-0.021779361,,4.43e-05,,,4.58e-05,,,,,
2015-11-03,0.068425139,-0.008753276,0.08186687,0.00641214,,4.43e-05,,,4.58e-05,,,,,
2015-11-04,0.099971017,0.022044092,0.072041211,-0.007644759,,4.43e-05,,,4.58e-05,,,,,
2015-11-05,0.083737037,-0.007230686,0.070192276,-0.006288749,,4.43e-05,,,4.58e-05,,,,,
2015-11-06,0.123363002,0.039106269,0.080184553,0.004306616,,4.43e-05,,,4.58e-05,,,,,
2015-11-09,0.087197536,-0.013440235,0.075303734,-0.003833495,,4.43e-05,,,4.57e-05,,,,,
2015-11-10,0.042770553,-0.042916722,0.03109298,-0.046452218,,4.43e-05,,,4.56e-05,,,,,
2015-11-11,0.062532039,-0.004789498,0.074986419,0.011861939,,4.43e-05,,,4.56e-05,,,,,
2015-11-12,0.099497074,0.024006306,0.094600144,0.017158448,,4.43e-05,,,4.56e-05,,,,,
2015-11-13,0.030101829,-0.06066997,0.030398143,-0.053441182,,4.43e-05,,,4.56e-05,,,,,
2015-11-16,0.075079172,0.012994778,0.061797954,-0.001099884,,4.43e-05,,,4.56e-05,,,,,
2015-11-17,0.087539669,0.006862023,0.075721173,0.002581307,,4.43e-05,,,4.56e-05,,,,,
2015-11-18,0.08413248,-0.001696229,0.078743258,0.001061899,,4.43e-05,,,4.55e-05,,,,,
2015-11-19,0.076244484,-0.008175722,0.095361024,0.016693918,,4.43e-05,,,4.55e-05,,,,,
2015-11-20,0.070427348,-0.010732028,0.063000114,-0.021087396,,4.43e-05,,,4.55e-05,,,,,
2015-11-23,0.111394381,0.03263976,0.107617648,0.03408566,,4.43e-05,,,4.55e-05,,,,,
2015-11-24,0.08979195,-0.005898095,0.080683869,-0.007401522,,4.43e-05,,,4.54e-05,,,,,
2015-11-25,0.083830918,-0.002928865,0.099400862,0.020100764,,4.43e-05,,,4.54e-05,,,,,
2015-11-26,0.077488627,-0.006806916,0.060726466,-0.024678763,,4.43e-05,,,4.54e-05,,,,,
2015-11-27,0.122325128,0.040651434,0.077167613,0.004377246,,4.43e-05,,,4.53e-05,,,,,
2015-11-30,0.09175951,-0.008449213,0.084059869,0.005906708,,4.43e-05,,,4.53e-05,,,,,
2015-12-03,0.023427344,-0.064145812,0.030681077,-0.049720208,,4.43e-05,,,4.53e-05,,,,,
2015-12-04,0.015444563,-0.043880656,0.01578638,-0.047203745,,4.43e-05,,,4.53e-05,,,,,
2015-12-07,0.083526352,0.027501148,0.081411457,0.023279702,,4.43e-05,,,4.53e-05,,,,,
2015-12-08,0.087213873,0.003044235,0.085355626,0.005818203,,4.43e-05,,,4.53e-05,,,,,
2015-12-09,0.098178965,0.012484937,0.08825294,0.007429004,,4.43e-05,,,4.53e-05,,,,,
2015-12-10,0.102140184,0.01191328,0.084141498,0.002372512,,4.43e-05,,,4.52e-05,,,,,
2015-12-11,0.112539431,0.020674993,0.066370048,-0.014057863,,4.43e-05,,,4.51e-05,,,,,
2015-12-14,0.095654796,-0.000508603,0.083610928,0.008979731,,4.43e-05,,,4.51e-05,,,,,
2015-12-15,0.069616839,-0.019566595,0.076313774,-0.003941075,,4.43e-05,,,4.51e-05,,,,,
2015-12-16,0.069531148,-0.008888415,0.098275827,0.020401172,,4.43e-05,,,4.51e-05,,,,,
2015-12-17,0.074247785,-0.004136355,0.064374569,-0.020663695,,4.43e-05,,,4.51e-05,,,,,
2015-12-18,0.096588726,0.016254769,0.0658295,-0.00815081,,4.43e-05,,,4.51e-05,,,,,
2015-12-21,0.089405648,-0.000163865,0.045260133,-0.029194748,,4.43e-05,,,4.51e-05,,,,,
2015-12-22,0.0786277,-0.007972389,0.051686736,-0.016058804,,4.42e-05,,,4.51e-05,,,,,
2015-12-23,0.061890931,-0.020253646,0.07559897,0.005757193,,4.42e-05,,,4.51e-05,,,,,
2015-12-24,0.048476059,-0.02674968,0.056660884,-0.020980614,,4.42e-05,,,4.51e-05,,,,,
2015-12-25,0.022799293,-0.046880852,0.031305062,-0.040159188,,4.42e-05,,,4.51e-05,,,,,
2015-12-28,0.044970521,-0.014095067,0.058635454,-0.004558203,,4.42e-05,,,4.51e-05,,,,,
2015-12-29,0.056885845,-0.011345141,0.058917077,-0.013191241,,4.42e-05,,,4.5e-05,,,,,
2015-12-30,0.058257829,-0.014898849,0.077955346,0.005755168,,4.42e-05,,,4.5e-05,,,,,
2015-12-31,0.079288703,0.005564857,0.078592007,0.000181903,,4.42e-05,,,4.5e-05,,,,,
2016-01-01,0.020144342,-0.062273488,0.018539329,-0.060078442,,4.42e-05,,,4.5e-05,,,,,
2016-01-04,0.052778061,-0.005189992,0.081360161,0.022330447,,4.42e-05,,,4.49e-05,,,,,
2016-01-05,0.076550336,0.00509178,0.06769383,-0.011826861,,4.42e-05,,,4.49e-05,,,,,
2016-01-06,0.074184613,-0.007101199,0.053284998,-0.021777992,,4.4e-05,,,4.49e-05,,,,,
2016-01-07,0.055566907,-0.024740936,0.052230707,-0.018132392,,4.4e-05,,,4.49e-05,,,,,
2016-01-08,0.051617908,-0.020993533,0.065170943,-0.004848267,,4.4e-05,,,4.49e-05,,,,,
2016-01-11,0.060834386,-0.010144572,0.065550861,-0.00868921,,4.4e-05,,,4.49e-05,,,,,
2016-01-12,0.074796896,7.92e-06,0.063879381,-0.010484613,,4.39e-05,,,4.49e-05,,,,,
2016-01-13,0.069513802,-0.011047154,0.062021084,-0.011797704,,4.39e-05,,,4.49e-05,,,,,
2016-01-14,0.063117614,-0.015259355,0.067677342,-0.005535305,,4.39e-05,,,4.49e-05,,,,,
2016-01-15,0.075784651,5.18e-05,0.056169762,-0.01888785,,4.39e-05,,,4.49e-05,,,,,
2016-01-18,0.077991641,-0.002977644,0.066406492,-0.004897564,,4.39e-05,,,4.49e-05,,,,,
2016-01-19,0.09093163,0.009049995,0.070792285,-0.0038508,,4.39e-05,,,4.49e-05,,,,,
2016-01-20,0.072635946,-0.014594971,0.082133944,0.006060296,,4.38e-05,,,4.49e-05,,,,,
2016-01-21,0.064189809,-0.015477828,0.066919681,-0.012853403,,4.38e-05,,,4.49e-05,,,,,
2016-01-22,0.067505527,-0.008670548,0.071761923,-0.003048555,,4.38e-05,,,4.49e-05,,,,,
2016-01-25,0.094327383,0.016780617,0.081183834,0.004793908,,4.38e-05,,,4.49e-05,,,,,
2016-01-26,0.078477764,-0.010156928,0.080404364,0.000941187,,4.38e-05,,,4.49e-05,,,,,
2016-01-27,0.058281857,-0.023800738,0.061255552,-0.017953375,,4.38e-05,,,4.49e-05,,,,,
2016-01-28,0.073055934,-0.000677845,0.073091257,0.000128312,,4.38e-05,,,4.49e-05,,,,,
2016-01-29,0.085846629,0.006005373,0.081033965,0.004210436,,4.37e-05,,,4.49e-05,,,,,
2016-02-01,0.076640773,-0.008488048,0.078917796,-0.000496496,,4.37e-05,,,4.49e-05,,,,,
2016-02-02,0.080200888,-0.00112231,0.070850151,-0.007873887,,4.37e-05,,,4.49e-05,,,,,
2016-02-03,0.084929742,0.002134822,0.064017935,-0.012074587,,4.37e-05,,,4.49e-05,,,,,
2016-02-04,0.107109906,0.022360118,0.096519943,0.022655961,,4.36e-05,,,4.49e-05,,,,,
2016-02-05,0.095104249,0.00118537,0.071197069,-0.013268459,,4.36e-05,,,4.49e-05,,,,,
2016-02-08,0.131938346,0.042982504,0.09544978,0.019244099,,4.36e-05,,,4.48e-05,,,,,
2016-02-09,0.089146421,-0.015036324,0.070710102,-0.013406359,,4.35e-05,,,4.48e-05,,,,,
2016-02-10,0.107324704,0.020831777,0.072036368,-0.004010474,,4.35e-05,,,4.47e-05,,,,,
2016-02-11,0.056485271,-0.037522403,0.056063273,-0.020416172,,4.35e-05,,,4.45e-05,,,,,
2016-02-12,0.042625146,-0.030365939,0.049019598,-0.022249723,,4.35e-05,,,4.44e-05,,,,,
2016-02-15,0.032555642,-0.034705785,0.009088016,-0.059883791,,4.34e-05,,,4.44e-05,,,,,
2016-02-16,0.056420268,-0.006678511,0.025127086,-0.030819788,,4.34e-05,,,4.43e-05,,,,,
2016-02-17,0.015754003,-0.057210211,0.010018323,-0.051160195,,4.34e-05,,,4.43e-05,,,,,
2016-02-18,0.085862651,0.029709527,0.082121857,0.025871535,,4.34e-05,,,4.42e-05,,,,,
2016-02-19,0.078800681,-0.006334763,0.068047945,-0.011721197,,4.34e-05,,,4.42e-05,,,,,
2016-02-22,0.077601518,-0.004614568,0.083927721,0.008749225,,4.34e-05,,,4.42e-05,,,,,
2016-02-23,0.109829398,0.028109036,0.068194913,-0.012163267,,4.33e-05,,,4.42e-05,,,,,
2016-02-24,0.055560556,-0.039482538,0.069793732,-0.005432703,,4.33e-05,,,4.41e-05,,,,,
2016-02-25,0.099809726,0.02720091,0.094674106,0.018926167,,4.32e-05,,,4.41e-05,,,,,
2016-02-26,0.095742119,0.004841073,0.094126967,0.010263517,,4.32e-05,,,4.41e-05,,,,,
2016-02-29,0.066837912,-0.02238162,0.058994199,-0.024690784,,4.31e-05,,,4.41e-05,,,,,
2016-03-01,0.089670245,0.012399466,0.053558919,-0.018666415,,4.31e-05,,,4.4e-05,,,,,
2016-03-02,0.071858393,-0.014851078,0.042571443,-0.027881004,,4.31e-05,,,4.4e-05,,,,,
2016-03-03,0.08329361,0.003947407,0.058530331,-0.008338209,,4.31e-05,,,4.4e-05,,,,,
2016-03-04,0.082315527,-0.001757898,0.069476414,-0.002597615,,4.3e-05,,,4.4e-05,,,,,
2016-03-07,0.050285864,-0.03338323,0.050553842,-0.025090593,,4.3e-05,,,4.4e-05,,,,,
2016-03-08,0.055140129,-0.015288173,0.069983181,0.000510933,,4.3e-05,,,4.4e-05,,,,,
2016-03-09,0.084411397,0.011976382,0.076071689,0.000261955,,4.3e-05,,,4.4e-05,,,,,
2016-03-10,0.068469849,-0.016065659,0.074329149,-0.003466542,,4.29e-05,,,4.4e-05,,,,,
2016-03-11,0.07777968,-0.000165728,0.066548724,-0.010678583,,4.29e-05,,,4.39e-05,,,,,
2016-03-14,0.063620919,-0.018173093,0.082362129,0.00767265,,4.29e-05,,,4.39e-05,,,,,
2016-03-15,0.108301024,0.032360122,0.081882621,0.002035107,,4.29e-05,,,4.38e-05,,,,,
2016-03-16,0.060429234,-0.033982043,0.072492021,-0.007199087,,4.29e-05,,,4.38e-05,,,,,
2016-03-17,0.065302473,-0.009319012,0.077337786,0.000709716,,4.29e-05,,,4.38e-05,,,,,
2016-03-18,0.066488166,-0.010147876,0.070870976,-0.007337692,,4.29e-05,,,4.38e-05,,,,,
2016-03-21,0.064534039,-0.012592158,0.057593688,-0.018505627,,4.29e-05,,,4.37e-05,,,,,
2016-03-22,0.073003814,-0.003314564,0.067449661,-0.004318852,,4.29e-05,,,4.36e-05,,,,,
2016-03-23,0.089442338,0.009622628,0.085780432,0.010797085,,4.29e-05,,,4.36e-05,,,,,
2016-03-24,0.088432239,0.001816983,0.0530065,-0.027956001,,4.29e-05,,,4.36e-05,,,,,
2016-03-25,0.051534518,-0.034663173,0.055823,-0.014449259,,4.29e-05,,,4.36e-05,,,,,
2016-03-28,0.091305139,0.020360653,0.057457153,-0.013733796,,4.29e-05,,,4.36e-05,,,,,
2016-03-29,0.062461132,-0.02492419,0.077455666,0.005731687,,4.29e-05,,,4.35e-05,,,,,
2016-03-30,0.136006741,0.060545285,0.077758818,-0.0004883,,4.29e-05,,,4.35e-05,,,,,
2016-03-31,0.083451428,-0.022413157,0.06575058,-0.012595421,,4.29e-05,,,4.34e-05,,,,,
2016-04-01,0.063776485,-0.02036218,0.073826785,-0.000602354,,4.29e-05,,,4.34e-05,,,,,
2016-04-04,0.058208229,-0.017796982,0.047775162,-0.029288283,,4.29e-05,,,4.34e-05,,,,,
2016-04-05,0.047419531,-0.02628381,0.032734747,-0.035831148,,4.29e-05,,,4.34e-05,,,,,
2016-04-06,0.081381365,0.01213798,0.058492135,-0.005167858,,4.29e-05,,,4.34e-05,,,,,
2016-04-07,0.056701676,-0.026581243,0.054326363,-0.017735208,,4.29e-05,,,4.34e-05,,,,,
2016-04-08,0.056767897,-0.016312648,0.060147784,-0.01055499,,4.29e-05,,,4.34e-05,,,,,
2016-04-11,0.061356062,-0.011751858,0.043327619,-0.029273992,,4.29e-05,,,4.33e-05,,,,,
2016-04-12,0.066035817,-0.008968812,0.05165486,-0.01546033,,4.29e-05,,,4.32e-05,,,,,
2016-04-13,0.058883747,-0.018055453,0.074570241,0.004738862,,4.29e-05,,,4.32e-05,,,,,
2016-04-14,0.087708206,0.013725611,0.074852923,-0.002453024,,4.28e-05,,,4.32e-05,,,,,
2016-04-15,0.085534482,-0.000363899,0.088216091,0.010817939,,4.28e-05,,,4.31e-05,,,,,
2016-04-18,0.081753295,-0.003246487,0.067226658,-0.014530308,,4.28e-05,,,4.3e-05,,,,,
2016-04-19,0.069753531,-0.013683141,0.081237492,0.006326884,,4.28e-05,,,4.3e-05,,,,,
2016-04-20,0.092469198,0.013993127,0.04684532,-0.032635358,,4.28e-05,,,4.29e-05,,,,,
2016-04-21,0.062997591,-0.024868944,0.070966024,0.002703426,,4.27e-05,,,4.29e-05,,,,,
2016-04-22,0.071987643,-0.003695579,0.077228614,0.001098295,,4.27e-05,,,4.29e-05,,,,,
2016-04-25,0.075409934,-0.0039897,0.04916552,-0.029007538,,4.27e-05,,,4.29e-05,,,,,
2016-04-26,0.05466526,-0.02614912,0.063216087,-0.005803317,,4.27e-05,,,4.29e-05,,,,,
2016-04-27,0.079055301,0.006816593,0.059485404,-0.01411703,,4.27e-05,,,4.29e-05,,,,,
2016-04-28,0.05722553,-0.025095814,0.114972145,0.042586589,,4.27e-05,,,4.29e-05,,,,,
2016-04-29,0.069778637,-0.003518465,0.099444873,0.008960584,,4.27e-05,,,4.29e-05,,,,,
2016-05-02,0.044498988,-0.033987462,0.048605512,-0.036814073,,4.27e-05,,,4.29e-05,,,,,
2016-05-03,0.066404538,-0.001631519,0.065686445,-0.003150294,,4.27e-05,,,4.29e-05,,,,,
2016-05-04,0.071020872,-0.006070754,0.067142778,-0.007265441,,4.27e-05,,,4.29e-05,,,,,
2016-05-05,0.070830684,-0.008169295,0.065668672,-0.009214576,,4.27e-05,,,4.28e-05,,,,,
2016-05-06,0.058144398,-0.020776959,0.056006724,-0.018395698,,4.27e-05,,,4.28e-05,,,,,
2016-05-09,0.061049088,-0.012627866,0.061999242,-0.009251634,,4.27e-05,,,4.28e-05,,,,,
2016-05-10,0.060110816,-0.014766912,0.070095949,-0.003109573,,4.27e-05,,,4.28e-05,,,,,
2016-05-11,0.051040088,-0.023449767,0.062970416,-0.012876101,,4.27e-05,,,4.28e-05,,,,,
2016-05-12,0.084935692,0.0141956,0.061898866,-0.011623435,,4.27e-05,,,4.28e-05,,,,,
2016-05-13,0.069243106,-0.015509141,0.075107379,0.001934597,,4.27e-05,,,4.28e-05,,,,,
2016-05-16,0.071529328,-0.006735738,0.078974522,0.001493371,,4.27e-05,,,4.28e-05,,,,,
2016-05-17,0.07829667,-0.0009135,0.077644454,-0.001098086,,4.27e-05,,,4.28e-05,,,,,
2016-05-18,0.08165198,-0.000355752,0.059092929,-0.019215768,,4.27e-05,,,4.27e-05,,,,,
2016-05-19,0.073616161,-0.009778627,0.087745384,0.015487846,,4.27e-05,,,4.26e-05,,,,,
2016-05-20,0.073121957,-0.006950893,0.091892021,0.01028859,,4.27e-05,,,4.26e-05,,,,,
2016-05-23,0.077831841,-0.002036709,0.073301059,-0.009654927,,4.27e-05,,,4.26e-05,,,,,
2016-05-24,0.081683846,-0.00013173,0.078406827,0.001514864,,4.27e-05,,,4.26e-05,,,,,
2016-05-25,0.082887003,-0.000520959,0.076387526,-0.002169843,,4.27e-05,,,4.26e-05,,,,,
2016-05-26,0.075953269,-0.007952067,0.084936878,0.007038167,,4.27e-05,,,4.26e-05,,,,,
2016-05-27,0.062714127,-0.018324863,0.055553903,-0.025133446,,4.27e-05,,,4.26e-05,,,,,
2016-05-30,0.054105004,-0.021461037,0.080746044,0.00964287,,4.27e-05,,,4.26e-05,,,,,
2016-05-31,0.071879617,-0.000127485,0.065729768,-0.01359061,,4.27e-05,,,4.26e-05,,,,,
2016-06-01,0.07183897,-0.007516007,0.073664309,-0.000758041,,4.27e-05,,,4.26e-05,,,,,
2016-06-02,0.070085955,-0.009252219,0.084349682,0.007339233,,4.27e-05,,,4.26e-05,,,,,
2016-06-03,0.066805334,-0.011808158,0.102159292,0.021663476,,4.27e-05,,,4.26e-05,,,,,
2016-06-06,0.050623927,-0.026633384,0.056927232,-0.029377746,,4.27e-05,,,4.26e-05,,,,,
2016-06-07,0.045439406,-0.025128649,0.044484292,-0.027066836,,4.27e-05,,,4.26e-05,,,,,
2016-06-08,0.078486597,0.010061779,0.063211948,-0.004280527,,4.27e-05,,,4.26e-05,,,,,
2016-06-09,0.051897737,-0.030188509,0.062466641,-0.011134444,,4.27e-05,,,4.26e-05,,,,,
2016-06-10,0.059600889,-0.011493748,0.062236597,-0.011121382,,4.27e-05,,,4.26e-05,,,,,
2016-06-13,0.070239183,-0.004039872,0.1408682,0.067585257,,4.27e-05,,,4.26e-05,,,,,
2016-06-14,0.077118246,-0.001558589,0.07296608,-0.025965016,,4.27e-05,,,4.26e-05,,,,,
2016-06-15,0.070109501,-0.011411081,0.124743023,0.047960324,,4.27e-05,,,4.26e-05,,,,,
2016-06-16,0.088659237,0.010036011,0.08449377,-0.009177596,,4.27e-05,,,4.26e-05,,,,,
2016-06-17,0.058794719,-0.02749681,0.05179874,-0.028744075,,4.27e-05,,,4.26e-05,,,,,
2016-06-20,0.066528821,-0.00741697,0.090637596,0.020759286,,4.27e-05,,,4.26e-05,,,,,
2016-06-21,0.084746435,0.007603432,0.087083452,0.004536635,,4.27e-05,,,4.26e-05,,,,,
2016-06-22,0.075057369,-0.009616641,0.078115677,-0.003271844,,4.27e-05,,,4.26e-05,,,,,
2016-06-23,0.084465233,0.0037966,0.063810103,-0.014652298,,4.27e-05,,,4.26e-05,,,,,
2016-06-24,0.07598399,-0.008573773,0.075863287,0.002067095,,4.27e-05,,,4.26e-05,,,,,
2016-06-27,0.069542633,-0.011509057,0.088965328,0.011237614,,4.27e-05,,,4.26e-05,,,,,
2016-06-28,0.091191415,0.012802527,0.095056779,0.013055426,,4.27e-05,,,4.26e-05,,,,,
2016-06-29,0.070090139,-0.017248171,0.077756929,-0.006231342,,4.27e-05,,,4.26e-05,,,,,
2016-06-30,0.068977054,-0.009638168,0.0725508,-0.005794584,,4.27e-05,,,4.26e-05,,,,,
2016-07-01,0.073912831,-0.004242251,0.079897381,0.003250138,,4.27e-05,,,4.26e-05,,,,,
2016-07-04,0.094445276,0.014249786,0.069456427,-0.009587133,,4.27e-05,,,4.26e-05,,,,,
2016-07-05,0.082863459,-0.005819969,0.060413157,-0.015224759,,4.27e-05,,,4.26e-05,,,,,
2016-07-06,0.058303811999999997,-0.025591792,0.075335885,0.002647713,,4.27e-05,,,4.26e-05,,,,,
2016-07-07,0.086708995,0.012966141,0.070724634,-0.006831051,,4.26e-05,,,4.26e-05,,,,,
2016-07-08,0.081490023,-0.003995293,0.107792532,0.03174095,,4.26e-05,,,4.26e-05,,,,,
2016-07-11,0.069254782,-0.014073055,0.085646118,-0.002496316,,4.26e-05,,,4.26e-05,,,,,
2016-07-12,0.064433798,-0.013836095,0.063545632,-0.017373058,,4.26e-05,,,4.26e-05,,,,,
2016-07-13,0.07651198,0.000235041,0.058283712,-0.015426214,,4.26e-05,,,4.26e-05,,,,,
2016-07-14,0.063412939,-0.017857017,0.067264999,-0.004728588,,4.26e-05,,,4.26e-05,,,,,
2016-07-15,0.075861983,7.06e-06,0.063658731,-0.011264382,,4.26e-05,,,4.26e-05,,,,,
2016-07-18,0.072067575,-0.008933678,0.067732722,-0.006014095,,4.26e-05,,,4.26e-05,,,,,
2016-07-19,0.118868479,0.039435802,0.046070538,-0.029005138,,4.25e-05,,,4.26e-05,,,,,
2016-07-20,0.100799677,0.002019903,0.104658404,0.036648526,,4.25e-05,,,4.26e-05,,,,,
2016-07-21,0.05768764,-0.033622644,0.044547906,-0.042572235,,4.25e-05,,,4.26e-05,,,,,
2016-07-22,0.157661803,0.084173669,0.079197294,0.01168407,,4.25e-05,,,4.26e-05,,,,,
2016-07-25,0.073662569,-0.041154034,0.085476592,0.006661388,,4.24e-05,,,4.26e-05,,,,,
2016-07-26,0.058857819,-0.021234215,0.096087039,0.015223645,,4.24e-05,,,4.26e-05,,,,,
2016-07-27,0.094384938,0.020413062,0.072779411,-0.011544911,,4.24e-05,,,4.26e-05,,,,,
2016-07-28,0.080476609,-0.008181877,0.07897167,0.002249859,,4.23e-05,,,4.26e-05,,,,,
2016-07-29,0.066922521,-0.015986379,0.074448675,-0.004292935,,4.23e-05,,,4.26e-05,,,,,
2016-08-01,0.06904772,-0.008258035,0.081005549,0.003739256,,4.23e-05,,,4.26e-05,,,,,
2016-08-02,0.067729441,-0.010454854,0.059692826,-0.019712198,,4.23e-05,,,4.26e-05,,,,,
2016-08-03,0.068623443,-0.009015887,0.078641937,0.006188724,,4.23e-05,,,4.26e-05,,,,,
2016-08-04,0.070577275,-0.007431628,0.071085906,-0.007548151,,4.23e-05,,,4.26e-05,,,,,
2016-08-05,0.057766801,-0.021049799,0.067489539,-0.008679883,,4.22e-05,,,4.26e-05,,,,,
2016-08-08,0.05214448,-0.021376379,0.078737822,0.003741468,,4.22e-05,,,4.26e-05,,,,,
2016-08-09,0.057412963,-0.013783676,0.08115706,0.002491727,,4.22e-05,,,4.26e-05,,,,,
2016-08-10,0.060724057,-0.012650527,0.047647932,-0.031806511,,4.21e-05,,,4.26e-05,,,,,
2016-08-11,0.078839373,0.004096009,0.085473012,0.016948617,,4.21e-05,,,4.26e-05,,,,,
2016-08-12,0.081602517,-0.000629564,0.059539162,-0.021323063,,4.21e-05,,,4.26e-05,,,,,
2016-08-15,0.048446905,-0.034927436,0.049803402,-0.022599688,,4.21e-05,,,4.26e-05,,,,,
2016-08-16,0.048805676,-0.020862416,0.079075958,0.009848489,,4.21e-05,,,4.26e-05,,,,,
2016-08-17,0.067961125,-0.001855281,0.070032434,-0.008743192,,4.21e-05,,,4.26e-05,,,,,
2016-08-18,0.051912084,-0.025823022,0.054104572,-0.021721227,,4.21e-05,,,4.26e-05,,,,,
2016-08-19,0.051809456,-0.019291112,0.061507484,-0.009122945,,4.2e-05,,,4.26e-05,,,,,
2016-08-22,0.054106064,-0.016952079,0.053840819,-0.019204301,,4.2e-05,,,4.26e-05,,,,,
2016-08-23,0.077023193,0.005015652,0.07936199,0.008817591,,4.2e-05,,,4.26e-05,,,,,
2016-08-24,0.055453943,-0.026027345,0.074403696,-0.004465229,,4.2e-05,,,4.26e-05,,,,,
2016-08-25,0.065939211,-0.006625532,0.081481712,0.004230089,,4.19e-05,,,4.26e-05,,,,,
2016-08-26,0.07240043,-0.004498833,0.081551256,0.001990917,,4.19e-05,,,4.26e-05,,,,,
2016-08-29,0.054591609,-0.024978668,0.058094611,-0.021488412,,4.19e-05,,,4.26e-05,,,,,
2016-08-30,0.059752292,-0.012455969,0.068592504,-0.003339402,,4.19e-05,,,4.26e-05,,,,,
2016-08-31,0.095994872,0.021653228,0.082678632,0.007322511,,4.19e-05,,,4.26e-05,,,,,
2016-09-01,0.106267529,0.016943511,0.113544819,0.033594068,,4.18e-05,,,4.26e-05,,,,,
2016-09-02,0.088583676,-0.004986972,0.084052675,-0.005966048,,4.17e-05,,,4.26e-05,,,,,
2016-09-05,0.095747184,0.009486891,0.098850579,0.01845164,,4.17e-05,,,4.26e-05,,,,,
2016-09-06,0.080390627,-0.008831,0.072774342,-0.012451396,,4.17e-05,,,4.26e-05,,,,,
2016-09-07,0.093001886,0.01012853,0.077769532,0.001049374,,4.17e-05,,,4.26e-05,,,,,
2016-09-08,0.06736698,-0.020719764,0.074751595,-0.003597901,,4.17e-05,,,4.26e-05,,,,,
2016-09-09,0.067661682,-0.009827809,0.108007666,0.030642565,,4.17e-05,,,4.26e-05,,,,,
2016-09-12,0.125636634,0.048025316,0.094118574,0.005905967,,4.17e-05,,,4.26e-05,,,,,
2016-09-13,0.097404109,-0.004173562,0.081270838,-0.002411408,,4.17e-05,,,4.26e-05,,,,,
2016-09-14,0.068459882,-0.021446703,0.084649852,0.005158296,,4.17e-05,,,4.26e-05,,,,,
2016-09-15,0.07808739,0.000146102,0.110459212,0.029865486,,4.17e-05,,,4.26e-05,,,,,
2016-09-16,0.077153645,-0.004767573,0.083653581,-0.005358675,,4.16e-05,,,4.26e-05,,,,,
2016-09-19,0.055124411,-0.026410804,0.129049662,0.0487809,,4.16e-05,,,4.26e-05,,,,,
2016-09-20,0.073844325,0.001415808,0.069923156,-0.025152955,,4.16e-05,,,4.26e-05,,,,,
2016-09-21,0.074763611,-0.005403559,0.06324411,-0.012546045,,4.16e-05,,,4.26e-05,,,,,
2016-09-22,0.076904494,-0.003642702,0.105110593,0.031499018,,4.15e-05,,,4.26e-05,,,,,
2016-09-23,0.066105515,-0.015326703,0.070781822,-0.016485814,,4.15e-05,,,4.26e-05,,,,,
2016-09-26,0.066708161,-0.010259851,0.097725901,0.021655666,,4.15e-05,,,4.26e-05,,,,,
2016-09-27,0.057533888,-0.019683253,0.075810752,-0.009048136,,4.15e-05,,,4.26e-05,,,,,
2016-09-28,0.053965584,-0.01945899,0.069197214,-0.008513364,,4.15e-05,,,4.26e-05,,,,,
2016-09-29,0.058929325,-0.013020142,0.069551011,-0.006002355,,4.15e-05,,,4.26e-05,,,,,
2016-09-30,0.066550754,-0.007450682,0.058956593,-0.016712175,,4.15e-05,,,4.26e-05,,,,,
2016-10-03,0.032219887,-0.044932183,0.046035762,-0.026177306,,4.15e-05,,,4.26e-05,,,,,
2016-10-04,0.063137724,0.000177743,0.075706968,0.007708433,,4.15e-05,,,4.26e-05,,,,,
2016-10-05,0.090389041,0.014647888,0.075978165,-0.001698561,,4.15e-05,,,4.26e-05,,,,,
2016-10-06,0.077015081,-0.009991534,0.083504533,0.005739348,,4.15e-05,,,4.26e-05,,,,,
2016-10-07,0.045168441,-0.036309493,0.06898921,-0.011230935,,4.15e-05,,,4.26e-05,,,,,
2016-10-10,0.058024948,-0.010287856,0.067587854,-0.007897665,,4.15e-05,,,4.26e-05,,,,,
2016-10-11,0.071336634,-0.00229094,0.059685764,-0.015342659,,4.15e-05,,,4.26e-05,,,,,
2016-10-12,0.057694353,-0.02143616,0.087038696,0.014587786,,4.15e-05,,,4.26e-05,,,,,
2016-10-13,0.061338272,-0.012152637,0.077748004,-0.003624918,,4.15e-05,,,4.26e-05,,,,,
2016-10-14,0.061390598,-0.013606676,0.074657013,-0.003685461,,4.14e-05,,,4.26e-05,,,,,
2016-10-17,0.075191069,0.000172163,0.085579146,0.008244896,,4.14e-05,,,4.26e-05,,,,,
2016-10-18,0.057320306,-0.023403597,0.060442073,-0.020454772,,4.14e-05,,,4.26e-05,,,,,
2016-10-19,0.055117303,-0.018218978,0.037044774,-0.035652829,,4.14e-05,,,4.26e-05,,,,,
2016-10-20,0.046994527,-0.025431051,0.07560998,0.010544136,,4.14e-05,,,4.26e-05,,,,,
2016-10-21,0.047662594,-0.021405098,0.053792943,-0.023852147,,4.14e-05,,,4.26e-05,,,,,
2016-10-24,0.046887734,-0.022456131,0.05953497,-0.010993812,,4.14e-05,,,4.26e-05,,,,,
2016-10-25,0.101247514,0.032223969,0.076161018,0.003759295,,4.14e-05,,,4.26e-05,,,,,
2016-10-26,0.044084999,-0.047410417,0.068681549,-0.009143279,,4.14e-05,,,4.26e-05,,,,,
2016-10-27,0.057098182,-0.010766736,0.075238385,-0.000146781,,4.14e-05,,,4.26e-05,,,,,
2016-10-28,0.067074187,-0.00617027,0.098837906,0.021314023,,4.14e-05,,,4.26e-05,,,,,
2016-10-31,0.045641501,-0.031726952,0.06773503,-0.017486573,,4.14e-05,,,4.26e-05,,,,,
2016-11-01,0.079689429,0.011181067,0.068078026,-0.006998404,,4.14e-05,,,4.26e-05,,,,,
2016-11-02,0.044760539,-0.037822948,0.062219466,-0.012968842,,4.14e-05,,,4.26e-05,,,,,
2016-11-03,0.06049689,-0.007647291,0.082517055,0.0092397,,4.14e-05,,,4.26e-05,,,,,
2016-11-04,0.050627418,-0.024022036,0.055864368,-0.02403368,,4.14e-05,,,4.26e-05,,,,,
2016-11-07,0.070357525,-0.000211973,0.072420119,0.001215677,,4.13e-05,,,4.26e-05,,,,,
2016-11-08,0.05802679,-0.020698967,0.09737461,0.020769993,,4.13e-05,,,4.26e-05,,,,,
2016-11-09,0.053861752,-0.019766584,0.068155102,-0.016589201,,4.12e-05,,,4.26e-05,,,,,
2016-11-10,0.055937794,-0.01596875,0.083286101,0.008072653,,4.11e-05,,,4.25e-05,,,,,
2016-11-11,0.063898575,-0.008866187,0.100567076,0.02041818,,4.11e-05,,,4.25e-05,,,,,
2016-11-14,0.04394253,-0.032113152,0.047516141,-0.038269485,,4.11e-05,,,4.25e-05,,,,,
2016-11-15,0.053000893,-0.014805129,0.062779425,-0.005701982,,4.11e-05,,,4.25e-05,,,,,
2016-11-16,0.098895467,0.027344794,0.091151505,0.017691502,,4.11e-05,,,4.25e-05,,,,,
2016-11-17,0.066350489,-0.02417261,0.105139484,0.02242504,,4.11e-05,,,4.25e-05,,,,,
2016-11-18,0.064220079,-0.012849204,0.090057343,0.002780283,,4.11e-05,,,4.25e-05,,,,,
2016-11-21,0.055722051,-0.020466538,0.054192503,-0.028165045,,4.11e-05,,,4.25e-05,,,,,
2016-11-22,0.054673515,-0.018002061,0.06368518,-0.006973931,,4.11e-05,,,4.24e-05,,,,,
2016-11-23,0.065007656,-0.007234464,0.071624266,-0.002131178,,4.11e-05,,,4.24e-05,,,,,
2016-11-24,0.079151087,0.002636921,0.088198946,0.011853921,,4.11e-05,,,4.24e-05,,,,,
2016-11-25,0.061137061,-0.02122388,0.109756446,0.028005072,,4.11e-05,,,4.24e-05,,,,,
2016-11-28,0.060314286,-0.014599809,0.06085805,-0.027924977,,4.11e-05,,,4.24e-05,,,,,
2016-11-29,0.085412791,0.010838824,0.082337988,0.009504701,,4.11e-05,,,4.24e-05,,,,,
2016-11-30,0.072648547,-0.012300928,0.061100909,-0.01873873,,4.11e-05,,,4.24e-05,,,,,
2016-12-01,0.050230096,-0.02944275,0.062020249,-0.010892254,,4.11e-05,,,4.24e-05,,,,,
2016-12-02,0.049980401,-0.020424848,0.074110813,0.000898438,,4.11e-05,,,4.23e-05,,,,,
2016-12-05,0.048038216,-0.022263811,0.051485526,-0.025670564,,4.11e-05,,,4.22e-05,,,,,
2016-12-06,0.055974425,-0.013524719,0.060380469,-0.009395677,,4.11e-05,,,4.22e-05,,,,,
2016-12-07,0.057283438,-0.015496467,0.072940404,0.000262895,,4.11e-05,,,4.21e-05,,,,,
2016-12-08,0.037396936,-0.035924104,0.068342662,-0.008431663,,4.11e-05,,,4.21e-05,,,,,
2016-12-09,0.051005594,-0.014094536,0.068837913,-0.006436714,,4.11e-05,,,4.21e-05,,,,,
2016-12-12,0.042766215,-0.027959618,0.057006373,-0.018429796,,4.11e-05,,,4.21e-05,,,,,
2016-12-13,0.051628466,-0.015691278,0.060152962,-0.01142398,,4.11e-05,,,4.21e-05,,,,,
2016-12-14,0.072719157,0.001735833,0.076584596,0.003981295,,4.11e-05,,,4.21e-05,,,,,
2016-12-15,0.057668775,-0.02203326,0.079707378,0.001744387,,4.11e-05,,,4.21e-05,,,,,
2016-12-16,0.064812322,-0.008668013,0.082680727,0.003699142,,4.11e-05,,,4.21e-05,,,,,
2016-12-19,0.050402588,-0.026030829,0.070823126,-0.009128309,,4.11e-05,,,4.21e-05,,,,,
2016-12-20,0.057582433,-0.012894123,0.066977842,-0.009105866,,4.11e-05,,,4.21e-05,,,,,
2016-12-21,0.078091188,0.004646545,0.071364301,-0.003465147,,4.11e-05,,,4.21e-05,,,,,
2016-12-22,0.041287932,-0.040634855,0.084722953,0.008462724,,4.11e-05,,,4.21e-05,,,,,
2016-12-23,0.052730516,-0.013978118,0.053641627,-0.026975943,,4.11e-05,,,4.21e-05,,,,,
2016-12-26,0.022515387,-0.048923514,0.027554913,-0.042924513,,4.11e-05,,,4.21e-05,,,,,
2016-12-27,0.034951467,-0.023996757,0.032904604,-0.029065825,,4.11e-05,,,4.21e-05,,,,,
2016-12-28,0.041528635,-0.022560558,0.062748138,-0.000967259,,4.11e-05,,,4.21e-05,,,,,
2016-12-29,0.041015351,-0.025792788,0.05595939,-0.017490409,,4.11e-05,,,4.21e-05,,,,,
2016-12-30,0.051623251,-0.0149727,0.057839859,-0.013395577,,4.11e-05,,,4.21e-05,,,,,
2017-01-02,0.028555481,-0.042425687,0.033662307,-0.038186503,,4.11e-05,,,4.2e-05,,,,,
2017-01-03,0.055201449,-0.006243698,0.10079274,0.036830194,,4.11e-05,,,4.2e-05,,,,,
2017-01-04,0.047854042,-0.024606322,0.064867304,-0.02099193,,4.11e-05,,,4.2e-05,,,,,
2017-01-05,0.048396506,-0.021026503,0.088723868,0.014582838,,4.11e-05,,,4.2e-05,,,,,
2017-01-06,0.054733674,-0.014913584,0.085337853,0.003415259,,4.11e-05,,,4.2e-05,,,,,
2017-01-09,0.058248568,-0.014018422,0.077460319,-0.00335782,,4.11e-05,,,4.19e-05,,,,,
2017-01-10,0.05785184,-0.015868177,0.096020569,0.017771933,,4.11e-05,,,4.19e-05,,,,,
2017-01-11,0.062039484,-0.011516529,0.078786807,-0.005515834,,4.11e-05,,,4.19e-05,,,,,
2017-01-12,0.07303899,-0.00224816,0.074005302,-0.004676009,,4.11e-05,,,4.19e-05,,,,,
2017-01-13,0.062397237,-0.017437014,0.07582197,-0.001299704,,4.11e-05,,,4.19e-05,,,,,
2017-01-16,0.091892126,0.016457084,0.106302169,0.028587932,,4.11e-05,,,4.18e-05,,,,,
2017-01-17,0.065615997,-0.02201198,0.075734904,-0.011921402,,4.11e-05,,,4.18e-05,,,,,
2017-01-18,0.074861204,-0.001904446,0.079710448,0.00202461,,4.11e-05,,,4.18e-05,,,,,
2017-01-19,0.081135639,0.0005481,0.118704,0.039721415,,4.11e-05,,,4.18e-05,,,,,
2017-01-20,0.065486016,-0.017695322,0.06999964,-0.021701911,,4.11e-05,,,4.18e-05,,,,,
2017-01-23,0.063126028,-0.013585889,0.064570773,-0.011244329,,4.11e-05,,,4.18e-05,,,,,
2017-01-24,0.053136788,-0.022599529,0.05920615,-0.014838158,,4.11e-05,,,4.18e-05,,,,,
2017-01-25,0.047623971,-0.02398288,0.055896031,-0.016398437,,4.11e-05,,,4.18e-05,,,,,
2017-01-26,0.052214537,-0.017113362,0.055873983,-0.015340786,,4.11e-05,,,4.18e-05,,,,,
2017-01-27,0.053219478,-0.018006122,0.065004434,-0.006203144,,4.11e-05,,,4.18e-05,,,,,
2017-01-30,0.05008985,-0.021551184,0.05102935,-0.023156409,,4.11e-05,,,4.18e-05,,,,,
2017-01-31,0.069708394,-0.000638878,0.074256752,0.004629402,,4.1e-05,,,4.18e-05,,,,,
2017-02-01,0.067244912,-0.011212499,0.063282874,-0.013920819,,4.1e-05,,,4.18e-05,,,,,
2017-02-02,0.065673753,-0.011765277,0.060794116,-0.012830104,,4.1e-05,,,4.18e-05,,,,,
2017-02-03,0.048252703,-0.028536822,0.067104079,-0.005708354,,4.1e-05,,,4.18e-05,,,,,
2017-02-06,0.055334966,-0.014252845,0.069133207,-0.005737417,,4.1e-05,,,4.18e-05,,,,,
2017-02-07,0.079239975,0.006724417,0.063131894,-0.012400594,,4.09e-05,,,4.18e-05,,,,,
2017-02-08,0.071124348,-0.011273338,0.072696823,-0.00087815,,4.09e-05,,,4.17e-05,,,,,
2017-02-09,0.055488189,-0.023554567,0.078893112,0.002198239,,4.09e-05,,,4.17e-05,,,,,
2017-02-10,0.048706587,-0.023872313,0.046790824,-0.031925162,,4.08e-05,,,4.17e-05,,,,,
2017-02-13,0.060756782,-0.009018661,0.060574743,-0.007670079,,4.08e-05,,,4.17e-05,,,,,
2017-02-14,0.068803714,-0.005953177,0.085269652,0.012528774,,4.08e-05,,,4.17e-05,,,,,
2017-02-15,0.062815008,-0.015268416,0.087847568,0.007051674,,4.08e-05,,,4.17e-05,,,,,
2017-02-16,0.067950571,-0.007657173,0.054608518,-0.027028243,,4.08e-05,,,4.17e-05,,,,,
2017-02-17,0.071440717,-0.006290026,0.090934633,0.020139826,,4.08e-05,,,4.17e-05,,,,,
2017-02-20,0.079547415,0.000373876,0.073125069,-0.009518635,,4.08e-05,,,4.17e-05,,,,,
2017-02-21,0.06686045,-0.015664329,0.07573481,-0.001099748,,4.08e-05,,,4.17e-05,,,,,
2017-02-22,0.068578387,-0.008701709,0.066586534,-0.011099273,,4.08e-05,,,4.17e-05,,,,,
2017-02-23,0.062743932,-0.015246344,0.078994418,0.004292607,,4.07e-05,,,4.17e-05,,,,,
2017-02-24,0.058133046,-0.017445316,0.065592422,-0.013156609,,4.07e-05,,,4.17e-05,,,,,
2017-02-27,0.067498901,-0.00617336,0.064603757,-0.009773793,,4.07e-05,,,4.17e-05,,,,,
2017-02-28,0.191856495,0.114312469,0.067718191,-0.006336875,,4.07e-05,,,4.17e-05,,,,,
2017-03-01,0.050746621,-0.078205778,0.070753565,-0.004317372,,4.06e-05,,,4.17e-05,,,,,
2017-03-02,0.053289463,-0.017329313,0.065618687,-0.010442332,,4.06e-05,,,4.17e-05,,,,,
2017-03-03,0.059243791,-0.012426174,0.087745597,0.013359479,,4.06e-05,,,4.17e-05,,,,,
2017-03-06,0.095250359,0.021118925,0.117208574,0.035605074,,4.06e-05,,,4.17e-05,,,,,
2017-03-07,0.063969432,-0.02504681,0.108041538,0.016827768,,4.06e-05,,,4.17e-05,,,,,
2017-03-08,0.070971261,-0.005113713,0.10364931,0.015425654,,4.05e-05,,,4.17e-05,,,,,
2017-03-09,0.077654139,-0.001325331,0.077040836,-0.009750157,,4.05e-05,,,4.17e-05,,,,,
2017-03-10,0.049937141,-0.031804974,0.065693182,-0.012418626,,4.05e-05,,,4.17e-05,,,,,
2017-03-13,0.078466179,0.008182035,0.062582571,-0.011827845,,4.05e-05,,,4.17e-05,,,,,
2017-03-14,0.060050959,-0.022026846,0.076317808,0.002922015,,4.05e-05,,,4.17e-05,,,,,
2017-03-15,0.077522509,0.003057399,0.095973862,0.018097892,,4.05e-05,,,4.16e-05,,,,,
2017-03-16,0.073337957,-0.008349744,0.078103553,-0.006183853,,4.05e-05,,,4.16e-05,,,,,
2017-03-17,0.05336533,-0.026592512,0.074471322,-0.003987124,,4.04e-05,,,4.16e-05,,,,,
2017-03-20,0.093217627,0.021516299,0.072519823,-0.004753859,,4.04e-05,,,4.16e-05,,,,,
2017-03-21,0.066595228,-0.021580701,0.07356627,-0.003070868,,4.04e-05,,,4.15e-05,,,,,
2017-03-22,0.067799558,-0.009370897,0.116064981,0.03908651,,4.04e-05,,,4.15e-05,,,,,
2017-03-23,0.054439166,-0.023229149,0.065781925,-0.025058827,,4.04e-05,,,4.15e-05,,,,,
2017-03-24,0.05244138,-0.019703863,0.084090584,0.009651221,,4.04e-05,,,4.14e-05,,,,,
2017-03-27,0.090568816,0.019249442,0.090115593,0.00970429,,4.03e-05,,,4.14e-05,,,,,
2017-03-28,0.058824692,-0.028256241,0.095278426,0.012901878,,4.03e-05,,,4.14e-05,,,,,
2017-03-29,0.071754702,-0.002203479,0.083486538,-0.00057403,,4.03e-05,,,4.14e-05,,,,,
2017-03-30,0.080171812,0.000868474,0.093534843,0.013320567,,4.03e-05,,,4.14e-05,,,,,
2017-03-31,0.080112646,-0.002670254,0.105956021,0.022464178,,4.03e-05,,,4.14e-05,,,,,
2017-04-03,0.058613229,-0.024145213,0.065472826,-0.022070573,,4.03e-05,,,4.14e-05,,,,,
2017-04-04,0.076271297,0.002400533,0.103555414,0.029216874,,4.03e-05,,,4.14e-05,,,,,
2017-04-05,0.065258801,-0.015911659,0.089445571,0.002685205,,4.03e-05,,,4.13e-05,,,,,
2017-04-06,0.053776987,-0.022841001,0.089125453,0.006967453,,4.03e-05,,,4.13e-05,,,,,
2017-04-07,0.05637306,-0.015498443,0.087612029,0.005558446,,4.02e-05,,,4.13e-05,,,,,
2017-04-10,0.071945883,-0.000998815,0.138910595,0.057350662,,4.02e-05,,,4.13e-05,,,,,
2017-04-11,0.080495765,0.001113394,0.076853177,-0.021439385,,4.02e-05,,,4.13e-05,,,,,
2017-04-12,0.048380894,-0.034535925,0.066520152,-0.011530446,,4.02e-05,,,4.13e-05,,,,,
2017-04-13,0.076367141,0.006726336,0.092646065,0.017965907,,4.02e-05,,,4.13e-05,,,,,
2017-04-14,0.04698361,-0.034226471,0.056046086,-0.027155855,,4.01e-05,,,4.13e-05,,,,,
2017-04-17,0.065733728,-0.003329451,0.022571672,-0.048692043,,4.01e-05,,,4.13e-05,,,,,
2017-04-18,0.053898722,-0.022915596,0.067614791,0.007269802,,4.01e-05,,,4.13e-05,,,,,
2017-04-19,0.069411833,-0.002509994,0.076882264,0.001845054,,4e-05,,,4.13e-05,,,,,
2017-04-20,0.065980204,-0.012354612,0.083026119,0.004966034,,4e-05,,,4.13e-05,,,,,
2017-04-21,0.053807154,-0.023109056,0.071270698,-0.008793397,,4e-05,,,4.13e-05,,,,,
2017-04-24,0.067899373,-0.003984601,0.104101621,0.027871923,,4e-05,,,4.13e-05,,,,,
2017-04-25,0.052997627,-0.024711951,0.116705041,0.029766512,,4e-05,,,4.13e-05,,,,,
2017-04-26,0.076514064,0.004964742,0.07056286,-0.020486667,,4e-05,,,4.13e-05,,,,,
2017-04-27,0.078167692,-0.003103125,0.081615554,0.00561674,,4e-05,,,4.13e-05,,,,,
2017-04-28,0.067605277,-0.014349137,0.081040942,0.001436947,,4e-05,,,4.13e-05,,,,,
2017-05-01,0.030638786,-0.046949215,0.034862076,-0.044554492,,4e-05,,,4.13e-05,,,,,
2017-05-02,0.040381608,-0.02192476,0.062577635,-0.001776253,,4e-05,,,4.13e-05,,,,,
2017-05-03,0.091477593,0.025143626,0.095145494,0.021751311,,4e-05,,,4.13e-05,,,,,
2017-05-04,0.087860312,0.000403698,0.107855118,0.02383791,,4e-05,,,4.12e-05,,,,,
2017-05-05,0.052837588,-0.033123673,0.06235496,-0.025807889,,4e-05,,,4.12e-05,,,,,
2017-05-08,0.053490977,-0.017992187,0.065054195,-0.008267356,,4e-05,,,4.12e-05,,,,,
2017-05-09,0.060843804,-0.010909465,0.075209645,0.001007654,,4e-05,,,4.11e-05,,,,,
2017-05-10,0.063037976,-0.01175489,0.096598581,0.019084073,,4e-05,,,4.11e-05,,,,,
2017-05-11,0.099959188,0.024259271,0.132374422,0.047883245,,4e-05,,,4.11e-05,,,,,
2017-05-12,0.089460833,-0.001502,0.123535092,0.027374506,,4e-05,,,4.11e-05,,,,,
2017-05-15,0.066910469,-0.019712434,0.066563247,-0.026714115,,4e-05,,,4.11e-05,,,,,
2017-05-16,0.102428591,0.025127818,0.082436821,0.007742606,,4e-05,,,4.1e-05,,,,,
2017-05-17,0.114550176,0.022566513,0.07965221,-0.000219667,,4e-05,,,4.1e-05,,,,,
2017-05-18,0.072358408,-0.024636215,0.106600291,0.027636702,,4e-05,,,4.1e-05,,,,,
2017-05-19,0.06691232,-0.012640585,0.073973447,-0.013780101,,3.99e-05,,,4.1e-05,,,,,
2017-05-22,0.08174634,0.004444802,0.090251672,0.013140389,,3.99e-05,,,4.1e-05,,,,,
2017-05-23,0.073837995,-0.009595801,0.094228167,0.011807232,,3.99e-05,,,4.1e-05,,,,,
2017-05-24,0.086135808,0.005971254,0.117108326,0.033390333,,3.98e-05,,,4.1e-05,,,,,
2017-05-25,0.059301078,-0.025947287,0.083515621,-0.007665451,,3.98e-05,,,4.09e-05,,,,,
2017-05-26,0.098029453,0.023874338,0.086318128,0.006094366,,3.98e-05,,,4.08e-05,,,,,
2017-05-29,0.069761186,-0.020403911,0.087267694,0.006129807,,3.97e-05,,,4.08e-05,,,,,
2017-05-30,0.069049023,-0.009430212,0.091558529,0.010110912,,3.97e-05,,,4.08e-05,,,,,
2017-05-31,0.068562533,-0.009622301,0.076940392,-0.005906815,,3.97e-05,,,4.08e-05,,,,,
2017-06-01,0.070007051,-0.007976671,0.107945491,0.029866446,,3.96e-05,,,4.08e-05,,,,,
2017-06-02,0.072383372,-0.006197502,0.079002507,-0.00918982,,3.96e-05,,,4.08e-05,,,,,
2017-06-05,0.057940651,-0.021622574,0.061935876,-0.016815792,,3.96e-05,,,4.08e-05,,,,,
2017-06-06,0.077318843,0.003726116,0.074926625,0.001741771,,3.95e-05,,,4.08e-05,,,,,
2017-06-07,0.061577445,-0.020026061,0.098658685,0.021236493,,3.95e-05,,,4.08e-05,,,,,
2017-06-08,0.07050399,-0.004592156,0.126285013,0.041121868,,3.95e-05,,,4.08e-05,,,,,
2017-06-09,0.066439556,-0.012346748,0.078730022,-0.015444313,,3.95e-05,,,4.07e-05,,,,,
2017-06-12,0.06349083,-0.013615272,0.070644599,-0.00801819,,3.95e-05,,,4.07e-05,,,,,
2017-06-13,0.063791703,-0.012095421,0.085117147,0.009091672,,3.95e-05,,,4.07e-05,,,,,
2017-06-14,0.077995569,0.001984067,0.083932951,0.003186801,,3.95e-05,,,4.07e-05,,,,,
2017-06-15,0.115037388,0.033154129,0.083725985,0.003366099,,3.95e-05,,,4.07e-05,,,,,
2017-06-16,0.051218068,-0.045977965,0.06547336,-0.014819019,,3.95e-05,,,4.07e-05,,,,,
2017-06-19,0.086482444,0.015668776,0.114187894,0.039849179,,3.95e-05,,,4.05e-05,,,,,
2017-06-20,0.061705508,-0.023686153,0.084045411,-0.00618307,,3.95e-05,,,4.04e-05,,,,,
2017-06-21,0.084123835,0.008974748,0.119522678,0.039126108,,3.95e-05,,,4.04e-05,,,,,
2017-06-22,0.071893115,-0.012523517,0.092645217,0.000676629,,3.95e-05,,,4.04e-05,,,,,
2017-06-23,0.067222308,-0.012138249,0.097721378,0.014519714,,3.95e-05,,,4.04e-05,,,,,
2017-06-26,0.087454937,0.010025252,0.134520677,0.049663264,,3.95e-05,,,4.04e-05,,,,,
2017-06-27,0.064938441,-0.020855241,0.079245476,-0.017615177,,3.95e-05,,,4.03e-05,,,,,
2017-06-28,0.078687759,0.002202206,0.087394435,0.008563515,,3.95e-05,,,4.03e-05,,,,,
2017-06-29,0.083720856,0.001551451,0.084559216,0.003070258,,3.95e-05,,,4.03e-05,,,,,
2017-06-30,0.052569562,-0.031680483,0.070498372,-0.01006579,,3.95e-05,,,4.03e-05,,,,,
2017-07-03,0.052740781,-0.018631583,0.061259375,-0.014718404,,3.95e-05,,,4.03e-05,,,,,
2017-07-04,0.048466673,-0.022976472,0.063190411,-0.009773781,,3.95e-05,,,4.03e-05,,,,,
2017-07-05,0.066213351,-0.003462914,0.055374198,-0.018219862,,3.95e-05,,,4.03e-05,,,,,
2017-07-06,0.096259465,0.019246874,0.08630155,0.015256992,,3.95e-05,,,4.02e-05,,,,,
2017-07-07,0.063300546,-0.026132852,0.078226193,-0.002906287,,3.95e-05,,,4.02e-05,,,,,
2017-07-10,0.073270057,-0.002538404,0.07147543,-0.007023019,,3.95e-05,,,4.02e-05,,,,,
2017-07-11,0.069557482,-0.010372291,0.051862928,-0.024433549,,3.95e-05,,,4.02e-05,,,,,
2017-07-12,0.058536544,-0.019858482,0.095926873,0.026027626,,3.95e-05,,,4.02e-05,,,,,
2017-07-13,0.079185396,0.005346332,0.097461021,0.013188942,,3.95e-05,,,4.02e-05,,,,,
2017-07-14,0.067056591,-0.015318533,0.090548978,0.005776489,,3.95e-05,,,4.02e-05,,,,,
2017-07-17,0.056560705,-0.020800474,0.076729264,-0.005788647,,3.95e-05,,,4.01e-05,,,,,
2017-07-18,0.065204798,-0.007817471,0.04266459,-0.035345589,,3.95e-05,,,4.01e-05,,,,,
2017-07-19,0.06280793,-0.013787734,0.072045882,0.00514696,,3.95e-05,,,4.01e-05,,,,,
2017-07-20,0.084975343,0.009370524,0.08738145,0.010898902,,3.95e-05,,,4.01e-05,,,,,
2017-07-21,0.065124777,-0.019643862,0.064894377,-0.016590346,,3.95e-05,,,4.01e-05,,,,,
2017-07-24,0.051963664,-0.024598919,0.07061832,-0.003531541,,3.95e-05,,,4.01e-05,,,,,
2017-07-25,0.07551941,0.004397519,0.050508662,-0.025508242,,3.95e-05,,,4.01e-05,,,,,
2017-07-26,0.083815005,0.002955369,0.097605931,0.028148419,,3.95e-05,,,4.01e-05,,,,,
2017-07-27,0.104106642,0.019817678,0.092100286,0.007280529,,3.95e-05,,,4.01e-05,,,,,
2017-07-28,0.063053491,-0.029623865,0.08065455,-0.002369368,,3.95e-05,,,4.01e-05,,,,,
2017-07-31,0.055837472,-0.019868859,0.069094187,-0.010196347,,3.95e-05,,,4.01e-05,,,,,
2017-08-01,0.061455454,-0.011267837,0.048128776,-0.027390984,,3.95e-05,,,4e-05,,,,,
2017-08-02,0.077337742,0.002292026,0.032323122,-0.036358115,,3.95e-05,,,4e-05,,,,,
2017-08-03,0.081580955,-3.04e-05,0.060033486,-0.003492243,,3.95e-05,,,4e-05,,,,,
2017-08-04,0.05190453,-0.031460898,0.063709894,-0.008854436,,3.95e-05,,,3.99e-05,,,,,
2017-08-07,0.065109499,-0.005987946,0.059158989,-0.014604516,,3.95e-05,,,3.99e-05,,,,,
2017-08-08,0.058480503,-0.018075765,0.051614568,-0.020664518,,3.95e-05,,,3.99e-05,,,,,
2017-08-09,0.059840927,-0.01397497,0.072121335,0.002303099,,3.95e-05,,,3.99e-05,,,,,
2017-08-10,0.058632777,-0.015745507,0.074348835,-0.002158325,,3.95e-05,,,3.99e-05,,,,,
2017-08-11,0.067982319,-0.005896527,0.093340327,0.016106599,,3.95e-05,,,3.99e-05,,,,,
2017-08-14,0.058536854,-0.019207013,0.045307644,-0.038120753,,3.95e-05,,,3.99e-05,,,,,
2017-08-15,0.068990988,-0.004848204,0.06488819,-0.002872847,,3.95e-05,,,3.99e-05,,,,,
2017-08-16,0.053951372,-0.024209471,0.070206963,-0.003940881,,3.95e-05,,,3.99e-05,,,,,
2017-08-17,0.071219463,-0.000724129,0.079853353,0.003970626,,3.95e-05,,,3.99e-05,,,,,
2017-08-18,0.074914207,-0.004167868,0.059442699,-0.019586499,,3.95e-05,,,3.99e-05,,,,,
2017-08-21,0.072139354,-0.008470096,0.153733062,0.081361436,,3.95e-05,,,3.99e-05,,,,,
2017-08-22,0.052071433,-0.027390916,0.082911251,-0.020216122,,3.95e-05,,,3.99e-05,,,,,
2017-08-23,0.051060387,-0.020106055,0.059862566,-0.020164061,,3.95e-05,,,3.99e-05,,,,,
2017-08-24,0.056355314,-0.01439317,0.073120737,0.000612158,,3.95e-05,,,3.99e-05,,,,,
2017-08-25,0.050402155,-0.022535207,0.094716964,0.017883818,,3.95e-05,,,3.99e-05,,,,,
2017-08-28,0.05456339,-0.015912987,0.072184694,-0.011692736,,3.95e-05,,,3.98e-05,,,,,
2017-08-29,0.054404946,-0.017791649,0.094632196,0.018104371,,3.95e-05,,,3.98e-05,,,,,
2017-08-30,0.068336853,-0.003794244,0.077235228,-0.006614552,,3.95e-05,,,3.98e-05,,,,,
2017-08-31,0.062145832,-0.015744596,0.080971241,0.002796025,,3.95e-05,,,3.97e-05,,,,,
2017-09-01,0.071607575,-0.003723537,0.074305727,-0.005088106,,3.95e-05,,,3.97e-05,,,,,
2017-09-04,0.089431023,0.010188506,0.074177439,-0.003042228,,3.95e-05,,,3.97e-05,,,,,
2017-09-05,0.06655966,-0.020050919,0.092044004,0.014866182,,3.95e-05,,,3.97e-05,,,,,
2017-09-06,0.074350064,-0.002805688,0.082235569,-0.000769991,,3.95e-05,,,3.96e-05,,,,,
2017-09-07,0.061748416,-0.018627823,0.073052121,-0.006754112,,3.95e-05,,,3.96e-05,,,,,
2017-09-08,0.082685332,0.007518508,0.073038846,-0.003771918,,3.94e-05,,,3.96e-05,,,,,
2017-09-11,0.074617561,-0.009204406,0.07910969,0.002303255,,3.94e-05,,,3.96e-05,,,,,
2017-09-12,0.088768606,0.008281786,0.09102621,0.012239581,,3.94e-05,,,3.95e-05,,,,,
2017-09-13,0.096218984,0.009882243,0.081445193,-0.001228381,,3.94e-05,,,3.95e-05,,,,,
2017-09-14,0.084719605,-0.004697059,0.11610101,0.036552583,,3.94e-05,,,3.95e-05,,,,,
2017-09-15,0.083116697,-0.001546222,0.084771219,-0.006081285,,3.93e-05,,,3.94e-05,,,,,
2017-09-18,0.057633569,-0.026366721,0.08414582,0.003512506,,3.93e-05,,,3.94e-05,,,,,
2017-09-19,0.071852226,-0.001613556,0.082539959,0.002110639,,3.93e-05,,,3.94e-05,,,,,
2017-09-20,0.069178913,-0.010164741,0.077580298,-0.002325221,,3.93e-05,,,3.94e-05,,,,,
2017-09-21,0.068339625,-0.009898904,0.121695891,0.04340812,,3.93e-05,,,3.94e-05,,,,,
2017-09-22,0.070794886,-0.007096688,0.075370426,-0.017307023,,3.93e-05,,,3.94e-05,,,,,
2017-09-25,0.064436243,-0.014470316,0.064584125,-0.012982827,,3.93e-05,,,3.94e-05,,,,,
2017-09-26,0.045653462,-0.030624487,0.07485458,0.000805917,,3.93e-05,,,3.93e-05,,,,,
2017-09-27,0.068503783,-9.52e-06,0.07472339,-0.002675303,,3.93e-05,,,3.92e-05,,,,,
2017-09-28,0.044729087,-0.033230349,0.068044131,-0.00931177,,3.93e-05,,,3.92e-05,,,,,
2017-09-29,0.053085052,-0.015046127,0.057669169,-0.017508083,,3.93e-05,,,3.92e-05,,,,,
2017-10-02,0.057430506,-0.014154957,0.053890394,-0.01790274,,3.93e-05,,,3.92e-05,,,,,
2017-10-03,0.069093997,-0.00428784,0.081996056,0.011435488,,3.93e-05,,,3.91e-05,,,,,
2017-10-04,0.082629147,0.004425722,0.085089295,0.005361187,,3.93e-05,,,3.91e-05,,,,,
2017-10-05,0.091851468,0.008052726,0.082053437,0.001316372,,3.93e-05,,,3.91e-05,,,,,
2017-10-06,0.065791067,-0.021820103,0.084697741,0.004950917,,3.93e-05,,,3.91e-05,,,,,
2017-10-09,0.064551395,-0.012286627,0.070390161,-0.010219186,,3.92e-05,,,3.91e-05,,,,,
2017-10-10,0.058708141,-0.017617411,0.070785216,-0.005157267,,3.92e-05,,,3.91e-05,,,,,
2017-10-11,0.062601828,-0.011308173,0.073745035,-0.002326308,,3.92e-05,,,3.91e-05,,,,,
2017-10-12,0.072613318,-0.0029063,0.06553715,-0.011499629,,3.92e-05,,,3.91e-05,,,,,
2017-10-13,0.06802765,-0.011630633,0.063228559,-0.011130963,,3.92e-05,,,3.91e-05,,,,,
2017-10-16,0.074181333,-0.003581274,0.088858732,0.015252229,,3.92e-05,,,3.91e-05,,,,,
2017-10-17,0.049432365,-0.030874121,0.068294795,-0.013671789,,3.92e-05,,,3.91e-05,,,,,
2017-10-18,0.089758291,0.019682817,0.070557864,-0.00470115,,3.91e-05,,,3.91e-05,,,,,
2017-10-19,0.072431372,-0.014314497,0.072476872,-0.003520312,,3.91e-05,,,3.91e-05,,,,,
2017-10-20,0.046319335,-0.033263732,0.054371215,-0.022251914,,3.91e-05,,,3.91e-05,,,,,
2017-10-23,0.071565021,0.002776448,0.068602161,-0.002115243,,3.91e-05,,,3.91e-05,,,,,
2017-10-24,0.065929877,-0.013295048,0.120225599,0.044866328,,3.9e-05,,,3.91e-05,,,,,
2017-10-25,0.047274829,-0.029620576,0.056206354,-0.035991514,,3.9e-05,,,3.91e-05,,,,,
2017-10-26,0.068750721,-0.000432846,0.065712443,-0.005603548,,3.9e-05,,,3.9e-05,,,,,
2017-10-27,0.06030708,-0.017754438,0.068259977,-0.006156722,,3.9e-05,,,3.9e-05,,,,,
2017-10-30,0.063321755,-0.011249233,0.066082587,-0.009165069,,3.9e-05,,,3.9e-05,,,,,
2017-10-31,0.058787393,-0.017029836,0.069293597,-0.005243836,,3.89e-05,,,3.9e-05,,,,,
2017-11-01,0.069368105,-0.004574658,0.072175941,-0.003408864,,3.88e-05,,,3.9e-05,,,,,
2017-11-02,0.156294672,0.077977932,0.127041094,0.050516124,,3.88e-05,,,3.9e-05,,,,,
2017-11-03,0.079850926,-0.034400517,0.071726692,-0.022694262,,3.88e-05,,,3.9e-05,,,,,
2017-11-06,0.062647105,-0.020003143,0.087676691,0.011298257,,3.88e-05,,,3.9e-05,,,,,
2017-11-07,0.09490683,0.019368496,0.103302342,0.021721317,,3.88e-05,,,3.9e-05,,,,,
2017-11-08,0.07643927,-0.012434961,0.081202515,-0.005475304,,3.88e-05,,,3.9e-05,,,,,
2017-11-09,0.101676729,0.02043683,0.115941025,0.036471755,,3.88e-05,,,3.9e-05,,,,,
2017-11-10,0.071447235,-0.020225615,0.085762094,-0.005038226,,3.88e-05,,,3.9e-05,,,,,
2017-11-13,0.079079181,-9.71e-05,0.128103671,0.047147152,,3.88e-05,,,3.9e-05,,,,,
2017-11-14,0.089669087,0.007337871,0.10158023099999999,0.006812684,,3.88e-05,,,3.9e-05,,,,,
2017-11-15,0.107771469,0.021062476,0.093185093,0.007068995,,3.88e-05,,,3.9e-05,,,,,
2017-11-16,0.103748267,0.009555903,0.069735146,-0.013642616,,3.87e-05,,,3.9e-05,,,,,
2017-11-17,0.087663433,-0.004865773,0.092389903,0.016661073,,3.87e-05,,,3.9e-05,,,,,
2017-11-20,0.057784556,-0.028095316,0.065405624,-0.017712762,,3.87e-05,,,3.9e-05,,,,,
2017-11-21,0.061780768,-0.011747431,0.072844706,-0.001471914,,3.87e-05,,,3.9e-05,,,,,
2017-11-22,0.065533213,-0.009646985,0.076867842,0.000124732,,3.87e-05,,,3.9e-05,,,,,
2017-11-23,0.049161121,-0.027570307,0.062022334,-0.016033046,,3.86e-05,,,3.9e-05,,,,,
2017-11-24,0.046979781,-0.022983563,0.072198041,-0.001015014,,3.86e-05,,,3.9e-05,,,,,
2017-11-27,0.056105486,-0.01295611,0.05966183,-0.01687035,,3.86e-05,,,3.9e-05,,,,,
2017-11-28,0.063297297,-0.009536788,0.077545463,0.00510236,,3.86e-05,,,3.9e-05,,,,,
2017-11-29,0.085910462,0.010103343,0.069924776,-0.008351632,,3.86e-05,,,3.9e-05,,,,,
2017-11-30,0.069505525,-0.015649684,0.082443795,0.006653112,,3.86e-05,,,3.9e-05,,,,,
2017-12-01,0.049317036,-0.029056512,0.069054473,-0.010819679,,3.86e-05,,,3.9e-05,,,,,
2017-12-04,0.074968394,0.004940597,0.068546503,-0.006960304,,3.86e-05,,,3.9e-05,,,,,
2017-12-05,0.044137057,-0.036494794,0.05486093,-0.020480186,,3.86e-05,,,3.9e-05,,,,,
2017-12-06,0.05061487,-0.017271568,0.060474012,-0.010403128,,3.86e-05,,,3.9e-05,,,,,
2017-12-07,0.048601903,-0.021962408,0.062328169,-0.010379852,,3.86e-05,,,3.9e-05,,,,,
2017-12-08,0.055916733,-0.013815435,0.082019796,0.008706984,,3.86e-05,,,3.9e-05,,,,,
2017-12-11,0.08333497,0.010578914,0.082408802,0.00267295,,3.86e-05,,,3.9e-05,,,,,
2017-12-12,0.087206956,0.003116434,0.105223896,0.025361158,,3.85e-05,,,3.9e-05,,,,,
2017-12-13,0.088624039,0.00293287,0.091937848,0.004633255,,3.84e-05,,,3.9e-05,,,,,
2017-12-14,0.060850459,-0.02542652,0.0658609,-0.017110034,,3.84e-05,,,3.9e-05,,,,,
2017-12-15,0.065142681,-0.009652936,0.07448749,2.24e-05,,3.84e-05,,,3.9e-05,,,,,
2017-12-18,0.071337272,-0.005232712,0.067822232,-0.009456723,,3.84e-05,,,3.9e-05,,,,,
2017-12-19,0.065016034,-0.014114742,0.068074333,-0.00703054,,3.84e-05,,,3.9e-05,,,,,
2017-12-20,0.071565212,-0.004952417,0.085429792,0.010242689,,3.84e-05,,,3.9e-05,,,,,
2017-12-21,0.063694409,-0.015530596,0.095533773,0.014685645,,3.84e-05,,,3.9e-05,,,,,
2017-12-22,0.040713759,-0.035257522,0.064202456,-0.019941402,,3.84e-05,,,3.9e-05,,,,,
2017-12-25,0.014643533,-0.051827742,0.033735515,-0.040188655,,3.84e-05,,,3.9e-05,,,,,
2017-12-26,0.039444144,-0.016249922,0.030774721,-0.033211704,,3.84e-05,,,3.9e-05,,,,,
2017-12-27,0.039949019,-0.025997409,0.04074245,-0.02227822,,3.84e-05,,,3.9e-05,,,,,
2017-12-28,0.063901937,-0.002253202,0.048146722,-0.018125234,,3.84e-05,,,3.9e-05,,,,,
2017-12-29,0.055841666,-0.020215406,0.059229378,-0.009457713,,3.84e-05,,,3.9e-05,,,,,
2018-01-01,0.027891771,-0.044833253,0.042500369,-0.029801676,,3.84e-05,,,3.9e-05,,,,,
2018-01-02,0.044142787,-0.017027988,0.039188812,-0.027656544,,3.83e-05,,,3.9e-05,,,,,
2018-01-03,0.069061277,0.00117247,0.069380476,0.003615287,,3.83e-05,,,3.9e-05,,,,,
2018-01-04,0.068069978,-0.010119921,0.061582413,-0.01403073,,3.83e-05,,,3.9e-05,,,,,
2018-01-05,0.072348057,-0.005432048,0.102462588,0.029393027,,3.83e-05,,,3.9e-05,,,,,
2018-01-08,0.0603685,-0.019180126,0.067336942,-0.019066964,,3.83e-05,,,3.9e-05,,,,,
2018-01-09,0.052861912,-0.021734467,0.06072626,-0.01422032,,3.83e-05,,,3.9e-05,,,,,
2018-01-10,0.050491113,-0.021002106,0.053728291,-0.019062008,,3.83e-05,,,3.9e-05,,,,,
2018-01-11,0.064400249,-0.006112902,0.08627662,0.015768926,,3.82e-05,,,3.9e-05,,,,,
2018-01-12,0.077176252,0.000913183,0.092663301,0.011538954,,3.82e-05,,,3.9e-05,,,,,
2018-01-15,0.083750676,0.002206115,0.082081957,-0.001125606,,3.82e-05,,,3.9e-05,,,,,
2018-01-16,0.073930363,-0.010332009,0.105469426,0.025713299,,3.82e-05,,,3.9e-05,,,,,
2018-01-17,0.093257666,0.013054928,0.077467909,-0.009916772,,3.82e-05,,,3.9e-05,,,,,
2018-01-18,0.08383533,-0.004357151,0.124814483,0.046563372,,3.82e-05,,,3.9e-05,,,,,
2018-01-19,0.067713745,-0.016583622,0.111838934,0.018144259,,3.81e-05,,,3.9e-05,,,,,
2018-01-22,0.068632365,-0.009000475,0.082019798,-0.007442497,,3.81e-05,,,3.9e-05,,,,,
2018-01-23,0.075090463,-0.002922127,0.082015475,0.002279623,,3.81e-05,,,3.9e-05,,,,,
2018-01-24,0.071939566,-0.008742748,0.081664561,0.001930119,,3.81e-05,,,3.9e-05,,,,,
2018-01-25,0.091266906,0.011887147,0.092527226,0.012907245,,3.8e-05,,,3.9e-05,,,,,
2018-01-26,0.072973593,-0.014395924,0.081580948,-0.00158223,,3.8e-05,,,3.9e-05,,,,,
2018-01-29,0.083165499,0.003358282,0.107329587,0.027736879,,3.8e-05,,,3.9e-05,,,,,
2018-01-30,0.073821949,-0.010198515,0.068262155,-0.019729276,,3.8e-05,,,3.9e-05,,,,,
2018-01-31,0.090878525,0.010720604,0.088960922,0.013712555,,3.8e-05,,,3.9e-05,,,,,
2018-02-01,0.080219164,-0.0069898,0.049905391,-0.032094526,,3.8e-05,,,3.9e-05,,,,,
2018-02-02,0.056676774,-0.0261257,0.072351134,0.003090398,,3.8e-05,,,3.9e-05,,,,,
2018-02-05,0.079192148,0.006121897,0.07841143,0.001829315,,3.8e-05,,,3.9e-05,,,,,
2018-02-06,0.068533139,-0.013844776,0.050193154,-0.028365716,,3.8e-05,,,3.9e-05,,,,,
2018-02-07,0.05642472,-0.021546851,0.061200928,-0.00815367,,3.8e-05,,,3.9e-05,,,,,
2018-02-08,0.06448304,-0.008483014,0.099417131,0.026472004,,3.8e-05,,,3.9e-05,,,,,
2018-02-09,0.107695244,0.031397949,0.098782742,0.013372206,,3.8e-05,,,3.9e-05,,,,,
2018-02-12,0.052018312,-0.042142541,0.081124474,-0.004079136,,3.8e-05,,,3.9e-05,,,,,
2018-02-13,0.063426216,-0.007718266,0.076093429,-0.003350385,,3.8e-05,,,3.9e-05,,,,,
2018-02-14,0.115048104,0.039187691,0.067868122,-0.00993466,,3.8e-05,,,3.9e-05,,,,,
2018-02-15,0.058554386,-0.038646077,0.077896157,0.002776316,,3.8e-05,,,3.9e-05,,,,,
2018-02-16,0.057891517,-0.015954922,0.056769142,-0.021621656,,3.8e-05,,,3.9e-05,,,,,
2018-02-19,0.077661504,0.004089089,0.095498922,0.02399936,,3.8e-05,,,3.9e-05,,,,,
2018-02-20,0.083261974,0.001516814,0.07428964,-0.00984285,,3.8e-05,,,3.9e-05,,,,,
2018-02-21,0.093984818,0.009924472,0.079111938,0.001897518,,3.8e-05,,,3.9e-05,,,,,
2018-02-22,0.115315277,0.026822198,0.062228667,-0.016558695,,3.8e-05,,,3.9e-05,,,,,
2018-02-23,0.088302668,-0.009008242,0.098831553,0.025551197,,3.8e-05,,,3.9e-05,,,,,
2018-02-26,0.103495809,0.017351683,0.093311536,0.008092004,,3.8e-05,,,3.9e-05,,,,,
2018-02-27,0.094291045,0.001866203,0.078309328,-0.005109678,,3.8e-05,,,3.9e-05,,,,,
2018-02-28,0.093535373,0.004915702,0.091361222,0.012835655,,3.8e-05,,,3.9e-05,,,,,
2018-03-01,0.089041027,0.000733744,0.073928694,-0.008854156,,3.8e-05,,,3.9e-05,,,,,
2018-03-02,0.09117817,0.004728812,0.094703447,0.017606761,,3.8e-05,,,3.9e-05,,,,,
2018-03-05,0.084690516,-0.002642319,0.078002767,-0.005870253,,3.8e-05,,,3.9e-05,,,,,
2018-03-06,0.073729612,-0.010921281,0.091412736,0.012987163,,3.8e-05,,,3.9e-05,,,,,
2018-03-07,0.072898683,-0.007221066,0.066947703,-0.015851949,,3.8e-05,,,3.9e-05,,,,,
2018-03-08,0.099773491,0.019997241,0.11322692,0.038407302,,3.8e-05,,,3.9e-05,,,,,
2018-03-09,0.061569405,-0.029316662,0.067665787,-0.022249243,,3.8e-05,,,3.9e-05,,,,,
2018-03-12,0.072230821,-0.002862002,0.067128342,-0.007925501,,3.8e-05,,,3.9e-05,,,,,
2018-03-13,0.141685255,0.062185094,0.089512325,0.014633786,,3.8e-05,,,3.9e-05,,,,,
2018-03-14,0.071214295,-0.03699774,0.057589427,-0.024590346,,3.8e-05,,,3.9e-05,,,,,
2018-03-15,0.089303406,0.010223468,0.129694625,0.057927501,,3.8e-05,,,3.9e-05,,,,,
2018-03-16,0.080028535,-0.006529289,0.061347707,-0.033938779,,3.8e-05,,,3.9e-05,,,,,
2018-03-19,0.061890033,-0.020833637,0.055902266,-0.017090739,,3.8e-05,,,3.9e-05,,,,,
2018-03-20,0.064320574,-0.010904794,0.076978641,0.005761838,,3.8e-05,,,3.9e-05,,,,,
2018-03-21,0.076108031,-0.000122102,0.090368049,0.012276527,,3.8e-05,,,3.9e-05,,,,,
2018-03-22,0.077371052,-0.003731915,0.064368319,-0.018090576,,3.8e-05,,,3.9e-05,,,,,
2018-03-23,0.067832676,-0.013792413,0.064363842,-0.009614429,,3.8e-05,,,3.9e-05,,,,,
2018-03-26,0.072344691,-0.005337315,0.046990733,-0.026986078,,3.8e-05,,,3.9e-05,,,,,
2018-03-27,0.060039424,-0.01950781,0.071879996,0.003569967,,3.8e-05,,,3.9e-05,,,,,
2018-03-28,0.072755629,-0.001704713,0.066596621,-0.009831819,,3.8e-05,,,3.9e-05,,,,,
2018-03-29,0.169512453,0.089795341,0.085718613,0.011013512,,3.8e-05,,,3.9e-05,,,,,
2018-03-30,0.038236164,-0.081479398,0.039555083,-0.041387254,,3.8e-05,,,3.9e-05,,,,,
2018-04-02,0.02509125,-0.040355809,0.037720495,-0.028164164,,3.8e-05,,,3.9e-05,,,,,
2018-04-03,0.093182841,0.033169778,0.093255997,0.027969746,,3.8e-05,,,3.9e-05,,,,,
2018-04-04,0.064557507,-0.023604041,0.057963544,-0.025437346,,3.8e-05,,,3.9e-05,,,,,
2018-04-05,0.063049556,-0.013278523,0.057646189,-0.014242965,,3.8e-05,,,3.9e-05,,,,,
2018-04-06,0.076809772,0.001105067,0.06453856,-0.007247078,,3.8e-05,,,3.9e-05,,,,,
2018-04-09,0.092246015,0.010852954,0.054444264,-0.019589537,,3.8e-05,,,3.9e-05,,,,,
2018-04-10,0.079846611,-0.007927662,0.068774737,-0.001966493,,3.8e-05,,,3.9e-05,,,,,
2018-04-11,0.065946157,-0.016702308,0.098183315,0.022767753,,3.8e-05,,,3.9e-05,,,,,
2018-04-12,0.08831815,0.011416015,0.090342005,0.005333917,,3.8e-05,,,3.9e-05,,,,,
2018-04-13,0.105045638,0.018895111,0.096634413,0.014184013,,3.8e-05,,,3.9e-05,,,,,
2018-04-16,0.067347825,-0.025717703,0.075234556,-0.009268309,,3.8e-05,,,3.9e-05,,,,,
2018-04-17,0.074164962,-0.003316611,0.095203737,0.017681104,,3.8e-05,,,3.9e-05,,,,,
2018-04-18,0.078098665,-0.002201053,0.079506392,-0.004529814,,3.8e-05,,,3.9e-05,,,,,
2018-04-19,0.061702677,-0.020223201,0.088078238,0.009162212,,3.8e-05,,,3.9e-05,,,,,
2018-04-20,0.079239401,0.004091485,0.06801353,-0.013698472,,3.8e-05,,,3.9e-05,,,,,
2018-04-23,0.065199322,-0.017198127,0.052888245,-0.022279025,,3.8e-05,,,3.9e-05,,,,,
2018-04-24,0.063029322,-0.013564078,0.0674646,-0.002769086,,3.8e-05,,,3.9e-05,,,,,
2018-04-25,0.080070146,0.004373806,0.073318433,-0.001669787,,3.79e-05,,,3.9e-05,,,,,
2018-04-26,0.111649159,0.028908286,0.074432476,-0.002465155,,3.79e-05,,,3.9e-05,,,,,
2018-04-27,0.081513153,-0.014282214,0.099451766,0.022190756,,3.79e-05,,,3.9e-05,,,,,
2018-04-30,0.064932054,-0.018405344,0.057785043,-0.02763679,,3.78e-05,,,3.9e-05,,,,,
2018-05-01,0.059099564,-0.01738335,0.050694144,-0.021136786,,3.78e-05,,,3.9e-05,,,,,
2018-05-02,0.066407983,-0.007663828,0.05438858,-0.015129432,,3.78e-05,,,3.9e-05,,,,,
2018-05-03,0.09179122,0.01469817,0.082122657,0.011399589,,3.78e-05,,,3.9e-05,,,,,
2018-05-04,0.086054523,-0.001531741,0.060558904,-0.019210499,,3.78e-05,,,3.9e-05,,,,,
2018-05-07,0.05037224,-0.034842523,0.052977241,-0.01975847,,3.77e-05,,,3.9e-05,,,,,
2018-05-08,0.074039836,0.003575826,0.059772444,-0.010490271,,3.77e-05,,,3.9e-05,,,,,
2018-05-09,0.100531657,0.020283664,0.07590615,0.003426967,,3.77e-05,,,3.9e-05,,,,,
2018-05-10,0.05724767,-0.033951816,0.051535228,-0.026206467,,3.77e-05,,,3.9e-05,,,,,
2018-05-11,0.069367102,-0.003939153,0.069669185,-0.000123173,,3.77e-05,,,3.9e-05,,,,,
2018-05-14,0.075060427,-0.003255898,0.06083213,-0.014875184,,3.76e-05,,,3.89e-05,,,,,
2018-05-15,0.106513787,0.02584389,0.081821418,0.008996585,,3.76e-05,,,3.89e-05,,,,,
2018-05-16,0.086846911,-0.006825538,0.068423298,-0.011247846,,3.76e-05,,,3.88e-05,,,,,
2018-05-17,0.076393004,-0.009149325,0.069709442,-0.005591487,,3.76e-05,,,3.88e-05,,,,,
2018-05-18,0.070131886,-0.011088887,0.086204386,0.010483941,,3.76e-05,,,3.88e-05,,,,,
2018-05-21,0.12285299,0.04422051,0.078683897,-0.002416889,,3.76e-05,,,3.88e-05,,,,,
2018-05-22,0.058619452,-0.041807484,0.062424242,-0.016223502,,3.75e-05,,,3.88e-05,,,,,
2018-05-23,0.069917914,-0.003955424,0.108654677,0.035310527,,3.75e-05,,,3.88e-05,,,,,
2018-05-24,0.069815104,-0.008728921,0.095112806,0.006689156,,3.75e-05,,,3.88e-05,,,,,
2018-05-25,0.077324128,-0.001177397,0.076446869,-0.007559677,,3.75e-05,,,3.88e-05,,,,,
2018-05-28,0.093038819,0.011433127,0.068474536,-0.009443531,,3.75e-05,,,3.88e-05,,,,,
2018-05-29,0.049365153,-0.038736858,0.057952972,-0.01736467,,3.75e-05,,,3.88e-05,,,,,
2018-05-30,0.084862821,0.014815132,0.098232751,0.026347046,,3.75e-05,,,3.88e-05,,,,,
2018-05-31,0.07538542,-0.009336703,0.085154703,0.00013049,,3.75e-05,,,3.88e-05,,,,,
2018-06-01,0.085588849,0.004784602,0.104412754,0.023654355,,3.75e-05,,,3.87e-05,,,,,
2018-06-04,0.090063219,0.005040962,0.095427581,0.008387567,,3.75e-05,,,3.87e-05,,,,,
2018-06-05,0.065712428,-0.021159496,0.065150906,-0.018958314,,3.75e-05,,,3.87e-05,,,,,
2018-06-06,0.091586241,0.014780728,0.096625042,0.022391506,,3.74e-05,,,3.87e-05,,,,,
2018-06-07,0.07912806,-0.008373468,0.089971395,0.005471586,,3.74e-05,,,3.87e-05,,,,,
2018-06-08,0.063964452,-0.018386969,0.089225308,0.006895794,,3.73e-05,,,3.87e-05,,,,,
2018-06-11,0.079484634,0.003401719,0.077323673,-0.004762481,,3.73e-05,,,3.87e-05,,,,,
2018-06-12,0.057684201,-0.024814626,0.046467168,-0.031736896,,3.73e-05,,,3.86e-05,,,,,
2018-06-13,0.121995131,0.048508419,0.121974987,0.053835736,,3.73e-05,,,3.86e-05,,,,,
2018-06-14,0.077457655,-0.02261465,0.091635856,-0.001132629,,3.73e-05,,,3.86e-05,,,,,
2018-06-15,0.058603975,-0.023056915,0.051631544,-0.031240885,,3.73e-05,,,3.85e-05,,,,,
2018-06-18,0.075396623,0.001529683,0.059937835,-0.00988594,,3.73e-05,,,3.85e-05,,,,,
2018-06-19,0.070386882,-0.010421995,0.070759259,-0.001773872,,3.73e-05,,,3.85e-05,,,,,
2018-06-20,0.088367249,0.009629357,0.065011712,-0.011051164,,3.72e-05,,,3.85e-05,,,,,
2018-06-21,0.09025564,0.004084816,0.108271177,0.034083043,,3.72e-05,,,3.85e-05,,,,,
2018-06-22,0.073499493,-0.013451976,0.06159777,-0.026700789,,3.72e-05,,,3.85e-05,,,,,
2018-06-25,0.095711962,0.015687342,0.071262907,-0.001811663,,3.72e-05,,,3.85e-05,,,,,
2018-06-26,0.102951179,0.013744113,0.104269446,0.028042289,,3.72e-05,,,3.85e-05,,,,,
2018-06-27,0.079856013,-0.012343683,0.088517017,0.001523747,,3.72e-05,,,3.85e-05,,,,,
2018-06-28,0.07816229,-0.004490061,0.072056686,-0.009798437,,3.72e-05,,,3.85e-05,,,,,
2018-06-29,0.090254902,0.008302722,0.076828877,0.000342805,,3.71e-05,,,3.85e-05,,,,,
2018-07-02,0.082260491,-0.004690672,0.067463429,-0.010579242,,3.71e-05,,,3.85e-05,,,,,
2018-07-03,0.0720194,-0.011626942,0.079441153,0.004453315,,3.71e-05,,,3.85e-05,,,,,
2018-07-04,0.058852295,-0.020560467,0.080679738,0.001784991,,3.71e-05,,,3.85e-05,,,,,
2018-07-05,0.093643851,0.019674258,0.076372451,-0.002926298,,3.71e-05,,,3.85e-05,,,,,
2018-07-06,0.075223228,-0.013128898,0.061801157,-0.016092637,,3.71e-05,,,3.85e-05,,,,,
2018-07-09,0.061866573,-0.018870625,0.053867149,-0.019273762,,3.71e-05,,,3.85e-05,,,,,
2018-07-10,0.054718646,-0.020497024,0.048460726,-0.022092261,,3.71e-05,,,3.85e-05,,,,,
2018-07-11,0.062722722,-0.009538055,0.066352246,-0.002437267,,3.71e-05,,,3.85e-05,,,,,
2018-07-12,0.060252203,-0.015317391,0.066499688,-0.008125703,,3.71e-05,,,3.85e-05,,,,,
2018-07-13,0.059723209,-0.014825094,0.05352667,-0.021146814,,3.71e-05,,,3.85e-05,,,,,
2018-07-16,0.080188005,0.005858384,0.079793077,0.009351149,,3.71e-05,,,3.85e-05,,,,,
2018-07-17,0.068906884,-0.01388271,0.054559369,-0.024450168,,3.71e-05,,,3.85e-05,,,,,
2018-07-18,0.082519547,0.004393473,0.071754416,0.000975641,,3.71e-05,,,3.85e-05,,,,,
2018-07-19,0.076643265,-0.007110168,0.140377109,0.063989632,,3.71e-05,,,3.85e-05,,,,,
2018-07-20,0.068351509,-0.01297272,0.076090018,-0.022680894,,3.71e-05,,,3.85e-05,,,,,
2018-07-23,0.092228959,0.014332472,0.13935828,0.061556611,,3.71e-05,,,3.85e-05,,,,,
2018-07-24,0.074028851,-0.01373837,0.077890477,-0.020548112,,3.71e-05,,,3.85e-05,,,,,
2018-07-25,0.085728335,0.005484883,0.088711146,0.010322201,,3.71e-05,,,3.85e-05,,,,,
2018-07-26,0.08025282,-0.0048271,0.100481292,0.018562848,,3.71e-05,,,3.85e-05,,,,,
2018-07-27,0.073933826,-0.008882562,0.078601831,-0.007155814,,3.7e-05,,,3.85e-05,,,,,
2018-07-30,0.065168261,-0.015035908,0.071632588,-0.006988387,,3.7e-05,,,3.85e-05,,,,,
2018-07-31,0.068948444,-0.007632115,0.067886896,-0.008460843,,3.7e-05,,,3.85e-05,,,,,
2018-08-01,0.062271936,-0.015871319,0.070584783,-0.004541182,,3.7e-05,,,3.85e-05,,,,,
2018-08-02,0.06836824,-0.007015004,0.087471132,0.011465167,,3.7e-05,,,3.85e-05,,,,,
2018-08-03,0.074699161,-0.003204243,0.07689912,-0.004614855,,3.7e-05,,,3.85e-05,,,,,
2018-08-06,0.098794388,0.018273836,0.12419673,0.046131147,,3.7e-05,,,3.85e-05,,,,,
2018-08-07,0.062812965,-0.02766835,0.083496014,-0.009997161,,3.7e-05,,,3.85e-05,,,,,
2018-08-08,0.081391827,0.005784927,0.080128781,-8.86e-05,,3.69e-05,,,3.85e-05,,,,,
2018-08-09,0.056234719,-0.027052525,0.080243749,0.001124711,,3.69e-05,,,3.85e-05,,,,,
2018-08-10,0.066591855,-0.006295653,0.081659537,0.002502999,,3.69e-05,,,3.85e-05,,,,,
2018-08-13,0.065404745,-0.011764316,0.076130056,-0.003488286,,3.69e-05,,,3.85e-05,,,,,
2018-08-14,0.0628597,-0.01381862,0.078448342,0.000633613,,3.69e-05,,,3.85e-05,,,,,
2018-08-15,0.076805776,0.001179556,0.064467535,-0.014103375,,3.69e-05,,,3.85e-05,,,,,
2018-08-16,0.077064787,-0.004326622,0.076033135,0.002022502,,3.69e-05,,,3.85e-05,,,,,
2018-08-17,0.072143213,-0.009355269,0.062614641,-0.015168475,,3.69e-05,,,3.85e-05,,,,,
2018-08-20,0.072949351,-0.006514594,0.064601666,-0.008804588,,3.69e-05,,,3.85e-05,,,,,
2018-08-21,0.098351018,0.018553822,0.078348769,0.004294384,,3.69e-05,,,3.85e-05,,,,,
2018-08-22,0.066776934,-0.023521095,0.063116643,-0.015421788,,3.69e-05,,,3.85e-05,,,,,
2018-08-23,0.13550041,0.058254839,0.116848322,0.043278324,,3.68e-05,,,3.85e-05,,,,,
2018-08-24,0.061052143,-0.04460313,0.084639354,-0.006456909,,3.68e-05,,,3.85e-05,,,,,
2018-08-27,0.087359181,0.01248019,0.064119736,-0.016470566,,3.68e-05,,,3.84e-05,,,,,
2018-08-28,0.073384422,-0.012369675,0.090254116,0.016356928,,3.68e-05,,,3.84e-05,,,,,
2018-08-29,0.065087705,-0.014889346,0.070310474,-0.012111258,,3.68e-05,,,3.84e-05,,,,,
2018-08-30,0.079639376,0.003092118,0.089161552,0.013245062,,3.68e-05,,,3.84e-05,,,,,
2018-08-31,0.066665375,-0.015897421,0.06999863,-0.012066729,,3.68e-05,,,3.83e-05,,,,,
2018-09-03,0.064022161,-0.013177292,0.051817767,-0.023997005,,3.68e-05,,,3.83e-05,,,,,
2018-09-04,0.065940145,-0.010166626,0.052474765,-0.017409752,,3.68e-05,,,3.83e-05,,,,,
2018-09-05,0.085623337,0.008723687,0.104498529,0.034399712,,3.68e-05,,,3.83e-05,,,,,
2018-09-06,0.0834399,-0.001596614,0.08551564,-0.001552352,,3.68e-05,,,3.82e-05,,,,,
2018-09-07,0.094205874,0.010071974,0.060004356,-0.020871774,,3.68e-05,,,3.82e-05,,,,,
2018-09-10,0.065719192,-0.022865269,0.074535761,0.001980933,,3.68e-05,,,3.82e-05,,,,,
2018-09-11,0.063588778,-0.013219531,0.081271112,0.003976412,,3.68e-05,,,3.81e-05,,,,,
2018-09-12,0.068811198,-0.007116417,0.089751428,0.010259783,,3.68e-05,,,3.81e-05,,,,,
2018-09-13,0.107223308,0.02913679,0.144492417,0.062234652,,3.68e-05,,,3.81e-05,,,,,
2018-09-14,0.082718027,-0.011247732,0.070514383,-0.029598865,,3.68e-05,,,3.81e-05,,,,,
2018-09-17,0.066827448,-0.017008035,0.064599002,-0.011384,,3.68e-05,,,3.8e-05,,,,,
2018-09-18,0.091916121,0.014649668,0.07330828,-0.000745236,,3.67e-05,,,3.8e-05,,,,,
2018-09-19,0.132532682,0.044894785,0.199401173,0.122506854,,3.66e-05,,,3.79e-05,,,,,
2018-09-20,0.076956785,-0.027471653,0.167030313,0.049006859,,3.66e-05,,,3.78e-05,,,,,
2018-09-21,0.088469337,0.007015502,0.074620055,-0.032844631,,3.66e-05,,,3.78e-05,,,,,
2018-09-24,0.083968537,-0.002244489,0.080628031,0.003305836,,3.66e-05,,,3.78e-05,,,,,
2018-09-25,0.086161816,0.001809382,0.073394659,-0.005887225,,3.66e-05,,,3.78e-05,,,,,
2018-09-26,0.076336923,-0.008922193,0.095651242,0.018728748,,3.65e-05,,,3.78e-05,,,,,
2018-09-27,0.093524088,0.012326498,0.087593716,0.003411543,,3.65e-05,,,3.78e-05,,,,,
2018-09-28,0.080951133,-0.007351484,0.084463285,0.002909325,,3.65e-05,,,3.78e-05,,,,,
2018-10-01,0.09166851,0.008563446,0.091920328,0.011387456,,3.65e-05,,,3.78e-05,,,,,
2018-10-02,0.102324988,0.01478945,0.07349179,-0.009473429,,3.65e-05,,,3.78e-05,,,,,
2018-10-03,0.115140895,0.02320006,0.072097264,-0.004856912,,3.65e-05,,,3.78e-05,,,,,
2018-10-04,0.071051818,-0.026187003,0.082390671,0.005891364,,3.65e-05,,,3.77e-05,,,,,
2018-10-05,0.116028646,0.037015874,0.088249185,0.008392361,,3.64e-05,,,3.77e-05,,,,,
2018-10-08,0.198398304,0.100792494,0.134236006,0.052468245,,3.64e-05,,,3.77e-05,,,,,
2018-10-09,0.08497316,-0.046683568,0.081220303,-0.015547496,,3.64e-05,,,3.76e-05,,,,,
2018-10-10,0.078492554,-0.006275182,0.073378639,-0.006096433,,3.64e-05,,,3.76e-05,,,,,
2018-10-11,0.083056687,0.000967978,0.075251395,-0.001665874,,3.64e-05,,,3.76e-05,,,,,
2018-10-12,0.072697014,-0.011278469,0.075374145,-0.002153981,,3.64e-05,,,3.76e-05,,,,,
2018-10-15,0.092909692,0.013216811,0.085095037,0.007526872,,3.64e-05,,,3.76e-05,,,,,
2018-10-16,0.094324851,0.00627622,0.081503195,0.000764258,,3.64e-05,,,3.76e-05,,,,,
2018-10-17,0.072562975,-0.016070671,0.064199364,-0.015367982,,3.64e-05,,,3.76e-05,,,,,
2018-10-18,0.083373265,0.003735794,0.093224241,0.01930108,,3.64e-05,,,3.76e-05,,,,,
2018-10-19,0.076165747,-0.007940606,0.064247153,-0.019143378,,3.64e-05,,,3.75e-05,,,,,
2018-10-22,0.075920124,-0.005206703,0.067180355,-0.006758394,,3.64e-05,,,3.74e-05,,,,,
2018-10-23,0.094069354,0.013044066,0.075734029,0.000838525,,3.64e-05,,,3.74e-05,,,,,
2018-10-24,0.075499302,-0.013028724,0.073257054,-0.004428499,,3.64e-05,,,3.74e-05,,,,,
2018-10-25,0.109602061,0.028750737,0.084582078,0.007704469,,3.64e-05,,,3.74e-05,,,,,
2018-10-26,0.076701828,-0.018247287,0.132718483,0.052146863,,3.64e-05,,,3.73e-05,,,,,
2018-10-29,0.107789555,0.026441117,0.087028338,-0.009244474,,3.64e-05,,,3.73e-05,,,,,
2018-10-30,0.11414643,0.01994659,0.084169728,0.002800184,,3.64e-05,,,3.73e-05,,,,,
2018-10-31,0.102241988,0.00541427,0.070278691,-0.010158428,,3.64e-05,,,3.73e-05,,,,,
2018-11-01,0.088076666,-0.003829857,0.090089384,0.01418326,,3.64e-05,,,3.73e-05,,,,,
2018-11-02,0.059090482,-0.026960218,0.045889083,-0.036478917,,3.64e-05,,,3.73e-05,,,,,
2018-11-05,0.067638022,-0.006430035,0.069957395,0.002006704,,3.64e-05,,,3.72e-05,,,,,
2018-11-06,0.080667403,0.003065865,0.073902071,-0.001899252,,3.64e-05,,,3.72e-05,,,,,
2018-11-07,0.112386059,0.029398287,0.069938105,-0.007149897,,3.64e-05,,,3.72e-05,,,,,
2018-11-08,0.076334526,-0.01976547,0.071799266,-0.003995764,,3.64e-05,,,3.72e-05,,,,,
2018-11-09,0.057947794,-0.023248805,0.076964179,0.000562072,,3.64e-05,,,3.72e-05,,,,,
2018-11-12,0.076801084,0.003205404,0.115027376,0.036940572,,3.64e-05,,,3.72e-05,,,,,
2018-11-13,0.080869146,-0.000520324,0.072086367,-0.018415937,,3.64e-05,,,3.72e-05,,,,,
2018-11-14,0.085577578,0.002506407,0.093310261,0.016814508,,3.64e-05,,,3.72e-05,,,,,
2018-11-15,0.079477454,-0.005540143,0.065920895,-0.017497694,,3.64e-05,,,3.72e-05,,,,,
2018-11-16,0.074659362,-0.007836497,0.072203834,-0.002280858,,3.64e-05,,,3.72e-05,,,,,
2018-11-19,0.067727118,-0.012776981,0.068725025,-0.007809044,,3.64e-05,,,3.72e-05,,,,,
2018-11-20,0.067805004,-0.009833365,0.06275735,-0.012641997,,3.64e-05,,,3.72e-05,,,,,
2018-11-21,0.083346606,0.005676039,0.086067289,0.012614486,,3.64e-05,,,3.72e-05,,,,,
2018-11-22,0.053757782,-0.03033755,0.058738705,-0.022317363,,3.64e-05,,,3.72e-05,,,,,
2018-11-23,0.074739372,0.002875808,0.052728283,-0.019413713,,3.64e-05,,,3.72e-05,,,,,
2018-11-26,0.12126066,0.040723484,0.097161456,0.026979946,,3.64e-05,,,3.71e-05,,,,,
2018-11-27,0.129305986,0.029537305,0.093602765,0.008927988,,3.64e-05,,,3.71e-05,,,,,
2018-11-28,0.141893755,0.038799205,0.097200037,0.013686039,,3.64e-05,,,3.71e-05,,,,,
2018-11-29,0.139896807,0.031598581,0.093475727,0.008788365,,3.64e-05,,,3.7e-05,,,,,
2018-11-30,0.072488781,-0.034983925,0.074343327,-0.009129235,,3.64e-05,,,3.7e-05,,,,,
2018-12-03,0.0882042,0.0085974,0.101849428,0.024617497,,3.64e-05,,,3.7e-05,,,,,
2018-12-04,0.101290753,0.015187332,0.093018022,0.006814117,,3.64e-05,,,3.69e-05,,,,,
2018-12-05,0.120283054,0.028769764,0.134934412,0.051611145,,3.64e-05,,,3.69e-05,,,,,
2018-12-06,0.136180298,0.036815752,0.098130572,0.001134966,,3.64e-05,,,3.69e-05,,,,,
2018-12-07,0.074453016,-0.031483316,0.084677233,-0.000313652,,3.64e-05,,,3.69e-05,,,,,
2018-12-10,0.117496868,0.03707807,0.104803993,0.024201335,,3.64e-05,,,3.69e-05,,,,,
2018-12-11,0.082842563,-0.015370198,0.10195786,0.014790231,,3.64e-05,,,3.69e-05,,,,,
2018-12-12,0.101182767,0.017295801,0.089733503,0.003494229,,3.64e-05,,,3.69e-05,,,,,
2018-12-13,0.123385467,0.031916818,0.091565134,0.009313216,,3.64e-05,,,3.68e-05,,,,,
2018-12-14,0.120990514,0.020343457,0.105172493,0.022323131,,3.64e-05,,,3.68e-05,,,,,
2018-12-17,0.089853879,-0.009803126,0.097558927,0.010271101,,3.64e-05,,,3.68e-05,,,,,
2018-12-18,0.065497538,-0.021287845,0.057672068,-0.027132357,,3.64e-05,,,3.68e-05,,,,,
2018-12-19,0.073804543,-0.002912137,0.071204689,-0.000589391,,3.64e-05,,,3.67e-05,,,,,
2018-12-20,0.089997036,0.009846311,0.079904861,0.003696694,,3.64e-05,,,3.67e-05,,,,,
2018-12-21,0.079986569,-0.006857995,0.063233037,-0.015812962,,3.64e-05,,,3.67e-05,,,,,
2018-12-24,0.048244596,-0.034461725,0.050311595,-0.023296369,,3.64e-05,,,3.67e-05,,,,,
2018-12-25,0.020201634,-0.049382826,0.033062297,-0.036330935,,3.64e-05,,,3.67e-05,,,,,
2018-12-26,0.022870494,-0.035121244,0.028167934,-0.0355989,,3.64e-05,,,3.67e-05,,,,,
2018-12-27,0.051606955,-0.007488066,0.052670357,-0.009500027,,3.64e-05,,,3.65e-05,,,,,
2018-12-28,0.058354642,-0.012619789,0.050457562,-0.019705053,,3.64e-05,,,3.65e-05,,,,,
2018-12-31,0.038791037,-0.03497283,0.039818846,-0.029621997,,3.64e-05,,,3.65e-05,,,,,
2019-01-01,0.017237242,-0.048439197,0.018565839,-0.047404855,,3.64e-05,,,3.65e-05,,,,,
2019-01-02,0.051393714,-0.005372569,0.049540649,-0.009497713,,3.64e-05,,,3.65e-05,,,,,
2019-01-03,0.077919929,0.00703365,0.070803337,0.001661574,,3.64e-05,,,3.65e-05,,,,,
2019-01-04,0.046282554,-0.035569436,0.049866985,-0.026210268,,3.64e-05,,,3.65e-05,,,,,
2019-01-07,0.069970977,0.001197608,0.063103989,-0.006144219,,3.64e-05,,,3.65e-05,,,,,
2019-01-08,0.050300372,-0.028265589,0.075316564,0.001750693,,3.64e-05,,,3.65e-05,,,,,
2019-01-09,0.060922139,-0.009512162,0.058326035,-0.019223348,,3.64e-05,,,3.65e-05,,,,,
2019-01-10,0.062605298,-0.012219951,0.086088653,0.014081261,,3.64e-05,,,3.65e-05,,,,,
2019-01-11,0.100253239,0.024732187,0.093262413,0.012199377,,3.64e-05,,,3.64e-05,,,,,
2019-01-14,0.068735433,-0.022348958,0.062971737,-0.020431246,,3.64e-05,,,3.64e-05,,,,,
2019-01-15,0.058011863,-0.020043335,0.12894379,0.055421058,,3.64e-05,,,3.64e-05,,,,,
2019-01-16,0.07762373,0.004001564,0.104161672,0.009120094,,3.64e-05,,,3.64e-05,,,,,
2019-01-17,0.08425239,0.002522846,0.076180306,-0.01077781,,3.64e-05,,,3.64e-05,,,,,
2019-01-18,0.079835571,-0.004634205,0.083865594,0.006034474,,3.64e-05,,,3.64e-05,,,,,
2019-01-21,0.092838939,0.010195038,0.07532545,-0.005012466,,3.63e-05,,,3.64e-05,,,,,
2019-01-22,0.096041708,0.008022326,0.068405583,-0.009146698,,3.63e-05,,,3.63e-05,,,,,
2019-01-23,0.077316013,-0.012027367,0.059394951,-0.0159002,,3.62e-05,,,3.63e-05,,,,,
2019-01-24,0.085491957,0.00388962,0.07658452,0.004228468,,3.62e-05,,,3.63e-05,,,,,
2019-01-25,0.081069327,-0.003912876,0.072663603,-0.005299363,,3.62e-05,,,3.63e-05,,,,,
2019-01-28,0.068922501,-0.014231424,0.066407253,-0.010276784,,3.62e-05,,,3.63e-05,,,,,
2019-01-29,0.102215569,0.024083039,0.074844477,0.000201144,,3.62e-05,,,3.63e-05,,,,,
2019-01-30,0.071851548,-0.020044054,0.061530813,-0.015864584,,3.62e-05,,,3.62e-05,,,,,
2019-01-31,0.073342523,-0.00600085,0.07198285,-0.00106988,,3.62e-05,,,3.62e-05,,,,,
2019-02-01,0.068888713,-0.011071017,0.069544436,-0.006917552,,3.62e-05,,,3.62e-05,,,,,
2019-02-04,0.07741782,-0.000700742,0.065815077,-0.009851546,,3.62e-05,,,3.62e-05,,,,,
2019-02-05,0.069286141,-0.012358282,0.056686218,-0.017763958,,3.62e-05,,,3.62e-05,,,,,
2019-02-06,0.078486505,0.000203649,0.085136277,0.013663764,,3.62e-05,,,3.62e-05,,,,,
2019-02-07,0.101706901,0.019620693,0.066248447,-0.014503943,,3.62e-05,,,3.62e-05,,,,,
2019-02-08,0.093825709,0.002140386,0.085115372,0.010523839,,3.61e-05,,,3.62e-05,,,,,
2019-02-11,0.08212767,-0.006299634,0.106983078,0.026237507,,3.61e-05,,,3.62e-05,,,,,
2019-02-12,0.078967341,-0.004624094,0.057836061,-0.030042345,,3.61e-05,,,3.61e-05,,,,,
2019-02-13,0.074858383,-0.007426598,0.069133878,-0.002713693,,3.6e-05,,,3.61e-05,,,,,
2019-02-14,0.104337566,0.023751193,0.114996021,0.039463314,,3.6e-05,,,3.61e-05,,,,,
2019-02-15,0.085659403,-0.007113415,0.091845115,0.001353037,,3.59e-05,,,3.61e-05,,,,,
2019-02-18,0.078734773,-0.00631665,0.093344946,0.01040426,,3.59e-05,,,3.61e-05,,,,,
2019-02-19,0.113177984,0.030989144,0.09343276,0.010002857,,3.59e-05,,,3.61e-05,,,,,
2019-02-20,0.084608795,-0.011818577,0.091198201,0.007739654,,3.59e-05,,,3.61e-05,,,,,
2019-02-21,0.082572707,-0.002044403,0.113735369,0.031005694,,3.59e-05,,,3.61e-05,,,,,
2019-02-22,0.089933396,0.006157987,0.094624298,0.004543422,,3.59e-05,,,3.61e-05,,,,,
2019-02-25,0.109748906,0.02293065,0.099645499,0.015798296,,3.59e-05,,,3.61e-05,,,,,
2019-02-26,0.057963277,-0.037046542,0.029489923,-0.055995103,,3.58e-05,,,3.61e-05,,,,,
2019-02-27,0.065762021,-0.007840059,0.071710647,0.009109055,,3.58e-05,,,3.61e-05,,,,,
2019-02-28,0.076735601,-9.04e-05,0.04119072,-0.03518248,,3.57e-05,,,3.61e-05,,,,,
2019-03-01,0.052311561,-0.029050838,0.054295613,-0.01212256,,3.57e-05,,,3.61e-05,,,,,
2019-03-04,0.088804124,0.017538416,0.065913523,-0.004779221,,3.57e-05,,,3.61e-05,,,,,
2019-03-05,0.079796142,-0.006555283,0.060954684,-0.013527603,,3.57e-05,,,3.61e-05,,,,,
2019-03-06,0.100708835,0.018081234,0.046111359,-0.026753448,,3.57e-05,,,3.61e-05,,,,,
2019-03-07,0.080821423,-0.010451308,0.089164989,0.021141795,,3.57e-05,,,3.61e-05,,,,,
2019-03-08,0.068529095,-0.014522349,0.077248254,-0.004818225,,3.57e-05,,,3.61e-05,,,,,
2019-03-11,0.060214304,-0.017755595,0.063278447,-0.014901017,,3.57e-05,,,3.61e-05,,,,,
2019-03-12,0.074144901,-0.000387735,0.055854156,-0.017768619,,3.57e-05,,,3.61e-05,,,,,
2019-03-13,0.067646293,-0.012645133,0.071572396,0.000371285,,3.57e-05,,,3.61e-05,,,,,
2019-03-14,0.066910514,-0.010694442,0.068000023,-0.008328082,,3.57e-05,,,3.61e-05,,,,,
2019-03-15,0.06133791,-0.015962882,0.091744224,0.016581359,,3.57e-05,,,3.61e-05,,,,,
2019-03-18,0.062792972,-0.012204153,0.061869261,-0.021038516,,3.57e-05,,,3.6e-05,,,,,
2019-03-19,0.070853208,-0.004745426,0.071814767,-0.001348359,,3.57e-05,,,3.6e-05,,,,,
2019-03-20,0.087212701,0.008282033,0.098227417,0.021820254,,3.57e-05,,,3.6e-05,,,,,
2019-03-21,0.082266096,-0.003427447,0.08672288,0.001700407,,3.57e-05,,,3.6e-05,,,,,
2019-03-22,0.080929923,-0.002718737,0.050747682,-0.030522227,,3.57e-05,,,3.59e-05,,,,,
2019-03-25,0.091666352,0.008570055,0.039225932,-0.030309543,,3.57e-05,,,3.59e-05,,,,,
2019-03-26,0.112808881,0.025274236,0.063122286,-0.00265501,,3.57e-05,,,3.59e-05,,,,,
2019-03-27,0.087044697,-0.00923009,0.080496232,0.006924394,,3.57e-05,,,3.59e-05,,,,,
2019-03-28,0.085491996,-0.000132096,0.091876457,0.012637563,,3.57e-05,,,3.59e-05,,,,,
2019-03-29,0.075702427,-0.009279792,0.062106128,-0.020844781,,3.57e-05,,,3.59e-05,,,,,
2019-04-01,0.098205372,0.017270078,0.101162911,0.027922524,,3.57e-05,,,3.59e-05,,,,,
2019-04-02,0.075970734,-0.014267086,0.076151585,-0.009828391,,3.57e-05,,,3.58e-05,,,,,
2019-04-03,0.052035582,-0.029010627,0.052018897,-0.025802854,,3.57e-05,,,3.58e-05,,,,,
2019-04-04,0.099217142,0.02806552,0.128194758,0.058244637,,3.57e-05,,,3.58e-05,,,,,
2019-04-05,0.069319152,-0.021336926,0.082370558,-0.0124267,,3.57e-05,,,3.58e-05,,,,,
2019-04-08,0.068059943,-0.010236559,0.067812812,-0.012037451,,3.57e-05,,,3.58e-05,,,,,
2019-04-09,0.071338331,-0.006437625,0.088722304,0.013620504,,3.57e-05,,,3.58e-05,,,,,
2019-04-10,0.071141985,-0.007989229,0.080938854,-0.00098323,,3.57e-05,,,3.58e-05,,,,,
2019-04-11,0.08179917,0.002749124,0.060246273,-0.019136995,,3.57e-05,,,3.58e-05,,,,,
2019-04-12,0.085403392,0.001947756,0.103815019,0.031181282,,3.57e-05,,,3.58e-05,,,,,
2019-04-15,0.082608953,-0.002336637,0.057516763,-0.029328281,,3.56e-05,,,3.58e-05,,,,,
2019-04-16,0.065063725,-0.018726668,0.084285301,0.012541879,,3.56e-05,,,3.58e-05,,,,,
2019-04-17,0.104859619,0.028322274,0.073279718,-0.007195099,,3.56e-05,,,3.58e-05,,,,,
2019-04-18,0.062570331,-0.030418299,0.04950879,-0.027376212,,3.56e-05,,,3.57e-05,,,,,
2019-04-19,0.03100588,-0.044500717,0.054307199,-0.014824172,,3.56e-05,,,3.57e-05,,,,,
2019-04-22,0.035709869,-0.026748252,0.030507288,-0.040189235,,3.56e-05,,,3.56e-05,,,,,
2019-04-23,0.059264368,-0.005138342,0.048201223,-0.014732215,,3.56e-05,,,3.56e-05,,,,,
2019-04-24,0.120465697,0.046325757,0.083928334,0.015223467,,3.56e-05,,,3.56e-05,,,,,
2019-04-25,0.076339286,-0.023100763,0.086418793,0.006060412,,3.56e-05,,,3.56e-05,,,,,
2019-04-26,0.071646161,-0.009552406,0.093970304,0.012799582,,3.56e-05,,,3.56e-05,,,,,
2019-04-29,0.116973711,0.037715243,0.065193013,-0.018440869,,3.56e-05,,,3.56e-05,,,,,
2019-04-30,0.062720435,-0.035276057,0.110441252,0.036193981,,3.56e-05,,,3.56e-05,,,,,
2019-05-01,0.08073589,0.005167242,0.074632552,-0.014373845,,3.56e-05,,,3.55e-05,,,,,
2019-05-02,0.08105169,-0.001964395,0.089689258,0.012362987,,3.56e-05,,,3.55e-05,,,,,
2019-05-03,0.078140506,-0.005006128,0.072985856,-0.00925163,,3.55e-05,,,3.55e-05,,,,,
2019-05-06,0.059590326,-0.022352849,0.079454975,0.002665825,,3.55e-05,,,3.55e-05,,,,,
2019-05-07,0.089856963,0.015582275,0.096214724,0.017315469,,3.55e-05,,,3.55e-05,,,,,
2019-05-08,0.075804484,-0.010982175,0.073038632,-0.011327339,,3.55e-05,,,3.55e-05,,,,,
2019-05-09,0.091755315,0.010777831,0.043551613,-0.033254751,,3.55e-05,,,3.55e-05,,,,,
2019-05-10,0.062310671,-0.025260751,0.065517723,-0.00167053,,3.55e-05,,,3.55e-05,,,,,
2019-05-13,0.06599186,-0.009407396,0.07187653,-0.002476655,,3.54e-05,,,3.55e-05,,,,,
2019-05-14,0.05942441,-0.017496618,0.06713493,-0.009292378,,3.54e-05,,,3.55e-05,,,,,
2019-05-15,0.091951338,0.017745238,0.081255692,0.006375004,,3.54e-05,,,3.55e-05,,,,,
2019-05-16,0.066864373,-0.020788082,0.044229808,-0.035256807,,3.54e-05,,,3.55e-05,,,,,
2019-05-17,0.088463182,0.011181464,0.063703271,-0.003706195,,3.54e-05,,,3.55e-05,,,,,
2019-05-20,0.057502342,-0.028708139,0.059289337,-0.014472008,,3.54e-05,,,3.55e-05,,,,,
2019-05-21,0.069285684,-0.00412585,0.065890844,-0.006430758,,3.54e-05,,,3.55e-05,,,,,
2019-05-22,0.096588475,0.018305808,0.081552807,0.007077917,,3.54e-05,,,3.55e-05,,,,,
2019-05-23,0.078417074,-0.011152334,0.072613031,-0.006970497,,3.53e-05,,,3.55e-05,,,,,
2019-05-24,0.068956639,-0.013100867,0.072265739,-0.004401802,,3.52e-05,,,3.55e-05,,,,,
2019-05-27,0.055331939,-0.022814704,0.0581463,-0.018407961,,3.51e-05,,,3.55e-05,,,,,
2019-05-28,0.069610469,-0.002903838,0.076261778,0.004313013,,3.51e-05,,,3.55e-05,,,,,
2019-05-29,0.072537939,-0.005878991,0.072838357,-0.005019338,,3.51e-05,,,3.55e-05,,,,,
2019-05-30,0.066224782,-0.01340234,0.067950444,-0.008790594,,3.51e-05,,,3.55e-05,,,,,
2019-05-31,0.069273464,-0.007743852,0.073551995,-0.001594698,,3.51e-05,,,3.55e-05,,,,,
2019-06-03,0.085307983,0.007030368,0.06381596,-0.013157854,,3.51e-05,,,3.55e-05,,,,,
2019-06-04,0.078371675,-0.006534475,0.096566145,0.022768043,,3.51e-05,,,3.55e-05,,,,,
2019-06-05,0.091503814,0.009465075,0.086518085,0.002037488,,3.5e-05,,,3.55e-05,,,,,
2019-06-06,0.126476999,0.039009546,0.129994992,0.048791883,,3.5e-05,,,3.55e-05,,,,,
2019-06-07,0.102667265,0.000742194,0.05846947,-0.03691499,,3.5e-05,,,3.55e-05,,,,,
2019-06-10,0.110998229,0.0189159,0.065087188,-0.006966989,,3.49e-05,,,3.55e-05,,,,,
2019-06-11,0.140768761,0.045242482,0.0886912,0.014478448,,3.49e-05,,,3.55e-05,,,,,
2019-06-12,0.147159685,0.039326521,0.061495644,-0.020416295,,3.49e-05,,,3.55e-05,,,,,
2019-06-13,0.078670609,-0.031804508,0.082708454,0.009667196,,3.48e-05,,,3.55e-05,,,,,
2019-06-14,0.092275797,0.010113482,0.073878156,-0.006082323,,3.48e-05,,,3.55e-05,,,,,
2019-06-17,0.075718909,-0.012067675,0.084704213,0.007624011,,3.48e-05,,,3.55e-05,,,,,
2019-06-18,0.080450425,-0.000491682,0.035688493,-0.044922965,,3.48e-05,,,3.55e-05,,,,,
2019-06-19,0.108064989,0.025166913,0.109050425,0.044426975,,3.48e-05,,,3.55e-05,,,,,
2019-06-20,0.077842922,-0.016470781,0.07836879,-0.010183945,,3.48e-05,,,3.55e-05,,,,,
2019-06-21,0.056296178,-0.025523978,0.081664877,0.003119915,,3.48e-05,,,3.55e-05,,,,,
2019-06-24,0.058819036,-0.01409388,0.077547611,-0.002072473,,3.48e-05,,,3.55e-05,,,,,
2019-06-25,0.067166927,-0.006788917,0.072889447,-0.005387662,,3.48e-05,,,3.55e-05,,,,,
2019-06-26,0.108058752,0.030651961,0.080809137,0.004051434,,3.48e-05,,,3.55e-05,,,,,
2019-06-27,0.089190974,-0.00512015,0.078743517,-0.00059744,,3.48e-05,,,3.55e-05,,,,,
2019-06-28,0.072452093,-0.014059251,0.082011791,0.0033446,,3.48e-05,,,3.55e-05,,,,,
2019-07-01,0.065721807,-0.013869827,0.098734586,0.019001345,,3.48e-05,,,3.55e-05,,,,,
2019-07-02,0.060851505,-0.015957885,0.062372686,-0.022815217,,3.48e-05,,,3.55e-05,,,,,
2019-07-03,0.082908109,0.00811206,0.089556666,0.016229333,,3.48e-05,,,3.55e-05,,,,,
2019-07-04,0.064448819,-0.019465242,0.067099593,-0.015094644,,3.48e-05,,,3.55e-05,,,,,
2019-07-05,0.068397241,-0.007885907,0.088459164,0.013590003,,3.48e-05,,,3.55e-05,,,,,
2019-07-08,0.048991071,-0.028924322,0.067980079,-0.013856173,,3.48e-05,,,3.55e-05,,,,,
2019-07-09,0.081262116,0.01136907,0.077726387,0.002570027,,3.48e-05,,,3.55e-05,,,,,
2019-07-10,0.058888091,-0.024345531,0.076647118,-0.001688304,,3.48e-05,,,3.55e-05,,,,,
2019-07-11,0.11960989,0.045625499,0.073372368,-0.004611017,,3.48e-05,,,3.55e-05,,,,,
2019-07-12,0.086861152,-0.012225114,0.098461026,0.021545803,,3.48e-05,,,3.55e-05,,,,,
2019-07-15,0.076483223,-0.009064993,0.06575096,-0.019347712,,3.48e-05,,,3.55e-05,,,,,
2019-07-16,0.074119632,-0.007138436,0.095110778,0.020681515,,3.48e-05,,,3.55e-05,,,,,
2019-07-17,0.072469658,-0.007811322,0.123993706,0.039987822,,3.48e-05,,,3.55e-05,,,,,
2019-07-18,0.058952587,-0.020646308,0.07118844,-0.022238513,,3.48e-05,,,3.55e-05,,,,,
2019-07-19,0.066646919,-0.007364134,0.059836836,-0.01636603,,3.48e-05,,,3.55e-05,,,,,
2019-07-22,0.111205892,0.034014069,0.045420875,-0.027079311,,3.48e-05,,,3.55e-05,,,,,
2019-07-23,0.080139251,-0.015472874,0.049735343,-0.018062627,,3.48e-05,,,3.55e-05,,,,,
2019-07-24,0.084002004,0.001232565,0.117757965,0.048552696,,3.48e-05,,,3.55e-05,,,,,
2019-07-25,0.091390885,0.007024617,0.13272441,0.041331439,,3.48e-05,,,3.55e-05,,,,,
2019-07-26,0.069729245,-0.017691524,0.050601575,-0.045673171,,3.48e-05,,,3.55e-05,,,,,
2019-07-29,0.070190251,-0.008275781,0.09054153,0.021053712,,3.48e-05,,,3.55e-05,,,,,
2019-07-30,0.067045767,-0.01161084,0.083030752,0.000515271,,3.48e-05,,,3.55e-05,,,,,
2019-07-31,0.083423709,0.006067005,0.093360289,0.013294683,,3.48e-05,,,3.55e-05,,,,,
2019-08-01,0.067204003,-0.016923204,0.055253522,-0.028181386,,3.48e-05,,,3.55e-05,,,,,
2019-08-02,0.081199396,0.003777278,0.081574729,0.010569534,,3.48e-05,,,3.55e-05,,,,,
2019-08-05,0.105997026,0.022789332,0.076371936,-0.003218744,,3.48e-05,,,3.55e-05,,,,,
2019-08-06,0.056151315,-0.037307509,0.072514001,-0.005379624,,3.48e-05,,,3.55e-05,,,,,
2019-08-07,0.075277195,0.002424165,0.059249082,-0.017386158,,3.48e-05,,,3.55e-05,,,,,
2019-08-08,0.149858438,0.069098931,0.156055426,0.083746954,,3.48e-05,,,3.55e-05,,,,,
2019-08-09,0.082240496,-0.029350263,0.060510837,-0.043374048,,3.48e-05,,,3.55e-05,,,,,
2019-08-12,0.079678865,-0.003959211,0.077131591,0.004411559,,3.48e-05,,,3.55e-05,,,,,
2019-08-13,0.080613379,-0.001965741,0.061718341,-0.01642307,,3.48e-05,,,3.55e-05,,,,,
2019-08-14,0.054923214,-0.028042226,0.051854144,-0.021259754,,3.48e-05,,,3.55e-05,,,,,
2019-08-15,0.088842468,0.016497124,0.100285047,0.030388665,,3.48e-05,,,3.55e-05,,,,,
2019-08-16,0.064892116,-0.021475159,0.088992799,0.003299165,,3.48e-05,,,3.55e-05,,,,,
2019-08-19,0.048342234,-0.028124169,0.061030295,-0.020980019,,3.48e-05,,,3.55e-05,,,,,
2019-08-20,0.079551013,0.009926191,0.065378996,-0.007510475,,3.48e-05,,,3.55e-05,,,,,
2019-08-21,0.036359708,-0.046166559,0.054023104,-0.020284831,,3.48e-05,,,3.55e-05,,,,,
2019-08-22,0.071445921,0.006774573,0.096128282,0.025524426,,3.48e-05,,,3.55e-05,,,,,
2019-08-23,0.081540648,0.002364958,0.122294597,0.037956822,,3.48e-05,,,3.55e-05,,,,,
2019-08-26,0.055359252,-0.027989513,0.062169002,-0.030703734,,3.48e-05,,,3.55e-05,,,,,
2019-08-27,0.057977985,-0.014547613,0.073060768,-0.000200127,,3.48e-05,,,3.55e-05,,,,,
2019-08-28,0.071967444,-0.001640716,0.072145965,-0.00466762,,3.48e-05,,,3.55e-05,,,,,
2019-08-29,0.082310205,0.002918921,0.077507427,0.000992234,,3.48e-05,,,3.55e-05,,,,,
2019-08-30,0.069323239,-0.014343654,0.093167886,0.014903884,,3.48e-05,,,3.55e-05,,,,,
2019-09-02,0.073110737,-0.005187455,0.046693653,-0.036678496,,3.48e-05,,,3.55e-05,,,,,
2019-09-03,0.059275593,-0.020588319,0.084461323,0.016248196,,3.48e-05,,,3.55e-05,,,,,
2019-09-04,0.072851597,-0.001292983,0.075264123,-0.005268109,,3.48e-05,,,3.55e-05,,,,,
2019-09-05,0.098680266,0.018923481,0.086338929,0.008806651,,3.48e-05,,,3.55e-05,,,,,
2019-09-06,0.070392062,-0.020042076,0.086158474,0.005013802,,3.48e-05,,,3.55e-05,,,,,
2019-09-09,0.076025124,-0.00271491,0.07477209,-0.006313721,,3.48e-05,,,3.55e-05,,,,,
2019-09-10,0.12074927,0.039680576,0.127790051,0.050418265,,3.48e-05,,,3.55e-05,,,,,
2019-09-11,0.065090505,-0.034466771,0.0693989,-0.025266349,,3.48e-05,,,3.55e-05,,,,,
2019-09-12,0.067613651,-0.008934765,0.089495275,0.013876123,,3.48e-05,,,3.55e-05,,,,,
2019-09-13,0.095764,0.018172537,0.070989231,-0.011184982,,3.48e-05,,,3.55e-05,,,,,
2019-09-16,0.081008083,-0.008220495,0.067782889,-0.008354999,,3.48e-05,,,3.55e-05,,,,,
2019-09-17,0.079532292,-0.003596315,0.094526166,0.019434127,,3.48e-05,,,3.55e-05,,,,,
2019-09-18,0.080997245,-0.001521283,0.101634069,0.017818874,,3.48e-05,,,3.55e-05,,,,,
2019-09-19,0.099938678,0.016814551,0.102471522,0.016337863,,3.48e-05,,,3.55e-05,,,,,
2019-09-20,0.086217513,-0.004736841,0.091946651,0.00553983,,3.48e-05,,,3.55e-05,,,,,
2019-09-23,0.081954733,-0.003327408,0.087032666,0.004058861,,3.48e-05,,,3.55e-05,,,,,
2019-09-24,0.071499098,-0.012020846,0.079102044,-0.002268912,,3.48e-05,,,3.55e-05,,,,,
2019-09-25,0.089608285,0.010410611,0.134411229,0.055627093,,3.48e-05,,,3.55e-05,,,,,
2019-09-26,0.091934409,0.005250551,0.088073421,-0.008751532,,3.48e-05,,,3.55e-05,,,,,
2019-09-27,0.068308725,-0.019336732,0.071208668,-0.010501762,,3.48e-05,,,3.55e-05,,,,,
2019-09-30,0.072466528,-0.005412272,0.066561096,-0.009648369,,3.48e-05,,,3.55e-05,,,,,
2019-10-01,0.083459772,0.003862171,0.077111866,0.002418353,,3.48e-05,,,3.55e-05,,,,,
2019-10-02,0.086845257,0.002703142,0.101058465,0.022923488,,3.48e-05,,,3.55e-05,,,,,
2019-10-03,0.093183552,0.007641907,0.089898248,0.00395234,,3.48e-05,,,3.55e-05,,,,,
2019-10-04,0.11979394,0.031632097,0.094912489,0.012606834,,3.48e-05,,,3.55e-05,,,,,
2019-10-07,0.098282438,-0.000879913,0.096601608,0.012660402,,3.48e-05,,,3.55e-05,,,,,
2019-10-08,0.093164495,0.002894816,0.078969219,-0.005522946,,3.48e-05,,,3.55e-05,,,,,
2019-10-09,0.090373686,0.002219721,0.075879888,-0.002860923,,3.48e-05,,,3.55e-05,,,,,
2019-10-10,0.122088145,0.035087877,0.129947226,0.052214097,,3.48e-05,,,3.55e-05,,,,,
2019-10-11,0.132811182,0.032700427,0.085836342,-0.009532538,,3.48e-05,,,3.55e-05,,,,,
2019-10-14,0.075283402,-0.029260166,0.070916409,-0.010064329,,3.48e-05,,,3.55e-05,,,,,
2019-10-15,0.089937509,0.009175437,0.11151892,0.035404785,,3.48e-05,,,3.55e-05,,,,,
2019-10-16,0.085138313,-0.001681643,0.118796984,0.029439072,,3.48e-05,,,3.55e-05,,,,,
2019-10-17,0.085054981,0.000218972,0.094180762,0.002448882,,3.48e-05,,,3.55e-05,,,,,
2019-10-18,0.061130356,-0.023671205,0.086401028,0.002698498,,3.48e-05,,,3.55e-05,,,,,
2019-10-21,0.069518588,-0.005392736,0.061930773,-0.019234154,,3.48e-05,,,3.55e-05,,,,,
2019-10-22,0.090094278,0.01171533,0.091714443,0.018531253,,3.48e-05,,,3.55e-05,,,,,
2019-10-23,0.13674616,0.049861398,0.097245099,0.014347036,,3.48e-05,,,3.55e-05,,,,,
2019-10-24,0.081402309,-0.024767946,0.07916928,-0.005532779,,3.48e-05,,,3.55e-05,,,,,
2019-10-25,0.108412555,0.025120978,0.07564236,-0.003163707,,3.48e-05,,,3.55e-05,,,,,
2019-10-28,0.073295426,-0.021161957,0.055618234,-0.022037418,,3.48e-05,,,3.55e-05,,,,,
2019-10-29,0.105560507,0.025620246,0.113328402,0.042204244,,3.48e-05,,,3.55e-05,,,,,
2019-10-30,0.123148665,0.029870294,0.115677867,0.025729736,,3.48e-05,,,3.55e-05,,,,,
2019-10-31,0.102555557,0.002006391,0.126176689,0.035462207,,3.48e-05,,,3.55e-05,,,,,
2019-11-01,0.118921804,0.026885654,0.088581898,-0.005557104,,3.48e-05,,,3.55e-05,,,,,
2019-11-04,0.089872468,-0.008929349,0.07252395,-0.009352336,,3.48e-05,,,3.55e-05,,,,,
2019-11-05,0.07686896,-0.009924108,0.067330128,-0.009308356,,3.48e-05,,,3.55e-05,,,,,
2019-11-06,0.07880534,-0.002612189,0.083314563,0.008370206,,3.48e-05,,,3.55e-05,,,,,
2019-11-07,0.118927236,0.036709225,0.075218217,-0.004939963,,3.48e-05,,,3.55e-05,,,,,
2019-11-08,0.067867718,-0.030936345,0.078846704,0.001329399,,3.48e-05,,,3.55e-05,,,,,
2019-11-11,0.07208338,-0.005613112,0.052489107,-0.026211742,,3.48e-05,,,3.55e-05,,,,,
2019-11-12,0.088634308,0.009195098,0.0644524,-0.005651095,,3.48e-05,,,3.55e-05,,,,,
2019-11-13,0.11381941,0.027538186,0.108574476,0.034568779,,3.48e-05,,,3.55e-05,,,,,
2019-11-14,0.091331989,-0.005360542,0.113564785,0.025167295,,3.48e-05,,,3.55e-05,,,,,
2019-11-15,0.084069169,-0.003327253,0.061220809,-0.028804426,,3.48e-05,,,3.55e-05,,,,,
2019-11-18,0.098431946,0.014037912,0.068385212,-0.004566401,,3.48e-05,,,3.55e-05,,,,,
2019-11-19,0.055221727,-0.035109757,0.084198737,0.008910231,,3.47e-05,,,3.55e-05,,,,,
2019-11-20,0.071202502,-0.001266244,0.059570396,-0.020876185,,3.47e-05,,,3.55e-05,,,,,
2019-11-21,0.085660565,0.006585502,0.104766462,0.032353183,,3.47e-05,,,3.55e-05,,,,,
2019-11-22,0.052084052,-0.032967851,0.053515039,-0.033640348,,3.47e-05,,,3.55e-05,,,,,
2019-11-25,0.106320144,0.035148485,0.154163199,0.083725064,,3.47e-05,,,3.55e-05,,,,,
2019-11-26,0.077643356,-0.015949042,0.074699388,-0.028568287,,3.47e-05,,,3.55e-05,,,,,
2019-11-27,0.049719609,-0.032018048,0.077044627,-0.000303445,,3.47e-05,,,3.55e-05,,,,,
2019-11-28,0.091690537,0.021496319,0.071325163,-0.006787882,,3.47e-05,,,3.55e-05,,,,,
2019-11-29,0.057553659,-0.029990984,0.073525264,-0.002722199,,3.47e-05,,,3.55e-05,,,,,
2019-12-02,0.087289491,0.013856743,0.095361246,0.018396151,,3.47e-05,,,3.55e-05,,,,,
2019-12-03,0.08960089,0.003875602,0.131615217,0.047527635,,3.47e-05,,,3.55e-05,,,,,
2019-12-04,0.082829145,-0.003851655,0.083211808,-0.012701139,,3.46e-05,,,3.55e-05,,,,,
2019-12-05,0.098305973,0.014424555,0.096125366,0.016000702,,3.46e-05,,,3.54e-05,,,,,
2019-12-06,0.077955929,-0.012323479,0.179891879,0.095555056,,3.46e-05,,,3.54e-05,,,,,
2019-12-09,0.083810364,0.001943492,0.105346701,-0.006313187,,3.46e-05,,,3.54e-05,,,,,
2019-12-10,0.115569859,0.031282813,0.081678392,-0.005666258,,3.45e-05,,,3.54e-05,,,,,
2019-12-11,0.09855614,0.001139988,0.13147129,0.051846798,,3.45e-05,,,3.54e-05,,,,,
2019-12-12,0.065881368,-0.024501457,0.128169067,0.032303066,,3.45e-05,,,3.53e-05,,,,,
2019-12-13,0.070614335,-0.006261017,0.090875809,-0.003913069,,3.44e-05,,,3.53e-05,,,,,
2019-12-16,0.076067419,-0.002764501,0.050087438,-0.032537079,,3.44e-05,,,3.53e-05,,,,,
2019-12-17,0.067666591,-0.013419587,0.061763015,-0.007557101,,3.44e-05,,,3.53e-05,,,,,
2019-12-18,0.082455226,0.004841879,0.069160169,-0.003968301,,3.44e-05,,,3.53e-05,,,,,
2019-12-19,0.081042805,-0.002684039,0.097954547,0.022413264,,3.44e-05,,,3.53e-05,,,,,
2019-12-20,0.087505934,0.004362973,0.077970052,-0.006963416,,3.44e-05,,,3.53e-05,,,,,
2019-12-23,0.066403942,-0.019410822,0.042273898,-0.036141003,,3.44e-05,,,3.53e-05,,,,,
2019-12-24,0.052313128,-0.024778251,0.068801124,0.002029638,,3.44e-05,,,3.53e-05,,,,,
2019-12-25,0.030743411,-0.040522945,0.023069499,-0.052354669,,3.44e-05,,,3.53e-05,,,,,
2019-12-26,0.026411047,-0.035938572,0.045714319,-0.014793052,,3.44e-05,,,3.53e-05,,,,,
2019-12-27,0.063834495,0.003275839,0.05888509,-0.009008596,,3.44e-05,,,3.53e-05,,,,,
2019-12-30,0.068545687,-0.007483505,0.049973727,-0.022216018,,3.44e-05,,,3.53e-05,,,,,
2019-12-31,0.049179227,-0.028797531,0.066755717,-0.002527309,,3.44e-05,,,3.53e-05,,,,,
2020-01-01,0.033238688,-0.036732141,0.023004405,-0.05175259,,3.44e-05,,,3.53e-05,,,,,
2020-01-02,0.063260394,-0.000120751,0.064611013,0.004124874,,3.43e-05,,,3.53e-05,,,,,
2020-01-03,0.08342764,0.007635777,0.072724566,-0.001332868,,3.43e-05,,,3.53e-05,,,,,
2020-01-06,0.074517582,-0.00961125,0.057912335,-0.018791587,,3.43e-05,,,3.53e-05,,,,,
2020-01-07,0.062221021,-0.018224468,0.059914397,-0.011958054,,3.43e-05,,,3.53e-05,,,,,
2020-01-08,0.056698016,-0.018664179,0.058080111,-0.014445374,,3.43e-05,,,3.53e-05,,,,,
2020-01-09,0.083026063,0.009947031,0.088490393,0.016563217,,3.43e-05,,,3.53e-05,,,,,
2020-01-10,0.103362233,0.01939941,0.13083805,0.048991611,,3.43e-05,,,3.53e-05,,,,,
2020-01-13,0.074433216,-0.017936407,0.052578178,-0.043081271,,3.43e-05,,,3.53e-05,,,,,
2020-01-14,0.076074177,-0.004336436,0.07805347,0.007920921,,3.43e-05,,,3.53e-05,,,,,
2020-01-15,0.108187752,0.027098779,0.106672127,0.028230017,,3.43e-05,,,3.53e-05,,,,,
2020-01-16,0.08249816,-0.011866291,0.070200695,-0.017576285,,3.43e-05,,,3.53e-05,,,,,
2020-01-17,0.060527847,-0.023216746,0.06942079,-0.006459892,,3.43e-05,,,3.53e-05,,,,,
2020-01-20,0.074670701,8.45e-06,0.069655545,-0.005970747,,3.43e-05,,,3.53e-05,,,,,
2020-01-21,0.069936295,-0.010572492,0.073334182,-0.002368683,,3.43e-05,,,3.53e-05,,,,,
2020-01-22,0.082915021,0.004363397,0.08626132,0.009358553,,3.43e-05,,,3.53e-05,,,,,
2020-01-23,0.091848222,0.007931302,0.073615559,-0.007503799,,3.43e-05,,,3.53e-05,,,,,
2020-01-24,0.091725601,0.004115772,0.072089337,-0.00490521,,3.43e-05,,,3.53e-05,,,,,
2020-01-27,0.078677509,-0.008881629,0.059796847,-0.016699875,,3.43e-05,,,3.53e-05,,,,,
2020-01-28,0.087901971,0.005736804,0.06605211,-0.006435033,,3.43e-05,,,3.53e-05,,,,,
2020-01-29,0.068600142,-0.01737834,0.086990081,0.012462589,,3.43e-05,,,3.53e-05,,,,,
2020-01-30,0.077460921,-0.000538349,0.060255169,-0.021101896,,3.43e-05,,,3.53e-05,,,,,
2020-01-31,0.074300533,-0.007361708,0.063755451,-0.008881187,,3.43e-05,,,3.53e-05,,,,,
2020-02-03,0.072729851,-0.007625912,0.059522913,-0.014255452,,3.43e-05,,,3.52e-05,,,,,
2020-02-04,0.087228775,0.007522318,0.096720054,0.024322264,,3.43e-05,,,3.52e-05,,,,,
2020-02-05,0.076100268,-0.00959992,0.049355426,-0.035175374,,3.43e-05,,,3.52e-05,,,,,
2020-02-07,0.013462356,-0.067637402,0.016857848,-0.052223499,,3.43e-05,,,3.51e-05,,,,,
2020-02-10,0.068754706,0.013548929,0.057783801,-0.000697446,,3.43e-05,,,3.51e-05,,,,,
2020-02-11,0.102040086,0.023976921,0.078349303,0.006518778,,3.43e-05,,,3.51e-05,,,,,
2020-02-12,0.094266036,0.002442977,0.091029406,0.0124908,,3.43e-05,,,3.51e-05,,,,,
2020-02-13,0.102258678,0.013649346,0.108850981,0.026176363,,3.43e-05,,,3.5e-05,,,,,
2020-02-14,0.077621397,-0.014292026,0.086635472,-0.001852209,,3.43e-05,,,3.49e-05,,,,,
2020-02-17,0.095594854,0.013866275,0.08702898,0.005787581,,3.42e-05,,,3.49e-05,,,,,
2020-02-18,0.135893765,0.046735111,0.078017314,-0.003352439,,3.42e-05,,,3.49e-05,,,,,
2020-02-19,0.06661955,-0.039198332,0.040529424,-0.037900893,,3.42e-05,,,3.49e-05,,,,,
2020-02-20,0.074119931,-0.003060579,0.05951025,-0.006692221,,3.42e-05,,,3.49e-05,,,,,
2020-02-21,0.074920092,-0.005361012,0.060462656,-0.011931004,,3.42e-05,,,3.48e-05,,,,,
2020-02-24,0.139021767,0.058409884,0.060186784,-0.012517533,,3.42e-05,,,3.48e-05,,,,,
2020-02-25,0.061841684,-0.045269287,0.078171502,0.005557169,,3.41e-05,,,3.48e-05,,,,,
2020-02-26,0.081199444,0.005994063,0.096282984,0.017802374,,3.41e-05,,,3.48e-05,,,,,
2020-02-27,0.106729791,0.023522077,0.171754431,0.087366195,,3.4e-05,,,3.48e-05,,,,,
2020-02-28,0.076223292,-0.017538451,0.060911267,-0.048094338,,3.4e-05,,,3.48e-05,,,,,
2020-03-02,0.017025082,-0.064125533,0.044815693,-0.028034953,,3.4e-05,,,3.48e-05,,,,,
2020-03-03,0.095713859,0.03903528,0.083128861,0.015528289,,3.4e-05,,,3.48e-05,,,,,
2020-03-04,0.11515621,0.02594836,0.046299725,-0.033797883,,3.39e-05,,,3.47e-05,,,,,
2020-03-05,0.08404315,-0.013202002,0.06567811,-0.002406525,,3.39e-05,,,3.47e-05,,,,,
2020-03-06,0.079735515,-0.004647764,0.062206541,-0.012198959,,3.38e-05,,,3.47e-05,,,,,
2020-03-09,0.080283018,-0.00231952,0.071072456,-0.002200683,,3.38e-05,,,3.47e-05,,,,,
2020-03-10,0.096489127,0.013660256,0.119541433,0.043376398,,3.38e-05,,,3.47e-05,,,,,
2020-03-11,0.063517278,-0.026011061,0.04671542,-0.045259285,,3.38e-05,,,3.47e-05,,,,,
2020-03-12,0.080605424,0.004707367,0.054795903,-0.013424324,,3.37e-05,,,3.46e-05,,,,,
2020-03-13,0.079779516,-0.003182635,0.03303021,-0.037825719,,3.37e-05,,,3.46e-05,,,,,
2020-03-16,0.133977092,0.051356364,0.053083714,-0.010672654,,3.37e-05,,,3.46e-05,,,,,
2020-03-17,0.053902311,-0.051123234,0.041319966,-0.028977479,,3.37e-05,,,3.46e-05,,,,,
2020-03-18,0.066406261,-0.00551705,0.058301408,-0.008158923,,3.37e-05,,,3.46e-05,,,,,
2020-03-19,0.060200779,-0.016891559,0.048217415,-0.023781943,,3.36e-05,,,3.46e-05,,,,,
2020-03-20,0.053353653,-0.021173392,0.047134782,-0.021575367,,3.36e-05,,,3.46e-05,,,,,
2020-03-23,0.050946563,-0.020749937,0.0652275,-0.003129515,,3.36e-05,,,3.46e-05,,,,,
2020-03-24,0.046211503,-0.024489927,0.046847135,-0.027411384,,3.36e-05,,,3.46e-05,,,,,
2020-03-25,0.072539501,0.003795504,0.051869635,-0.016393555,,3.35e-05,,,3.46e-05,,,,,
2020-03-26,0.065531593,-0.014096174,0.084718062,0.014816627,,3.35e-05,,,3.46e-05,,,,,
2020-03-27,0.064908399,-0.011822359,0.051076732,-0.029539243,,3.35e-05,,,3.46e-05,,,,,
2020-03-30,0.051095479,-0.025377656,0.056587835,-0.01305497,,3.35e-05,,,3.46e-05,,,,,
2020-03-31,0.047436218,-0.023326773,0.039780472,-0.031659951,,3.35e-05,,,3.46e-05,,,,,
2020-04-01,0.060285068,-0.008965215,0.081688922,0.015730745,,3.35e-05,,,3.46e-05,,,,,
2020-04-02,0.086906327,0.012344438,0.047524674,-0.032103253,,3.35e-05,,,3.46e-05,,,,,
2020-04-03,0.04513225,-0.040434641,0.047090165,-0.021394025,,3.35e-05,,,3.45e-05,,,,,
2020-04-06,0.053999406,-0.014298437,0.083678496,0.015336035,,3.35e-05,,,3.45e-05,,,,,
2020-04-07,0.059871905,-0.012091545,0.037551221,-0.042725667,,3.35e-05,,,3.45e-05,,,,,
2020-04-08,0.086341679,0.011950588,0.123293628,0.058062591,,3.35e-05,,,3.45e-05,,,,,
2020-04-09,0.065583889,-0.019749582,0.053784905,-0.039413696,,3.35e-05,,,3.45e-05,,,,,
2020-04-10,0.022803832,-0.053948544,0.03211917,-0.038406991,,3.35e-05,,,3.45e-05,,,,,
2020-04-13,0.061554367,0.002486903,0.056513179,-0.006946025,,3.35e-05,,,3.44e-05,,,,,
2020-04-14,0.053496103,-0.021590503,0.047825822,-0.02359025,,3.35e-05,,,3.44e-05,,,,,
2020-04-15,0.060088252,-0.011667136,0.098071838,0.02948942,,3.35e-05,,,3.44e-05,,,,,
2020-04-16,0.068696555,-0.005783972,0.058053455,-0.026918272,,3.35e-05,,,3.44e-05,,,,,
2020-04-17,0.062537937,-0.015501189,0.052948345,-0.018970136,,3.34e-05,,,3.44e-05,,,,,
2020-04-20,0.054503456,-0.020989749,0.068733946,-0.001519344,,3.34e-05,,,3.44e-05,,,,,
2020-04-21,0.052920596,-0.019251224,0.043119577,-0.03228268,,3.34e-05,,,3.44e-05,,,,,
2020-04-22,0.07659461,0.005077131,0.083820386,0.016773056,,3.34e-05,,,3.44e-05,,,,,
2020-04-23,0.062424512,-0.018879602,0.068314378,-0.012008793,,3.34e-05,,,3.43e-05,,,,,
2020-04-24,0.075697657,0.000251341,0.07564988,0.000384479,,3.34e-05,,,3.43e-05,,,,,
2020-04-27,0.057060206,-0.023873116,0.07330069,-0.004357415,,3.34e-05,,,3.43e-05,,,,,
2020-04-28,0.045313177,-0.027915581,0.04649461,-0.030397233,,3.34e-05,,,3.43e-05,,,,,
2020-04-29,0.091062953,0.022690317,0.051030466,-0.017117737,,3.34e-05,,,3.42e-05,,,,,
2020-04-30,0.05033875,-0.036946455,0.051350757,-0.018276957,,3.33e-05,,,3.42e-05,,,,,
2020-05-01,0.047776925,-0.02267324,0.039485397,-0.03024679,,3.33e-05,,,3.42e-05,,,,,
2020-05-04,0.057582441,-0.011808688,0.057853981,-0.008007948,,3.33e-05,,,3.42e-05,,,,,
2020-05-05,0.082571379,0.009126734,0.056910099,-0.014943318,,3.33e-05,,,3.42e-05,,,,,
2020-05-06,0.05775971,-0.026015151,0.056399472,-0.015146068,,3.33e-05,,,3.42e-05,,,,,
2020-05-07,0.074206698,0.000688771,0.046311955,-0.025067028,,3.33e-05,,,3.42e-05,,,,,
2020-05-08,0.080610149,0.000293177,0.048335923,-0.019752701,,3.33e-05,,,3.42e-05,,,,,
2020-05-11,0.083497658,0.000533553,0.101432204,0.0326834,,3.32e-05,,,3.42e-05,,,,,
2020-05-12,0.069010248,-0.015147529,0.045752786,-0.040315029,,3.32e-05,,,3.41e-05,,,,,
2020-05-13,0.053649431,-0.024519373,0.049728841,-0.018177393,,3.32e-05,,,3.41e-05,,,,,
2020-05-14,0.092402474,0.020583702,0.050178139,-0.019025009,,3.32e-05,,,3.41e-05,,,,,
2020-05-15,0.112321996,0.024483044,0.064527526,-0.004822175,,3.32e-05,,,3.4e-05,,,,,
2020-05-18,0.086039545,-0.010033968,0.06516681,-0.008863391,,3.32e-05,,,3.4e-05,,,,,
2020-05-19,0.149638863,0.064430292,0.073639303,-0.000599421,,3.32e-05,,,3.4e-05,,,,,
2020-05-20,0.048867446,-0.062632543,0.058820824,-0.018181468,,3.32e-05,,,3.4e-05,,,,,
2020-05-21,0.039326995,-0.030514946,0.037102711,-0.035066071,,3.32e-05,,,3.39e-05,,,,,
2020-05-22,0.098731785,0.032833786,0.079618585,0.014533843,,3.32e-05,,,3.39e-05,,,,,
2020-05-25,0.046080324,-0.044375111,0.040901108,-0.038051514,,3.32e-05,,,3.39e-05,,,,,
2020-05-26,0.067343765,-0.001346004,0.070213548,0.003889841,,3.32e-05,,,3.39e-05,,,,,
2020-05-27,0.077965605,0.000485711,0.080447921,0.004563046,,3.32e-05,,,3.39e-05,,,,,
2020-05-28,0.078294575,-0.003576298,0.107678515,0.028455379,,3.32e-05,,,3.38e-05,,,,,
2020-05-29,0.039444206,-0.04256266,0.059869606,-0.028235638,,3.32e-05,,,3.38e-05,,,,,
2020-06-01,0.071809499,0.005863046,0.053723937,-0.018786938,,3.32e-05,,,3.38e-05,,,,,
2020-06-02,0.064153287,-0.015172703,0.097716536,0.027210263,,3.32e-05,,,3.37e-05,,,,,
2020-06-03,0.096617925,0.020456947,0.055887117,-0.028968716,,3.32e-05,,,3.37e-05,,,,,
2020-06-04,0.09329888,0.003717297,0.075582249,0.004370387,,3.32e-05,,,3.37e-05,,,,,
2020-06-05,0.062636544,-0.025572974,0.082880647,0.005244602,,3.32e-05,,,3.37e-05,,,,,
2020-06-08,0.067338487,-0.008195482,0.05322072,-0.026795925,,3.32e-05,,,3.36e-05,,,,,
2020-06-09,0.081733688,0.004255976,0.057536228,-0.012805906,,3.32e-05,,,3.36e-05,,,,,
2020-06-10,0.089275039,0.005846473,0.068934409,-0.002815362,,3.32e-05,,,3.36e-05,,,,,
2020-06-11,0.059858598,-0.026687498,0.077487371,0.002019727,,3.32e-05,,,3.36e-05,,,,,
2020-06-12,0.072912361,-0.001473229,0.057988051,-0.020269409,,3.32e-05,,,3.36e-05,,,,,
2020-06-15,0.092793722,0.013011818,0.049887953,-0.022009194,,3.32e-05,,,3.36e-05,,,,,
2020-06-16,0.051735654,-0.036265036,0.041933057,-0.02732199,,3.32e-05,,,3.36e-05,,,,,
2020-06-17,0.078115857,0.007088223,0.077848203,0.011187893,,3.32e-05,,,3.36e-05,,,,,
2020-06-18,0.087397493,0.005464507,0.061379034,-0.016996123,,3.32e-05,,,3.36e-05,,,,,
2020-06-19,0.05360522,-0.032164715,0.06924372,-0.003759502,,3.32e-05,,,3.36e-05,,,,,
2020-06-22,0.062038358,-0.009762138,0.077305084,0.001736549,,3.32e-05,,,3.36e-05,,,,,
2020-06-23,0.059139645,-0.016147039,0.050470832,-0.027727169,,3.32e-05,,,3.36e-05,,,,,
2020-06-24,0.115580619,0.041492239,0.086410983,0.016965812,,3.32e-05,,,3.36e-05,,,,,
2020-06-25,0.123777637,0.026357037,0.063745672,-0.017422502,,3.32e-05,,,3.36e-05,,,,,
2020-06-26,0.079216586,-0.021592591,0.03979396,-0.033981215,,3.32e-05,,,3.36e-05,,,,,
2020-06-29,0.065147606,-0.017240412,0.046185588,-0.019776989,,3.32e-05,,,3.36e-05,,,,,
2020-06-30,0.075014909,-0.001557111,0.062446032,-0.005601374,,3.32e-05,,,3.35e-05,,,,,
2020-07-01,0.081908767,0.001257687,0.050935476,-0.022415781,,3.32e-05,,,3.35e-05,,,,,
2020-07-02,0.100285795,0.016784853,0.102976584,0.033379854,,3.32e-05,,,3.35e-05,,,,,
2020-07-03,0.065918197,-0.025179653,0.064242903,-0.02232866,,3.32e-05,,,3.34e-05,,,,,
2020-07-06,0.045078383,-0.031812194,0.037863177,-0.036074186,,3.32e-05,,,3.34e-05,,,,,
2020-07-07,0.050925766,-0.017349808,0.062104591,-0.0032282,,3.32e-05,,,3.34e-05,,,,,
2020-07-08,0.08539845,0.014705617,0.038868741,-0.034371145,,3.32e-05,,,3.33e-05,,,,,
2020-07-09,0.07558457,-0.009358977,0.060729101,-0.004931686,,3.32e-05,,,3.33e-05,,,,,
2020-07-10,0.078408816,-0.002477757,0.106422675,0.033631449,,3.32e-05,,,3.33e-05,,,,,
2020-07-13,0.047515963,-0.03453813,0.063002769,-0.024692844,,3.32e-05,,,3.33e-05,,,,,
2020-07-14,0.064438831,-0.004844418,0.03721907,-0.036313785,,3.32e-05,,,3.33e-05,,,,,
2020-07-15,0.046147198,-0.030131821,0.052312369,-0.012810326,,3.32e-05,,,3.32e-05,,,,,
2020-07-16,0.072758446,0.004041033,0.096347171,0.026301324,,3.32e-05,,,3.31e-05,,,,,
2020-07-17,0.07080142,-0.008916857,0.048132116,-0.036277056,,3.32e-05,,,3.31e-05,,,,,
2020-07-20,0.065738129,-0.013171131,0.053122872,-0.015559454,,3.32e-05,,,3.31e-05,,,,,
2020-07-21,0.071123691,-0.005692447,0.052625101,-0.017685116,,3.32e-05,,,3.31e-05,,,,,
2020-07-22,0.068695016,-0.010347467,0.064342681,-0.005805173,,3.32e-05,,,3.31e-05,,,,,
2020-07-23,0.073029598,-0.005008892,0.060014229,-0.013955679,,3.32e-05,,,3.31e-05,,,,,
2020-07-24,0.066007055,-0.013823315,0.051281759,-0.02127629,,3.32e-05,,,3.31e-05,,,,,
2020-07-27,0.098401605,0.021474296,0.068702116,-0.001007565,,3.32e-05,,,3.31e-05,,,,,
2020-07-28,0.048838834,-0.041480108,0.065004237,-0.010387638,,3.32e-05,,,3.31e-05,,,,,
2020-07-29,0.06795965,-0.001870463,0.075850125,0.001664429,,3.32e-05,,,3.31e-05,,,,,
2020-07-30,0.082171969,0.004437473,0.089537556,0.011814135,,3.32e-05,,,3.31e-05,,,,,
2020-07-31,0.082131507,-0.001478241,0.048985406,-0.033202598,,3.32e-05,,,3.31e-05,,,,,
2020-08-03,0.061789524,-0.021803497,0.043420982,-0.025539672,,3.32e-05,,,3.31e-05,,,,,
2020-08-04,0.055077426,-0.020106392,0.051898919,-0.015246724,,3.32e-05,,,3.31e-05,,,,,
2020-08-05,0.06346103,-0.008948064,0.051238444,-0.018672543,,3.32e-05,,,3.31e-05,,,,,
2020-08-06,0.05865956,-0.017215244,0.051733416,-0.017962136,,3.32e-05,,,3.31e-05,,,,,
2020-08-07,0.046894814,-0.026995104,0.056012061,-0.013844942,,3.32e-05,,,3.31e-05,,,,,
2020-08-10,0.064994093,-0.004032379,0.046922465,-0.024330152,,3.32e-05,,,3.31e-05,,,,,
2020-08-11,0.073221039,-0.003287521,0.057437258,-0.010850503,,3.32e-05,,,3.31e-05,,,,,
2020-08-12,0.086779235,0.006869726,0.099975014,0.028257525,,3.32e-05,,,3.31e-05,,,,,
2020-08-13,0.080194238,-0.005320114,0.141557975,0.055965468,,3.32e-05,,,3.31e-05,,,,,
2020-08-14,0.053678555,-0.029113616,0.130335957,0.031179869,,3.32e-05,,,3.31e-05,,,,,
2020-08-17,0.046126105,-0.025704707,0.047714989,-0.047780688,,3.32e-05,,,3.31e-05,,,,,
2020-08-18,0.086486968,0.017778274,0.066924148,-0.001622119,,3.32e-05,,,3.31e-05,,,,,
2020-08-19,0.060540482,-0.02485305,0.049618812,-0.025193123,,3.32e-05,,,3.31e-05,,,,,
2020-08-20,0.067198442,-0.007469033,0.100446001,0.031278743,,3.32e-05,,,3.31e-05,,,,,
2020-08-21,0.061940557,-0.015479262,0.054546566,-0.031199568,,3.32e-05,,,3.31e-05,,,,,
2020-08-24,0.065578966,-0.009667288,0.094847335,0.024072735,,3.32e-05,,,3.31e-05,,,,,
2020-08-25,0.067255628,-0.009494713,0.11137416,0.027454206,,3.32e-05,,,3.31e-05,,,,,
2020-08-26,0.076149929,-0.001293531,0.055386956,-0.033923738,,3.32e-05,,,3.31e-05,,,,,
2020-08-27,0.069381624,-0.011738664,0.051148711,-0.019900008,,3.32e-05,,,3.31e-05,,,,,
2020-08-28,0.089759755,0.011437428,0.090373044,0.020706761,,3.32e-05,,,3.31e-05,,,,,
2020-08-31,0.098677069,0.011930595,0.047734614,-0.034725911,,3.32e-05,,,3.31e-05,,,,,
2020-09-01,0.069323519,-0.021109297,0.06597403,-0.002578638,,3.32e-05,,,3.31e-05,,,,,
2020-09-02,0.120762333,0.042464025,0.133990462,0.059488438,,3.32e-05,,,3.31e-05,,,,,
2020-09-03,0.072371885,-0.027190791,0.051328847,-0.045358861,,3.32e-05,,,3.31e-05,,,,,
2020-09-04,0.180242924,0.100684448,0.085733523,0.016008483,,3.32e-05,,,3.31e-05,,,,,
2020-09-07,0.071233945,-0.052917503,0.06564686,-0.015300339,,3.32e-05,,,3.31e-05,,,,,
2020-09-08,0.107438799,0.028350738,0.071583772,-0.002811535,,3.32e-05,,,3.31e-05,,,,,
2020-09-09,0.102196854,0.008142013,0.064093722,-0.012238094,,3.32e-05,,,3.31e-05,,,,,
2020-09-10,0.08391358,-0.007974285,0.122798049,0.048909347,,3.32e-05,,,3.3e-05,,,,,
2020-09-11,0.063842373,-0.020487342,0.060569851,-0.032467101,,3.32e-05,,,3.3e-05,,,,,
2020-09-14,0.110982219,0.034949771,0.112041924,0.039302642,,3.32e-05,,,3.3e-05,,,,,
2020-09-15,0.072571512,-0.022948148,0.130107926,0.04057942,,3.32e-05,,,3.3e-05,,,,,
2020-09-16,0.084831746,0.005190746,0.089384821,-0.006036477,,3.32e-05,,,3.3e-05,,,,,
2020-09-17,0.134668135,0.049958858,0.08871216,0.006573976,,3.32e-05,,,3.3e-05,,,,,
2020-09-18,0.061467359,-0.043843858,0.07497708,-0.006941695,,3.32e-05,,,3.3e-05,,,,,
2020-09-21,0.069591021,-0.005459617,0.120758911,0.043320262,,3.32e-05,,,3.3e-05,,,,,
2020-09-22,0.071076279,-0.007332612,0.077389556,-0.014982268,,3.32e-05,,,3.3e-05,,,,,
2020-09-23,0.080646957,0.001624074,0.054560536,-0.023665018,,3.32e-05,,,3.3e-05,,,,,
2020-09-24,0.083693112,0.000713791,0.132976525,0.062197368,,3.32e-05,,,3.3e-05,,,,,
2020-09-25,0.068656181,-0.015582395,0.055405319,-0.040951661,,3.32e-05,,,3.3e-05,,,,,
2020-09-28,0.080794103,0.002771668,0.100270691,0.029215982,,3.32e-05,,,3.3e-05,,,,,
2020-09-29,0.083094837,5.47e-05,0.064939508,-0.020749443,,3.32e-05,,,3.3e-05,,,,,
2020-09-30,0.100086541,0.016095287,0.091831221,0.017666638,,3.32e-05,,,3.29e-05,,,,,
2020-10-01,0.119098679,0.0280832,0.072906491,-0.010029664,,3.32e-05,,,3.29e-05,,,,,
2020-10-02,0.086462001,-0.012412935,0.049258377,-0.027504885,,3.31e-05,,,3.28e-05,,,,,
2020-10-05,0.087234723,0.001851512,0.086384809,0.017335117,,3.31e-05,,,3.28e-05,,,,,
2020-10-06,0.088077289,0.002374642,0.080251065,-0.000908572,,3.31e-05,,,3.28e-05,,,,,
2020-10-07,0.115081352,0.029030396,0.073247186,-0.005911738,,3.31e-05,,,3.28e-05,,,,,
2020-10-08,0.086593027,-0.01062118,0.063888902,-0.012985488,,3.31e-05,,,3.28e-05,,,,,
2020-10-09,0.071398956,-0.014038419,0.053846243,-0.019975651,,3.31e-05,,,3.28e-05,,,,,
2020-10-12,0.064712219,-0.014444057,0.045244739,-0.025301428,,3.31e-05,,,3.28e-05,,,,,
2020-10-13,0.090443354,0.014051318,0.067398107,-0.000342412,,3.31e-05,,,3.28e-05,,,,,
2020-10-14,0.079705449,-0.007323619,0.060290342,-0.014676189,,3.31e-05,,,3.28e-05,,,,,
2020-10-15,0.088040717,0.005450608,0.083663792,0.01101568,,3.31e-05,,,3.28e-05,,,,,
2020-10-16,0.076921873,-0.009113965,0.075146721,-0.005125372,,3.31e-05,,,3.28e-05,,,,,
2020-10-19,0.110555396,0.029115993,0.10153758,0.024043597,,3.31e-05,,,3.28e-05,,,,,
2020-10-20,0.064760804,-0.030582411,0.097109442,0.011007256,,3.31e-05,,,3.28e-05,,,,,
2020-10-21,0.068394059,-0.008018061,0.073933695,-0.010724116,,3.3e-05,,,3.27e-05,,,,,
2020-10-22,0.117169945,0.039255868,0.067435455,-0.009662862,,3.3e-05,,,3.27e-05,,,,,
2020-10-23,0.067323786,-0.030753827,0.092415978,0.017437265,,3.3e-05,,,3.27e-05,,,,,
2020-10-26,0.075016073,-0.002455562,0.06408943,-0.019037461,,3.3e-05,,,3.27e-05,,,,,
2020-10-27,0.066583619,-0.014067942,0.075723255,0.001835952,,3.3e-05,,,3.27e-05,,,,,
2020-10-28,0.072039417,-0.005126239,0.106629808,0.02894777,,3.3e-05,,,3.27e-05,,,,,
2020-10-29,0.089449784,0.010028748,0.065374831,-0.022388345,,3.3e-05,,,3.27e-05,,,,,
2020-10-30,0.10715098,0.020532645,0.072090955,-0.002215621,,3.3e-05,,,3.27e-05,,,,,
2020-11-02,0.074517818,-0.019418041,0.041129062,-0.035368188,,3.29e-05,,,3.25e-05,,,,,
2020-11-03,0.112458382,0.032012795,0.074338789,0.007940727,,3.29e-05,,,3.25e-05,,,,,
2020-11-04,0.04558908,-0.050540813,0.072399615,-0.004830836,,3.29e-05,,,3.25e-05,,,,,
2020-11-05,0.08544999,0.016963298,0.07631673,-0.000281199,,3.29e-05,,,3.25e-05,,,,,
2020-11-06,0.097044225,0.012079371,0.09222428,0.014348661,,3.29e-05,,,3.25e-05,,,,,
2020-11-09,0.085749873,-0.004007939,0.050332974,-0.032731389,,3.29e-05,,,3.25e-05,,,,,
2020-11-10,0.073851349,-0.011237474,0.063510084,-0.005890121,,3.29e-05,,,3.25e-05,,,,,
2020-11-11,0.068090804,-0.01207927,0.053151964,-0.020546367,,3.29e-05,,,3.25e-05,,,,,
2020-11-12,0.104036889,0.026248175,0.067335558,-0.002984148,,3.29e-05,,,3.25e-05,,,,,
2020-11-13,0.069863472,-0.022785048,0.066807958,-0.008138171,,3.29e-05,,,3.25e-05,,,,,
2020-11-16,0.068971545,-0.009549974,0.071972539,-0.002801497,,3.29e-05,,,3.24e-05,,,,,
2020-11-17,0.056204284,-0.021948521,0.072626007,-0.003832618,,3.29e-05,,,3.24e-05,,,,,
2020-11-18,0.080358101,0.007483174,0.062657957,-0.014013817,,3.29e-05,,,3.24e-05,,,,,
2020-11-19,0.103450983,0.020591073,0.081576942,0.008156559,,3.29e-05,,,3.23e-05,,,,,
2020-11-20,0.083585003,-0.008821308,0.115000924,0.035409523,,3.29e-05,,,3.23e-05,,,,,
2020-11-23,0.089087139,0.004893255,0.055056713,-0.035436963,,3.29e-05,,,3.23e-05,,,,,
2020-11-24,0.117585401,0.031116981,0.063856364,-0.007084636,,3.29e-05,,,3.23e-05,,,,,
2020-11-25,0.11006965,0.01182029,0.106617022,0.032805741,,3.29e-05,,,3.23e-05,,,,,
2020-11-26,0.070724749,-0.024417663,0.059800287,-0.027958718,,3.29e-05,,,3.23e-05,,,,,
2020-11-27,0.09975791,0.020880346,0.120298441,0.047810176,,3.29e-05,,,3.23e-05,,,,,
2020-11-30,0.070130379,-0.020749247,0.071990013,-0.020231614,,3.29e-05,,,3.23e-05,,,,,
2020-12-01,0.131800342,0.053168485,0.073395669,-0.003068656,,3.29e-05,,,3.22e-05,,,,,
2020-12-02,0.081361539,-0.022764156,0.097610575,0.020687752,,3.29e-05,,,3.22e-05,,,,,
2020-12-03,0.097410868,0.014136145,0.080337506,-0.004483765,,3.29e-05,,,3.22e-05,,,,,
2020-12-04,0.068952589,-0.02095679,0.052569087,-0.026618033,,3.29e-05,,,3.22e-05,,,,,
2020-12-07,0.074931623,-0.003213345,0.028888953,-0.04124063,,3.29e-05,,,3.22e-05,,,,,
2020-12-08,0.082076877,0.001460226,0.076375083,0.013969515,,3.29e-05,,,3.22e-05,,,,,
2020-12-09,0.096230961,0.012660524,0.073820135,-0.004074517,,3.29e-05,,,3.22e-05,,,,,
2020-12-10,0.093843135,0.00442152,0.105799416,0.02873814,,3.29e-05,,,3.22e-05,,,,,
2020-12-11,0.091262964,0.002828455,0.07756291,-0.009929407,,3.29e-05,,,3.22e-05,,,,,
2020-12-14,0.098556905,0.011189017,0.066087057,-0.012195042,,3.29e-05,,,3.21e-05,,,,,
2020-12-15,0.128802125,0.038418984,0.056664025,-0.017874867,,3.29e-05,,,3.21e-05,,,,,
2020-12-16,0.087853148,-0.01503311,0.068115556,-0.003349719,,3.29e-05,,,3.21e-05,,,,,
2020-12-17,0.081196349,-0.004761949,0.069467005,-0.005733544,,3.28e-05,,,3.21e-05,,,,,
2020-12-18,0.105425384,0.022218949,0.122720731,0.047079364,,3.28e-05,,,3.21e-05,,,,,
2020-12-21,0.071935791,-0.021286721,0.045882516,-0.047129217,,3.28e-05,,,3.21e-05,,,,,
2020-12-22,0.034314398,-0.0450638,0.044314931,-0.023633618,,3.28e-05,,,3.21e-05,,,,,
2020-12-23,0.039431854,-0.024393981,0.045672008,-0.021765224,,3.28e-05,,,3.21e-05,,,,,
2020-12-24,0.043920193,-0.022021154,0.07378653,0.005906645,,3.28e-05,,,3.21e-05,,,,,
2020-12-25,0.018514773,-0.049282015,0.025421906,-0.051628408,,3.28e-05,,,3.21e-05,,,,,
2020-12-28,0.035226487,-0.022067917,0.040647899,-0.020626783,,3.27e-05,,,3.21e-05,,,,,
2020-12-29,0.048713167,-0.015489717,0.05649114,-0.009749975,,3.27e-05,,,3.21e-05,,,,,
2020-12-30,0.063712589,-0.006065575,0.095631863,0.024222979,,3.27e-05,,,3.21e-05,,,,,
2020-12-31,0.031843922,-0.044134875,0.054897593,-0.029278259,,3.27e-05,,,3.21e-05,,,,,
2021-01-01,0.022690054,-0.040114507,0.0840349,0.013145802,,3.26e-05,,,3.21e-05,,,,,
2021-01-04,0.069930407,0.010909978,0.071248877,-0.009144264,,3.26e-05,,,3.21e-05,,,,,
2021-01-05,0.068165338,-0.010383852,0.071664061,-0.004558519,,3.26e-05,,,3.21e-05,,,,,
2021-01-06,0.047236575,-0.03058295,0.079618352,0.003260347,,3.26e-05,,,3.21e-05,,,,,
2021-01-07,0.064997141,-0.004170611,0.061198315,-0.017754231,,3.26e-05,,,3.21e-05,,,,,
2021-01-08,0.076534261,2.44e-05,0.105768208,0.032823933,,3.25e-05,,,3.21e-05,,,,,
2021-01-11,0.07448365,-0.006795517,0.084709144,-0.002772994,,3.25e-05,,,3.21e-05,,,,,
2021-01-12,0.070103448,-0.010328014,0.059861627,-0.02075144,,3.25e-05,,,3.21e-05,,,,,
2021-01-13,0.092495328,0.013874605,0.086817692,0.014309419,,3.25e-05,,,3.21e-05,,,,,
2021-01-14,0.063775086,-0.02410225,0.0741611,-0.007139735,,3.25e-05,,,3.21e-05,,,,,
2021-01-15,0.068809509,-0.007195123,0.075957313,-0.001215179,,3.25e-05,,,3.21e-05,,,,,
2021-01-18,0.118536541,0.040450721,0.074269168,-0.003489215,,3.25e-05,,,3.21e-05,,,,,
2021-01-19,0.057534214,-0.041108338,0.064544545,-0.012663197,,3.25e-05,,,3.21e-05,,,,,
2021-01-20,0.079752578,0.006327868,0.076864332,0.002828579,,3.25e-05,,,3.21e-05,,,,,
2021-01-21,0.072529217,-0.010080375,0.054442042,-0.023612194,,3.24e-05,,,3.21e-05,,,,,
2021-01-22,0.06728103,-0.012342486,0.069466816,-0.00127369,,3.24e-05,,,3.21e-05,,,,,
2021-01-25,0.082036129,0.004582169,0.125413467,0.049772162,,3.24e-05,,,3.21e-05,,,,,
2021-01-26,0.09191019,0.008356598,0.06602988,-0.027860173,,3.24e-05,,,3.21e-05,,,,,
2021-01-27,0.084255315,-0.003380131,0.066163832,-0.008356409,,3.23e-05,,,3.21e-05,,,,,
2021-01-28,0.061813046,-0.02265794,0.042636243,-0.03192769,,3.23e-05,,,3.21e-05,,,,,
2021-01-29,0.07927424,0.004080698,0.062518826,-0.00437085,,3.23e-05,,,3.21e-05,,,,,
2021-02-01,0.072496063,-0.009915788,0.060525736,-0.012849265,,3.23e-05,,,3.21e-05,,,,,
2021-02-02,0.117514473,0.037904663,0.138548851,0.065823958,,3.23e-05,,,3.21e-05,,,,,
2021-02-03,0.059656666,-0.038563373,0.057369745,-0.040804823,,3.22e-05,,,3.21e-05,,,,,
2021-02-04,0.111639599,0.037337487,0.096032393,0.024336925,,3.22e-05,,,3.21e-05,,,,,
2021-02-05,0.082328571,-0.013462845,0.075277082,-0.009029415,,3.22e-05,,,3.21e-05,,,,,
2021-02-08,0.068114346,-0.01556014,0.094771699,0.017235194,,3.22e-05,,,3.21e-05,,,,,
2021-02-09,0.090823737,0.013025291,0.075179181,-0.008716102,,3.22e-05,,,3.21e-05,,,,,
2021-02-10,0.083885836,-0.003300479,0.061095461,-0.016409111,,3.22e-05,,,3.21e-05,,,,,
2021-02-11,0.138501018,0.054182773,0.130270952,0.057360226,,3.22e-05,,,3.21e-05,,,,,
2021-02-12,0.080803013,-0.026092685,0.08918879,-0.006285683,,3.21e-05,,,3.21e-05,,,,,
2021-02-15,0.066641222,-0.016402611,0.059684607,-0.022389636,,3.21e-05,,,3.2e-05,,,,,
2021-02-16,0.075716533,-0.001472935,0.071414705,-0.001035827,,3.21e-05,,,3.2e-05,,,,,
2021-02-17,0.124693985,0.04375286,0.104921322,0.028644653,,3.21e-05,,,3.2e-05,,,,,
2021-02-18,0.126942583,0.025754595,0.092852633,0.005646733,,3.21e-05,,,3.2e-05,,,,,
2021-02-19,0.074208276,-0.027909264,0.091142738,0.007873418,,3.21e-05,,,3.2e-05,,,,,
2021-02-22,0.057327695,-0.022989929,0.051953153,-0.030758431,,3.21e-05,,,3.2e-05,,,,,
2021-02-23,0.074590066,0.00125073,0.066997344,-0.002931333,,3.21e-05,,,3.2e-05,,,,,
2021-02-24,0.088963021,0.008487568,0.069708391,-0.005127419,,3.21e-05,,,3.2e-05,,,,,
2021-02-25,0.098517308,0.012100197,0.057769979,-0.017950123,,3.21e-05,,,3.2e-05,,,,,
2021-02-26,0.116783338,0.026416566,0.079728508,0.007902492,,3.21e-05,,,3.2e-05,,,,,
2021-03-01,0.088024134,-0.00989366,0.103158249,0.024169773,,3.21e-05,,,3.2e-05,,,,,
2021-03-02,0.076280226,-0.009748757,0.104652097,0.018021278,,3.2e-05,,,3.2e-05,,,,,
2021-03-03,0.11095357,0.029779419,0.108438488,0.021320404,,3.2e-05,,,3.2e-05,,,,,
2021-03-04,0.097824454,0.002316637,0.070718074,-0.017635059,,3.2e-05,,,3.2e-05,,,,,
2021-03-05,0.084433806,-0.005646546,0.079255282,0.00320584,,3.2e-05,,,3.2e-05,,,,,
2021-03-08,0.080704843,-0.003839929,0.077675997,-0.001158122,,3.2e-05,,,3.2e-05,,,,,
2021-03-09,0.083330296,0.000327046,0.090799686,0.0124807,,3.2e-05,,,3.2e-05,,,,,
2021-03-10,0.066800692,-0.017287898,0.064266405,-0.018333282,,3.2e-05,,,3.2e-05,,,,,
2021-03-11,0.153594341,0.076338949,0.106406932,0.032461903,,3.2e-05,,,3.2e-05,,,,,
2021-03-12,0.071472816,-0.041662334,0.059290403,-0.028400075,,3.2e-05,,,3.19e-05,,,,,
2021-03-15,0.071215027,-0.007971781,0.048812714,-0.023509236,,3.2e-05,,,3.19e-05,,,,,
2021-03-16,0.099960918,0.020880677,0.073406482,0.004502157,,3.2e-05,,,3.19e-05,,,,,
2021-03-17,0.066785907,-0.024177642,0.061727694,-0.015198656,,3.2e-05,,,3.19e-05,,,,,
2021-03-18,0.094482642,0.017233362,0.068372484,-0.004744464,,3.2e-05,,,3.19e-05,,,,,
2021-03-19,0.088064304,-0.000634571,0.083059411,0.007775056,,3.19e-05,,,3.19e-05,,,,,
2021-03-22,0.10417771,0.018132121,0.0829532,0.002878245,,3.19e-05,,,3.19e-05,,,,,
2021-03-23,0.100107929,0.007401195,0.063642926,-0.016397385,,3.19e-05,,,3.19e-05,,,,,
2021-03-24,0.077017709,-0.014006612,0.083604013,0.009862352,,3.19e-05,,,3.19e-05,,,,,
2021-03-25,0.06697537,-0.014503651,0.072326129,-0.007926464,,3.19e-05,,,3.19e-05,,,,,
2021-03-26,0.15602366,0.078696058,0.06352033,-0.013053629,,3.19e-05,,,3.19e-05,,,,,
2021-03-29,0.062230689,-0.051908721,0.040272103,-0.03342957,,3.19e-05,,,3.19e-05,,,,,
2021-03-30,0.127606313,0.052240121,0.069725284,0.003606746,,3.19e-05,,,3.19e-05,,,,,
2021-03-31,0.090981987,-0.011409933,0.079819482,0.004093869,,3.19e-05,,,3.19e-05,,,,,
2021-04-01,0.090196398,0.002944663,0.064162453,-0.014855697,,3.19e-05,,,3.19e-05,,,,,
2021-04-02,0.033454918,-0.05347206,0.031761333,-0.042149788,,3.19e-05,,,3.19e-05,,,,,
2021-04-05,0.029296588,-0.034173945,0.038333511,-0.025008973,,3.19e-05,,,3.19e-05,,,,,
2021-04-06,0.083915636,0.022164122,0.069344721,0.003858516,,3.19e-05,,,3.19e-05,,,,,
2021-04-07,0.073537911,-0.010792654,0.105072699,0.029471219,,3.19e-05,,,3.19e-05,,,,,
2021-04-08,0.086311421,0.00627092,0.064993303,-0.022261973,,3.19e-05,,,3.19e-05,,,,,
2021-04-09,0.064916864,-0.020404099,0.0606295,-0.013552629,,3.19e-05,,,3.19e-05,,,,,
2021-04-12,0.049001902,-0.027474731,0.085994065,0.013235326,,3.19e-05,,,3.19e-05,,,,,
2021-04-13,0.099151502,0.029253978,0.072295096,-0.008737087,,3.18e-05,,,3.18e-05,,,,,
2021-04-14,0.089876318,-0.000752625,0.093488197,0.01692436,,3.18e-05,,,3.18e-05,,,,,
2021-04-15,0.100770966,0.013976306,0.070257611,-0.013219018,,3.18e-05,,,3.18e-05,,,,,
2021-04-16,0.092104122,0.000805707,0.068247549,-0.007651699,,3.18e-05,,,3.18e-05,,,,,
2021-04-19,0.079804117,-0.007911499,0.087759221,0.012515618,,3.18e-05,,,3.18e-05,,,,,
2021-04-20,0.069088177,-0.013542721,0.077387726,-0.004220218,,3.18e-05,,,3.18e-05,,,,,
2021-04-21,0.078866905,0.000665886,0.097836155,0.019611198,,3.18e-05,,,3.18e-05,,,,,
2021-04-22,0.114225325,0.031981863,0.087549548,0.002654697,,3.18e-05,,,3.18e-05,,,,,
2021-04-23,0.108389635,0.011529302,0.081219741,-0.000319812,,3.17e-05,,,3.17e-05,,,,,
2021-04-26,0.063812237,-0.030635671,0.063929939,-0.015544949,,3.17e-05,,,3.17e-05,,,,,
2021-04-27,0.079845824,0.003825833,0.054834355,-0.019000925,,3.17e-05,,,3.17e-05,,,,,
2021-04-28,0.10348706,0.020838921,0.153732461,0.08286399,,3.17e-05,,,3.17e-05,,,,,
2021-04-29,0.110631276,0.01821005,0.088135789,-0.014991388,,3.17e-05,,,3.17e-05,,,,,
2021-04-30,0.092870571,-0.002504012,0.07603757,-0.005693204,,3.16e-05,,,3.17e-05,,,,,
2021-05-03,0.06275037,-0.025282088,0.049424832,-0.02835973,,3.16e-05,,,3.17e-05,,,,,
2021-05-04,0.10290434,0.027323316,0.048805278,-0.020298708,,3.16e-05,,,3.17e-05,,,,,
2021-05-05,0.112688855,0.020508521,0.10491514,0.036013241,,3.16e-05,,,3.16e-05,,,,,
2021-05-06,0.089050177,-0.007174992,0.069108541,-0.018095342,,3.16e-05,,,3.16e-05,,,,,
2021-05-07,0.087973937,0.001520797,0.075889182,0.000364739,,3.16e-05,,,3.15e-05,,,,,
2021-05-10,0.016762974,-0.069245258,0.02274201,-0.05499415,,3.16e-05,,,3.15e-05,,,,,
2021-05-11,0.117831875,0.06126165,0.067807574,0.007407024,,3.16e-05,,,3.15e-05,,,,,
2021-05-12,0.118786548,0.020435298,0.108394979,0.033294888,,3.16e-05,,,3.15e-05,,,,,
2021-05-13,0.116845824,0.018099921,0.071631741,-0.0167072,,3.16e-05,,,3.15e-05,,,,,
2021-05-14,0.102664454,0.004720829,0.08491541,0.008567947,,3.16e-05,,,3.15e-05,,,,,
2021-05-17,0.096067791,0.003986625,0.092899183,0.012218836,,3.16e-05,,,3.15e-05,,,,,
2021-05-18,0.106733552,0.017379389,0.077529044,-0.005755459,,3.16e-05,,,3.15e-05,,,,,
2021-05-19,0.110344758,0.016581461,0.078647109,0.000376056,,3.16e-05,,,3.15e-05,,,,,
2021-05-20,0.083944884,-0.011311256,0.081883491,0.003247746,,3.16e-05,,,3.15e-05,,,,,
2021-05-21,0.083713948,-0.000628707,0.060811531,-0.01887986,,3.16e-05,,,3.15e-05,,,,,
2021-05-24,0.074693884,-0.009553305,0.055395464,-0.017422649,,3.16e-05,,,3.15e-05,,,,,
2021-05-25,0.120199421,0.03968105,0.083165636,0.012114142,,3.16e-05,,,3.15e-05,,,,,
2021-05-26,0.097171668,-0.002158305,0.10721303,0.027103427,,3.16e-05,,,3.15e-05,,,,,
2021-05-27,0.170928386,0.08111789,0.102488689,0.014535277,,3.16e-05,,,3.15e-05,,,,,
2021-05-28,0.096317273,-0.023983624,0.073481308,-0.012931113,,3.16e-05,,,3.15e-05,,,,,
2021-05-31,0.095846211,0.006388915,0.072023491,-0.004927265,,3.16e-05,,,3.15e-05,,,,,
2021-06-01,0.108169538,0.018906975,0.105850814,0.02937557,,3.16e-05,,,3.15e-05,,,,,
2021-06-02,0.059524271,-0.03483265,0.09310971,0.005600627,,3.16e-05,,,3.15e-05,,,,,
2021-06-03,0.094045936,0.019798555,0.080644945,-0.002708228,,3.16e-05,,,3.15e-05,,,,,
2021-06-04,0.07044111,-0.018077235,0.069978141,-0.00930926,,3.16e-05,,,3.15e-05,,,,,
2021-06-07,0.100277013,0.021516702,0.097543343,0.021735253,,3.16e-05,,,3.15e-05,,,,,
2021-06-08,0.111955426,0.020861207,0.082829274,-0.001970067,,3.16e-05,,,3.15e-05,,,,,
2021-06-09,0.106020266,0.01009829,0.078443205,-0.001556684,,3.16e-05,,,3.15e-05,,,,,
2021-06-10,0.094261976,0.000793545,0.094436251,0.015867017,,3.16e-05,,,3.15e-05,,,,,
2021-06-11,0.08490188,-0.003705774,0.071173899,-0.012611967,,3.16e-05,,,3.14e-05,,,,,
2021-06-14,0.100909689,0.016171419,0.077633122,0.001434998,,3.16e-05,,,3.14e-05,,,,,
2021-06-15,0.104826027,0.013470265,0.122554773,0.044249772,,3.16e-05,,,3.14e-05,,,,,
2021-06-16,0.101774319,0.008799577,0.07162836,-0.021329241,,3.16e-05,,,3.14e-05,,,,,
2021-06-17,0.083480759,-0.008232434,0.066814774,-0.009531586,,3.16e-05,,,3.14e-05,,,,,
2021-06-18,0.081169678,-0.002981113,0.065985766,-0.008790493,,3.16e-05,,,3.14e-05,,,,,
2021-06-21,0.076639588,-0.006555821,0.081012926,0.006507074,,3.16e-05,,,3.14e-05,,,,,
2021-06-22,0.088595747,0.007273038,0.062480956,-0.016926473,,3.16e-05,,,3.14e-05,,,,,
2021-06-23,0.106218425,0.019953142,0.095992855,0.022630207,,3.16e-05,,,3.14e-05,,,,,
2021-06-24,0.109058041,0.015507693,0.079095872,-0.005197729,,3.16e-05,,,3.13e-05,,,,,
2021-06-25,0.070021607,-0.024702615,0.059452581,-0.019329542,,3.16e-05,,,3.13e-05,,,,,
2021-06-28,0.111059407,0.032472516,0.099243493,0.026868643,,3.16e-05,,,3.13e-05,,,,,
2021-06-29,0.095184446,-0.000367123,0.055323081,-0.030030817,,3.16e-05,,,3.13e-05,,,,,
2021-06-30,0.05736114,-0.031627855,0.059990649,-0.011037236,,3.16e-05,,,3.13e-05,,,,,
2021-07-01,0.08064184,0.007288678,0.107820063,0.035269706,,3.16e-05,,,3.13e-05,,,,,
2021-07-02,0.066296737,-0.016680468,0.064851805,-0.02329961,,3.16e-05,,,3.13e-05,,,,,
2021-07-05,0.08900755,0.011960488,0.069312588,-0.004823387,,3.16e-05,,,3.13e-05,,,,,
2021-07-06,0.076213001,-0.010222518,0.057769978,-0.017821021,,3.16e-05,,,3.13e-05,,,,,
2021-07-07,0.091997196,0.010850835,0.063970028,-0.007855988,,3.16e-05,,,3.13e-05,,,,,
2021-07-08,0.095476088,0.007804675,0.080605205,0.006756849,,3.16e-05,,,3.13e-05,,,,,
2021-07-09,0.074195649,-0.014913908,0.06053701,-0.018737429,,3.16e-05,,,3.12e-05,,,,,
2021-07-12,0.098672261,0.018359856,0.072631477,-9.71e-05,,3.16e-05,,,3.12e-05,,,,,
2021-07-13,0.095427187,0.004996359,0.100301769,0.023628211,,3.16e-05,,,3.12e-05,,,,,
2021-07-14,0.065258992,-0.02383035,0.092743981,0.007044893,,3.16e-05,,,3.11e-05,,,,,
2021-07-15,0.108424189,0.031806123,0.101604132,0.018370252,,3.16e-05,,,3.11e-05,,,,,
2021-07-16,0.101202563,0.006740371,0.081433348,-0.004690546,,3.16e-05,,,3.11e-05,,,,,
2021-07-19,0.055085687,-0.036391146,0.067728998,-0.011815566,,3.16e-05,,,3.11e-05,,,,,
2021-07-20,0.089116246,0.016703737,0.138318704,0.063244242,,3.16e-05,,,3.11e-05,,,,,
2021-07-21,0.075813496,-0.010666957,0.096419233,-0.001680266,,3.16e-05,,,3.11e-05,,,,,
2021-07-22,0.085802672,0.004821463,0.097164335,0.012731658,,3.16e-05,,,3.11e-05,,,,,
2021-07-23,0.047738058,-0.037372592,0.081141014,-0.003534702,,3.16e-05,,,3.11e-05,,,,,
2021-07-26,0.110669575,0.041294514,0.102858867,0.023409658,,3.16e-05,,,3.11e-05,,,,,
2021-07-27,0.074446787,-0.020943629,0.034414422,-0.052118744,,3.16e-05,,,3.1e-05,,,,,
2021-07-28,0.095504469,0.015088246,0.072786485,0.008578614,,3.16e-05,,,3.1e-05,,,,,
2021-07-29,0.078054074,-0.011067216,0.071244515,-0.005479604,,3.16e-05,,,3.1e-05,,,,,
2021-07-30,0.073768326,-0.008139119,0.100528416,0.024307259,,3.16e-05,,,3.1e-05,,,,,
2021-08-02,0.053636159,-0.026499595,0.049678992,-0.036094024,,3.16e-05,,,3.1e-05,,,,,
2021-08-03,0.041477189,-0.030336097,0.057476537,-0.011710351,,3.16e-05,,,3.1e-05,,,,,
2021-08-04,0.07982871,0.013041839,0.088766413,0.017036111,,3.16e-05,,,3.1e-05,,,,,
2021-08-05,0.076157486,-0.006483579,0.084999772,0.0030633,,3.16e-05,,,3.1e-05,,,,,
2021-08-06,0.073904093,-0.007219319,0.08610801,0.005400147,,3.16e-05,,,3.1e-05,,,,,
2021-08-09,0.094173937,0.013982059,0.096350452,0.015281102,,3.16e-05,,,3.1e-05,,,,,
2021-08-10,0.057227201,-0.031344059,0.062942638,-0.021467605,,3.16e-05,,,3.1e-05,,,,,
2021-08-11,0.071880932,-0.001416861,0.093739488,0.020226248,,3.16e-05,,,3.1e-05,,,,,
2021-08-12,0.058624284,-0.020731236,0.066923571,-0.016635024,,3.16e-05,,,3.1e-05,,,,,
2021-08-13,0.078609557,0.004734223,0.097581302,0.022769556,,3.16e-05,,,3.1e-05,,,,,
2021-08-16,0.037854408,-0.044282669,0.053016434,-0.031795289,,3.16e-05,,,3.1e-05,,,,,
2021-08-17,0.119233698,0.053944454,0.062368715,-0.007906784,,3.16e-05,,,3.09e-05,,,,,
2021-08-18,0.060025086,-0.038905665,0.058122142,-0.015203896,,3.16e-05,,,3.09e-05,,,,,
2021-08-19,0.077880976,0.003426561,0.069271585,-0.002669301,,3.16e-05,,,3.09e-05,,,,,
2021-08-20,0.056363569,-0.025472318,0.112356479,0.036778854,,3.16e-05,,,3.09e-05,,,,,
2021-08-23,0.061119751,-0.011821024,0.07814237,-0.011488738,,3.16e-05,,,3.09e-05,,,,,
2021-08-24,0.054227052,-0.020679888,0.039510513,-0.038960595,,3.16e-05,,,3.09e-05,,,,,
2021-08-25,0.069597502,-0.002460055,0.066601925,0.000731804,,3.16e-05,,,3.09e-05,,,,,
2021-08-26,0.054201197,-0.024210373,0.053440394,-0.021266437,,3.16e-05,,,3.08e-05,,,,,
2021-08-27,0.042057012,-0.029989856,0.086190643,0.015776856,,3.16e-05,,,3.08e-05,,,,,
2021-08-30,0.051105912,-0.015920653,0.06943223,-0.011664074,,3.16e-05,,,3.08e-05,,,,,
2021-08-31,0.082068707,0.011301403,0.061537588,-0.014092435,,3.16e-05,,,3.08e-05,,,,,
2021-09-01,0.073863046,-0.009704014,0.09712014,0.0240652,,3.16e-05,,,3.07e-05,,,,,
2021-09-02,0.08468792,0.00451301,0.064217375,-0.020443926,,3.16e-05,,,3.07e-05,,,,,
2021-09-03,0.061374561,-0.023275259,0.055472241,-0.018456794,,3.16e-05,,,3.07e-05,,,,,
2021-09-06,0.090437888,0.015425612,0.069721261,-0.001355277,,3.16e-05,,,3.07e-05,,,,,
2021-09-07,0.12786899,0.040842182,0.074709238,-0.001015063,,3.16e-05,,,3.07e-05,,,,,
2021-09-08,0.093883687,-0.008616821,0.062733751,-0.014617534,,3.16e-05,,,3.07e-05,,,,,
2021-09-09,0.077064795,-0.011386478,0.10823517,0.034790065,,3.16e-05,,,3.07e-05,,,,,
2021-09-10,0.082276584,0.000778098,0.089071917,0.000785102,,3.16e-05,,,3.06e-05,,,,,
2021-09-13,0.054850817,-0.028802178,0.089960046,0.007923925,,3.16e-05,,,3.06e-05,,,,,
2021-09-14,0.11543562,0.043120205,0.075080614,-0.007245198,,3.16e-05,,,3.06e-05,,,,,
2021-09-15,0.091626608,-0.005734051,0.056681893,-0.020790528,,3.16e-05,,,3.06e-05,,,,,
2021-09-16,0.067653375,-0.01986484,0.050799355,-0.020671748,,3.16e-05,,,3.06e-05,,,,,
2021-09-17,0.08567068,0.008062795,0.054743824,-0.014808506,,3.16e-05,,,3.05e-05,,,,,
2021-09-20,0.090494843,0.005438758,0.065119604,-0.005719337,,3.16e-05,,,3.05e-05,,,,,
2021-09-21,0.135430673,0.04838032,0.091503186,0.01727986,,3.16e-05,,,3.05e-05,,,,,
2021-09-22,0.098060977,-0.007565467,0.050532853,-0.032296302,,3.16e-05,,,3.04e-05,,,,,
2021-09-23,0.096086587,0.005908458,0.068567403,-0.000897999,,3.16e-05,,,3.04e-05,,,,,
2021-09-24,0.119733347,0.030371414,0.087286714,0.011938781,,3.16e-05,,,3.04e-05,,,,,
2021-09-27,0.097147292,-0.00199001,0.131673953,0.050220131,,3.16e-05,,,3.04e-05,,,,,
2021-09-28,0.102122704,0.012322285,0.054733685,-0.041198421,,3.16e-05,,,3.03e-05,,,,,
2021-09-29,0.111305272,0.01944806,0.122216752,0.051381117,,3.16e-05,,,3.03e-05,,,,,
2021-09-30,0.078032847,-0.01762036,0.088371254,-0.00447609,,3.16e-05,,,3.03e-05,,,,,
2021-10-01,0.092511187,0.010612517,0.093434388,0.01162681,,3.16e-05,,,3.03e-05,,,,,
2021-10-04,0.110441856,0.022557963,0.093578421,0.010119343,,3.16e-05,,,3.03e-05,,,,,
2021-10-05,0.076931237,-0.018365042,0.075016986,-0.008489072,,3.16e-05,,,3.03e-05,,,,,
2021-10-06,0.0901658,0.008722526,0.126684173,0.049232507,,3.16e-05,,,3.03e-05,,,,,
2021-10-07,0.100707456,0.013793127,0.087122101,-0.007182432,,3.16e-05,,,3.03e-05,,,,,
2021-10-08,0.097478645,0.006206484,0.074549303,-0.006850825,,3.16e-05,,,3.03e-05,,,,,
2021-10-11,0.081204464,-0.008732934,0.066278855,-0.011020262,,3.16e-05,,,3.03e-05,,,,,
2021-10-12,0.093437493,0.010227703,0.092297089,0.017695637,,3.16e-05,,,3.03e-05,,,,,
2021-10-13,0.084146628,-0.004120192,0.119281127,0.036193016,,3.16e-05,,,3.03e-05,,,,,
2021-10-14,0.076553011,-0.007873044,0.087859068,-0.004030731,,3.16e-05,,,3.03e-05,,,,,
2021-10-15,0.081126404,-0.000160514,0.077298243,-0.004342269,,3.16e-05,,,3.03e-05,,,,,
2021-10-18,0.085524244,0.002346724,0.137439664,0.059243894,,3.15e-05,,,3.03e-05,,,,,
2021-10-19,0.084268271,-0.000727279,0.087415122,-0.01039765,,3.15e-05,,,3.02e-05,,,,,
2021-10-20,0.086127331,0.00165099,0.092448918,0.010953212,,3.15e-05,,,3.02e-05,,,,,
2021-10-21,0.102077962,0.016833101,0.096591441,0.013453806,,3.15e-05,,,3.02e-05,,,,,
2021-10-22,0.071513133,-0.020325583,0.065459903,-0.019028946,,3.14e-05,,,3.02e-05,,,,,
2021-10-25,0.102515183,0.023311708,0.075110964,0.000776638,,3.14e-05,,,3.02e-05,,,,,
2021-10-26,0.093987506,0.001968046,0.132218299,0.054735978,,3.14e-05,,,3.02e-05,,,,,
2021-10-27,0.093709652,0.005215462,0.103646592,0.007536931,,3.14e-05,,,3.02e-05,,,,,
2021-10-28,0.117529948,0.02915062,0.115872856,0.029082749,,3.14e-05,,,3.02e-05,,,,,
2021-10-29,0.087278855,-0.010947581,0.086600253,-0.004177832,,3.14e-05,,,3.02e-05,,,,,
2021-11-01,0.04565282,-0.019931013,0.090457286,0.033900559,,3.14e-05,,,3.02e-05,,,,,
2021-11-02,0.113224823,0.052910608,0.090421234,0.027533121,,3.14e-05,,,3.02e-05,,,,,
2021-11-03,0.111302832,0.030868423,0.057843567,-0.005037198,,3.14e-05,,,3.02e-05,,,,,
2021-11-04,0.09270311,0.012840992,0.075634307,0.019394096,,3.14e-05,,,3.02e-05,,,,,
2021-11-05,0.124766237,0.050442359,0.066667968,0.006801335,,3.14e-05,,,3.02e-05,,,,,
2021-11-08,0.020414699,-0.063456274,0.025022291,-0.033016664,,3.14e-05,,,3.02e-05,,,,,
2021-11-09,0.076556895,0.023757566,0.029777604,-0.019772396,,3.14e-05,,,3.02e-05,,,,,
2021-11-10,0.081933618,0.012417426,0.039338047,-0.011181264,,3.14e-05,,,3.02e-05,,,,,
2021-11-11,0.087446771,0.01632961,0.047863237,-0.004604853,,3.14e-05,,,3.02e-05,,,,,
2021-11-12,0.055725585,-0.017033169,0.049121394,-0.00508445,,3.14e-05,,,3.02e-05,,,,,
2021-11-15,0.028280048,-0.035033426,0.032446417,-0.022015887,,3.14e-05,,,3.02e-05,,,,,
2021-11-16,0.036654466,-0.018486844,0.024158997,-0.026904319,,3.14e-05,,,3.01e-05,,,,,
2021-11-17,0.072616977,0.014982106,0.053222596,0.003848568,,3.14e-05,,,3.01e-05,,,,,
2021-11-18,0.065139437,-0.003203607,0.044588479,-0.010709804,,3.14e-05,,,3.01e-05,,,,,
2021-11-19,0.074711832,0.008595294,0.083186437,0.029648112,,3.14e-05,,,3.01e-05,,,,,
2021-11-22,0.020123465,-0.048843342,0.034437717,-0.026968324,,3.14e-05,,,3.01e-05,,,,,
2021-11-23,0.029610139,-0.023102473,0.031871297,-0.019597921,,3.14e-05,,,3.01e-05,,,,,
2021-11-24,0.062683695,0.007146338,0.091462296,0.040516211,,3.14e-05,,,3.01e-05,,,,,
2021-11-25,0.052419919,-0.012965398,0.039374968,-0.023718004,,3.14e-05,,,3.01e-05,,,,,
2021-11-26,0.049688513,-0.012640669,0.037765032,-0.014710584,,3.14e-05,,,3.01e-05,,,,,
2021-11-29,0.071753068,0.010237188,0.044860741,-0.007286709,,3.14e-05,,,3.01e-05,,,,,
2021-11-30,0.033966963,-0.034118845,0.038448882,-0.01514494,,3.14e-05,,,3.01e-05,,,,,
2021-12-01,0.023700422,-0.03313422,0.02729287,-0.024993974,,3.14e-05,,,3.01e-05,,,,,
2021-12-02,0.04329601,-0.010481674,0.034561599,-0.01545123,,3.14e-05,,,3.01e-05,,,,,
2021-12-03,0.053044101,-0.006568352,0.039414613,-0.012079857,,3.14e-05,,,3.01e-05,,,,,
2021-12-06,0.058210188,-0.00430485,0.058031686,0.00554799,,3.14e-05,,,3.01e-05,,,,,
2021-12-07,0.0447942,-0.019259088,0.051011103,-0.005267453,,3.14e-05,,,3.01e-05,,,,,
2021-12-08,0.031658924,-0.028399629,0.032394209,-0.022453288,,3.14e-05,,,3.01e-05,,,,,
2021-12-09,0.02405161,-0.032095792,0.020154207,-0.030898467,,3.14e-05,,,3.01e-05,,,,,
2021-12-10,0.067205239,0.013322986,0.057957737,0.009400036,,3.14e-05,,,3.01e-05,,,,,
2021-12-13,0.081891808,0.015160159,0.048677314,-0.007586169,,3.14e-05,,,3.01e-05,,,,,
2021-12-14,0.078134364,0.007029652,0.057953816,0.003582033,,3.13e-05,,,3.01e-05,,,,,
2021-12-15,0.024929087,-0.045056811,0.0389365,-0.017326184,,3.13e-05,,,3.01e-05,,,,,
2021-12-16,0.059383915,0.005240385,0.067726648,0.015340409,,3.13e-05,,,3.01e-05,,,,,
2021-12-17,0.033360455,-0.031042322,0.032677141,-0.025577614,,3.13e-05,,,3.01e-05,,,,,
2021-12-20,0.07800938,0.021355331,0.060260518,0.009150172,,3.12e-05,,,3.01e-05,,,,,
2021-12-21,0.074800854,0.004852172,0.059675399,0.002942523,,3.11e-05,,,3.01e-05,,,,,
2021-12-22,0.094778981,0.025785667,0.062729674,0.006116067,,3.11e-05,,,3.01e-05,,,,,
2021-12-23,0.021885206,-0.053056781,0.046592871,-0.010643312,,3.11e-05,,,3.01e-05,,,,,
2021-12-24,0.034839908,-0.018397278,0.026394906,-0.02755199,,3.11e-05,,,3.01e-05,,,,,
2021-12-27,0.128070155,0.070975586,0.069383267,0.019553477,,3.11e-05,,,3.01e-05,,,,,
2021-12-28,0.081616981,-0.003237764,0.075235196,0.01664276,,3.11e-05,,,3.01e-05,,,,,
2021-12-29,0.116197208,0.045174328,0.074247361,0.014462082,,3.11e-05,,,3.01e-05,,,,,
2021-12-30,0.126437824,0.045118359,0.100940887,0.041356966,,3.11e-05,,,3.01e-05,,,,,
2021-12-31,0.035057834,-0.04931087,0.052857131,-0.012167935,,3.11e-05,,,3e-05,,,,,
2022-01-03,0.120520759,0.0633613,0.063415265,0.008191478,,3.11e-05,,,3e-05,,,,,
2022-01-04,0.065173411,-0.017433431,0.066278837,0.008902905,,3.1e-05,,,3e-05,,,,,
2022-01-05,0.09134315,0.025216497,0.059582953,0.001623317,,3.1e-05,,,3e-05,,,,,
2022-01-06,0.093124022,0.019205085,0.058169947,0.001575184,,3.1e-05,,,3e-05,,,,,
2022-01-07,0.081159243,0.006710035,0.088647977,0.032341237,,3.1e-05,,,3e-05,,,,,
2022-01-10,0.074504936,0.003618353,0.082499507,0.019980199,,3.1e-05,,,3e-05,,,,,
2022-01-11,0.126983212,0.05807801,0.071455928,0.010189909,,3.1e-05,,,3e-05,,,,,
2022-01-12,0.098224992,0.013693894,0.054962231,-0.004052691,,3.1e-05,,,2.99e-05,,,,,
2022-01-13,0.089653141,0.013685071,0.054036608,-0.001616278,,3.1e-05,,,2.99e-05,,,,,
2022-01-14,0.049326673,-0.024089047,0.060544625,0.005080416,,3.1e-05,,,2.99e-05,,,,,
2022-01-17,0.059969328,-0.001438811,0.049273419,-0.007517369,,3.1e-05,,,2.99e-05,,,,,
2022-01-18,0.088198871,0.023621782,0.083102013,0.02860872,,3.09e-05,,,2.99e-05,,,,,
2022-01-19,0.061747878,-0.011234821,0.063611187,0.002222355,,3.09e-05,,,2.99e-05,,,,,
2022-01-20,0.080575181,0.015468512,0.063095731,0.005679863,,3.09e-05,,,2.98e-05,,,,,
2022-01-21,0.109585684,0.03887301,0.074629353,0.017318554,,3.09e-05,,,2.98e-05,,,,,
2022-01-24,0.034167151,-0.045183671,0.03884189,-0.020819895,,3.08e-05,,,2.98e-05,,,,,
2022-01-25,0.051452072,-0.005442178,0.068158085,0.015791131,,3.08e-05,,,2.98e-05,,,,,
2022-01-26,0.064535277,0.002494281,0.058245978,-9.67e-05,,3.08e-05,,,2.98e-05,,,,,
2022-01-27,0.081030617,0.015093975,0.061991583,0.005669345,,3.08e-05,,,2.97e-05,,,,,
2022-01-28,0.094333637,0.023485353,0.077298608,0.020212876,,3.08e-05,,,2.97e-05,,,,,
2022-01-31,0.03438016,-0.040429222,0.046829341,-0.013376539,,3.08e-05,,,2.97e-05,,,,,
2022-02-01,0.019734504,-0.037223171,0.033417002,-0.020578095,,3.08e-05,,,2.96e-05,,,,,
2022-02-02,0.065518148,0.012921353,0.071937507,0.020676349,,3.08e-05,,,2.96e-05,,,,,
2022-02-03,0.081045642,0.01481634,0.066641476,0.00752839,,3.08e-05,,,2.96e-05,,,,,
2022-02-04,0.085662005,0.014809247,0.068738122,0.010704566,,3.08e-05,,,2.96e-05,,,,,
2022-02-07,0.023175622,-0.049051701,0.044244457,-0.014216474,,3.08e-05,,,2.96e-05,,,,,
2022-02-08,0.035378432,-0.018242988,0.030765577,-0.022702623,,3.08e-05,,,2.96e-05,,,,,
2022-02-09,0.09119868,0.03394376,0.088545738,0.03782504,,3.08e-05,,,2.96e-05,,,,,
2022-02-10,0.077700145,0.003824225,0.064665055,0.002166587,,3.08e-05,,,2.95e-05,,,,,
2022-02-11,0.098577269,0.028720664,0.068915663,0.011284977,,3.08e-05,,,2.95e-05,,,,,
2022-02-14,0.10000381,0.023930846,0.064528251,0.006031131,,3.08e-05,,,2.95e-05,,,,,
2022-02-15,0.052297901,-0.024199828,0.08513374,0.02753094,,3.08e-05,,,2.95e-05,,,,,
2022-02-16,0.049907595,-0.012385255,0.043058495,-0.01874448,,3.08e-05,,,2.95e-05,,,,,
2022-02-17,0.070857792,0.009276678,0.058609306,0.00538285,,3.08e-05,,,2.95e-05,,,,,
2022-02-18,0.081077821,0.013258591,0.057642596,0.001246299,,3.08e-05,,,2.95e-05,,,,,
2022-02-21,0.060453815,-0.010408524,0.04697041,-0.009228836,,3.08e-05,,,2.95e-05,,,,,
2022-02-22,0.081699292,0.016977942,0.082013827,0.027989975,,3.08e-05,,,2.95e-05,,,,,
2022-02-23,0.054272551,-0.016774837,0.070924909,0.00975789,,3.08e-05,,,2.95e-05,,,,,
2022-02-24,0.028036938,-0.034843882,0.041928932,-0.016977749,,3.08e-05,,,2.95e-05,,,,,
2022-02-25,0.05534257,0.000273648,0.035204916,-0.017791293,,3.08e-05,,,2.94e-05,,,,,
2022-02-28,0.079559023,0.016359594,0.035564981,-0.016060621,,3.08e-05,,,2.94e-05,,,,,
2022-03-01,0.080746453,0.01033635,0.089098026,0.037399029,,3.08e-05,,,2.94e-05,,,,,
2022-03-02,0.13865046,0.067886788,0.087204269,0.024593223,,3.07e-05,,,2.93e-05,,,,,
2022-03-03,0.026988779,-0.061016351,0.042618482,-0.019606544,,3.07e-05,,,2.93e-05,,,,,
2022-03-04,0.051407691,-0.003349131,0.038072526,-0.015064239,,3.07e-05,,,2.93e-05,,,,,
2022-03-07,0.077277926,0.015250145,0.125485207,0.073275078,,3.07e-05,,,2.93e-05,,,,,
2022-03-08,0.110111454,0.040380569,0.069061018,-0.000967103,,3.07e-05,,,2.93e-05,,,,,
2022-03-09,0.07120177,-0.008305605,0.075634539,0.01710779,,3.07e-05,,,2.93e-05,,,,,
2022-03-10,0.057599255,-0.010322398,0.070334365,0.010467685,,3.07e-05,,,2.93e-05,,,,,
2022-03-11,0.026225204,-0.037646173,0.035854677,-0.022931629,,3.07e-05,,,2.93e-05,,,,,
2022-03-14,0.07539601,0.020866549,0.048829129,-0.002928919,,3.07e-05,,,2.93e-05,,,,,
2022-03-15,0.086573414,0.017402886,0.09197771,0.037574981,,3.07e-05,,,2.93e-05,,,,,
2022-03-16,0.111786197,0.039287493,0.076856377,0.013658344,,3.07e-05,,,2.93e-05,,,,,
2022-03-17,0.093726863,0.013720818,0.071181306,0.01106557,,3.07e-05,,,2.93e-05,,,,,
2022-03-18,0.078079455,0.003450745,0.070710107,0.011751163,,3.07e-05,,,2.93e-05,,,,,
2022-03-21,0.079003881,0.009034333,0.055027705,-0.00383519,,3.07e-05,,,2.93e-05,,,,,
2022-03-22,0.122428008,0.052183204,0.080706395,0.025040163,,3.06e-05,,,2.93e-05,,,,,
2022-03-23,0.11680786,0.033633116,0.06917439,0.008273875,,3.06e-05,,,2.93e-05,,,,,
2022-03-24,0.102170123,0.020668832,0.077415612,0.018865753,,3.06e-05,,,2.92e-05,,,,,
2022-03-25,0.116577736,0.039434967,0.11062634,0.05039661,,3.06e-05,,,2.92e-05,,,,,
2022-03-28,0.047234816,-0.034197954,0.07893574,0.011936415,,3.06e-05,,,2.92e-05,,,,,
2022-03-29,0.074826049,0.01404078,0.069017183,0.008477594,,3.06e-05,,,2.92e-05,,,,,
2022-03-30,0.088194719,0.019193903,0.073840631,0.015322817,,3.06e-05,,,2.92e-05,,,,,
2022-03-31,0.129747965,0.056766502,0.125125801,0.065624787,,3.06e-05,,,2.92e-05,,,,,
2022-04-01,0.135883576,0.050529247,0.092231427,0.022276566,,3.06e-05,,,2.92e-05,,,,,
2022-04-04,0.061230854,-0.025950411,0.070843012,0.007593262,,3.05e-05,,,2.91e-05,,,,,
2022-04-05,0.094173254,0.029220534,0.09792551,0.039035523,,3.05e-05,,,2.91e-05,,,,,
2022-04-06,0.098354065,0.023592438,0.067062258,0.002651839,,3.05e-05,,,2.91e-05,,,,,
2022-04-07,0.113013193,0.037006691,0.091055993,0.032936666,,3.05e-05,,,2.91e-05,,,,,
2022-04-08,0.115876482,0.035505088,0.074651514,0.011641362,,3.05e-05,,,2.91e-05,,,,,
2022-04-11,0.016596151,-0.064627814,0.015424036,-0.044242267,,3.05e-05,,,2.91e-05,,,,,
2022-04-12,0.012174945,-0.039487375,0.010291471,-0.037302044,,3.05e-05,,,2.91e-05,,,,,
2022-04-13,0.084877233,0.034531367,0.003101493,-0.043445812,,3.04e-05,,,2.9e-05,,,,,
2022-04-14,0.010270935,-0.061722715,0.072000304,0.026918587,,3.04e-05,,,2.9e-05,,,,,
2022-04-15,0.008148472,-0.041630456,0.016108522,-0.043017364,,3.04e-05,,,2.9e-05,,,,,
2022-04-18,0.072028837,0.022881891,0.018209923,-0.029523116,,3.04e-05,,,2.9e-05,,,,,
2022-04-19,0.024587065,-0.043580855,0.129123526,0.080962143,,3.03e-05,,,2.9e-05,,,,,
2022-04-20,0.055307151,0.001265461,0.028893427,-0.041876321,,3.03e-05,,,2.89e-05,,,,,
2022-04-21,0.049771255,-0.013417627,0.024323094,-0.026015989,,3.03e-05,,,2.89e-05,,,,,
2022-04-22,0.02934671,-0.032193807,0.039265255,-0.010142223,,3.03e-05,,,2.89e-05,,,,,
2022-04-25,0.047595154,-0.007863765,0.039930218,-0.012523034,,3.03e-05,,,2.89e-05,,,,,
2022-04-26,0.036339521,-0.024553042,0.025746208,-0.026842589,,3.03e-05,,,2.89e-05,,,,,
2022-04-27,0.072634473,0.01509338,0.037855824,-0.011841737,,3.03e-05,,,2.89e-05,,,,,
2022-04-28,0.067921928,-0.000426326,0.033621902,-0.018544055,,3.02e-05,,,2.89e-05,,,,,
2022-04-29,0.104571597,0.037626547,0.050603245,-0.000699679,,3.02e-05,,,2.89e-05,,,,,
2022-05-02,0.029200894,-0.048656936,0.052374718,-0.002389643,,3.02e-05,,,2.89e-05,,,,,
2022-05-03,0.044267891,-0.01114761,0.023872125,-0.031253328,,3.02e-05,,,2.89e-05,,,,,
2022-05-04,0.047922731,-0.011979108,0.02714766,-0.022167892,,3.01e-05,,,2.89e-05,,,,,
2022-05-05,0.064555789,0.003565686,0.042051331,-0.007931899,,3.01e-05,,,2.89e-05,,,,,
2022-05-06,0.057040875,-0.008901875,0.050968942,-0.002052217,,3.01e-05,,,2.89e-05,,,,,
2022-05-09,0.029829455,-0.03387566,0.020191915,-0.034646988,,3.01e-05,,,2.89e-05,,,,,
2022-05-10,0.065670479,0.010067819,0.014858553,-0.033706835,,3.01e-05,,,2.89e-05,,,,,
2022-05-11,0.070677555,0.004402896,0.091241704,0.043763457,,3e-05,,,2.89e-05,,,,,
2022-05-12,0.053021873,-0.014743691,0.054394151,-0.008653856,,3e-05,,,2.89e-05,,,,,
2022-05-13,0.054761409,-0.00774701,0.033732578,-0.021804512,,3e-05,,,2.89e-05,,,,,
2022-05-16,0.032143994,-0.030882388,0.022235646,-0.029089838,,3e-05,,,2.88e-05,,,,,
2022-05-17,0.026331287,-0.02996055,0.017203371,-0.031778606,,3e-05,,,2.88e-05,,,,,
2022-05-18,0.025748425,-0.028812623,0.024819889,-0.023136321,,3e-05,,,2.88e-05,,,,,
2022-05-19,0.03821962,-0.016167876,0.047581277,-0.001927466,,3e-05,,,2.87e-05,,,,,
2022-05-20,0.03568343,-0.02241748,0.02739276,-0.02675561,,3e-05,,,2.87e-05,,,,,
2022-05-23,0.029289921,-0.028055815,0.022585526,-0.027447665,,3e-05,,,2.87e-05,,,,,
2022-05-24,0.050855106,-0.004586903,0.027831175,-0.021222121,,3e-05,,,2.87e-05,,,,,
2022-05-25,0.0251631,-0.036700144,0.022831531,-0.027291026,,3e-05,,,2.87e-05,,,,,
2022-05-26,0.047633499,-0.006579711,0.018019354,-0.031084087,,3e-05,,,2.87e-05,,,,,
2022-05-27,0.049724357,-0.011179624,0.031226119,-0.016896419,,3e-05,,,2.87e-05,,,,,
2022-05-30,0.048241527,-0.013285026,0.036935339,-0.013879235,,3e-05,,,2.87e-05,,,,,
2022-05-31,0.031471242,-0.029613784,0.053442846,0.001464519,,3e-05,,,2.87e-05,,,,,
2022-06-01,0.052552913,-0.003538605,0.030758076,-0.024585102,,3e-05,,,2.87e-05,,,,,
2022-06-02,0.027851659,-0.034517123,0.122745161,0.072025993,,3e-05,,,2.87e-05,,,,,
2022-06-03,0.082151231,0.027137478,0.017366108,-0.052103489,,3e-05,,,2.86e-05,,,,,
2022-06-06,0.083729421,0.012547463,0.054003273,0.006013891,,3e-05,,,2.86e-05,,,,,
2022-06-07,0.092753599,0.021101721,0.045646923,-0.009810492,,3e-05,,,2.86e-05,,,,,
2022-06-08,0.037621439,-0.036717473,0.044778719,-0.008975357,,3e-05,,,2.86e-05,,,,,
2022-06-09,0.04421811,-0.013704687,0.030024961,-0.023552142,,3e-05,,,2.86e-05,,,,,
2022-06-10,0.098092927,0.03820591,0.026605612,-0.023964121,,3e-05,,,2.86e-05,,,,,
2022-06-13,0.073236623,-0.002692123,0.154254453,0.104381713,,3e-05,,,2.86e-05,,,,,
2022-06-14,0.066429513,-0.002098036,0.055614152,-0.020278224,,3e-05,,,2.86e-05,,,,,
2022-06-15,0.046770798,-0.019729871,0.077639095,0.021853323,,3e-05,,,2.86e-05,,,,,
2022-06-16,0.044943696,-0.015703407,0.039695948,-0.020579336,,3e-05,,,2.86e-05,,,,,
2022-06-17,0.052758683,-0.007344384,0.052703234,0.000162191,,3e-05,,,2.86e-05,,,,,
2022-06-20,0.096818346,0.034388294,0.041531171,-0.013661246,,3e-05,,,2.86e-05,,,,,
2022-06-21,0.064784787,-0.010764441,0.054620878,0.001705747,,3e-05,,,2.86e-05,,,,,
2022-06-22,0.063226342,-0.002784594,0.054430758,-0.001152548,,3e-05,,,2.86e-05,,,,,
2022-06-23,0.101165025,0.03561813,0.054687729,-0.000856822,,3e-05,,,2.86e-05,,,,,
2022-06-24,0.028653292,-0.048190199,0.127857102,0.072260169,,3e-05,,,2.86e-05,,,,,
2022-06-27,0.10586454,0.050612093,0.032821056,-0.037690547,,3e-05,,,2.86e-05,,,,,
2022-06-28,0.103151566,0.02490875,0.065916679,0.014776997,,3e-05,,,2.86e-05,,,,,
2022-06-29,0.08385886,0.006423857,0.080735753,0.022849939,,3e-05,,,2.86e-05,,,,,
2022-06-30,0.117733669,0.046043249,0.074968928,0.014062428,,3e-05,,,2.86e-05,,,,,
2022-07-01,0.072225068,-0.025393637,0.073539705,-0.003133372,,3e-05,,,2.86e-05,,,,,
2022-07-04,0.044305692,-0.034767071,0.048187839,-0.028002243,,3e-05,,,2.86e-05,,,,,
2022-07-05,0.076014409,0.00831952,0.058480161,-0.009142451,,3e-05,,,2.86e-05,,,,,
2022-07-06,0.108301875,0.027684857,0.07003462,-0.001066204,,3e-05,,,2.86e-05,,,,,
2022-07-07,0.085264713,-0.00851029,0.07027348,-0.004732086,,3e-05,,,2.86e-05,,,,,
2022-07-08,0.090753821,0.006367063,0.059123121,-0.015963166,,3e-05,,,2.86e-05,,,,,
2022-07-11,0.025908205,-0.060715508,0.024014427,-0.047303681,,3e-05,,,2.86e-05,,,,,
2022-07-12,0.089341774,0.02914434,0.083015266,0.023561874,,3e-05,,,2.86e-05,,,,,
2022-07-13,0.094840769,0.008792502,0.092491388,0.013099112,,3e-05,,,2.86e-05,,,,,
2022-07-14,0.081525652,-0.006763599,0.049832671,-0.032761988,,3e-05,,,2.86e-05,,,,,
2022-07-15,0.079223883,-0.00363911,0.080928757,0.012750286,,3e-05,,,2.86e-05,,,,,
2022-07-18,0.046749148,-0.035175815,0.055806318,-0.022880838,,3e-05,,,2.86e-05,,,,,
2022-07-19,0.039367446,-0.029323215,0.047186525,-0.023010694,,3e-05,,,2.86e-05,,,,,
2022-07-20,0.100147057,0.034464632,0.075266093,0.007981867,,3e-05,,,2.86e-05,,,,,
2022-07-21,0.136614757,0.046163055,0.073343585,-0.003429917,,3e-05,,,2.86e-05,,,,,
2022-07-22,0.112135655,0.006822415,0.078178628,0.002054823,,3e-05,,,2.86e-05,,,,,
2022-07-25,0.079860923,-0.015476445,0.064558667,-0.013199104,,3e-05,,,2.86e-05,,,,,
2022-07-26,0.046341587,-0.035842986,0.041001478,-0.032153531,,3e-05,,,2.85e-05,,,,,
2022-07-27,0.033907285,-0.034617285,0.044019462,-0.021174574,,3e-05,,,2.85e-05,,,,,
2022-07-28,0.072512114,0.009054847,0.058059493,-0.008154448,,3e-05,,,2.85e-05,,,,,
2022-07-29,0.084023383,0.004833641,0.080226019,0.009267356,,3e-05,,,2.85e-05,,,,,
2022-08-01,0.08580672,0.001925836,0.077051532,-0.001398139,,3e-05,,,2.85e-05,,,,,
2022-08-02,0.046040605,-0.038567035,0.04187402,-0.035502858,,3e-05,,,2.85e-05,,,,,
2022-08-03,0.034562403,-0.033839508,0.036564568,-0.028924337,,3e-05,,,2.85e-05,,,,,
2022-08-04,0.118110907,0.054386662,0.08068284,0.016988223,,3e-05,,,2.84e-05,,,,,
2022-08-05,0.085906413,-0.011866026,0.113898652,0.035294602,,3e-05,,,2.84e-05,,,,,
2022-08-08,0.103616791,0.018968523,0.093243518,0.003414437,,3e-05,,,2.84e-05,,,,,
2022-08-09,0.078281287,-0.013584422,0.08124707,-0.001601766,,3e-05,,,2.84e-05,,,,,
2022-08-10,0.04578449,-0.03575634,0.056232207,-0.022562521,,3e-05,,,2.84e-05,,,,,
2022-08-11,0.028262246,-0.040035292,0.0366841,-0.033657045,,3e-05,,,2.84e-05,,,,,
2022-08-12,0.085235794,0.024079027,0.100728876,0.036993865,,3e-05,,,2.84e-05,,,,,
2022-08-15,0.103520831,0.019145858,0.085918479,0.000540023,,3e-05,,,2.84e-05,,,,,
2022-08-16,0.10340768,0.011581078,0.076550908,-0.003822487,,3e-05,,,2.84e-05,,,,,
2022-08-17,0.068066549,-0.023713941,0.091012357,0.013804661,,3e-05,,,2.84e-05,,,,,
2022-08-18,0.042350293,-0.035027765,0.053094685,-0.029000147,,3e-05,,,2.84e-05,,,,,
2022-08-19,0.043417928,-0.023480085,0.027080352,-0.042200492,,3e-05,,,2.84e-05,,,,,
2022-08-22,0.087819593,0.020486491,0.070479569,0.009990071,,3e-05,,,2.84e-05,,,,,
2022-08-23,0.081289155,-0.004138784,0.085852168,0.010696235,,3e-05,,,2.84e-05,,,,,
2022-08-24,0.101495271,0.018728656,0.069420734,-0.010930251,,3e-05,,,2.84e-05,,,,,
2022-08-25,0.043282495,-0.047718639,0.043485702,-0.031312406,,3e-05,,,2.84e-05,,,,,
2022-08-26,0.10411696,0.03683905,0.083467358,0.017433797,,3e-05,,,2.84e-05,,,,,
2022-08-29,0.07526718,-0.016802361,0.073600968,-0.005944089,,3e-05,,,2.83e-05,,,,,
2022-08-30,0.11718893,0.036876427,0.087636725,0.011425939,,3e-05,,,2.83e-05,,,,,
2022-08-31,0.132814019,0.03541731,0.069098576,-0.011855487,,3e-05,,,2.83e-05,,,,,
2022-09-01,0.079061574,-0.024702766,0.062486681,-0.012202556,,3e-05,,,2.83e-05,,,,,
2022-09-02,0.024306356,-0.057552461,0.026191369,-0.046263428,,3e-05,,,2.83e-05,,,,,
2022-09-05,0.089195691,0.029651053,0.081861821,0.021672748,,3e-05,,,2.83e-05,,,,,
2022-09-06,0.037998182,-0.047990552,0.04145702,-0.037545458,,3e-05,,,2.83e-05,,,,,
2022-09-07,0.091730933,0.026606519,0.115739988,0.050392005,,3e-05,,,2.83e-05,,,,,
2022-09-08,0.110908909,0.023886997,0.114046536,0.023595189,,3e-05,,,2.83e-05,,,,,
2022-09-09,0.07890289,-0.015934547,0.058277051,-0.031602006,,3e-05,,,2.83e-05,,,,,
2022-09-12,0.104218046,0.022423896,0.086929901,0.015897716,,3e-05,,,2.83e-05,,,,,
2022-09-13,0.108000304,0.015889568,0.096219504,0.015504307,,3e-05,,,2.83e-05,,,,,
2022-09-14,0.114901491,0.021249386,0.055249934,-0.028604614,,3e-05,,,2.83e-05,,,,,
2022-09-15,0.108368832,0.011904314,0.077196463,0.007187269,,3e-05,,,2.83e-05,,,,,
2022-09-16,0.103241922,0.009439633,0.070903833,-0.006522023,,3e-05,,,2.83e-05,,,,,
2022-09-19,0.03688436,-0.05482858,0.02417771,-0.0511216,,3e-05,,,2.83e-05,,,,,
2022-09-20,0.113411432,0.048740929,0.06179245,0.002283878,,3e-05,,,2.83e-05,,,,,
2022-09-21,0.096704187,0.000846907,0.089498677,0.01727849,,3e-05,,,2.83e-05,,,,,
2022-09-22,0.150146949,0.061098307,0.101677308,0.020094013,,3e-05,,,2.83e-05,,,,,
2022-09-23,0.081726979,-0.029100982,0.064018707,-0.021680264,,3e-05,,,2.83e-05,,,,,
2022-09-26,0.022489506,-0.060455533,0.023391704,-0.04958083,,3e-05,,,2.82e-05,,,,,
2022-09-27,0.049119969,-0.009684256,0.044483924,-0.014759024,,3e-05,,,2.82e-05,,,,,
2022-09-28,0.072889531,0.003232698,0.077802186,0.011431283,,3e-05,,,2.81e-05,,,,,
2022-09-29,0.030410421,-0.048933128,0.040703913,-0.036926642,,3e-05,,,2.81e-05,,,,,
2022-09-30,0.079052812,0.017020608,0.063984458,-0.001109019,,3e-05,,,2.81e-05,,,,,
2022-10-03,0.029686005,-0.052169242,0.034019767,-0.038941192,,3e-05,,,2.81e-05,,,,,
2022-10-04,0.125877976,0.06414099,0.099667125,0.036832505,,3e-05,,,2.81e-05,,,,,
2022-10-05,0.025858602,-0.07507912,0.032500167,-0.052519478,,3e-05,,,2.8e-05,,,,,
2022-10-06,0.090728436,0.030551217,0.09330531,0.030984227,,3e-05,,,2.8e-05,,,,,
2022-10-07,0.091224485,0.004611117,0.098574256,0.015704538,,3e-05,,,2.8e-05,,,,,
2022-10-10,0.028025372,-0.058790149,0.046075673,-0.038574645,,3e-05,,,2.8e-05,,,,,
2022-10-11,0.069849415,0.008789181,0.060464323,-0.006444499,,3e-05,,,2.8e-05,,,,,
2022-10-12,0.070942186,-0.007162436,0.127217813,0.055446456,,3e-05,,,2.8e-05,,,,,
2022-10-13,0.079696572,0.001146617,0.050736713,-0.043593477,,3e-05,,,2.8e-05,,,,,
2022-10-14,0.098662819,0.016545223,0.121095936,0.052611951,,3e-05,,,2.8e-05,,,,,
2022-10-17,0.040751245,-0.049095591,0.061563307,-0.030698041,,3e-05,,,2.8e-05,,,,,
2022-10-18,0.035177078,-0.031069281,0.051405576,-0.020737174,,3e-05,,,2.79e-05,,,,,
2022-10-19,0.057928249,-0.006046492,0.063601589,-0.005108433,,3e-05,,,2.79e-05,,,,,
2022-10-20,0.09901074,0.025764304,0.074568004,0.001736432,,3e-05,,,2.79e-05,,,,,
2022-10-21,0.117239925,0.027251302,0.088706296,0.012168708,,3e-05,,,2.79e-05,,,,,
2022-10-24,0.037903075,-0.059514416,0.053270679,-0.028044837,,3e-05,,,2.79e-05,,,,,
2022-10-25,0.036322195,-0.028763461,0.040431863,-0.028908456,,3e-05,,,2.79e-05,,,,,
2022-10-26,0.090627317,0.026185911,0.068233206,0.003231667,,3e-05,,,2.78e-05,,,,,
2022-10-27,0.073551234,-0.013020925,0.117867419,0.043470628,,3e-05,,,2.78e-05,,,,,
2022-10-28,0.07385313,-0.00576008,0.078914112,-0.012256184,,3e-05,,,2.78e-05,,,,,
2022-10-31,0.096777956,0.017041715,0.100213258,0.022206936,,3e-05,,,2.78e-05,,,,,
2022-11-01,0.037770585,-0.05130812,0.052853824,-0.032350382,,3e-05,,,2.78e-05,,,,,
2022-11-02,0.043934013,-0.02109765,0.035708952,-0.033490495,,3e-05,,,2.78e-05,,,,,
2022-11-03,0.096096501,0.028553081,0.059817178,-0.00358829,,3e-05,,,2.78e-05,,,,,
2022-11-04,0.075900484,-0.01290051,0.07382234,0.002269681,,3e-05,,,2.78e-05,,,,,
2022-11-07,0.088904073,0.008333482,0.084865422,0.008579825,,3e-05,,,2.78e-05,,,,,
2022-11-08,0.09183947,0.005969578,0.081544032,0.00152651,,3e-05,,,2.78e-05,,,,,
2022-11-09,0.045079651,-0.041986492,0.049463671,-0.029431413,,3e-05,,,2.78e-05,,,,,
2022-11-10,0.031457646,-0.036552652,0.028439237,-0.039614533,,3e-05,,,2.78e-05,,,,,
2022-11-11,0.096015501,0.033556526,0.082165195,0.021216472,,3e-05,,,2.78e-05,,,,,
2022-11-14,0.102776355,0.01400837,0.079820273,0.000715272,,2.99e-05,,,2.78e-05,,,,,
2022-11-15,0.096231961,0.004708752,0.073950014,-0.004362539,,2.99e-05,,,2.77e-05,,,,,
2022-11-16,0.042358805,-0.046497393,0.034731847,-0.041596896,,2.99e-05,,,2.77e-05,,,,,
2022-11-17,0.062017339,-0.004884143,0.035899848,-0.027175414,,2.99e-05,,,2.77e-05,,,,,
2022-11-18,0.068739277,-0.00617357,0.098876969,0.03540699,,2.99e-05,,,2.77e-05,,,,,
2022-11-21,0.122846364,0.045194152,0.075327965,-0.009424653,,2.99e-05,,,2.77e-05,,,,,
2022-11-22,0.09330094,-0.006401321,0.082429727,0.005635316,,2.98e-05,,,2.77e-05,,,,,
2022-11-23,0.099806908,0.012145178,0.085712882,0.006518484,,2.98e-05,,,2.77e-05,,,,,
2022-11-24,0.057294796,-0.033018286,0.055862291,-0.024441624,,2.98e-05,,,2.77e-05,,,,,
2022-11-25,0.057709148,-0.01527914,0.045110912,-0.025105223,,2.98e-05,,,2.77e-05,,,,,
2022-11-28,0.114026762,0.040869615,0.072733641,0.006150853,,2.98e-05,,,2.77e-05,,,,,
2022-11-29,0.093661438,-0.002446605,0.070964227,-0.004953452,,2.98e-05,,,2.77e-05,,,,,
2022-11-30,0.119732998,0.031924355,0.115173636,0.039853917,,2.97e-05,,,2.77e-05,,,,,
2022-12-01,0.073814058,-0.024619425,0.0727895,-0.017470452,,2.97e-05,,,2.77e-05,,,,,
2022-12-02,0.064305322,-0.015414996,0.038657171,-0.037279385,,2.97e-05,,,2.77e-05,,,,,
2022-12-05,0.091433283,0.015588023,0.079760159,0.015358363,,2.97e-05,,,2.77e-05,,,,,
2022-12-06,0.115491522,0.028590911,0.082787972,0.004495735,,2.97e-05,,,2.77e-05,,,,,
2022-12-07,0.10190022,0.005195249,0.065252397,-0.014063067,,2.97e-05,,,2.77e-05,,,,,
2022-12-08,0.099253776,0.008087615,0.085660184,0.012270734,,2.97e-05,,,2.76e-05,,,,,
2022-12-09,0.05004412,-0.040043546,0.058927508,-0.021358598,,2.97e-05,,,2.76e-05,,,,,
2022-12-12,0.089790844,0.019757396,0.075964322,0.00471232,,2.97e-05,,,2.76e-05,,,,,
2022-12-13,0.098503629,0.012272354,0.074207874,-0.002801589,,2.97e-05,,,2.76e-05,,,,,
2022-12-14,0.116415936,0.026633974,0.087114671,0.010698786,,2.97e-05,,,2.76e-05,,,,,
2022-12-15,0.072427999,-0.024653695,0.071726769,-0.00905087,,2.97e-05,,,2.76e-05,,,,,
2022-12-16,0.094155685,0.015000222,0.087936576,0.012359162,,2.97e-05,,,2.76e-05,,,,,
2022-12-19,0.080580756,-0.007429305,0.076609729,-0.004445666,,2.97e-05,,,2.76e-05,,,,,
2022-12-20,0.089835383,0.007357459,0.099353246,0.022125672,,2.96e-05,,,2.76e-05,,,,,
2022-12-21,0.031213927,-0.055035499,0.054703416,-0.030210156,,2.96e-05,,,2.76e-05,,,,,
2022-12-22,0.099110939,0.036751285,0.110787339,0.040962837,,2.96e-05,,,2.75e-05,,,,,
2022-12-23,0.083338397,-0.006691059,0.072411283,-0.016366354,,2.96e-05,,,2.75e-05,,,,,
2022-12-26,0.04181364,-0.041788094,0.041640121,-0.03416862,,2.95e-05,,,2.75e-05,,,,,
2022-12-27,0.105005924,0.038326611,0.09365032,0.028240459,,2.95e-05,,,2.75e-05,,,,,
2022-12-28,0.099272285,0.006840468,0.106384705,0.023398393,,2.95e-05,,,2.75e-05,,,,,
2022-12-29,0.106245334,0.016150125,0.078588556,-0.008701244,,2.95e-05,,,2.75e-05,,,,,
2022-12-30,0.094899019,0.001962111,0.08696392,0.009067617,,2.95e-05,,,2.75e-05,,,,,
2023-01-02,0.058053172,-0.030419417,0.034415286,-0.046344923,,2.95e-05,,,2.75e-05,,,,,
2023-01-03,0.061637535,-0.011836643,0.056669955,-0.006395985,,2.95e-05,,,2.75e-05,,,,,
2023-01-04,0.075141159,0.000207936,0.057489638,-0.013069933,,2.95e-05,,,2.75e-05,,,,,
2023-01-05,0.090867454,0.010437468,0.08746559,0.016630014,,2.95e-05,,,2.75e-05,,,,,
2023-01-06,0.085512234,-0.001319272,0.055950822,-0.02497831,,2.95e-05,,,2.75e-05,,,,,
2023-01-09,0.101371692,0.016720073,0.074056986,0.003739562,,2.95e-05,,,2.75e-05,,,,,
2023-01-10,0.087400217,-0.003707127,0.100756383,0.02434222,,2.95e-05,,,2.75e-05,,,,,
2023-01-11,0.081381917,-0.004038222,0.063038457,-0.022365974,,2.95e-05,,,2.75e-05,,,,,
2023-01-12,0.110522198,0.027551859,0.081761949,0.009057964,,2.95e-05,,,2.75e-05,,,,,
2023-01-13,0.079013384,-0.015818751,0.071199847,-0.007808745,,2.95e-05,,,2.75e-05,,,,,
2023-01-16,0.092999827,0.010993619,0.081257952,0.00580585,,2.95e-05,,,2.75e-05,,,,,
2023-01-17,0.111146556,0.023447049,0.065416163,-0.013422722,,2.95e-05,,,2.75e-05,,,,,
2023-01-18,0.120015256,0.024928971,0.063582634,-0.009921976,,2.95e-05,,,2.75e-05,,,,,
2023-01-19,0.119358889,0.020662526,0.073209359,0.000322138,,2.95e-05,,,2.75e-05,,,,,
2023-01-20,0.080226357,-0.018202827,0.067893402,-0.008235347,,2.95e-05,,,2.75e-05,,,,,
2023-01-23,0.089703198,0.007203239,0.068921673,-0.005417077,,2.95e-05,,,2.75e-05,,,,,
2023-01-24,0.133809509,0.047451923,0.100198768,0.025513777,,2.95e-05,,,2.75e-05,,,,,
2023-01-25,0.098159187,-0.006152242,0.061265746,-0.023950924,,2.94e-05,,,2.75e-05,,,,,
2023-01-26,0.084824583,-0.004975084,0.084714628,0.012607554,,2.94e-05,,,2.75e-05,,,,,
2023-01-27,0.098850253,0.014478548,0.082477392,0.002474569,,2.94e-05,,,2.75e-05,,,,,
2023-01-30,0.087162862,-0.00291811,0.074944172,-0.004305325,,2.94e-05,,,2.74e-05,,,,,
2023-01-31,0.111273687,0.025950166,0.106308168,0.02959527,,2.94e-05,,,2.74e-05,,,,,
2023-02-01,0.10982792,0.014689886,0.088131906,0.000858068,,2.94e-05,,,2.74e-05,,,,,
2023-02-02,0.085724903,-0.00882462,0.074273555,-0.00687994,,2.94e-05,,,2.74e-05,,,,,
2023-02-03,0.080107139,-0.004631049,0.067189206,-0.009297881,,2.93e-05,,,2.74e-05,,,,,
2023-02-06,0.11198899,0.02953756,0.04386959,-0.030232042,,2.93e-05,,,2.74e-05,,,,,
2023-02-07,0.091405428,-0.004023776,0.061379125,-0.004870285,,2.93e-05,,,2.74e-05,,,,,
2023-02-08,0.090851216,0.003800723,0.057320275,-0.014824976,,2.93e-05,,,2.74e-05,,,,,
2023-02-09,0.113044328,0.026219431,0.065576928,-0.00520162,,2.93e-05,,,2.73e-05,,,,,
2023-02-10,0.100035567,0.004176778,0.061567177,-0.011991566,,2.93e-05,,,2.73e-05,,,,,
2023-02-13,0.083131715,-0.007431749,0.05964865,-0.012559923,,2.93e-05,,,2.73e-05,,,,,
2023-02-14,0.095399867,0.011717258,0.061696644,-0.009865919,,2.93e-05,,,2.73e-05,,,,,
2023-02-15,0.102050698,0.013374235,0.099507237,0.02725507,,2.93e-05,,,2.73e-05,,,,,
2023-02-16,0.090533136,-0.000850604,0.069262294,-0.015721523,,2.93e-05,,,2.72e-05,,,,,
2023-02-17,0.093284369,0.00658895,0.073111529,-0.001688157,,2.93e-05,,,2.72e-05,,,,,
2023-02-20,0.094207723,0.006392391,0.07394595,-0.002149857,,2.93e-05,,,2.72e-05,,,,,
2023-02-21,0.095485332,0.007294141,0.062239288,-0.014137487,,2.93e-05,,,2.72e-05,,,,,
2023-02-22,0.071789347,-0.016921905,0.074393599,0.001958712,,2.93e-05,,,2.72e-05,,,,,
2023-02-23,0.100736879,0.021671276,0.079296577,0.002769069,,2.93e-05,,,2.71e-05,,,,,
2023-02-24,0.056205239,-0.034643699,0.064218843,-0.013959605,,2.93e-05,,,2.71e-05,,,,,
2023-02-27,0.080401976,0.007680014,0.066334119,-0.006767327,,2.93e-05,,,2.71e-05,,,,,
2023-02-28,0.129284936,0.04671349,0.097810397,0.023996691,,2.93e-05,,,2.71e-05,,,,,
2023-03-01,0.10148365,-0.000986014,0.105414086,0.021001632,,2.93e-05,,,2.71e-05,,,,,
2023-03-02,0.106550332,0.015397414,0.072773788,-0.014198993,,2.93e-05,,,2.71e-05,,,,,
2023-03-03,0.105408548,0.012193195,0.090218812,0.01423673,,2.92e-05,,,2.71e-05,,,,,
2023-03-06,0.095239174,0.002488594,0.103729973,0.021873771,,2.92e-05,,,2.71e-05,,,,,
2023-03-07,0.087102926,-0.001508126,0.055490993,-0.030914711,,2.92e-05,,,2.71e-05,,,,,
2023-03-08,0.108390784,0.02309166,0.10440556,0.034242971,,2.92e-05,,,2.71e-05,,,,,
2023-03-09,0.139463683,0.045499158,0.11600725,0.029374061,,2.92e-05,,,2.71e-05,,,,,
2023-03-10,0.096094998,-0.01051801,0.093756706,0.003216976,,2.91e-05,,,2.71e-05,,,,,
2023-03-13,0.050154221,-0.038805201,0.053017571,-0.030029917,,2.91e-05,,,2.71e-05,,,,,
2023-03-14,0.07144924,0.001190396,0.075389643,0.006059909,,2.91e-05,,,2.71e-05,,,,,
2023-03-15,0.112563001,0.033635841,0.079293743,0.002430845,,2.91e-05,,,2.71e-05,,,,,
2023-03-16,0.113514867,0.017852007,0.071546482,-0.006631011,,2.91e-05,,,2.71e-05,,,,,
2023-03-17,0.078592098,-0.017458228,0.095919288,0.020350466,,2.9e-05,,,2.71e-05,,,,,
2023-03-20,0.083718233,0.001883513,0.073324156,-0.01045152,,2.9e-05,,,2.71e-05,,,,,
2023-03-21,0.126115359,0.042194003,0.065979276,-0.010188127,,2.9e-05,,,2.71e-05,,,,,
2023-03-22,0.111688017,0.010508556,0.080765472,0.00707125,,2.9e-05,,,2.71e-05,,,,,
2023-03-23,0.108352849,0.013046158,0.089675005,0.011001949,,2.9e-05,,,2.71e-05,,,,,
2023-03-24,0.09699632,0.003047237,0.088282849,0.006609759,,2.9e-05,,,2.7e-05,,,,,
2023-03-27,0.096448722,0.007122409,0.073974234,-0.007230087,,2.9e-05,,,2.7e-05,,,,,
2023-03-28,0.114744082,0.025640674,0.103244978,0.026858679,,2.9e-05,,,2.7e-05,,,,,
2023-03-29,0.11712558,0.020574892,0.082115718,-0.004126678,,2.89e-05,,,2.7e-05,,,,,
2023-03-30,0.102488745,0.004968649,0.07502824,-0.004099474,,2.89e-05,,,2.7e-05,,,,,
2023-03-31,0.095348489,0.003786439,0.09221456,0.015473354,,2.89e-05,,,2.7e-05,,,,,
2023-04-03,0.085641101,-0.003014448,0.080303198,-0.002225016,,2.89e-05,,,2.7e-05,,,,,
2023-04-04,0.075252407,-0.009451669,0.057798057,-0.020719342,,2.89e-05,,,2.69e-05,,,,,
2023-04-05,0.091597836,0.011122565,0.086208263,0.015268835,,2.89e-05,,,2.69e-05,,,,,
2023-04-06,0.150236866,0.063108051,0.083836209,0.003330446,,2.89e-05,,,2.69e-05,,,,,
2023-04-07,0.045384485,-0.065613838,0.043455455,-0.036251585,,2.89e-05,,,2.69e-05,,,,,
2023-04-10,0.029946857,-0.038370426,0.048522484,-0.017587477,,2.89e-05,,,2.69e-05,,,,,
2023-04-11,0.081805916,0.019772649,0.061006692,-0.006809448,,2.89e-05,,,2.69e-05,,,,,
2023-04-12,0.094138452,0.010995521,0.093747177,0.021727332,,2.89e-05,,,2.69e-05,,,,,
2023-04-13,0.110251324,0.02208833,0.105595224,0.022550945,,2.89e-05,,,2.69e-05,,,,,
2023-04-14,0.0928248,-0.001897073,0.068920838,-0.018112937,,2.88e-05,,,2.69e-05,,,,,
2023-04-17,0.074646007,-0.012982253,0.056563169,-0.018121541,,2.88e-05,,,2.69e-05,,,,,
2023-04-18,0.10861703,0.028388599,0.079241307,0.008717693,,2.88e-05,,,2.69e-05,,,,,
2023-04-19,0.112970266,0.018913646,0.109653325,0.031493488,,2.88e-05,,,2.69e-05,,,,,
2023-04-20,0.087314569,-0.008514072,0.077078635,-0.01132159,,2.88e-05,,,2.69e-05,,,,,
2023-04-21,0.089860797,0.004475522,0.063375902,-0.014055716,,2.88e-05,,,2.69e-05,,,,,
2023-04-24,0.098834947,0.012413209,0.056960207,-0.015857403,,2.88e-05,,,2.69e-05,,,,,
2023-04-25,0.118570982,0.028496241,0.05786251,-0.012794795,,2.88e-05,,,2.69e-05,,,,,
2023-04-26,0.134127352,0.036018893,0.131144726,0.060183595,,2.88e-05,,,2.68e-05,,,,,
2023-04-27,0.113953384,0.009512574,0.090941499,-0.004695349,,2.87e-05,,,2.68e-05,,,,,
2023-04-28,0.076460348,-0.01976848,0.073153783,-0.008945763,,2.87e-05,,,2.68e-05,,,,,
2023-05-01,0.032624358,-0.048342615,0.034366222,-0.041743813,,2.87e-05,,,2.68e-05,,,,,
2023-05-02,0.078941998,0.015818832,0.066029364,0.002979945,,2.87e-05,,,2.68e-05,,,,,
2023-05-03,0.082152229,0.000175079,0.079941675,0.006230587,,2.87e-05,,,2.68e-05,,,,,
2023-05-04,0.101419594,0.018135693,0.089854577,0.011458911,,2.86e-05,,,2.68e-05,,,,,
2023-05-05,0.086812639,-0.004314204,0.090534951,0.008801395,,2.86e-05,,,2.68e-05,,,,,
2023-05-08,0.092033233,0.006852273,0.063975351,-0.017987302,,2.86e-05,,,2.67e-05,,,,,
2023-05-09,0.092823305,0.005517258,0.055546154,-0.017473303,,2.86e-05,,,2.67e-05,,,,,
2023-05-10,0.082880879,-0.004746773,0.096932244,0.026751081,,2.86e-05,,,2.67e-05,,,,,
2023-05-11,0.092253054,0.00867255,0.077207343,-0.006909418,,2.86e-05,,,2.67e-05,,,,,
2023-05-12,0.06995486,-0.017440666,0.07692659,-0.000548367,,2.86e-05,,,2.67e-05,,,,,
2023-05-15,0.071354137,-0.006964723,0.08714483,0.009764409,,2.86e-05,,,2.66e-05,,,,,
2023-05-16,0.13262327,0.053734823,0.107883887,0.027062762,,2.86e-05,,,2.66e-05,,,,,
2023-05-17,0.085373777,-0.018454784,0.124111349,0.036306932,,2.86e-05,,,2.66e-05,,,,,
2023-05-18,0.104512434,0.019917175,0.122535266,0.029266709,,2.86e-05,,,2.66e-05,,,,,
2023-05-19,0.093995905,0.001610095,0.104701516,0.011963661,,2.86e-05,,,2.66e-05,,,,,
2023-05-22,0.0829462,-0.005158769,0.085265387,-0.001467457,,2.86e-05,,,2.66e-05,,,,,
2023-05-23,0.091573583,0.007966489,0.085269364,0.005081088,,2.86e-05,,,2.66e-05,,,,,
2023-05-24,0.106168502,0.01904956,0.068226247,-0.011963368,,2.86e-05,,,2.66e-05,,,,,
2023-05-25,0.087201873,-0.005858053,0.096930254,0.022479428,,2.86e-05,,,2.66e-05,,,,,
2023-05-26,0.08391982,-0.001419581,0.091557292,0.007441202,,2.86e-05,,,2.66e-05,,,,,
2023-05-29,0.058678446,-0.025324968,0.057875406,-0.024431491,,2.86e-05,,,2.66e-05,,,,,
2023-05-30,0.082075936,0.008347235,0.06646077,-0.004504703,,2.86e-05,,,2.66e-05,,,,,
2023-05-31,0.113226059,0.029973214,0.107310548,0.033454196,,2.86e-05,,,2.66e-05,,,,,
2023-06-01,0.082280709,-0.013652055,0.129114767,0.041503406,,2.86e-05,,,2.66e-05,,,,,
2023-06-02,0.082576128,-0.000760072,0.085314683,-0.009638634,,2.86e-05,,,2.66e-05,,,,,
2023-06-05,0.097730521,0.014274068,0.09513925,0.014934375,,2.86e-05,,,2.66e-05,,,,,
2023-06-06,0.045195012,-0.044430163,0.03660963,-0.04690339,,2.86e-05,,,2.66e-05,,,,,
2023-06-07,0.082816592,0.014576436,0.066536187,0.002731364,,2.86e-05,,,2.66e-05,,,,,
2023-06-08,0.079482376,-0.00407196,0.091811809,0.017930063,,2.86e-05,,,2.66e-05,,,,,
2023-06-09,0.077537638,-0.004659477,0.077286644,-0.005105955,,2.86e-05,,,2.66e-05,,,,,
2023-06-12,0.100345565,0.018940072,0.079785753,0.002284094,,2.86e-05,,,2.66e-05,,,,,
2023-06-13,0.106354621,0.01566497,0.113488238,0.035145074,,2.85e-05,,,2.65e-05,,,,,
2023-06-14,0.135145706,0.042010019,0.081451293,-0.008240231,,2.85e-05,,,2.65e-05,,,,,
2023-06-15,0.112180812,0.007325472,0.096321972,0.017417985,,2.85e-05,,,2.65e-05,,,,,
2023-06-16,0.109667175,0.014159888,0.124437612,0.040526343,,2.85e-05,,,2.65e-05,,,,,
2023-06-19,0.088506872,-0.005977218,0.092313481,-0.001064936,,2.85e-05,,,2.65e-05,,,,,
2023-06-20,0.102304255,0.016433643,0.106596698,0.024035176,,2.85e-05,,,2.65e-05,,,,,
2023-06-21,0.105345743,0.013858791,0.099555501,0.012184508,,2.85e-05,,,2.65e-05,,,,,
2023-06-22,0.079081064,-0.013643951,0.105591321,0.020591253,,2.85e-05,,,2.65e-05,,,,,
2023-06-23,0.097306848,0.01527309,0.083852017,-0.003180443,,2.85e-05,,,2.65e-05,,,,,
2023-06-26,0.10238426,0.012931544,0.075814821,-0.003897542,,2.85e-05,,,2.65e-05,,,,,
2023-06-27,0.114550928,0.023031409,0.099769392,0.022763328,,2.85e-05,,,2.65e-05,,,,,
2023-06-28,0.113184263,0.0167122,0.068800059,-0.016272031,,2.85e-05,,,2.65e-05,,,,,
2023-06-29,0.109793546,0.013877796,0.103897019,0.029252978,,2.85e-05,,,2.65e-05,,,,,
2023-06-30,0.077490039,-0.017045492,0.07719016,-0.009271792,,2.85e-05,,,2.65e-05,,,,,
2023-07-03,0.107699071,0.026302211178844,0.126506684,0.049072837,,2.85e-05,,,2.65e-05,,,,,
2023-07-04,0.099228108,0.00555175446347045,0.074305458,-0.019708909,,2.85e-05,,,2.65e-05,,,,,
2023-07-05,0.10460256,0.0143695189443756,0.076129382,-0.000334611,,2.85e-05,,,2.65e-05,,,,,
2023-07-06,0.075736447,-0.0166812237901216,0.082898685,0.005821478,,2.85e-05,,,2.65e-05,,,,,
2023-07-07,0.060430873,-0.0202531794083488,0.077764449,-0.00158864,,2.85e-05,,,2.65e-05,,,,,
2023-07-10,0.091547875,0.0170852963463609,0.077183018,-0.000443909,,2.85e-05,,,2.65e-05,,,,,
2023-07-11,0.103073957,0.0159628091866385,0.081764459,0.004333013,,2.85e-05,,,2.65e-05,,,,,
2023-07-12,0.084255975,-0.00754034284733943,0.08558755,0.006615795,,2.85e-05,,,2.65e-05,,,,,
2023-07-13,0.090760094,0.00661298820636072,0.086707666,0.006450564,,2.85e-05,,,2.65e-05,,,,,
2023-07-14,0.097683017,0.0108920897034227,0.087951769,0.007318077,,2.85e-05,,,2.64e-05,,,,,
2023-07-17,0.074321569,-0.01528341700162,0.088018953,0.006966986,,2.85e-05,,,2.64e-05,,,,,
2023-07-18,0.068373081,-0.0117358458793672,0.089309143,0.008234589,,2.85e-05,,,2.64e-05,,,,,
2023-07-19,0.11226133,0.0345703694100516,0.075816612,-0.005691712,,2.85e-05,,,2.64e-05,,,,,
2023-07-20,0.090446434,-0.00508440566234803,0.098486941,0.021514889,,2.85e-05,,,2.64e-05,,,,,
2023-07-21,0.074708654,-0.0119547754674921,0.115113263,0.030519307,,2.85e-05,,,2.64e-05,,,,,
2023-07-24,0.08011102,-0.000155250809646596,0.082088516,-0.008095313,,2.85e-05,,,2.64e-05,,,,,
2023-07-25,0.083253399,0.000791151856350115,0.080862689,0.001781984,,2.85e-05,,,2.64e-05,,,,,
2023-07-26,0.099009884,0.0152703094934005,0.112915475,0.034246901,,2.85e-05,,,2.63e-05,,,,,
2023-07-27,0.118102523,0.0279581865488973,0.113427759,0.02398284,,2.85e-05,,,2.63e-05,,,,,
2023-07-28,0.142203449,0.044298256768732,0.074145523,-0.015471629,,2.85e-05,,,2.63e-05,,,,,
2023-07-31,0.110045474,0.00234363653522425,0.043256412,-0.03315381,,2.85e-05,,,2.63e-05,,,,,
2023-08-01,0.092054466,-0.00257566324480891,0.058861926,-0.007163186,,2.85e-05,,,2.62e-05,,,,,
2023-08-02,0.061436383,-0.025880686042508,0.075995821,0.004724039,,2.85e-05,,,2.62e-05,,,,,
2023-08-03,0.080622221,0.00575091843472598,0.069868842,-0.007163461,,2.85e-05,,,2.62e-05,,,,,
2023-08-04,0.047869236,-0.0348008062648836,0.040666558,-0.034305817,,2.85e-05,,,2.62e-05,,,,,
2023-08-07,0.074979499,0.00562302710927557,0.072768228,0.007613841,,2.85e-05,,,2.61e-05,,,,,
2023-08-08,0.094248327,0.0138719619815969,0.077710605,0.001763438,,2.85e-05,,,2.61e-05,,,,,
2023-08-09,0.093379903,0.00517106415957521,0.062950724,-0.0146581,,2.85e-05,,,2.61e-05,,,,,
2023-08-10,0.105978206,0.0181223677803922,0.131899181,0.05925272,,2.85e-05,,,2.61e-05,,,,,
2023-08-11,0.066105812,-0.026871037131605,0.057498142,-0.038329216,,2.85e-05,,,2.61e-05,,,,,
2023-08-14,0.050121246,-0.0266481056010685,0.052438826,-0.018374443,,2.85e-05,,,2.61e-05,,,,,
2023-08-15,0.044007888,-0.026263990337444,0.047524624,-0.021587672,,2.85e-05,,,2.61e-05,,,,,
2023-08-16,0.102173772,0.034386876999355,0.071274106,0.003813995,,2.85e-05,,,2.61e-05,,,,,
2023-08-17,0.086154212,-0.00527619488236136,0.090036599,0.014591765,,2.85e-05,,,2.61e-05,,,,,
2023-08-18,0.059851291,-0.0250674181112097,0.071358666,-0.010394233,,2.85e-05,,,2.61e-05,,,,,
2023-08-21,0.056077085,-0.0181499027374342,0.082589416,0.007116153,,2.85e-05,,,2.61e-05,,,,,
2023-08-22,0.077720351,0.00502751830790213,0.065536485,-0.013712626,,2.85e-05,,,2.61e-05,,,,,
2023-08-23,0.114818561,0.0333280829935088,0.080699038,0.007183228,,2.85e-05,,,2.6e-05,,,,,
2023-08-24,0.110054163,0.0134838493818741,0.086523495,0.007909941,,2.85e-05,,,2.6e-05,,,,,
2023-08-25,0.075320063,-0.0193135981858818,0.084077242,0.00350547,,2.85e-05,,,2.6e-05,,,,,
2023-08-28,0.083903099,0.00338830010203123,0.065009529,-0.014739798,,2.85e-05,,,2.6e-05,,,,,
2023-08-29,0.073009039,-0.0109946282808029,0.084794281,0.011455637,,2.85e-05,,,2.6e-05,,,,,
2023-08-30,0.066100495,-0.0134749091936274,0.069805921,-0.010184479,,2.85e-05,,,2.6e-05,,,,,
2023-08-31,0.079420515,0.00265332467533672,0.061249789,-0.013701432,,2.85e-05,,,2.6e-05,,,,,
2023-09-01,0.100287378,0.0181058102176727,0.076766534,0.004691938,,2.85e-05,,,2.6e-05,,,,,
2023-09-04,0.063034063,-0.0276295545569795,0.054040417,-0.023251005,,2.85e-05,,,2.6e-05,,,,,
2023-09-05,0.077938644,0.00241790978398067,0.094739381,0.02508862,,2.85e-05,,,2.6e-05,,,,,
2023-09-06,0.067256367,-0.0143228436584216,0.095384718,0.012050714,,2.85e-05,,,2.6e-05,,,,,
2023-09-07,0.084086251,0.0068492169888599,0.080057255,-0.003493715,,2.85e-05,,,2.6e-05,,,,,
2023-09-08,0.092568191,0.00849007532796898,0.086857155,0.008459373,,2.85e-05,,,2.6e-05,,,,,
2023-09-11,0.077310026,-0.0102158641298215,0.072403254,-0.008280697,,2.85e-05,,,2.6e-05,,,,,
2023-09-12,0.100662859,0.0193391716162192,0.121624252,0.045799792,,2.85e-05,,,2.6e-05,,,,,
2023-09-13,0.100257827,0.00944158235520972,0.089544236,-0.002828627,,2.85e-05,,,2.6e-05,,,,,
2023-09-14,0.091848557,0.00119695145713544,0.115943024,0.03435566,,2.85e-05,,,2.6e-05,,,,,
2023-09-15,0.105476434,0.0182430637092905,0.082168217,-0.008294582,,2.85e-05,,,2.59e-05,,,,,
2023-09-18,0.056102386,-0.0366705007497402,0.061004901,-0.0181026,,2.85e-05,,,2.59e-05,,,,,
2023-09-19,0.091954519,0.0192514018515683,0.080972765,0.008980502,,2.85e-05,,,2.59e-05,,,,,
2023-09-20,0.08003176,-0.00724468216779147,0.074030598,-0.004674985,,2.85e-05,,,2.59e-05,,,,,
2023-09-21,0.087570968,0.0051409387927567,0.065274283,-0.0110973,,2.85e-05,,,2.59e-05,,,,,
2023-09-22,0.084929694,-0.000564904017488343,0.089939505,0.016511849,,2.85e-05,,,2.59e-05,,,,,
2023-09-25,0.09499888,0.0105779180885471,0.100635475,0.018915219,,2.85e-05,,,2.59e-05,,,,,
2023-09-26,0.113994195,0.0254802682359849,0.108171733,0.022855426,,2.85e-05,,,2.59e-05,,,,,
2023-09-27,0.088623541,-0.00761168087747797,0.07228219,-0.015567853,,2.85e-05,,,2.59e-05,,,,,
2023-09-28,0.087664766,0.00174231370573537,0.096187759,0.020404001,,2.85e-05,,,2.59e-05,,,,,
2023-09-29,0.082197326,-0.00333539942095876,0.065448115,-0.018372842,,2.85e-05,,,2.59e-05,,,,,
2023-10-02,0.089295029,0.00598473146481998,0.076968012,0.003481913,,2.85e-05,,,2.59e-05,,,,,
2023-10-03,0.099597995,0.0134025934541357,0.073898048,-0.003461112,,2.85e-05,,,2.59e-05,,,,,
2023-10-04,0.083575293,-0.00680810127091112,0.069365464,-0.006961555,,2.85e-05,,,2.59e-05,,,,,
2023-10-05,0.113061558,0.029191138673546,0.089468504,0.014665368,,2.85e-05,,,2.59e-05,,,,,
2023-10-06,0.104496588,0.00864046831223221,0.071840738,-0.009721164,,2.85e-05,,,2.59e-05,,,,,
2023-10-09,0.092881216,0.000506621151802165,0.085550999,0.00991566,,2.85e-05,,,2.59e-05,,,,,
2023-10-10,0.101983813,0.01433068315855,0.11615428,0.035909467,,2.85e-05,,,2.59e-05,,,,,
2023-10-11,0.068906635,-0.0224465565532943,0.045232798,-0.045301027,,2.85e-05,,,2.58e-05,,,,,
2023-10-12,0.093987914,0.0160800721478578,0.074376712,0.007687127,,2.85e-05,,,2.58e-05,,,,,
2023-10-13,0.067392634,-0.0207103510746735,0.065014312,-0.011473637,,2.85e-05,,,2.58e-05,,,,,
2023-10-16,0.08078345,0.00349102560858844,0.062567533,-0.010772719,,2.85e-05,,,2.58e-05,,,,,
2023-10-17,0.100404285,0.0176687056966494,0.060119229,-0.012398401,,2.85e-05,,,2.58e-05,,,,,
2023-10-18,0.098004823,0.00729368459654706,0.065101343,-0.006593152,,2.85e-05,,,2.58e-05,,,,,
2023-10-19,0.076540502,-0.0131952930508663,0.099766602,0.026397089,,2.85e-05,,,2.58e-05,,,,,
2023-10-20,0.128045702,0.0470348139512602,0.070139514,-0.014884672,,2.85e-05,,,2.58e-05,,,,,
2023-10-23,0.085429038,-0.0165178992312843,0.106967975,0.031904598,,2.85e-05,,,2.58e-05,,,,,
2023-10-24,0.098682577,0.0140586396502805,0.073901926,-0.013543406,,2.85e-05,,,2.58e-05,,,,,
2023-10-25,0.095383669,0.00537237766763852,0.071070425,-0.005257898,,2.85e-05,,,2.57e-05,,,,,
2023-10-26,0.09790659,0.00923625259339144,0.065636022,-0.009740333,,2.85e-05,,,2.57e-05,,,,,
2023-10-27,0.069469346,-0.0202265188900408,0.066531907,-0.007017368,,2.85e-05,,,2.57e-05,,,,,
2023-10-30,0.080825831,0.00268925602631751,0.053177283,-0.020673194,,2.85e-05,,,2.57e-05,,,,,
2023-10-31,0.078556309,-0.0041964975095435,0.075261336,0.005900766,,2.85e-05,,,2.57e-05,,,,,
2023-11-01,0.040730597,-0.0410996847117975,0.03852419,-0.038261175,,2.85e-05,,,2.57e-05,,,,,
2023-11-02,0.067028219,0.000573490956507106,0.072703896,0.008269786,,2.85e-05,,,2.57e-05,,,,,
2023-11-03,0.040040291,-0.0371040044575785,0.039827744,-0.036097794,,2.85e-05,,,2.57e-05,,,,,
2023-11-06,0.073694045,0.00751991542747714,0.054061545,-0.010810828,,2.85e-05,,,2.57e-05,,,,,
2023-11-07,0.093528977,0.0136751287015766,0.111927179,0.042269315,,2.84e-05,,,2.57e-05,,,,,
2023-11-08,0.11357482,0.025658385557179,0.098217478,0.009104831,,2.84e-05,,,2.57e-05,,,,,
2023-11-09,0.108840097,0.0127753444270957,0.080522717,-0.003980644,,2.84e-05,,,2.57e-05,,,,,
2023-11-10,0.109779776,0.0156396134411861,0.144183278,0.065629004,,2.84e-05,,,2.57e-05,,,,,
2023-11-13,0.066061731,-0.0284603962101463,0.062591331,-0.037366016,,2.84e-05,,,2.56e-05,,,,,
2023-11-14,0.123758203,0.0470067696282369,0.062240407,-0.010285224,,2.84e-05,,,2.55e-05,,,,,
2023-11-15,0.08567788,-0.0145262566998019,0.069636461,-0.002771187,,2.84e-05,,,2.55e-05,,,,,
2023-11-16,0.099664878,0.0149397903130197,0.083208821,0.008314574,,2.84e-05,,,2.55e-05,,,,,
2023-11-17,0.103217894,0.012807312847425,0.119410779,0.039953421,,2.83e-05,,,2.55e-05,,,,,
2023-11-20,0.09072911,-0.0011257159613005,0.081718657,-0.009910023,,2.83e-05,,,2.55e-05,,,,,
2023-11-21,0.094233329,0.00745499620937304,0.097896977,0.018940621,,2.83e-05,,,2.55e-05,,,,,
2023-11-22,0.077415781,-0.0107869613906364,0.092706862,0.008311255,,2.82e-05,,,2.55e-05,,,,,
2023-11-23,0.081599887,0.000233211881363347,0.087377213,0.004726555,,2.82e-05,,,2.55e-05,,,,,
2023-11-24,0.063033037,-0.0200344110309053,0.056038865,-0.024819932,,2.82e-05,,,2.55e-05,,,,,
2023-11-27,0.09051292,0.0149926028367532,0.092431814,0.022109162,,2.82e-05,,,2.55e-05,,,,,
2023-11-28,0.092241499,0.00555104402506494,0.084251698,0.001693513,,2.82e-05,,,2.55e-05,,,,,
2023-11-29,0.098604603,0.0112115080011467,0.072812604,-0.006995376,,2.82e-05,,,2.55e-05,,,,,
2023-11-30,0.075668668,-0.0143109281346152,0.061079277,-0.014882809,,2.82e-05,,,2.55e-05,,,,,
2023-12-01,0.0578315,-0.0228250013168562,0.063991128,-0.008026141,,2.82e-05,,,2.55e-05,,,,,
2023-12-04,0.065754327,-0.0076516476413883,0.074368208,0.001371957,,2.82e-05,,,2.55e-05,,,,,
2023-12-05,0.082942923,0.00631644449226827,0.067102308,-0.009382782,,2.82e-05,,,2.55e-05,,,,,
2023-12-06,0.065967162,-0.0176462089231556,0.069507009,-0.00453524,,2.82e-05,,,2.55e-05,,,,,
2023-12-07,0.085897691,0.00918469843101297,0.069370358,-0.005480367,,2.82e-05,,,2.54e-05,,,,,
2023-12-08,0.063976316,-0.0208381213819016,0.079816519,0.005011737,,2.82e-05,,,2.54e-05,,,,,
2023-12-11,0.064342338,-0.0115614071576408,0.049173654,-0.029143191,,2.82e-05,,,2.54e-05,,,,,
2023-12-12,0.089751963,0.0136994356884429,0.056119729,-0.011894796,,2.82e-05,,,2.54e-05,,,,,
2023-12-13,0.09514925,0.00876811201010337,0.062939367,-0.007410472,,2.81e-05,,,2.54e-05,,,,,
2023-12-14,0.10872598,0.0201509302092695,0.072287704,-0.000354939,,2.81e-05,,,2.54e-05,,,,,
2023-12-15,0.071213349,-0.0228804268032133,0.063282001,-0.01250361,,2.81e-05,,,2.54e-05,,,,,
2023-12-18,0.103710545,0.0248650603903486,0.03689734,-0.035860499,,2.81e-05,,,2.54e-05,,,,,
2023-12-19,0.0885122,-0.00354288080092504,0.038155696,-0.025731457,,2.81e-05,,,2.54e-05,,,,,
2023-12-20,0.087361885,0.00148469106124187,0.050839981,-0.013470239,,2.81e-05,,,2.54e-05,,,,,
2023-12-21,0.087861937,0.00245232791510941,0.061941381,-0.006633374,,2.81e-05,,,2.54e-05,,,,,
2023-12-22,0.071776731,-0.0138361413139593,0.042990637,-0.029316477,,2.81e-05,,,2.54e-05,,,,,
2023-12-25,0.025172286,-0.053902204482079,0.049323904,-0.016611853,,2.81e-05,,,2.53e-05,,,,,
2023-12-26,0.022879614,-0.0372509066956266,0.032481091,-0.035583949,,2.81e-05,,,2.53e-05,,,,,
2023-12-27,0.061386603,0.00218801721097394,0.032629986,-0.029772397,,2.81e-05,,,2.53e-05,,,,,
2023-12-28,0.066906357,-0.00794471078260533,0.044504237,-0.017948205,,2.81e-05,,,2.53e-05,,,,,
2023-12-29,0.032575394,-0.0445193664819745,0.03070957,-0.035735068,,2.81e-05,,,2.53e-05,,,,,
2024-01-01,0.037232248,-0.026044785,0.015347353,-0.046295194,,2.81e-05,,,2.52e-05,,,,,
2024-01-02,0.095233159,0.03007981,0.025469404,-0.031002027,,2.81e-05,,,2.52e-05,,,,,
2024-01-03,0.058592672,-0.029930106,0.044715899,-0.015162742,,2.81e-05,,,2.52e-05,,,,,
2024-01-04,0.086920123,0.013160342,0.055132097,-0.011225156,,2.81e-05,,,2.52e-05,,,,,
2024-01-05,0.070325146,-0.014848186,0.054319523,-0.015543953,,2.81e-05,,,2.52e-05,,,,,
2024-01-08,0.09146211,0.012975141,0.109432693,0.039842739,,2.81e-05,,,2.52e-05,,,,,
2024-01-09,0.066186435,-0.020816931,0.078194571,-0.009947168,,2.81e-05,,,2.52e-05,,,,,
2024-01-10,0.116432766,0.039613345,0.067148063,-0.010478532,,2.81e-05,,,2.52e-05,,,,,
2024-01-11,0.08702076,-0.010043655,0.093389851,0.019481649,,2.81e-05,,,2.52e-05,,,,,
2024-01-12,0.059591732,-0.025622148,0.019595858,-0.063145659,,2.81e-05,,,2.52e-05,,,,,
2024-01-15,0.060316801,-0.013845516,0.062930209,0.005028677,,2.81e-05,,,2.52e-05,,,,,
2024-01-16,0.093628191,0.019173733,0.038954866,-0.033533553,,2.81e-05,,,2.52e-05,,,,,
2024-01-17,0.089646547,0.001770434,0.073884469,0.009466452,,2.81e-05,,,2.52e-05,,,,,
2024-01-18,0.075938952,-0.010332897,0.050401519,-0.025774241,,2.81e-05,,,2.52e-05,,,,,
2024-01-19,0.065620422,-0.015128433,0.039265392,-0.029005712,,2.81e-05,,,2.52e-05,,,,,
2024-01-22,0.090702009,0.014110643,0.046658224,-0.01786432,,2.81e-05,,,2.52e-05,,,,,
2024-01-23,0.089376357,0.002679247,0.058961114,-0.00804995,,2.81e-05,,,2.52e-05,,,,,
2024-01-24,0.102843965,0.01668098,0.066623089,-0.004529283,,2.81e-05,,,2.52e-05,,,,,
2024-01-25,0.085575931,-0.006013354,0.053386012,-0.020345477,,2.81e-05,,,2.52e-05,,,,,
2024-01-26,0.081238629,-0.003393108,0.052699132,-0.01657659,,2.81e-05,,,2.52e-05,,,,,
2024-01-29,0.100243097,0.017358923,0.069418932,0.000374422,,2.81e-05,,,2.51e-05,,,,,
2024-01-30,0.082384347,-0.00815701,0.08011582,0.005443215,,2.81e-05,,,2.51e-05,,,,,
2024-01-31,0.082267256,-0.001078545,0.06193826,-0.016335051,,2.81e-05,,,2.51e-05,,,,,
2024-02-01,0.08896053,0.005661907,0.058741926,-0.01341259,,2.81e-05,,,2.51e-05,,,,,
2024-02-02,0.049457988,-0.036537455,0.046896345,-0.024182245,,2.81e-05,,,2.51e-05,,,,,
2024-02-05,0.093095726,0.023016445,0.067303686,0.000212467,,2.8e-05,,,2.51e-05,,,,,
2024-02-06,0.103930925,0.01626935,0.069471374,-0.004489212,,2.8e-05,,,2.51e-05,,,,,
2024-02-07,0.11131977,0.019292533,0.083307093,0.008616836,,2.8e-05,,,2.51e-05,,,,,
2024-02-08,0.098582168,0.003577855,0.092524601,0.013177067,,2.8e-05,,,2.51e-05,,,,,
2024-02-09,0.082691661,-0.007180483,0.065686855,-0.016763408,,2.8e-05,,,2.51e-05,,,,,
2024-02-12,0.076208345,-0.007261277,0.060805803,-0.012610538,,2.8e-05,,,2.51e-05,,,,,
2024-02-13,0.096811958,0.01595456,0.069036024,-0.002737293,,2.8e-05,,,2.51e-05,,,,,
2024-02-14,0.105826003,0.016667103,0.075887931,0.001344218,,2.8e-05,,,2.51e-05,,,,,
2024-02-15,0.109640377,0.016849585,0.078365643,0.001515492,,2.8e-05,,,2.51e-05,,,,,
2024-02-16,0.100874565,0.006546905,0.063320952,-0.014363228,,2.8e-05,,,2.51e-05,,,,,
2024-02-19,0.057702072,-0.033093712,0.057929286,-0.014690662,,2.79e-05,,,2.51e-05,,,,,
2024-02-20,0.084003256,0.010602311,0.074613699,0.003808654,,2.79e-05,,,2.51e-05,,,,,
2024-02-21,0.083182281,-0.000815802,0.081293411,0.004872183,,2.79e-05,,,2.51e-05,,,,,
2024-02-22,0.098986372,0.015319072,0.065604353,-0.01306535,,2.79e-05,,,2.51e-05,,,,,
2024-02-23,0.069970625,-0.020064378,0.046641838,-0.026746731,,2.79e-05,,,2.51e-05,,,,,
2024-02-26,0.101363264,0.023019137,0.067046005,4.05e-05,,2.79e-05,,,2.51e-05,,,,,
2024-02-27,0.073633769,-0.01735892,0.081618808,0.00774496,,2.79e-05,,,2.5e-05,,,,,
2024-02-28,0.097390293,0.01757023,0.047985045,-0.030794191,,2.79e-05,,,2.5e-05,,,,,
2024-02-29,0.100460529,0.01106861,0.1001188,0.032661111,,2.79e-05,,,2.5e-05,,,,,
2024-03-01,0.0737621,-0.016866863,0.057637768,-0.027368798,,2.79e-05,,,2.5e-05,,,,,
2024-03-04,0.077927787,-0.001943982,0.074727601,0.004020684,,2.79e-05,,,2.5e-05,,,,,
2024-03-05,0.092455729,0.010905543,0.089798488,0.013338919,,2.79e-05,,,2.49e-05,,,,,
2024-03-06,0.10922402,0.02182031,0.093249088,0.011716469,,2.79e-05,,,2.49e-05,,,,,
2024-03-07,0.079479502,-0.014680402,0.066671262,-0.016022873,,2.78e-05,,,2.49e-05,,,,,
2024-03-08,0.060634074,-0.021541321,0.063869393,-0.009878311,,2.78e-05,,,2.49e-05,,,,,
2024-03-11,0.070836656,-0.003745636,0.057058121,-0.015746439,,2.78e-05,,,2.49e-05,,,,,
2024-03-12,0.086616843,0.007923779,0.076252487,0.005740687,,2.78e-05,,,2.49e-05,,,,,
2024-03-13,0.060618709,-0.024432427,0.074387622,-0.002585243,,2.78e-05,,,2.49e-05,,,,,
2024-03-14,0.100034379,0.025458278,0.099704649,0.023359521,,2.78e-05,,,2.49e-05,,,,,
2024-03-15,0.075291052,-0.015166209,0.058756565,-0.026110593,,2.77e-05,,,2.49e-05,,,,,
2024-03-18,0.098666831,0.018179024,0.055645645,-0.015437873,,2.77e-05,,,2.49e-05,,,,,
2024-03-19,0.090093412,0.000187156,0.068127097,-0.001909246,,2.77e-05,,,2.49e-05,,,,,
2024-03-20,0.089797005,0.003345107,0.118355754,0.044117997,,2.77e-05,,,2.48e-05,,,,,
2024-03-21,0.107003443,0.020670972,0.08236714,-0.008778214,,2.77e-05,,,2.48e-05,,,,,
2024-03-22,0.075244492,-0.018020709,0.08424677,0.005215636,,2.77e-05,,,2.48e-05,,,,,
2024-03-25,0.052359252,-0.028109795,0.066038451,-0.01362539,,2.76e-05,,,2.48e-05,,,,,
2024-03-26,0.068294967,-0.002953276,0.064727572,-0.00880712,,2.76e-05,,,2.48e-05,,,,,
2024-03-27,0.071187808,-0.006481172,0.07456808,0.001474646,,2.76e-05,,,2.48e-05,,,,,
2024-03-28,0.135029763,0.056195214,0.068200323,-0.008205549,,2.76e-05,,,2.48e-05,,,,,
2024-03-29,0.057579062,-0.04697836,0.04413556,-0.030126845,,2.76e-05,,,2.48e-05,,,,,
2024-04-01,0.042891619,-0.030459763,0.03408616,-0.032075744,,2.76e-05,,,2.47e-05,,,,,
2024-04-02,0.077853394,0.010419801,0.077934246,0.015155097,,2.76e-05,,,2.47e-05,,,,,
2024-04-03,0.084705261,0.003185049,0.062786254,-0.014752712,,2.76e-05,,,2.47e-05,,,,,
2024-04-04,0.091533038,0.007252107,0.082696691,0.010256729,,2.76e-05,,,2.47e-05,,,,,
2024-04-05,0.064373742,-0.022658202,0.063102727,-0.016039338,,2.76e-05,,,2.47e-05,,,,,
2024-04-08,0.174219689,0.098130629,0.069887073,-0.002659418,,2.75e-05,,,2.47e-05,,,,,
2024-04-09,0.095022596,-0.02532503,0.079220853,0.004390666,,2.75e-05,,,2.47e-05,,,,,
2024-04-10,0.087209926,-0.001228013,0.088188068,0.010216014,,2.75e-05,,,2.47e-05,,,,,
2024-04-11,0.089251703,0.003961605,0.096795128,0.015804596,,2.75e-05,,,2.47e-05,,,,,
2024-04-12,0.070594633,-0.015518128,0.068441426,-0.01544635,,2.75e-05,,,2.47e-05,,,,,
2024-04-15,0.093746746,0.015151196,0.068794721,-0.005548843,,2.75e-05,,,2.47e-05,,,,,
2024-04-16,0.083853647,-0.004070233,0.144680553,0.070218066,,2.75e-05,,,2.47e-05,,,,,
2024-04-17,0.091093188,0.007155385,0.084688621,-0.015317991,,2.75e-05,,,2.47e-05,,,,,
2024-04-18,0.079308324,-0.007546398,0.072896596,-0.006915978,,2.75e-05,,,2.47e-05,,,,,
2024-04-19,0.081891348,-0.000215077,0.060440598,-0.015402632,,2.74e-05,,,2.47e-05,,,,,
2024-04-22,0.073903619,-0.009243545,0.100056238,0.028405854,,2.74e-05,,,2.46e-05,,,,,
2024-04-23,0.083463158,0.003534369,0.056680881,-0.028304626,,2.74e-05,,,2.46e-05,,,,,
2024-04-24,0.08526632,0.00148585,0.072193797,0.001808981,,2.74e-05,,,2.46e-05,,,,,
2024-04-25,0.09147798,0.00697099,0.097163334,0.021556675,,2.74e-05,,,2.46e-05,,,,,
2024-04-26,0.077700632,-0.009309129,0.069720263,-0.014291456,,2.74e-05,,,2.46e-05,,,,,
2024-04-29,0.062930843,-0.018527819,0.057307592,-0.017466444,,2.74e-05,,,2.46e-05,,,,,
2024-04-30,0.089694573,0.014186878,0.066795713,-0.003800062,,2.74e-05,,,2.46e-05,,,,,
2024-05-01,0.061865336,-0.024425863,0.047386622,-0.026402974,,2.74e-05,,,2.46e-05,,,,,
2024-05-02,0.072341728,-0.002736658,0.069974741,0.002718489,,2.74e-05,,,2.46e-05,,,,,
2024-05-03,0.072498871,-0.006800609,0.064117425,-0.010742272,,2.74e-05,,,2.46e-05,,,,,
2024-05-06,0.057939622,-0.021423173,0.07201973,-0.000868321,,2.74e-05,,,2.46e-05,,,,,
2024-05-07,0.062162261,-0.011334396,0.0681408,-0.007407266,,2.74e-05,,,2.46e-05,,,,,
2024-05-08,0.076245397,0.001047375,0.075304991,0.001062622,,2.74e-05,,,2.46e-05,,,,,
2024-05-09,0.074841836,-0.00603049,0.059882977,-0.016770949,,2.74e-05,,,2.46e-05,,,,,
2024-05-10,0.058158096,-0.022148715,0.060005251,-0.011457431,,2.74e-05,,,2.46e-05,,,,,
2024-05-13,0.080808596,0.007223912,0.059178049,-0.012325792,,2.73e-05,,,2.45e-05,,,,,
2024-05-14,0.098486174,0.015775267,0.092617145,0.02139175,,2.73e-05,,,2.45e-05,,,,,
2024-05-15,0.079559484,-0.010273982,0.065877454,-0.016603961,,2.73e-05,,,2.45e-05,,,,,
2024-05-16,0.074686983,-0.007520638,0.068526518,-0.004953981,,2.73e-05,,,2.45e-05,,,,,
2024-05-17,0.049590561,-0.030653857,0.047141561,-0.027230646,,2.73e-05,,,2.45e-05,,,,,
2024-05-20,0.058480983,-0.011651714,0.06612553,-0.001048231,,2.73e-05,,,2.45e-05,,,,,
2024-05-21,0.061901892,-0.011812888,0.059984137,-0.013579867,,2.73e-05,,,2.45e-05,,,,,
2024-05-22,0.075355146,0.000262031,0.064210704,-0.00728603,,2.73e-05,,,2.45e-05,,,,,
2024-05-23,0.068246953,-0.012266678,0.069110966,-0.003808484,,2.73e-05,,,2.45e-05,,,,,
2024-05-24,0.064655101,-0.012994533,0.0839436,0.009374661,,2.73e-05,,,2.45e-05,,,,,
2024-05-27,0.063661603,-0.012540821,0.056108928,-0.023452862,,2.73e-05,,,2.45e-05,,,,,
2024-05-28,0.065948718,-0.009853411,0.06575723,-0.00443506,,2.73e-05,,,2.44e-05,,,,,
2024-05-29,0.084804883,0.008081242,0.068046315,-0.005393715,,2.73e-05,,,2.44e-05,,,,,
2024-05-30,0.07256396,-0.011757111,0.071462355,-0.002748209,,2.73e-05,,,2.44e-05,,,,,
2024-05-31,0.055949934,-0.023439087,0.067222555,-0.008137891,,2.72e-05,,,2.44e-05,,,,,
2024-06-03,0.060417893,-0.01227709,0.057616451,-0.016316825,,2.72e-05,,,2.43e-05,,,,,
2024-06-04,0.088486117,0.013990927,0.056882472,-0.013817269,,2.72e-05,,,2.43e-05,,,,,
2024-06-05,0.072891784,-0.012912511,0.055857786,-0.014594889,,2.72e-05,,,2.43e-05,,,,,
2024-06-06,0.056572929,-0.022948177,0.069446591,-0.000661161,,2.71e-05,,,2.43e-05,,,,,
2024-06-07,0.084914184,0.011968187,0.083142523,0.008460608,,2.71e-05,,,2.43e-05,,,,,
2024-06-10,0.063048177,-0.021316933,0.05474499,-0.024547148,,2.71e-05,,,2.43e-05,,,,,
2024-06-11,0.083295602,0.007740632,0.078139752,0.008406581,,2.71e-05,,,2.43e-05,,,,,
2024-06-12,0.053792517,-0.029920442,0.060014899,-0.017593243,,2.71e-05,,,2.42e-05,,,,,
2024-06-13,0.079179608,0.007353881,0.082918789,0.0114117,,2.71e-05,,,2.42e-05,,,,,
2024-06-14,0.076390657,-0.005663907,0.052956631,-0.026260195,,2.71e-05,,,2.42e-05,,,,,
2024-06-17,0.085207612,0.004276758,0.055387081,-0.013744106,,2.71e-05,,,2.42e-05,,,,,
2024-06-18,0.085472693,0.000989357,0.084514972,0.014565665,,2.71e-05,,,2.42e-05,,,,,
2024-06-19,0.068396303,-0.016193838,0.048596383,-0.031157738,,2.71e-05,,,2.41e-05,,,,,
2024-06-20,0.091846326,0.014136516,0.084931726,0.017268253,,2.71e-05,,,2.41e-05,,,,,
2024-06-21,0.079645047,-0.007513126,0.065869775,-0.014024631,,2.71e-05,,,2.41e-05,,,,,
2024-06-24,0.080399464,-0.001842632,0.08165802,0.008180106,,2.71e-05,,,2.41e-05,,,,,
2024-06-25,0.081014489,-0.001531573,0.112556214,0.033763779,,2.71e-05,,,2.41e-05,,,,,
2024-06-26,0.086791495,0.00399763,0.077668591,-0.011524565,,2.71e-05,,,2.41e-05,,,,,
2024-06-27,0.080463628,-0.004657878,0.095672427,0.018222884,,2.71e-05,,,2.41e-05,,,,,
2024-06-28,0.126112677,0.043540763,0.103400925,0.019891064,,2.71e-05,,,2.41e-05,,,,,
2024-07-01,0.087200942,-0.0136120722545806,0.099566213,0.0135892666958884,,2.71e-05,,,2.41e-05,,,,,
2024-07-02,0.10679137,0.0216515891841702,0.082422782,-0.00226874728497792,,2.71e-05,,,2.41e-05,,,,,
2024-07-03,0.085355384,-0.00767521307496193,0.087761048,0.00881609315757328,,2.71e-05,,,2.41e-05,,,,,
2024-07-04,0.056020175,-0.0283762346616329,0.075434506,-0.0052998656145501,,2.71e-05,,,2.4e-05,,,,,
2024-07-05,0.090538391,0.0179578918504926,0.095178317,0.0185758715571849,,2.71e-05,,,2.4e-05,,,,,
2024-07-08,0.068047172,-0.0184368978141725,0.076718303,-0.00650237887933475,,2.71e-05,,,2.4e-05,,,,,
2024-07-09,0.088514159,0.0110893132401923,0.079148358,0.00211557658595353,,2.71e-05,,,2.4e-05,,,,,
2024-07-10,0.077569643,-0.0080990876711045,0.066179413,-0.0116679365105374,,2.71e-05,,,2.4e-05,,,,,
2024-07-11,0.080271988,-0.00098840790674245,0.067990902,-0.00550918424195061,,2.71e-05,,,2.4e-05,,,,,
2024-07-12,0.055181392,-0.0271674797615724,0.059118905,-0.0149884025379889,,2.71e-05,,,2.4e-05,,,,,
2024-07-15,0.053299479,-0.0189431672687902,0.058735133,-0.0123982312698886,,2.71e-05,,,2.4e-05,,,,,
2024-07-16,0.057277309,-0.0142073227068484,0.070729602,-0.000275119738124336,,2.71e-05,,,2.4e-05,,,,,
2024-07-17,0.082571184,0.00948432463176193,0.076278803,0.00125346782648034,,2.71e-05,,,2.4e-05,,,,,
2024-07-18,0.082538595,-0.000736368482474633,0.101691064,0.0248056054565913,,2.71e-05,,,2.4e-05,,,,,
2024-07-19,0.083554063,0.000292226020482254,0.066536728,-0.0188670632849725,,2.71e-05,,,2.4e-05,,,,,
2024-07-22,0.060766489,-0.0229043677010383,0.070162901,-0.00345695923858759,,2.71e-05,,,2.4e-05,,,,,
2024-07-23,0.084274822,0.00978255799869119,0.083321771,0.00848639718737526,,2.71e-05,,,2.39e-05,,,,,
2024-07-24,0.084056212,9.50412314938782e-05,0.076230554,-0.00301574700886997,,2.71e-05,,,2.39e-05,,,,,
2024-07-25,0.095682186,0.0118090690168634,0.081831484,0.00496219879262183,,2.71e-05,,,2.39e-05,,,,,
2024-07-26,0.091233442,0.00267750621027849,0.047229876,-0.0315168724288604,,2.71e-05,,,2.39e-05,,,,,
2024-07-29,0.065445078,-0.021318950972376,0.064923409,-0.00222468591522154,,2.71e-05,,,2.39e-05,,,,,
2024-07-30,0.082527392,0.00615064205734287,0.068068831,-0.00501023564055682,,2.71e-05,,,2.39e-05,,,,,
2024-07-31,0.074975217,-0.00828210753014446,0.088601558,0.0144681282231353,,2.71e-05,,,2.39e-05,,,,,
2024-08-01,0.108905422,0.0286900333214771,0.096294578,0.0152784627085448,,2.71e-05,,,2.39e-05,,,,,
2024-08-02,0.056584965,-0.0372971497597338,0.065142563,-0.0184522958415669,,2.71e-05,,,2.39e-05,,,,,
2024-08-05,0.073740707,0.000932716439126043,0.04057058,-0.0325819482933253,,2.71e-05,,,2.38e-05,,,,,
2024-08-06,0.091006795,0.0112886538333774,0.062061234,-0.00285462746096239,,2.71e-05,,,2.38e-05,,,,,
2024-08-07,0.091173476,0.0045007380312041,0.062389137,-0.00973051249091455,,2.7e-05,,,2.38e-05,,,,,
2024-08-08,0.076394446,-0.0103454293046871,0.091330543,0.0191009785801873,,2.7e-05,,,2.38e-05,,,,,
2024-08-09,0.069538411,-0.0112486280410689,0.041939367,-0.0399915194043734,,2.7e-05,,,2.38e-05,,,,,
2024-08-12,0.045841098,-0.0321844029852807,0.063626276,-0.00174841055796289,,2.7e-05,,,2.38e-05,,,,,
2024-08-13,0.068096894,-0.000383581081908771,0.077723956,0.00507969563284258,,2.7e-05,,,2.38e-05,,,,,
2024-08-14,0.06337664,-0.0140682332531344,0.06309915,-0.0142707319528986,,2.7e-05,,,2.38e-05,,,,,
2024-08-15,0.072315277,-0.0032283280924575,0.077855093,0.00538752823126767,,2.7e-05,,,2.37e-05,,,,,
2024-08-16,0.071899478,-0.00724451510715936,0.061177913,-0.0162359268124819,,2.7e-05,,,2.37e-05,,,,,
2024-08-19,0.054433421,-0.0245430926876321,0.079278555,0.00745499967385147,,2.7e-05,,,2.37e-05,,,,,
2024-08-20,0.066488169,-0.00545320249683727,0.0507526,-0.0271383922768365,,2.7e-05,,,2.37e-05,,,,,
2024-08-21,0.060589341,-0.016207554915096,0.068310697,-1.82348029228244e-05,,2.7e-05,,,2.37e-05,,,,,
2024-08-22,0.082809736,0.00838882533097534,0.043024696,-0.0311898086197082,,2.7e-05,,,2.37e-05,,,,,
2024-08-23,0.063914581,-0.0194564686935696,0.070773251,0.00503475606008838,,2.7e-05,,,2.37e-05,,,,,
2024-08-26,0.066382394,-0.00937788801188232,0.12107733,0.0460373634363086,,2.7e-05,,,2.36e-05,,,,,
2024-08-27,0.059393883,-0.0173604078689067,0.042100564,-0.0498016126275623,,2.7e-05,,,2.36e-05,,,,,
2024-08-28,0.0788263,0.00488690711218511,0.082910225,0.0174815043014724,,2.7e-05,,,2.36e-05,,,,,
2024-08-29,0.088797921,0.00703135700505895,0.085263158,0.00615480952382515,,2.7e-05,,,2.36e-05,,,,,
2024-08-30,0.063668378,-0.022114648989864,0.059807959,-0.0200891058447265,,2.7e-05,,,2.36e-05,,,,,
2024-09-02,0.062767912,-0.0128932020592757,0.069072227,-0.00229211204418778,,2.69e-05,,,2.36e-05,,,,,
2024-09-03,0.088772527,0.0134741110784881,0.068632592,-0.00583718175662923,,2.69e-05,,,2.36e-05,,,,,
2024-09-04,0.074264788,-0.0115080105564636,0.066394815,-0.00792759063323253,,2.69e-05,,,2.36e-05,,,,,
2024-09-05,0.089982375,0.0100531395746964,0.067607689,-0.00596460120322736,,2.69e-05,,,2.36e-05,,,,,
2024-09-06,0.072644311,-0.0136158014767862,0.066305365,-0.00767348738616697,,2.69e-05,,,2.36e-05,,,,,
2024-09-09,0.065258588,-0.0140179365065248,0.065827507,-0.00771479906038652,,2.69e-05,,,2.36e-05,,,,,
2024-09-10,0.072333315,-0.00396831875202743,0.081336876,0.00795475062747981,,2.69e-05,,,2.36e-05,,,,,
2024-09-11,0.070869226,-0.00828203262191394,0.072447944,-0.00613300904683439,,2.69e-05,,,2.36e-05,,,,,
2024-09-12,0.084623021,0.00606148187201528,0.079150613,0.0035492799284655,,2.69e-05,,,2.36e-05,,,,,
2024-09-13,0.083103986,-0.000997435626252242,0.063766877,-0.0140812283992138,,2.69e-05,,,2.36e-05,,,,,
2024-09-16,0.065779697,-0.017709873467299,0.065226258,-0.00746513261274229,,2.69e-05,,,2.36e-05,,,,,
2024-09-17,0.080171256,0.00365972507931551,0.071509902,-0.00167068132781459,,2.69e-05,,,2.36e-05,,,,,
2024-09-18,0.087893238,0.00558494001779654,0.074319095,-0.000967801119955802,,2.69e-05,,,2.35e-05,,,,,
2024-09-19,0.100648053,0.0152294227106961,0.102155641,0.0259270875946389,,2.69e-05,,,2.35e-05,,,,,
2024-09-20,0.087041564,-0.00351457025727349,0.06628769,-0.01927183010698,,2.69e-05,,,2.35e-05,,,,,
2024-09-23,0.080654021,-0.00442156405074762,0.077142148,0.00360576669897304,,2.69e-05,,,2.35e-05,,,,,
2024-09-24,0.109489226,0.0269864754049521,0.111188285,0.0340134283593199,,2.69e-05,,,2.35e-05,,,,,
2024-09-25,0.072945253,-0.0211720118082854,0.065918959,-0.0226683541525532,,2.69e-05,,,2.35e-05,,,,,
2024-09-26,0.079640068,0.00024232725324526,0.074531163,0.00111838240298476,,2.69e-05,,,2.35e-05,,,,,
2024-09-27,0.103757656,0.0216633149005689,0.112404559,0.0361049192089041,,2.69e-05,,,2.35e-05,,,,,
2024-09-30,0.060834134,-0.0309745153075749,0.059979045,-0.0290159700346058,,2.69e-05,,,2.35e-05,,,,,
2024-10-01,0.092964026,0.0184445153113881,0.096027396,0.0246057079668567,,2.69e-05,,,2.35e-05,,,,,
2024-10-02,0.062409556,-0.0250515338209187,0.082074497,-0.00143080093321025,,2.69e-05,,,2.34e-05,,,,,
2024-10-03,0.062177849,-0.0129762249320793,0.054485248,-0.0243429597525516,,2.69e-05,,,2.34e-05,,,,,
2024-10-04,0.049098701,-0.0259620438142593,0.054750828,-0.0148293083955064,,2.69e-05,,,2.34e-05,,,,,
2024-10-07,0.087168799,0.0173761960402216,0.082753685,0.0130845246955425,,2.69e-05,,,2.34e-05,,,,,
2024-10-08,0.06664667,-0.0184801639569344,0.0771167,-0.00193917538818932,,2.69e-05,,,2.34e-05,,,,,
2024-10-09,0.051503695,-0.025357043433896,0.054324151,-0.0228421753280248,,2.69e-05,,,2.33e-05,,,,,
2024-10-10,0.077524242,0.00676293300897434,0.088931481,0.0194053452244962,,2.69e-05,,,2.33e-05,,,,,
2024-10-11,0.079542488,-0.00169962086630716,0.074165567,-0.00696114033570875,,2.69e-05,,,2.33e-05,,,,,
2024-10-14,0.067589161,-0.0144658759121737,0.07584464,-0.000332449956707482,,2.69e-05,,,2.33e-05,,,,,
2024-10-15,0.059529648,-0.0177107157951635,0.063073171,-0.0136667536651727,,2.69e-05,,,2.33e-05,,,,,
2024-10-16,0.067779469,-0.00621460858737435,0.064782018,-0.00767683846189206,,2.69e-05,,,2.33e-05,,,,,
2024-10-17,0.083877357,0.00656033916437128,0.076553232,0.00352156041746901,,2.69e-05,,,2.33e-05,,,,,
2024-10-18,0.05471248,-0.0290885960893886,0.079220715,0.00224326631309585,,2.69e-05,,,2.33e-05,,,,,
2024-10-21,0.075494561,0.00344078750283598,0.066110524,-0.0117610799836904,,2.69e-05,,,2.33e-05,,,,,
2024-10-22,0.082328655,0.00190408007606774,0.100073865,0.0265968707381071,,2.69e-05,,,2.33e-05,,,,,
2024-10-23,0.071297824,-0.0118794513780335,0.091952506,0.00709080891086958,,2.69e-05,,,2.33e-05,,,,,
2024-10-24,0.095879968,0.0171457941512715,0.084185033,0.00204566110167784,,2.69e-05,,,2.33e-05,,,,,
2024-10-25,0.080084572,-0.00855102827797891,0.075642834,-0.00389283728407484,,2.69e-05,,,2.33e-05,,,,,
2024-10-28,0.08462529,0.00235190741201899,0.056573484,-0.0200987941595255,,2.69e-05,,,2.33e-05,,,,,
2024-10-29,0.066826968,-0.0172753675553452,0.073108498,0.00282837315832925,,2.69e-05,,,2.33e-05,,,,,
2024-10-30,0.079332409,0.00239904844728718,0.08078043,0.00495767551437839,,2.69e-05,,,2.32e-05,,,,,
2024-10-31,0.088769346,0.0067989266770338,0.073136009,-0.00525842021958769,,2.69e-05,,,2.32e-05,,,,,
2024-11-01,0.098196971,0.0124254537165398,0.093209319,0.017377342672526,,2.69e-05,,,2.32e-05,,,,,
2024-11-04,0.061707014,-0.02786185046929,0.074166045,-0.00839461768106373,,2.69e-05,,,2.32e-05,,,,,
2024-11-05,0.102290525,0.0274194275213358,0.089612144,0.0134348938150055,,2.69e-05,,,2.32e-05,,,,,
2024-11-06,0.088344198,-0.00287350652836554,0.063180784,-0.0181740853996381,,2.69e-05,,,2.32e-05,,,,,
2024-11-07,0.079410525,-0.00618974718606179,0.076384014,0.00388908505556426,,2.69e-05,,,2.32e-05,,,,,
2024-11-08,0.063407586,-0.0185942976178197,0.076158223,-0.000762502862049564,,2.69e-05,,,2.32e-05,,,,,
2024-11-11,0.064650186,-0.0109058838124705,0.052793766,-0.0240512734495713,,2.69e-05,,,2.32e-05,,,,,
2024-11-12,0.090814075,0.0147574991095817,0.060531339,-0.00848180312048437,,2.69e-05,,,2.32e-05,,,,,
2024-11-13,0.10381995,0.0172248375996429,0.084514441,0.0129076209133504,,2.69e-05,,,2.32e-05,,,,,
2024-11-14,0.069166089,-0.0226676516689299,0.081022515,0.00137642430256666,,2.69e-05,,,2.31e-05,,,,,
2024-11-15,0.08995739,0.0120818563605697,0.065941421,-0.0125341564724622,,2.69e-05,,,2.31e-05,,,,,
2024-11-18,0.072869502,-0.0133805467842403,0.087018141,0.0135978310143152,,2.69e-05,,,2.31e-05,,,,,
2024-11-19,0.067825274,-0.0115419550487742,0.076902002,-0.00358334301191774,,2.69e-05,,,2.31e-05,,,,,
2024-11-20,0.063718754,-0.0136167136029717,0.06785831,-0.00923604835150562,,2.69e-05,,,2.31e-05,,,,,
2024-11-21,0.084814312,0.00913290702314607,0.075672714,0.00160985204577359,,2.69e-05,,,2.31e-05,,,,,
2024-11-22,0.050669583,-0.0335088886086735,0.065737648,-0.0109446461034951,,2.69e-05,,,2.31e-05,,,,,
2024-11-25,0.126819617,0.0563942794605188,0.075293128,0.00194112386941983,,2.69e-05,,,2.31e-05,,,,,
2024-11-26,0.101751812,0.000654049824331024,0.057790962,-0.0187640927424623,,2.69e-05,,,2.31e-05,,,,,
2024-11-27,0.061044855,-0.0299558616555429,0.067693575,-0.00299465531129163,,2.69e-05,,,2.31e-05,,,,,
2024-11-28,0.045729022,-0.0288753648685984,0.061630343,-0.0123772988561729,,2.69e-05,,,2.3e-05,,,,,
2024-11-29,0.080670609,0.0122352769401354,0.055657047,-0.016318165405472,,2.69e-05,,,2.3e-05,,,,,
2024-12-02,0.066754404,-0.015755028065208,0.071706204,0.001733273992456,,2.69e-05,,,2.3e-05,,,,,
2024-12-03,0.075288133,-0.00161599954447188,0.068778812,-0.00657388565386239,,2.69e-05,,,2.3e-05,,,,,
2024-12-04,0.078228905,-0.00211252291873461,0.090199092,0.0158276726007955,,2.69e-05,,,2.3e-05,,,,,
2024-12-05,0.079205139,-0.00232080063598758,0.069764256,-0.011787361668751,,2.69e-05,,,2.3e-05,,,,,
2024-12-06,0.068024046,-0.0138951103191513,0.056026674,-0.0186750717676522,,2.69e-05,,,2.3e-05,,,,,
2024-12-09,0.097501078,0.0200855471472892,0.063692017,-0.00640481405579255,,2.69e-05,,,2.3e-05,,,,,
2024-12-10,0.069908003,-0.0193805631624324,0.060025158,-0.0126411391199187,,2.69e-05,,,2.3e-05,,,,,
2024-12-11,0.05892337,-0.0192509987161361,0.044920266,-0.0265168793699663,,2.69e-05,,,2.3e-05,,,,,
2024-12-12,0.066371911,-0.00737796425039865,0.051089107,-0.015284793659809,,2.69e-05,,,2.3e-05,,,,,
2024-12-13,0.062153651,-0.0145964174278837,0.042161116,-0.0262806148409882,,2.69e-05,,,2.3e-05,,,,,
2024-12-16,0.065223085,-0.00982791311695192,0.087183903,0.0217348849306809,,2.69e-05,,,2.3e-05,,,,,
2024-12-17,0.061339773,-0.0149475605208304,0.088709398,0.00816848863385549,,2.69e-05,,,2.3e-05,,,,,
2024-12-18,0.073506935,-0.00121624170563055,0.090838044,0.00978578013432506,,2.69e-05,,,2.3e-05,,,,,
2024-12-19,0.081412355,0.00178837471125763,0.077447901,-0.00431789697100304,,2.69e-05,,,2.29e-05,,,,,
2024-12-20,0.062226686,-0.0205815134732986,0.066530607,-0.0107467397650626,,2.69e-05,,,2.29e-05,,,,,
2024-12-23,0.057503757,-0.0175766588389887,0.095073784,0.0214559755550214,,2.69e-05,,,2.29e-05,,,,,
2024-12-24,0.039990606,-0.0331874642167325,0.048136115,-0.0350495268301052,,2.69e-05,,,2.29e-05,,,,,
2024-12-25,0.030074015,-0.0360499440630897,0.048199079,-0.0192527923224205,,2.69e-05,,,2.28e-05,,,,,
2024-12-26,0.036639148,-0.0254905135674983,0.016809642,-0.050663335209171,,2.69e-05,,,2.28e-05,,,,,
2024-12-27,0.078135248,0.0133612206116138,0.055616969,-0.0013340924718678,,2.69e-05,,,2.28e-05,,,,,
2024-12-30,0.051075494,-0.03041272159145,0.037543334,-0.0324161616366466,,2.69e-05,,,2.28e-05,,,,,
2024-12-31,0.035551356,-0.0350374781776639,0.046103583,-0.0177975285841778,,2.69e-05,,,2.28e-05,,,,,
2025-01-01,0.028803965,-0.0351603543079896,0.013656245,-0.0529154348638034,,2.69e-05,,,2.28e-05,,,,,
2025-01-02,0.051569836,-0.00965571575175028,0.048377593,-0.00728442608948953,,2.69e-05,,,2.28e-05,,,,,
2025-01-03,0.049621717,-0.0208445070181611,0.051544725,-0.0157915376994554,,2.69e-05,,,2.28e-05,,,,,
2025-01-06,0.047512501,-0.0221629810687331,0.055767165,-0.0126339719812061,,2.69e-05,,,2.28e-05,,,,,
2025-01-07,0.032915239,-0.0359041118100138,0.043967216,-0.0258536179695968,,2.69e-05,,,2.28e-05,,,,,
2025-01-08,0.020931843,-0.0419624758123831,0.036410629,-0.0294427472772522,,2.69e-05,,,2.28e-05,,,,,
2025-01-09,0.026150001,-0.0318802546243496,0.05091866,-0.0123939901079255,,2.69e-05,,,2.28e-05,,,,,
2025-01-10,0.066200402,0.00605209484525429,0.109362115,0.0411714777760519,,2.69e-05,,,2.28e-05,,,,,
2025-01-13,0.053545357,-0.0228594171170391,0.056573594,-0.0312672921451039,,2.69e-05,,,2.28e-05,,,,,
2025-01-14,0.056971422,-0.0142966664456813,0.068326989,-0.00176498791600949,,2.69e-05,,,2.28e-05,,,,,
2025-01-15,0.105705398,0.0330466689841239,0.057234142,-0.0168096399114306,,2.69e-05,,,2.28e-05,,,,,
2025-01-16,0.076133962,-0.0163058990645964,0.058934261,-0.0113798097779205,,2.69e-05,,,2.27e-05,,,,,
2025-01-17,0.073901785,-0.00653502340198825,0.081781297,0.010895600852813,,2.69e-05,,,2.27e-05,,,,,
2025-01-20,0.076808355,-0.00272241224513463,0.077608208,-0.00095927124010321,,2.69e-05,,,2.27e-05,,,,,
2025-01-21,0.085776036,0.00506549132445729,0.06630756,-0.0108568153746637,,2.69e-05,,,2.27e-05,,,,,
2025-01-22,0.098164517,0.0138139885473938,0.056846845,-0.0165179510005429,,2.69e-05,,,2.27e-05,,,,,
2025-01-23,0.089927618,0.000548602264844517,0.085730938,0.0155470868070855,,2.69e-05,,,2.27e-05,,,,,
2025-01-24,0.068824106,-0.0172115505396946,0.057277167,-0.0226182869260488,,2.69e-05,,,2.27e-05,,,,,
2025-01-27,0.060927206,-0.0165425301730954,0.053460697,-0.0168678399308855,,2.69e-05,,,2.27e-05,,,,,
2025-01-28,0.0658669,-0.0083974826498052,0.075092307,0.00604696911167836,,2.69e-05,,,2.27e-05,,,,,
2025-01-29,0.075070223,-0.00119918257866025,0.058173632,-0.0181448303308339,,2.69e-05,,,2.27e-05,,,,,
2025-01-30,0.076186741,-0.00381829549763195,0.069612542,-0.00101741038278004,,2.69e-05,,,2.27e-05,,,,,
2025-01-31,0.068920174,-0.0115380574102074,0.062043143,-0.0124328761303174,,2.69e-05,,,2.27e-05,,,,,
2025-02-03,0.06174923,-0.0157595001963546,0.059690272,-0.0122407132247493,,2.69e-05,,,2.27e-05,,,,,
2025-02-04,0.058809853,-0.0157881893801588,0.078642866,0.00750297878322047,,2.69e-05,,,2.26e-05,,,,,
2025-02-05,0.075070342,0.00166539341908247,0.058038686,-0.0194735690003338,,2.69e-05,,,2.26e-05,,,,,
2025-02-06,0.066709173,-0.0132959117997593,0.070192758,-0.000391821937038873,,2.69e-05,,,2.26e-05,,,,,
2025-02-07,0.068151341,-0.0084599433827634,0.067409192,-0.00726191123046239,,2.69e-05,,,2.26e-05,,,,,
2025-02-10,0.051873463,-0.0253231977051148,0.037612063,-0.0361231310719695,,2.69e-05,,,2.26e-05,,,,,
2025-02-11,0.030388339,-0.0402011272871801,0.025865536,-0.037851068274604,,2.69e-05,,,2.26e-05,,,,,
2025-02-12,0.090850255,0.028981605477845,0.073585077,0.0138179685159696,,2.69e-05,,,2.26e-05,,,,,
2025-02-13,0.096602025,0.0101918698901491,0.065560998,-0.0102506933899059,,2.69e-05,,,2.25e-05,,,,,
2025-02-14,0.098361794,0.00961699412642473,0.059162559,-0.0139512229368624,,2.69e-05,,,2.25e-05,,,,,
2025-02-17,0.061151477,-0.0283076135147543,0.061495875,-0.00946658102608539,,2.69e-05,,,2.25e-05,,,,,
2025-02-18,0.079384315,0.00502890069979757,0.055108457,-0.0166385221213014,,2.69e-05,,,2.25e-05,,,,,
2025-02-19,0.154960966,0.0732048385689641,0.064109892,-0.00548946676477947,,2.69e-05,,,2.25e-05,,,,,
2025-02-20,0.07000288,-0.042429827425885,0.066788241,-0.00583764038219838,,2.69e-05,,,2.25e-05,,,,,
2025-02-21,0.07525764,-0.00269056081036608,0.068663803,-0.00486261077795987,,2.69e-05,,,2.24e-05,,,,,
2025-02-24,0.072546669,-0.00753444010096675,0.088308942,0.0141519142351179,,2.69e-05,,,2.24e-05,,,,,
2025-02-25,0.087552755,0.0085720296504278,0.05602388,-0.0247383676554705,,2.69e-05,,,2.24e-05,,,,,
2025-02-26,0.106609373,0.0215376738973227,0.069728334,-0.000178814402099011,,2.68e-05,,,2.24e-05,,,,,
2025-02-27,0.101541888,0.00873510327533239,0.067277811,-0.00723714049020407,,2.68e-05,,,2.24e-05,,,,,
2025-02-28,0.063552579,-0.0271973123995691,0.073489729,-0.000201291274347358,,2.68e-05,,,2.24e-05,,,,,
2025-03-03,0.096314223,0.0209842008466553,0.054188874,-0.0215907588482927,,2.68e-05,,,2.24e-05,,,,,
2025-03-04,0.08094611,-0.00768187097569003,0.072449452,0.00315928157553448,,2.68e-05,,,2.24e-05,,,,,
2025-03-05,0.046379803,-0.0360102573801561,0.068638114,-0.00679174996490014,,2.68e-05,,,2.23e-05,,,,,
2025-03-06,0.088848098,0.0204885095682769,0.06476234,-0.00938605043766496,,2.68e-05,,,2.23e-05,,,,,
2025-03-07,0.047190697,-0.0384067821238146,0.054536778,-0.0183084738079905,,2.68e-05,,,2.23e-05,,,,,
2025-03-10,0.050679375,-0.018009355492521,0.061030247,-0.00837689803181317,,2.68e-05,,,2.23e-05,,,,,
2025-03-11,0.068451769,-0.00165301669379304,0.066007336,-0.0055830865641187,,2.68e-05,,,2.23e-05,,,,,
2025-03-12,0.103426128,0.0261075235007008,0.09309256,0.0198287073186381,,2.68e-05,,,2.23e-05,,,,,
2025-03-13,0.051234234,-0.0402804708482293,0.081157075,-0.0012135526604466,,2.68e-05,,,2.23e-05,,,,,
2025-03-14,0.069957954,-0.000372049089300042,0.071796322,-0.00656127714861886,,2.68e-05,,,2.23e-05,,,,,
2025-03-17,0.061838319,-0.0160916463366501,0.0889479,0.0137376357674886,,2.68e-05,,,2.22e-05,,,,,
2025-03-18,0.053980426,-0.0206537776257154,0.057570311,-0.0234067713833312,,2.68e-05,,,2.22e-05,,,,,
2025-03-19,0.054807267,-0.016637416052682,0.065548776,-0.00487832376516254,,2.68e-05,,,2.22e-05,,,,,
2025-03-20,0.073407314,0.0016270159955583,0.05056877,-0.022540902574363,,2.68e-05,,,2.22e-05,,,,,
2025-03-21,0.056016501,-0.0233135603526939,0.155164285,0.0870912901295888,,2.68e-05,,,2.22e-05,,,,,
2025-03-24,0.064383976,-0.00788715036270663,0.070445298,-0.0327954997627366,,2.68e-05,,,2.22e-05,,,,,
2025-03-25,0.060993805,-0.0146736813865505,0.090367085,0.01561107108343,,2.68e-05,,,2.22e-05,,,,,
2025-03-26,0.079410052,0.0051186368008023,0.056939325,-0.0245149252460999,,2.68e-05,,,2.22e-05,,,,,
2025-03-27,0.070098382,-0.0116681920852457,0.055941727,-0.0142732184364056,,2.68e-05,,,2.22e-05,,,,,
2025-03-28,0.042011111,-0.0359758540940953,0.046642231,-0.0232372953715462,,2.68e-05,,,2.22e-05,,,,,
2025-03-31,0.078630131,0.0120437956542182,0.058283866,-0.0084689216932581,,2.68e-05,,,2.22e-05,,,,,
2025-04-01,0.080146356,-0.00130364797225984,0.068265074,-0.00240194199477175,,2.68e-05,,,2.22e-05,,,,,
2025-04-02,0.040913793,-0.0411516470479162,0.062962689,-0.0110602754364549,,2.68e-05,,,2.21e-05,,,,,
2025-04-03,0.078586119,0.0124451852823849,0.07256008,0.000319918875323987,,2.68e-05,,,2.21e-05,,,,,
2025-04-04,0.051914265,-0.0295178744913538,0.053208791,-0.0222582690502043,,2.68e-05,,,2.21e-05,,,,,
2025-04-07,0.052486642,-0.0181193858283491,0.062233484,-0.00672715636993001,,2.68e-05,,,2.21e-05,,,,,
2025-04-08,0.092974756,0.0221364002159214,0.071217588,-0.000777394947503712,,2.68e-05,,,2.21e-05,,,,,
2025-04-09,0.050540077,-0.0367324135535799,0.063659912,-0.0113557664203082,,2.68e-05,,,2.21e-05,,,,,
2025-04-10,0.064120945,-0.00592729960360736,0.073234086,0.00075949989987456,,2.68e-05,,,2.21e-05,,,,,
2025-04-11,0.046648862,-0.0289118600432532,0.060601797,-0.0150918818507929,,2.68e-05,,,2.21e-05,,,,,
2025-04-14,0.056774722,-0.0116940775416046,0.051794195,-0.0196521712424952,,2.68e-05,,,2.21e-05,,,,,
2025-04-15,0.082116772,0.00953788355929029,0.056897506,-0.011587509451402,,2.68e-05,,,2.21e-05,,,,,
2025-04-16,0.084368693,0.00150346064523588,0.08290207,0.0127011852271817,,2.68e-05,,,2.2e-05,,,,,
2025-04-17,0.048153385,-0.0356259026057514,0.067813072,-0.0111312410264375,,2.68e-05,,,2.2e-05,,,,,
2025-04-18,0.038647068,-0.0304324177727739,0.040548806,-0.0333221833040323,,2.67e-05,,,2.2e-05,,,,,
2025-04-21,0.045521471,-0.0196993985196286,0.046724335,-0.0179796806274657,,2.67e-05,,,2.2e-05,,,,,
2025-04-22,0.055119276,-0.0128919152758325,0.055353861,-0.0114265322487035,,2.67e-05,,,2.2e-05,,,,,
2025-04-23,0.060225092,-0.0116818505291854,0.03120561,-0.038476260137289,,2.67e-05,,,2.2e-05,,,,,
2025-04-24,0.098148469,0.0241690745840146,0.070524556,0.00896197215679734,,2.67e-05,,,2.2e-05,,,,,
2025-04-25,0.071185482,-0.0181870198482705,0.079398044,0.00461538142911973,,2.67e-05,,,2.19e-05,,,,,
2025-04-28,0.052623072,-0.0258051472337157,0.056527973,-0.0212381929931008,,2.66e-05,,,2.19e-05,,,,,
2025-04-29,0.109010449,0.0381167162475943,0.091297915,0.0212212770814203,,2.66e-05,,,2.19e-05,,,,,
2025-04-30,0.087846667,-0.0059347150244039,0.084039443,0.00227222287210103,,2.65e-05,,,2.19e-05,,,,,
2025-05-01,0.045286284,-0.0399047140509655,0.022488876,-0.0568378521756823,,2.65e-05,,,2.19e-05,,,,,
2025-05-02,0.063191196,-0.00472453281852874,0.075025614,0.0163938287018098,,2.65e-05,,,2.19e-05,,,,,
2025-05-05,0.065599264,-0.00958407271066373,0.068391886,-0.00790415236477473,,2.65e-05,,,2.19e-05,,,,,
2025-05-06,0.077108045,0.000947272935194464,0.06419904,-0.00986656201437003,,2.65e-05,,,2.19e-05,,,,,
2025-05-07,0.064910765,-0.0159214239153577,0.062189718,-0.0104661373183872,,2.65e-05,,,2.18e-05,,,,,
2025-05-08,0.090411986,0.014530675837388,0.055783755,-0.0161965126505678,,2.65e-05,,,2.18e-05,,,,,
2025-05-09,0.065625685,-0.0206065766221154,0.070942671,0.00111625902975965,,2.65e-05,,,2.18e-05,,,,,
2025-05-12,0.057291407,-0.0188800893547723,0.03853964,-0.0363836039897521,,2.65e-05,,,2.18e-05,,,,,
2025-05-13,0.062629591,-0.0101590200008512,0.045934794,-0.0180936864110087,,2.65e-05,,,2.17e-05,,,,,
2025-05-14,0.075562462,0.000607080887792287,0.07358581,0.00707088150151463,,2.65e-05,,,2.17e-05,,,,,
2025-05-15,0.081163252,0.000958415579239883,0.088247674,0.0124357361559367,,2.65e-05,,,2.17e-05,,,,,
2025-05-16,0.074077668,-0.00840053036781637,0.066042679,-0.0146989687191576,,2.65e-05,,,2.17e-05,,,,,
2025-05-19,0.053864483,-0.025737675195221,0.06157666,-0.0116990759409608,,2.65e-05,,,2.17e-05,,,,,
2025-05-20,0.068511197,-0.00288642476235916,0.083742488,0.011968346806246,,2.65e-05,,,2.16e-05,,,,,
2025-05-21,0.073560379,-0.00378234733814507,0.094208154,0.0149812700184774,,2.65e-05,,,2.16e-05,,,,,
2025-05-22,0.060073138,-0.0193190524713408,0.054351596,-0.0283941241287982,,2.64e-05,,,2.16e-05,,,,,
2025-05-23,0.068558607,-0.00535910925249368,0.05091802,-0.0184268619025078,,2.64e-05,,,2.16e-05,,,,,
2025-05-26,0.057749539,-0.0196124310680314,0.041404582,-0.026785840038872,,2.64e-05,,,2.16e-05,,,,,
2025-05-27,0.060445429,-0.0125291378848477,0.060610256,-0.0043814943519229,,2.64e-05,,,2.16e-05,,,,,
2025-05-28,0.065502877,-0.00856595225487932,0.130276418,0.0588272076160073,,2.64e-05,,,2.16e-05,,,,,
2025-05-29,0.045874371,-0.0302472775593731,0.14608329,0.0512104571645015,,2.63e-05,,,2.16e-05,,,,,
2025-05-30,0.062344315,-0.00581011846686558,0.075493856,-0.0246936689505496,,2.63e-05,,,2.16e-05,,,,,
2025-06-02,0.057778332,-0.0170612555183025,0.058186381,-0.0182670928185024,,2.63e-05,,,2.16e-05,,,,,
2025-06-03,0.078954746,0.00596849202984085,0.053996064,-0.0166381749367405,,2.63e-05,,,2.15e-05,,,,,
2025-06-04,0.052292071,-0.0292896942752981,0.065755866,-0.00346947655803483,,2.63e-05,,,2.15e-05,,,,,
2025-06-05,0.073004926,0.00224554662949888,0.083511576,0.0103322742421967,,2.63e-05,,,2.15e-05,,,,,
2025-06-06,0.067594272,-0.0115724599710974,0.063956463,-0.0151927822060792,,2.63e-05,,,2.15e-05,,,,,
2025-06-09,0.067149224,-0.00982132227010029,0.104228085,0.0316537905412941,,2.63e-05,,,2.15e-05,,,,,
2025-06-10,0.061974458,-0.0148154431847081,0.084534406,-0.00158028227626325,,2.63e-05,,,2.15e-05,,,,,
2025-06-11,0.074269675,-0.000419787477075747,0.062181194,-0.0173119539425623,,2.63e-05,,,2.15e-05,,,,,
2025-06-12,0.073537422,-0.00614267188060971,0.062562434,-0.00941496765433603,,2.63e-05,,,2.15e-05,,,,,
2025-06-13,0.075692332,-0.00369054021976941,0.082586123,0.0104805382856669,,2.63e-05,,,2.15e-05,,,,,
2025-06-16,0.06260933,-0.0176482206835809,0.068322348,-0.0105157352151457,,2.63e-05,,,2.15e-05,,,,,
2025-06-17,0.072077921,-0.00286923616765537,0.076015406,0.00197318451659753,,2.63e-05,,,2.15e-05,,,,,
2025-06-18,0.076203075,-0.00258738542873805,0.070320166,-0.00630866684415943,,2.63e-05,,,2.15e-05,,,,,
2025-06-19,0.079466883,-0.000997978384558002,0.082151197,0.00743725580052042,,2.62e-05,,,2.15e-05,,,,,
2025-06-20,0.067092976,-0.0146966658011953,0.06265835,-0.0160334994895338,,2.62e-05,,,2.15e-05,,,,,
2025-06-23,0.080393877,0.00362680689140756,0.086703032,0.0145651977672987,,2.62e-05,,,2.15e-05,,,,,
2025-06-24,0.054550397,-0.0276155118786521,0.073092818,-0.00712947986562705,,2.62e-05,,,2.15e-05,,,,,
2025-06-25,0.075386296,0.00371026158754093,0.075179549,-0.000466631779972218,,2.62e-05,,,2.15e-05,,,,,
2025-06-26,0.090687861,0.0105545303990912,0.075485224,-0.000862571418968013,,2.62e-05,,,2.15e-05,,,,,
2025-06-27,0.075509196,-0.0108350433479619,0.06480711,-0.011643461509789,,2.62e-05,,,2.15e-05,,,,,
2025-06-30,0.079919571,-0.000263644739129163,0.077023924,0.00416361932348559,,2.62e-05,,,2.15e-05,,,,,
